GAME_ID,GAME_DATE,SEASON_ID,MATCHUP,WL,PTS,REB,AST,STL,BLK,TOV,FG_PCT,FT_PCT,FG3_PCT,PLUS_MINUS,TEAM_NAME
0022200001,2022-10-18,22022,PHI @ BOS,L,117,31.0,16,8.0,3,14,0.5,0.857,0.382,-9.0,Philadelphia 76ers
0022200001,2022-10-18,22022,BOS vs. PHI,W,126,36.0,24,8.0,3,10,0.561,0.786,0.343,9.0,Boston Celtics
0022200002,2022-10-18,22022,LAL @ GSW,L,109,48.0,23,12.0,4,21,0.426,0.76,0.25,-14.0,Los Angeles Lakers
0022200002,2022-10-18,22022,GSW vs. LAL,W,123,48.0,31,11.0,4,18,0.455,0.739,0.356,14.0,Golden State Warriors
0022200011,2022-10-19,22022,CHA @ SAS,W,129,51.0,26,7.0,10,15,0.511,0.87,0.448,27.0,Charlotte Hornets
0022200004,2022-10-19,22022,IND vs. WAS,L,107,42.0,21,7.0,5,15,0.402,0.667,0.357,-7.0,Indiana Pacers
0022200009,2022-10-19,22022,NYK @ MEM,L,112,54.0,28,7.0,5,12,0.404,0.833,0.243,-3.0,New York Knicks
0022200006,2022-10-19,22022,BKN vs. NOP,L,108,39.0,22,10.0,10,16,0.449,0.75,0.303,-22.0,Brooklyn Nets
0022200013,2022-10-19,22022,PHX vs. DAL,W,107,40.0,25,4.0,5,12,0.471,0.864,0.364,2.0,Phoenix Suns
0022200010,2022-10-19,22022,MIN vs. OKC,W,115,55.0,25,6.0,5,14,0.415,0.818,0.263,7.0,Minnesota Timberwolves
0022200014,2022-10-19,22022,POR @ SAC,W,115,44.0,20,11.0,2,11,0.443,0.788,0.393,7.0,Portland Trail Blazers
0022200007,2022-10-19,22022,MIA vs. CHI,L,108,46.0,21,6.0,2,19,0.463,0.786,0.429,-8.0,Miami Heat
0022200014,2022-10-19,22022,SAC vs. POR,L,108,41.0,27,8.0,5,15,0.459,0.684,0.386,-7.0,Sacramento Kings
0022200011,2022-10-19,22022,SAS vs. CHA,L,102,44.0,22,8.0,8,15,0.404,0.714,0.206,-27.0,San Antonio Spurs
0022200010,2022-10-19,22022,OKC @ MIN,L,108,57.0,22,6.0,6,13,0.384,0.818,0.311,-7.0,Oklahoma City Thunder
0022200008,2022-10-19,22022,TOR vs. CLE,W,108,41.0,19,15.0,4,13,0.419,0.719,0.433,3.0,Toronto Raptors
0022200005,2022-10-19,22022,HOU @ ATL,L,107,54.0,25,4.0,3,15,0.429,0.933,0.257,-10.0,Houston Rockets
0022200009,2022-10-19,22022,MEM vs. NYK,W,115,64.0,27,6.0,7,13,0.389,0.609,0.34,3.0,Memphis Grizzlies
0022200005,2022-10-19,22022,ATL vs. HOU,W,117,38.0,30,12.0,5,9,0.5,0.833,0.28,10.0,Atlanta Hawks
0022200003,2022-10-19,22022,DET vs. ORL,W,113,41.0,31,11.0,4,12,0.426,0.792,0.368,4.0,Detroit Pistons
0022200004,2022-10-19,22022,WAS @ IND,W,114,53.0,21,5.0,10,16,0.457,0.792,0.355,7.0,Washington Wizards
0022200008,2022-10-19,22022,CLE @ TOR,L,105,38.0,25,5.0,5,17,0.494,0.826,0.357,-3.0,Cleveland Cavaliers
0022200012,2022-10-19,22022,DEN @ UTA,L,102,35.0,21,10.0,3,21,0.482,0.944,0.227,-21.0,Denver Nuggets
0022200006,2022-10-19,22022,NOP @ BKN,W,130,61.0,31,9.0,4,12,0.49,0.72,0.462,22.0,New Orleans Pelicans
0022200007,2022-10-19,22022,CHI @ MIA,W,116,46.0,23,12.0,6,14,0.441,0.75,0.361,8.0,Chicago Bulls
0022200003,2022-10-19,22022,ORL @ DET,L,109,48.0,21,5.0,5,18,0.488,0.737,0.367,-4.0,Orlando Magic
0022200012,2022-10-19,22022,UTA vs. DEN,W,123,43.0,27,10.0,1,19,0.506,0.742,0.421,21.0,Utah Jazz
0022200013,2022-10-19,22022,DAL @ PHX,L,105,40.0,17,6.0,4,12,0.467,0.618,0.4,-2.0,Dallas Mavericks
0022200015,2022-10-20,22022,MIL @ PHI,W,90,48.0,24,4.0,6,12,0.405,0.643,0.31,2.0,Milwaukee Bucks
0022200016,2022-10-20,22022,LAC @ LAL,W,103,58.0,18,7.0,7,22,0.463,0.645,0.31,6.0,Los Angeles Clippers
0022200015,2022-10-20,22022,PHI vs. MIL,L,88,44.0,17,6.0,5,10,0.434,0.846,0.208,-2.0,Philadelphia 76ers
0022200016,2022-10-20,22022,LAL vs. LAC,L,97,38.0,23,13.0,5,10,0.351,0.846,0.2,-6.0,Los Angeles Lakers
0022200022,2022-10-21,22022,MIA vs. BOS,L,104,36.0,23,8.0,3,9,0.457,0.8,0.308,-7.0,Miami Heat
0022200026,2022-10-21,22022,DEN @ GSW,W,128,41.0,30,10.0,2,20,0.535,0.84,0.441,5.0,Denver Nuggets
0022200024,2022-10-21,22022,HOU vs. MEM,L,122,45.0,18,4.0,6,14,0.473,0.6,0.457,-7.0,Houston Rockets
0022200020,2022-10-21,22022,ATL vs. ORL,W,108,46.0,26,10.0,2,17,0.449,0.938,0.419,10.0,Atlanta Hawks
0022200022,2022-10-21,22022,BOS @ MIA,W,111,43.0,17,4.0,11,19,0.519,1.0,0.424,7.0,Boston Celtics
0022200020,2022-10-21,22022,ORL @ ATL,L,98,44.0,16,9.0,7,19,0.413,0.8,0.235,-10.0,Orlando Magic
0022200017,2022-10-21,22022,CHA vs. NOP,L,112,37.0,30,9.0,4,13,0.454,0.786,0.382,-12.0,Charlotte Hornets
0022200017,2022-10-21,22022,NOP @ CHA,W,124,53.0,23,9.0,7,15,0.472,0.865,0.364,12.0,New Orleans Pelicans
0022200025,2022-10-21,22022,MIN vs. UTA,L,126,60.0,20,5.0,7,20,0.458,0.739,0.333,-6.0,Minnesota Timberwolves
0022200019,2022-10-21,22022,CHI @ WAS,L,100,38.0,19,8.0,3,13,0.418,0.818,0.259,-2.0,Chicago Bulls
0022200021,2022-10-21,22022,BKN vs. TOR,W,109,44.0,26,3.0,13,13,0.475,0.69,0.371,4.0,Brooklyn Nets
0022200026,2022-10-21,22022,GSW vs. DEN,L,123,35.0,34,10.0,3,18,0.477,0.889,0.341,-5.0,Golden State Warriors
0022200023,2022-10-21,22022,NYK vs. DET,W,130,50.0,29,4.0,6,12,0.526,0.636,0.421,24.0,New York Knicks
0022200021,2022-10-21,22022,TOR @ BKN,L,105,41.0,25,9.0,4,13,0.488,0.667,0.393,-4.0,Toronto Raptors
0022200018,2022-10-21,22022,SAS @ IND,W,137,37.0,34,9.0,4,17,0.543,0.727,0.548,3.0,San Antonio Spurs
0022200019,2022-10-21,22022,WAS vs. CHI,W,102,39.0,26,8.0,8,16,0.513,0.909,0.385,2.0,Washington Wizards
0022200027,2022-10-21,22022,POR vs. PHX,W,113,48.0,14,8.0,5,18,0.439,0.861,0.345,2.0,Portland Trail Blazers
0022200023,2022-10-21,22022,DET @ NYK,L,106,49.0,26,6.0,2,15,0.433,0.594,0.25,-24.0,Detroit Pistons
0022200027,2022-10-21,22022,PHX @ POR,L,111,41.0,31,14.0,1,16,0.457,0.714,0.37,-2.0,Phoenix Suns
0022200018,2022-10-21,22022,IND vs. SAS,L,134,42.0,32,8.0,6,16,0.49,0.955,0.314,-3.0,Indiana Pacers
0022200025,2022-10-21,22022,UTA @ MIN,W,132,54.0,39,11.0,8,13,0.441,0.667,0.4,6.0,Utah Jazz
0022200024,2022-10-21,22022,MEM @ HOU,W,129,50.0,26,8.0,10,12,0.459,0.69,0.452,7.0,Memphis Grizzlies
0022200035,2022-10-22,22022,OKC @ DEN,L,117,47.0,29,10.0,5,12,0.447,0.783,0.395,-5.0,Oklahoma City Thunder
0022200036,2022-10-22,22022,LAC @ SAC,W,111,40.0,24,8.0,3,13,0.506,0.909,0.409,2.0,Los Angeles Clippers
0022200031,2022-10-22,22022,MIA vs. TOR,W,112,44.0,28,2.0,2,15,0.5,0.926,0.367,3.0,Miami Heat
0022200034,2022-10-22,22022,DAL vs. MEM,W,137,52.0,23,7.0,7,15,0.5,0.833,0.436,41.0,Dallas Mavericks
0022200034,2022-10-22,22022,MEM @ DAL,L,96,29.0,20,4.0,8,17,0.43,0.792,0.273,-41.0,Memphis Grizzlies
0022200035,2022-10-22,22022,DEN vs. OKC,W,122,46.0,33,5.0,6,18,0.494,0.581,0.526,5.0,Denver Nuggets
0022200033,2022-10-22,22022,HOU @ MIL,L,105,47.0,20,9.0,6,12,0.387,0.773,0.432,-20.0,Houston Rockets
0022200028,2022-10-22,22022,SAS @ PHI,W,114,43.0,27,5.0,7,14,0.483,0.8,0.421,9.0,San Antonio Spurs
0022200032,2022-10-22,22022,CHI vs. CLE,L,96,35.0,19,12.0,7,10,0.405,0.84,0.241,-32.0,Chicago Bulls
0022200029,2022-10-22,22022,IND vs. DET,W,124,59.0,28,7.0,15,11,0.437,0.75,0.381,9.0,Indiana Pacers
0022200031,2022-10-22,22022,TOR @ MIA,L,109,37.0,24,9.0,5,6,0.425,0.75,0.359,-3.0,Toronto Raptors
0022200032,2022-10-22,22022,CLE @ CHI,W,128,48.0,32,4.0,5,17,0.565,0.889,0.593,32.0,Cleveland Cavaliers
0022200029,2022-10-22,22022,DET @ IND,L,115,53.0,26,5.0,3,13,0.389,0.767,0.429,-9.0,Detroit Pistons
0022200028,2022-10-22,22022,PHI vs. SAS,L,105,40.0,26,6.0,5,12,0.44,0.75,0.323,-9.0,Philadelphia 76ers
0022200030,2022-10-22,22022,BOS @ ORL,W,126,37.0,24,5.0,6,8,0.483,0.821,0.404,6.0,Boston Celtics
0022200030,2022-10-22,22022,ORL vs. BOS,L,120,48.0,21,5.0,7,9,0.474,0.652,0.441,-6.0,Orlando Magic
0022200036,2022-10-22,22022,SAC vs. LAC,L,109,39.0,24,5.0,5,12,0.471,0.577,0.4,-2.0,Sacramento Kings
0022200033,2022-10-22,22022,MIL vs. HOU,W,125,47.0,29,6.0,10,16,0.565,0.619,0.516,20.0,Milwaukee Bucks
0022200039,2022-10-23,22022,WAS @ CLE,L,107,35.0,25,9.0,4,18,0.494,0.6,0.429,-10.0,Washington Wizards
0022200040,2022-10-23,22022,NOP vs. UTA,L,121,45.0,30,8.0,6,17,0.471,0.773,0.296,-4.0,New Orleans Pelicans
0022200039,2022-10-23,22022,CLE vs. WAS,W,117,48.0,19,10.0,5,13,0.427,0.88,0.394,10.0,Cleveland Cavaliers
0022200038,2022-10-23,22022,CHA @ ATL,W,126,52.0,28,7.0,6,13,0.522,0.7,0.423,17.0,Charlotte Hornets
0022200040,2022-10-23,22022,UTA @ NOP,W,122,44.0,29,13.0,6,16,0.439,0.821,0.342,4.0,Utah Jazz
0022200038,2022-10-23,22022,ATL vs. CHA,L,109,45.0,23,8.0,9,12,0.411,0.821,0.229,-17.0,Atlanta Hawks
0022200042,2022-10-23,22022,SAC @ GSW,L,125,51.0,31,10.0,2,16,0.47,0.8,0.256,-5.0,Sacramento Kings
0022200043,2022-10-23,22022,LAC vs. PHX,L,95,43.0,16,10.0,0,14,0.439,0.7,0.281,-17.0,Los Angeles Clippers
0022200041,2022-10-23,22022,OKC vs. MIN,L,106,42.0,24,7.0,4,11,0.436,0.714,0.22,-10.0,Oklahoma City Thunder
0022200037,2022-10-23,22022,LAL vs. POR,L,104,40.0,26,9.0,9,13,0.446,0.8,0.182,-2.0,Los Angeles Lakers
0022200043,2022-10-23,22022,PHX @ LAC,W,112,49.0,29,5.0,3,12,0.462,0.917,0.357,17.0,Phoenix Suns
0022200037,2022-10-23,22022,POR @ LAL,W,106,52.0,19,6.0,5,19,0.44,0.815,0.37,2.0,Portland Trail Blazers
0022200042,2022-10-23,22022,GSW vs. SAC,W,130,37.0,24,7.0,5,13,0.517,0.722,0.424,5.0,Golden State Warriors
0022200041,2022-10-23,22022,MIN @ OKC,W,116,54.0,24,9.0,3,15,0.523,0.636,0.294,10.0,Minnesota Timberwolves
0022200046,2022-10-24,22022,ORL @ NYK,L,102,41.0,14,6.0,4,12,0.419,0.852,0.2,-13.0,Orlando Magic
0022200047,2022-10-24,22022,BOS @ CHI,L,102,45.0,26,5.0,7,10,0.37,0.833,0.375,-18.0,Boston Celtics
0022200044,2022-10-24,22022,PHI vs. IND,W,120,39.0,25,8.0,7,7,0.475,0.893,0.442,14.0,Philadelphia 76ers
0022200046,2022-10-24,22022,NYK vs. ORL,W,115,50.0,24,7.0,3,13,0.462,0.72,0.297,13.0,New York Knicks
0022200051,2022-10-24,22022,POR vs. DEN,W,135,45.0,23,3.0,6,8,0.578,0.742,0.457,25.0,Portland Trail Blazers
0022200048,2022-10-24,22022,UTA @ HOU,L,108,49.0,23,8.0,10,20,0.473,0.563,0.344,-6.0,Utah Jazz
0022200050,2022-10-24,22022,SAS @ MIN,W,115,50.0,37,11.0,0,13,0.457,0.538,0.324,9.0,San Antonio Spurs
0022200047,2022-10-24,22022,CHI vs. BOS,W,120,60.0,29,4.0,6,13,0.483,0.897,0.476,18.0,Chicago Bulls
0022200045,2022-10-24,22022,MIA vs. TOR,L,90,46.0,19,5.0,3,12,0.349,0.889,0.235,-8.0,Miami Heat
0022200049,2022-10-24,22022,MEM vs. BKN,W,134,38.0,21,7.0,3,8,0.5,0.774,0.471,10.0,Memphis Grizzlies
0022200051,2022-10-24,22022,DEN @ POR,L,110,38.0,28,4.0,1,8,0.495,0.571,0.387,-25.0,Denver Nuggets
0022200044,2022-10-24,22022,IND @ PHI,L,106,47.0,27,3.0,4,13,0.422,0.783,0.273,-14.0,Indiana Pacers
0022200048,2022-10-24,22022,HOU vs. UTA,W,114,47.0,17,7.0,7,15,0.422,0.844,0.314,6.0,Houston Rockets
0022200050,2022-10-24,22022,MIN vs. SAS,L,106,50.0,24,7.0,5,16,0.442,0.917,0.258,-9.0,Minnesota Timberwolves
0022200045,2022-10-24,22022,TOR @ MIA,W,98,52.0,22,6.0,6,12,0.395,0.8,0.438,8.0,Toronto Raptors
0022200049,2022-10-24,22022,BKN @ MEM,L,124,35.0,27,4.0,7,11,0.54,0.808,0.31,-10.0,Brooklyn Nets
0022200054,2022-10-25,22022,LAC @ OKC,L,94,47.0,21,5.0,14,18,0.422,0.778,0.323,-14.0,Los Angeles Clippers
0022200053,2022-10-25,22022,NOP vs. DAL,W,113,26.0,25,7.0,3,14,0.579,0.722,0.444,2.0,New Orleans Pelicans
0022200055,2022-10-25,22022,PHX vs. GSW,W,134,48.0,31,8.0,4,13,0.511,0.824,0.414,29.0,Phoenix Suns
0022200054,2022-10-25,22022,OKC vs. LAC,W,108,60.0,19,12.0,8,5,0.382,0.8,0.133,14.0,Oklahoma City Thunder
0022200052,2022-10-25,22022,WAS vs. DET,W,120,47.0,26,7.0,7,11,0.518,0.846,0.303,21.0,Washington Wizards
0022200055,2022-10-25,22022,GSW @ PHX,L,105,40.0,28,7.0,7,13,0.451,0.765,0.286,-29.0,Golden State Warriors
0022200053,2022-10-25,22022,DAL @ NOP,L,111,37.0,18,8.0,5,11,0.5,0.708,0.308,-2.0,Dallas Mavericks
0022200052,2022-10-25,22022,DET @ WAS,L,99,41.0,12,6.0,1,13,0.409,0.76,0.286,-21.0,Detroit Pistons
0022200065,2022-10-26,22022,MIA @ POR,W,119,46.0,34,13.0,2,16,0.506,0.842,0.395,21.0,Miami Heat
0022200056,2022-10-26,22022,CLE vs. ORL,W,103,43.0,25,6.0,3,12,0.414,0.7,0.303,11.0,Cleveland Cavaliers
0022200062,2022-10-26,22022,MIN vs. SAS,W,134,30.0,37,9.0,6,16,0.65,0.625,0.588,12.0,Minnesota Timberwolves
0022200058,2022-10-26,22022,NYK vs. CHA,W,134,46.0,26,5.0,11,16,0.536,0.864,0.367,3.0,New York Knicks
0022200062,2022-10-26,22022,SAS @ MIN,L,122,41.0,34,6.0,2,16,0.453,0.909,0.444,-12.0,San Antonio Spurs
0022200063,2022-10-26,22022,UTA vs. HOU,W,109,53.0,28,11.0,5,15,0.422,0.667,0.289,8.0,Utah Jazz
0022200064,2022-10-26,22022,LAL @ DEN,L,99,47.0,25,8.0,4,14,0.444,0.688,0.267,-11.0,Los Angeles Lakers
0022200060,2022-10-26,22022,BKN @ MIL,L,99,37.0,23,7.0,6,14,0.395,0.8,0.259,-11.0,Brooklyn Nets
0022200058,2022-10-26,22022,CHA @ NYK,L,131,42.0,31,9.0,5,15,0.495,0.667,0.419,-3.0,Charlotte Hornets
0022200063,2022-10-26,22022,HOU @ UTA,L,101,49.0,19,7.0,2,19,0.383,0.75,0.275,-8.0,Houston Rockets
0022200060,2022-10-26,22022,MIL vs. BKN,W,110,54.0,21,8.0,12,18,0.443,0.759,0.278,11.0,Milwaukee Bucks
0022200065,2022-10-26,22022,POR vs. MIA,L,98,38.0,20,9.0,4,19,0.436,0.692,0.324,-21.0,Portland Trail Blazers
0022200064,2022-10-26,22022,DEN vs. LAL,W,110,54.0,34,12.0,5,11,0.457,0.81,0.265,11.0,Denver Nuggets
0022200059,2022-10-26,22022,TOR vs. PHI,W,119,39.0,32,9.0,5,9,0.548,0.786,0.432,10.0,Toronto Raptors
0022200061,2022-10-26,22022,CHI vs. IND,W,124,44.0,34,10.0,5,17,0.494,0.917,0.533,15.0,Chicago Bulls
0022200057,2022-10-26,22022,DET vs. ATL,L,113,40.0,23,4.0,6,13,0.462,0.682,0.438,-5.0,Detroit Pistons
0022200061,2022-10-26,22022,IND @ CHI,L,109,38.0,31,5.0,12,16,0.43,0.792,0.4,-15.0,Indiana Pacers
0022200059,2022-10-26,22022,PHI @ TOR,L,109,34.0,29,6.0,2,12,0.506,0.684,0.444,-10.0,Philadelphia 76ers
0022200057,2022-10-26,22022,ATL @ DET,W,118,46.0,22,6.0,12,12,0.495,0.8,0.364,5.0,Atlanta Hawks
0022200056,2022-10-26,22022,ORL @ CLE,L,92,43.0,19,6.0,6,16,0.432,0.762,0.25,-11.0,Orlando Magic
0022200068,2022-10-27,22022,MIA @ GSW,L,110,31.0,25,16.0,5,12,0.443,0.818,0.326,-13.0,Miami Heat
0022200066,2022-10-27,22022,DAL @ BKN,W,129,37.0,25,8.0,4,17,0.506,0.771,0.5,4.0,Dallas Mavericks
0022200067,2022-10-27,22022,LAC @ OKC,L,110,44.0,21,6.0,5,19,0.537,0.722,0.321,-8.0,Los Angeles Clippers
0022200068,2022-10-27,22022,GSW vs. MIA,W,123,50.0,30,4.0,2,19,0.5,0.867,0.391,13.0,Golden State Warriors
0022200066,2022-10-27,22022,BKN vs. DAL,L,125,45.0,20,10.0,6,13,0.462,0.9,0.343,-4.0,Brooklyn Nets
0022200069,2022-10-27,22022,SAC vs. MEM,L,110,40.0,28,5.0,2,13,0.482,0.818,0.316,-15.0,Sacramento Kings
0022200069,2022-10-27,22022,MEM @ SAC,W,125,43.0,27,5.0,3,12,0.533,0.722,0.424,15.0,Memphis Grizzlies
0022200067,2022-10-27,22022,OKC vs. LAC,W,118,36.0,27,10.0,4,11,0.495,0.875,0.447,8.0,Oklahoma City Thunder
0022200075,2022-10-28,22022,NYK @ MIL,L,108,54.0,19,6.0,5,12,0.398,0.688,0.343,-11.0,New York Knicks
0022200073,2022-10-28,22022,TOR vs. PHI,L,90,45.0,20,9.0,5,17,0.384,0.625,0.231,-22.0,Toronto Raptors
0022200076,2022-10-28,22022,MIN vs. LAL,W,111,49.0,27,13.0,8,10,0.414,0.667,0.325,9.0,Minnesota Timberwolves
0022200079,2022-10-28,22022,NOP @ PHX,L,111,33.0,25,10.0,1,13,0.442,0.909,0.405,-13.0,New Orleans Pelicans
0022200080,2022-10-28,22022,HOU @ POR,L,111,39.0,23,10.0,6,15,0.426,0.81,0.368,-14.0,Houston Rockets
0022200078,2022-10-28,22022,UTA @ DEN,L,101,38.0,24,7.0,8,9,0.418,0.789,0.256,-16.0,Utah Jazz
0022200079,2022-10-28,22022,PHX vs. NOP,W,124,47.0,33,7.0,7,12,0.522,0.9,0.303,13.0,Phoenix Suns
0022200070,2022-10-28,22022,ATL @ DET,W,136,45.0,31,5.0,8,6,0.567,0.778,0.414,24.0,Atlanta Hawks
0022200074,2022-10-28,22022,IND @ WAS,W,127,41.0,30,4.0,7,13,0.506,0.909,0.517,10.0,Indiana Pacers
0022200071,2022-10-28,22022,ORL vs. CHA,W,113,48.0,28,8.0,5,12,0.494,0.731,0.27,20.0,Orlando Magic
0022200070,2022-10-28,22022,DET vs. ATL,L,112,42.0,18,2.0,4,10,0.43,0.816,0.219,-24.0,Detroit Pistons
0022200073,2022-10-28,22022,PHI @ TOR,W,112,41.0,25,11.0,6,14,0.524,0.909,0.421,22.0,Philadelphia 76ers
0022200078,2022-10-28,22022,DEN vs. UTA,W,117,58.0,18,2.0,4,12,0.459,0.647,0.459,16.0,Denver Nuggets
0022200080,2022-10-28,22022,POR vs. HOU,W,125,45.0,30,9.0,6,15,0.533,0.8,0.371,14.0,Portland Trail Blazers
0022200071,2022-10-28,22022,CHA @ ORL,L,93,47.0,21,3.0,4,14,0.384,0.667,0.289,-20.0,Charlotte Hornets
0022200075,2022-10-28,22022,MIL vs. NYK,W,119,60.0,23,8.0,8,6,0.385,0.815,0.289,11.0,Milwaukee Bucks
0022200074,2022-10-28,22022,WAS vs. IND,L,117,38.0,25,5.0,3,13,0.477,0.821,0.4,-10.0,Washington Wizards
0022200077,2022-10-28,22022,CHI @ SAS,L,124,42.0,20,13.0,3,12,0.475,0.808,0.333,-5.0,Chicago Bulls
0022200072,2022-10-28,22022,CLE @ BOS,W,132,42.0,18,5.0,2,15,0.517,0.765,0.457,9.0,Cleveland Cavaliers
0022200077,2022-10-28,22022,SAS vs. CHI,W,129,42.0,37,7.0,3,20,0.535,0.808,0.421,5.0,San Antonio Spurs
0022200076,2022-10-28,22022,LAL @ MIN,L,102,55.0,20,8.0,5,22,0.416,0.704,0.31,-9.0,Los Angeles Lakers
0022200072,2022-10-28,22022,BOS vs. CLE,L,123,34.0,28,9.0,2,19,0.512,0.813,0.394,-9.0,Boston Celtics
0022200086,2022-10-29,22022,OKC @ DAL,W,117,47.0,25,9.0,6,15,0.494,0.774,0.2,6.0,Oklahoma City Thunder
0022200084,2022-10-29,22022,PHI @ CHI,W,114,41.0,28,8.0,6,17,0.494,0.815,0.483,5.0,Philadelphia 76ers
0022200081,2022-10-29,22022,SAC vs. MIA,W,119,43.0,27,1.0,6,20,0.553,0.724,0.452,6.0,Sacramento Kings
0022200083,2022-10-29,22022,BKN vs. IND,L,116,34.0,29,6.0,9,9,0.5,0.769,0.359,-9.0,Brooklyn Nets
0022200081,2022-10-29,22022,MIA @ SAC,L,113,34.0,18,7.0,3,8,0.427,0.839,0.393,-6.0,Miami Heat
0022200087,2022-10-29,22022,UTA vs. MEM,W,124,34.0,30,8.0,6,19,0.517,0.75,0.432,1.0,Utah Jazz
0022200087,2022-10-29,22022,MEM @ UTA,L,123,40.0,24,11.0,5,20,0.568,0.733,0.444,-1.0,Memphis Grizzlies
0022200085,2022-10-29,22022,ATL @ MIL,L,115,42.0,19,5.0,2,12,0.479,0.8,0.448,-8.0,Atlanta Hawks
0022200082,2022-10-29,22022,GSW @ CHA,L,113,49.0,31,8.0,6,10,0.44,0.75,0.295,-7.0,Golden State Warriors
0022200084,2022-10-29,22022,CHI vs. PHI,L,109,40.0,22,7.0,3,18,0.45,0.897,0.355,-5.0,Chicago Bulls
0022200082,2022-10-29,22022,CHA vs. GSW,W,120,55.0,32,2.0,2,10,0.422,0.774,0.323,7.0,Charlotte Hornets
0022200083,2022-10-29,22022,IND @ BKN,W,125,53.0,31,7.0,1,10,0.426,0.846,0.5,9.0,Indiana Pacers
0022200086,2022-10-29,22022,DAL vs. OKC,L,111,49.0,17,8.0,5,16,0.4,0.794,0.2,-6.0,Dallas Mavericks
0022200085,2022-10-29,22022,MIL vs. ATL,W,123,49.0,24,8.0,5,11,0.489,0.655,0.389,8.0,Milwaukee Bucks
0022200091,2022-10-30,22022,DET vs. GSW,W,128,47.0,24,4.0,3,15,0.482,0.895,0.424,14.0,Detroit Pistons
0022200093,2022-10-30,22022,ORL @ DAL,L,105,47.0,20,2.0,5,12,0.457,0.741,0.379,-9.0,Orlando Magic
0022200095,2022-10-30,22022,DEN @ LAL,L,110,48.0,24,3.0,8,9,0.427,0.722,0.375,-11.0,Denver Nuggets
0022200089,2022-10-30,22022,BOS vs. WAS,W,112,47.0,29,4.0,5,13,0.456,0.95,0.447,18.0,Boston Celtics
0022200090,2022-10-30,22022,CLE vs. NYK,W,121,43.0,33,3.0,5,14,0.461,0.842,0.46,13.0,Cleveland Cavaliers
0022200092,2022-10-30,22022,SAS vs. MIN,W,107,52.0,27,6.0,7,19,0.419,0.76,0.4,9.0,San Antonio Spurs
0022200093,2022-10-30,22022,DAL vs. ORL,W,114,37.0,15,10.0,1,4,0.494,0.75,0.314,9.0,Dallas Mavericks
0022200094,2022-10-30,22022,PHX vs. HOU,W,124,36.0,29,9.0,8,11,0.536,0.733,0.3,15.0,Phoenix Suns
0022200088,2022-10-30,22022,LAC vs. NOP,L,91,39.0,24,3.0,6,14,0.419,0.615,0.282,-21.0,Los Angeles Clippers
0022200095,2022-10-30,22022,LAL vs. DEN,W,121,51.0,24,5.0,5,8,0.479,0.8,0.433,11.0,Los Angeles Lakers
0022200088,2022-10-30,22022,NOP @ LAC,W,112,50.0,32,9.0,1,10,0.495,0.625,0.417,21.0,New Orleans Pelicans
0022200091,2022-10-30,22022,GSW @ DET,L,114,42.0,23,8.0,4,14,0.424,0.96,0.308,-14.0,Golden State Warriors
0022200092,2022-10-30,22022,MIN @ SAS,L,98,45.0,21,11.0,7,11,0.404,0.7,0.138,-9.0,Minnesota Timberwolves
0022200094,2022-10-30,22022,HOU @ PHX,L,109,49.0,18,7.0,1,15,0.437,0.846,0.324,-15.0,Houston Rockets
0022200089,2022-10-30,22022,WAS @ BOS,L,94,51.0,22,5.0,6,8,0.388,0.688,0.219,-18.0,Washington Wizards
0022200090,2022-10-30,22022,NYK @ CLE,L,108,45.0,26,9.0,2,14,0.489,0.5,0.37,-13.0,New York Knicks
0022200100,2022-10-31,22022,DET @ MIL,L,108,43.0,19,9.0,3,12,0.446,0.857,0.276,-2.0,Detroit Pistons
0022200102,2022-10-31,22022,LAC vs. HOU,W,95,46.0,23,7.0,10,13,0.425,0.706,0.25,2.0,Los Angeles Clippers
0022200102,2022-10-31,22022,HOU @ LAC,L,93,44.0,17,9.0,8,13,0.386,0.739,0.286,-2.0,Houston Rockets
0022200097,2022-10-31,22022,WAS vs. PHI,L,111,41.0,22,8.0,4,15,0.469,0.962,0.4,-7.0,Washington Wizards
0022200098,2022-10-31,22022,BKN vs. IND,W,116,39.0,26,11.0,9,19,0.538,0.95,0.367,7.0,Brooklyn Nets
0022200096,2022-10-31,22022,CHA vs. SAC,L,108,38.0,31,11.0,6,20,0.512,0.571,0.483,-7.0,Charlotte Hornets
0022200101,2022-10-31,22022,MEM @ UTA,L,105,52.0,14,8.0,4,16,0.413,0.548,0.231,-16.0,Memphis Grizzlies
0022200101,2022-10-31,22022,UTA vs. MEM,W,121,48.0,26,10.0,6,15,0.472,0.818,0.404,16.0,Utah Jazz
0022200099,2022-10-31,22022,TOR vs. ATL,W,139,44.0,25,13.0,9,6,0.5,0.825,0.412,30.0,Toronto Raptors
0022200097,2022-10-31,22022,PHI @ WAS,W,118,37.0,26,14.0,3,13,0.554,0.7,0.4,7.0,Philadelphia 76ers
0022200100,2022-10-31,22022,MIL vs. DET,W,110,50.0,20,5.0,5,16,0.437,0.793,0.275,2.0,Milwaukee Bucks
0022200096,2022-10-31,22022,SAC @ CHA,W,115,42.0,26,8.0,4,19,0.435,0.857,0.386,7.0,Sacramento Kings
0022200099,2022-10-31,22022,ATL @ TOR,L,109,37.0,28,1.0,4,18,0.464,0.8,0.379,-30.0,Atlanta Hawks
0022200098,2022-10-31,22022,IND @ BKN,L,109,38.0,23,11.0,5,24,0.471,0.696,0.282,-7.0,Indiana Pacers
0022200104,2022-11-01,22022,MIA vs. GSW,W,116,39.0,32,7.0,3,15,0.455,1.0,0.381,7.0,Miami Heat
0022200106,2022-11-01,22022,MIN @ PHX,L,107,42.0,24,5.0,4,16,0.425,0.833,0.382,-9.0,Minnesota Timberwolves
0022200105,2022-11-01,22022,OKC vs. ORL,W,116,36.0,28,13.0,9,15,0.474,0.8,0.294,8.0,Oklahoma City Thunder
0022200106,2022-11-01,22022,PHX vs. MIN,W,116,34.0,31,9.0,8,9,0.461,0.773,0.395,9.0,Phoenix Suns
0022200105,2022-11-01,22022,ORL @ OKC,L,108,49.0,20,7.0,10,24,0.448,1.0,0.345,-8.0,Orlando Magic
0022200103,2022-11-01,22022,BKN vs. CHI,L,99,38.0,27,4.0,7,18,0.486,0.789,0.375,-9.0,Brooklyn Nets
0022200104,2022-11-01,22022,GSW @ MIA,L,109,41.0,31,8.0,5,20,0.464,0.765,0.367,-7.0,Golden State Warriors
0022200103,2022-11-01,22022,CHI @ BKN,W,108,44.0,20,8.0,4,9,0.438,0.857,0.4,9.0,Chicago Bulls
0022200115,2022-11-02,22022,DAL vs. UTA,W,103,37.0,20,9.0,4,11,0.5,0.533,0.289,3.0,Dallas Mavericks
0022200112,2022-11-02,22022,HOU vs. LAC,L,101,50.0,17,9.0,5,19,0.42,0.762,0.289,-8.0,Houston Rockets
0022200113,2022-11-02,22022,MIL vs. DET,W,116,52.0,24,17.0,5,16,0.467,0.833,0.263,25.0,Milwaukee Bucks
0022200116,2022-11-02,22022,MEM @ POR,W,111,46.0,28,7.0,5,14,0.458,0.815,0.464,5.0,Memphis Grizzlies
0022200117,2022-11-02,22022,NOP @ LAL,L,117,51.0,35,10.0,5,13,0.461,0.714,0.32,-3.0,New Orleans Pelicans
0022200114,2022-11-02,22022,SAS vs. TOR,L,100,46.0,29,3.0,6,23,0.394,0.857,0.326,-43.0,San Antonio Spurs
0022200110,2022-11-02,22022,NYK vs. ATL,L,99,52.0,23,3.0,9,16,0.411,0.75,0.278,-13.0,New York Knicks
0022200107,2022-11-02,22022,CLE vs. BOS,W,114,51.0,24,6.0,4,11,0.42,0.792,0.282,1.0,Cleveland Cavaliers
0022200109,2022-11-02,22022,SAC @ MIA,L,107,39.0,29,4.0,3,12,0.477,0.857,0.361,-3.0,Sacramento Kings
0022200108,2022-11-02,22022,PHI vs. WAS,L,111,32.0,25,3.0,1,8,0.464,0.7,0.528,-10.0,Philadelphia 76ers
0022200116,2022-11-02,22022,POR vs. MEM,L,106,46.0,27,5.0,3,20,0.404,0.808,0.394,-5.0,Portland Trail Blazers
0022200114,2022-11-02,22022,TOR @ SAS,W,143,50.0,31,16.0,6,11,0.538,0.938,0.424,43.0,Toronto Raptors
0022200117,2022-11-02,22022,LAL vs. NOP,W,120,56.0,30,6.0,8,17,0.459,0.87,0.278,3.0,Los Angeles Lakers
0022200115,2022-11-02,22022,UTA @ DAL,L,100,40.0,28,6.0,1,16,0.464,0.857,0.333,-3.0,Utah Jazz
0022200113,2022-11-02,22022,DET @ MIL,L,91,35.0,18,7.0,3,21,0.418,0.933,0.355,-25.0,Detroit Pistons
0022200109,2022-11-02,22022,MIA vs. SAC,W,110,46.0,27,5.0,5,11,0.494,0.846,0.324,3.0,Miami Heat
0022200111,2022-11-02,22022,CHI vs. CHA,W,106,51.0,28,6.0,9,19,0.432,0.889,0.452,18.0,Chicago Bulls
0022200107,2022-11-02,22022,BOS @ CLE,L,113,52.0,26,5.0,9,14,0.409,0.963,0.268,-1.0,Boston Celtics
0022200112,2022-11-02,22022,LAC @ HOU,W,109,43.0,20,10.0,6,14,0.488,0.789,0.364,8.0,Los Angeles Clippers
0022200110,2022-11-02,22022,ATL @ NYK,W,112,51.0,28,11.0,4,7,0.411,0.75,0.353,13.0,Atlanta Hawks
0022200111,2022-11-02,22022,CHA @ CHI,L,88,47.0,22,12.0,12,16,0.391,0.563,0.219,-18.0,Charlotte Hornets
0022200108,2022-11-02,22022,WAS @ PHI,W,121,43.0,27,4.0,9,7,0.577,0.813,0.238,10.0,Washington Wizards
0022200119,2022-11-03,22022,DEN @ OKC,W,122,47.0,32,5.0,2,18,0.536,0.875,0.581,12.0,Denver Nuggets
0022200118,2022-11-03,22022,ORL vs. GSW,W,130,46.0,20,9.0,6,19,0.538,0.717,0.433,1.0,Orlando Magic
0022200118,2022-11-03,22022,GSW @ ORL,L,129,35.0,31,5.0,3,14,0.515,0.667,0.442,-1.0,Golden State Warriors
0022200119,2022-11-03,22022,OKC vs. DEN,L,110,40.0,19,9.0,5,10,0.484,0.737,0.207,-12.0,Oklahoma City Thunder
0022200127,2022-11-04,22022,DAL vs. TOR,W,111,31.0,23,12.0,3,18,0.506,0.84,0.353,1.0,Dallas Mavericks
0022200130,2022-11-04,22022,POR @ PHX,W,108,42.0,30,6.0,3,17,0.506,0.8,0.435,2.0,Portland Trail Blazers
0022200129,2022-11-04,22022,MIL @ MIN,W,115,51.0,29,7.0,2,13,0.482,0.571,0.447,13.0,Milwaukee Bucks
0022200120,2022-11-04,22022,CLE @ DET,W,112,47.0,30,5.0,13,18,0.543,0.813,0.423,24.0,Cleveland Cavaliers
0022200129,2022-11-04,22022,MIN vs. MIL,L,102,47.0,22,2.0,4,16,0.424,0.765,0.268,-13.0,Minnesota Timberwolves
0022200120,2022-11-04,22022,DET vs. CLE,L,88,34.0,16,10.0,6,18,0.373,0.867,0.351,-24.0,Detroit Pistons
0022200126,2022-11-04,22022,LAC @ SAS,W,113,44.0,26,6.0,5,16,0.525,0.737,0.455,7.0,Los Angeles Clippers
0022200124,2022-11-04,22022,CHI @ BOS,L,119,37.0,21,8.0,5,17,0.518,0.88,0.393,-4.0,Chicago Bulls
0022200131,2022-11-04,22022,LAL vs. UTA,L,116,40.0,22,6.0,6,11,0.482,0.893,0.423,-14.0,Los Angeles Lakers
0022200122,2022-11-04,22022,NYK @ PHI,W,106,50.0,24,5.0,8,21,0.463,0.852,0.273,2.0,New York Knicks
0022200121,2022-11-04,22022,MIA @ IND,L,99,42.0,17,10.0,2,19,0.383,1.0,0.282,-2.0,Miami Heat
0022200131,2022-11-04,22022,UTA @ LAL,W,130,48.0,31,8.0,3,8,0.505,0.9,0.425,14.0,Utah Jazz
0022200128,2022-11-04,22022,NOP vs. GSW,W,114,37.0,24,10.0,2,15,0.506,0.69,0.414,9.0,New Orleans Pelicans
0022200122,2022-11-04,22022,PHI vs. NYK,L,104,44.0,27,12.0,8,15,0.378,0.81,0.277,-2.0,Philadelphia 76ers
0022200125,2022-11-04,22022,CHA @ MEM,L,99,41.0,22,11.0,7,18,0.384,0.806,0.296,-31.0,Charlotte Hornets
0022200130,2022-11-04,22022,PHX vs. POR,L,106,39.0,26,8.0,4,17,0.434,0.952,0.412,-2.0,Phoenix Suns
0022200123,2022-11-04,22022,WAS vs. BKN,L,86,39.0,18,4.0,3,13,0.361,0.818,0.235,-42.0,Washington Wizards
0022200125,2022-11-04,22022,MEM vs. CHA,W,130,60.0,34,6.0,10,18,0.51,0.778,0.444,31.0,Memphis Grizzlies
0022200127,2022-11-04,22022,TOR @ DAL,L,110,44.0,20,10.0,4,19,0.443,0.84,0.324,-1.0,Toronto Raptors
0022200123,2022-11-04,22022,BKN @ WAS,W,128,48.0,32,8.0,7,7,0.556,1.0,0.5,42.0,Brooklyn Nets
0022200126,2022-11-04,22022,SAS vs. LAC,L,106,35.0,23,7.0,2,13,0.477,0.556,0.387,-7.0,San Antonio Spurs
0022200128,2022-11-04,22022,GSW @ NOP,L,105,29.0,23,7.0,1,22,0.493,0.92,0.375,-9.0,Golden State Warriors
0022200121,2022-11-04,22022,IND vs. MIA,W,101,42.0,28,7.0,5,19,0.463,0.652,0.308,2.0,Indiana Pacers
0022200124,2022-11-04,22022,BOS vs. CHI,W,123,39.0,24,5.0,7,13,0.494,0.821,0.29,4.0,Boston Celtics
0022200139,2022-11-05,22022,POR @ PHX,L,82,40.0,22,5.0,7,17,0.38,0.625,0.467,-20.0,Portland Trail Blazers
0022200138,2022-11-05,22022,SAS @ DEN,L,101,28.0,28,8.0,3,15,0.488,0.579,0.4,-20.0,San Antonio Spurs
0022200138,2022-11-05,22022,DEN vs. SAS,W,126,47.0,37,10.0,0,16,0.609,0.5,0.517,22.4,Denver Nuggets
0022200135,2022-11-05,22022,BOS @ NYK,W,133,34.0,30,5.0,2,12,0.534,1.0,0.529,10.4,Boston Celtics
0022200139,2022-11-05,22022,PHX vs. POR,W,102,44.0,22,7.0,14,14,0.427,0.75,0.367,20.0,Phoenix Suns
0022200132,2022-11-05,22022,ORL vs. SAC,L,123,48.0,27,8.0,4,17,0.543,0.95,0.174,-3.0,Orlando Magic
0022200134,2022-11-05,22022,NOP @ ATL,L,121,59.0,23,8.0,6,16,0.435,0.714,0.304,-3.0,New Orleans Pelicans
0022200134,2022-11-05,22022,ATL vs. NOP,W,124,50.0,28,12.0,8,13,0.456,0.84,0.25,3.0,Atlanta Hawks
0022200136,2022-11-05,22022,MIL vs. OKC,W,108,55.0,23,7.0,6,18,0.422,0.882,0.362,14.0,Milwaukee Bucks
0022200133,2022-11-05,22022,CHA vs. BKN,L,94,50.0,22,3.0,6,15,0.372,0.696,0.333,-4.0,Charlotte Hornets
0022200137,2022-11-05,22022,HOU @ MIN,L,117,33.0,27,10.0,0,22,0.476,0.677,0.421,-12.0,Houston Rockets
0022200136,2022-11-05,22022,OKC @ MIL,L,94,38.0,22,6.0,3,15,0.429,0.625,0.343,-14.0,Oklahoma City Thunder
0022200132,2022-11-05,22022,SAC @ ORL,W,126,36.0,24,5.0,4,14,0.505,0.654,0.375,3.0,Sacramento Kings
0022200137,2022-11-05,22022,MIN vs. HOU,W,129,36.0,38,11.0,5,24,0.613,0.8,0.455,12.0,Minnesota Timberwolves
0022200135,2022-11-05,22022,NYK vs. BOS,L,118,44.0,22,6.0,4,13,0.511,0.938,0.407,-12.6,New York Knicks
0022200133,2022-11-05,22022,BKN @ CHA,W,98,41.0,23,8.0,10,11,0.393,0.909,0.333,4.0,Brooklyn Nets
0022200140,2022-11-06,22022,CLE @ LAL,W,114,48.0,19,7.0,6,12,0.44,0.889,0.25,14.0,Cleveland Cavaliers
0022200142,2022-11-06,22022,WAS @ MEM,L,97,49.0,25,5.0,5,10,0.427,0.7,0.195,-6.0,Washington Wizards
0022200140,2022-11-06,22022,LAL vs. CLE,L,100,43.0,24,4.0,4,16,0.46,0.571,0.296,-14.0,Los Angeles Lakers
0022200141,2022-11-06,22022,CHI @ TOR,L,104,46.0,27,5.0,10,17,0.455,0.846,0.361,-9.0,Chicago Bulls
0022200143,2022-11-06,22022,UTA @ LAC,W,110,42.0,18,5.0,4,20,0.467,0.962,0.375,8.0,Utah Jazz
0022200143,2022-11-06,22022,LAC vs. UTA,L,102,32.0,22,11.0,2,13,0.494,0.615,0.242,-8.0,Los Angeles Clippers
0022200142,2022-11-06,22022,MEM vs. WAS,W,103,50.0,20,8.0,2,10,0.429,0.8,0.31,6.0,Memphis Grizzlies
0022200141,2022-11-06,22022,TOR vs. CHI,W,113,52.0,28,11.0,10,9,0.427,0.75,0.27,9.0,Toronto Raptors
0022200144,2022-11-07,22022,CHA vs. WAS,L,100,45.0,27,8.0,7,10,0.416,0.688,0.156,-8.0,Charlotte Hornets
0022200151,2022-11-07,22022,TOR @ CHI,L,97,31.0,24,10.0,7,14,0.424,0.727,0.321,-14.0,Toronto Raptors
0022200146,2022-11-07,22022,OKC @ DET,L,103,46.0,23,9.0,11,10,0.402,0.647,0.303,-9.0,Oklahoma City Thunder
0022200145,2022-11-07,22022,HOU @ ORL,W,134,40.0,31,9.0,6,20,0.529,0.72,0.5,7.0,Houston Rockets
0022200158,2022-11-07,22022,LAC vs. CLE,W,119,31.0,19,8.0,2,9,0.506,0.786,0.447,2.0,Los Angeles Clippers
0022200145,2022-11-07,22022,ORL vs. HOU,L,127,37.0,27,7.0,4,19,0.549,0.806,0.48,-7.0,Orlando Magic
0022200154,2022-11-07,22022,DEN @ SAS,W,115,40.0,33,14.0,7,20,0.534,0.65,0.333,6.0,Denver Nuggets
0022200150,2022-11-07,22022,POR @ MIA,W,110,37.0,27,7.0,2,18,0.528,0.857,0.432,3.0,Portland Trail Blazers
0022200158,2022-11-07,22022,CLE @ LAC,L,117,48.0,29,6.0,2,17,0.518,0.714,0.485,-2.0,Cleveland Cavaliers
0022200157,2022-11-07,22022,LAL @ UTA,L,116,33.0,15,7.0,5,16,0.488,0.9,0.375,-23.0,Los Angeles Lakers
0022200155,2022-11-07,22022,DAL vs. BKN,W,96,41.0,18,7.0,3,22,0.444,0.833,0.429,2.0,Dallas Mavericks
0022200153,2022-11-07,22022,NYK @ MIN,W,120,43.0,26,13.0,2,16,0.438,0.92,0.396,13.0,New York Knicks
0022200156,2022-11-07,22022,GSW vs. SAC,W,116,48.0,28,5.0,4,15,0.5,0.667,0.368,3.0,Golden State Warriors
0022200156,2022-11-07,22022,SAC @ GSW,L,113,43.0,24,9.0,0,10,0.407,0.862,0.35,-3.0,Sacramento Kings
0022200152,2022-11-07,22022,MEM vs. BOS,L,106,45.0,27,4.0,4,11,0.451,0.643,0.341,-3.0,Memphis Grizzlies
0022200148,2022-11-07,22022,PHX @ PHI,L,88,37.0,19,8.0,5,13,0.438,0.818,0.316,-12.0,Phoenix Suns
0022200157,2022-11-07,22022,UTA vs. LAL,W,139,41.0,30,10.0,7,14,0.558,0.773,0.421,23.0,Utah Jazz
0022200149,2022-11-07,22022,ATL vs. MIL,W,117,48.0,23,11.0,3,12,0.465,0.824,0.379,19.0,Atlanta Hawks
0022200147,2022-11-07,22022,IND vs. NOP,W,129,45.0,33,6.0,8,17,0.5,0.913,0.458,7.0,Indiana Pacers
0022200154,2022-11-07,22022,SAS vs. DEN,L,109,38.0,31,14.0,5,24,0.524,0.611,0.364,-6.0,San Antonio Spurs
0022200155,2022-11-07,22022,BKN @ DAL,L,94,34.0,22,13.0,5,13,0.438,0.737,0.345,-2.0,Brooklyn Nets
0022200151,2022-11-07,22022,CHI vs. TOR,W,111,49.0,30,7.0,7,21,0.525,0.818,0.321,14.0,Chicago Bulls
0022200152,2022-11-07,22022,BOS @ MEM,W,109,45.0,26,5.0,6,15,0.463,0.75,0.324,3.0,Boston Celtics
0022200146,2022-11-07,22022,DET vs. OKC,W,112,58.0,20,6.0,9,14,0.419,0.758,0.273,9.0,Detroit Pistons
0022200147,2022-11-07,22022,NOP @ IND,L,122,43.0,32,7.0,4,10,0.495,0.706,0.412,-7.0,New Orleans Pelicans
0022200148,2022-11-07,22022,PHI vs. PHX,W,100,48.0,22,5.0,6,15,0.388,0.839,0.375,12.0,Philadelphia 76ers
0022200144,2022-11-07,22022,WAS @ CHA,W,108,47.0,21,2.0,6,14,0.525,0.633,0.263,8.0,Washington Wizards
0022200153,2022-11-07,22022,MIN vs. NYK,L,107,39.0,28,7.0,8,17,0.469,0.833,0.268,-13.0,Minnesota Timberwolves
0022200150,2022-11-07,22022,MIA vs. POR,L,107,32.0,28,11.0,2,10,0.476,0.867,0.359,-3.0,Miami Heat
0022200149,2022-11-07,22022,MIL @ ATL,L,98,41.0,21,5.0,9,18,0.414,0.813,0.325,-19.0,Milwaukee Bucks
0022200170,2022-11-09,22022,LAC vs. LAL,W,114,41.0,24,10.0,7,15,0.506,0.769,0.364,13.0,Los Angeles Clippers
0022200160,2022-11-09,22022,DEN @ IND,W,122,47.0,27,10.0,7,20,0.489,0.923,0.429,3.0,Denver Nuggets
0022200163,2022-11-09,22022,DET @ BOS,L,112,48.0,15,7.0,3,10,0.416,0.775,0.212,-16.0,Detroit Pistons
0022200159,2022-11-09,22022,POR @ CHA,W,105,45.0,28,5.0,4,17,0.533,0.56,0.324,10.0,Portland Trail Blazers
0022200171,2022-11-09,22022,CLE @ SAC,L,120,42.0,24,4.0,1,18,0.535,0.85,0.423,-7.0,Cleveland Cavaliers
0022200168,2022-11-09,22022,MIL @ OKC,W,136,55.0,27,8.0,7,16,0.472,0.864,0.472,4.0,Milwaukee Bucks
0022200165,2022-11-09,22022,TOR vs. HOU,W,116,50.0,19,12.0,9,13,0.412,0.85,0.341,7.0,Toronto Raptors
0022200169,2022-11-09,22022,SAS vs. MEM,L,122,39.0,30,8.0,2,12,0.48,0.696,0.324,-2.0,San Antonio Spurs
0022200164,2022-11-09,22022,NYK @ BKN,L,85,46.0,21,5.0,4,15,0.322,0.654,0.279,-27.0,New York Knicks
0022200171,2022-11-09,22022,SAC vs. CLE,W,127,24.0,30,12.0,4,9,0.526,0.857,0.436,7.0,Sacramento Kings
0022200169,2022-11-09,22022,MEM @ SAS,W,124,53.0,24,4.0,2,19,0.51,0.769,0.438,2.0,Memphis Grizzlies
0022200165,2022-11-09,22022,HOU @ TOR,L,109,49.0,29,9.0,7,16,0.44,0.839,0.257,-7.0,Houston Rockets
0022200166,2022-11-09,22022,NOP @ CHI,W,115,50.0,20,8.0,5,16,0.5,0.778,0.158,4.0,New Orleans Pelicans
0022200163,2022-11-09,22022,BOS vs. DET,W,128,43.0,31,5.0,4,12,0.534,0.762,0.391,16.0,Boston Celtics
0022200164,2022-11-09,22022,BKN vs. NYK,W,112,55.0,30,11.0,5,14,0.483,0.7,0.412,27.0,Brooklyn Nets
0022200160,2022-11-09,22022,IND vs. DEN,L,119,44.0,28,9.0,5,18,0.469,0.789,0.333,-3.0,Indiana Pacers
0022200168,2022-11-09,22022,OKC vs. MIL,L,132,55.0,24,9.0,9,13,0.45,0.737,0.4,-4.0,Oklahoma City Thunder
0022200167,2022-11-09,22022,MIN vs. PHX,L,117,38.0,26,4.0,6,19,0.526,0.813,0.333,-12.0,Minnesota Timberwolves
0022200161,2022-11-09,22022,DAL @ ORL,L,87,29.0,17,14.0,4,4,0.376,0.632,0.262,-7.0,Dallas Mavericks
0022200161,2022-11-09,22022,ORL vs. DAL,W,94,49.0,20,1.0,6,18,0.493,0.667,0.381,7.0,Orlando Magic
0022200170,2022-11-09,22022,LAL @ LAC,L,101,43.0,26,7.0,2,15,0.455,0.647,0.313,-13.0,Los Angeles Lakers
0022200167,2022-11-09,22022,PHX @ MIN,W,129,36.0,31,10.0,3,11,0.485,0.95,0.457,12.0,Phoenix Suns
0022200159,2022-11-09,22022,CHA vs. POR,L,95,42.0,21,10.0,3,11,0.374,0.708,0.25,-10.0,Charlotte Hornets
0022200162,2022-11-09,22022,ATL vs. UTA,L,119,54.0,24,5.0,5,11,0.468,0.818,0.286,-6.0,Atlanta Hawks
0022200162,2022-11-09,22022,UTA @ ATL,W,125,47.0,27,5.0,6,13,0.468,0.833,0.436,6.0,Utah Jazz
0022200166,2022-11-09,22022,CHI vs. NOP,L,111,35.0,23,5.0,8,15,0.506,0.889,0.259,-4.0,Chicago Bulls
0022200172,2022-11-10,22022,WAS vs. DAL,W,113,52.0,25,5.0,5,17,0.488,0.95,0.4,8.0,Washington Wizards
0022200172,2022-11-10,22022,DAL @ WAS,L,105,41.0,19,9.0,1,12,0.43,0.619,0.383,-8.0,Dallas Mavericks
0022200175,2022-11-10,22022,NOP vs. POR,L,95,45.0,19,3.0,5,17,0.418,0.792,0.357,-11.0,New Orleans Pelicans
0022200174,2022-11-10,22022,MIA vs. CHA,W,117,38.0,21,9.0,1,10,0.433,0.806,0.278,5.0,Miami Heat
0022200175,2022-11-10,22022,POR @ NOP,W,106,46.0,25,8.0,2,8,0.435,0.769,0.353,11.0,Portland Trail Blazers
0022200173,2022-11-10,22022,PHI @ ATL,L,95,45.0,15,10.0,5,17,0.386,0.833,0.2,-9.0,Philadelphia 76ers
0022200173,2022-11-10,22022,ATL vs. PHI,W,104,54.0,19,8.0,2,18,0.443,0.87,0.231,9.0,Atlanta Hawks
0022200174,2022-11-10,22022,CHA @ MIA,L,112,50.0,23,4.0,2,20,0.489,0.6,0.359,-5.0,Charlotte Hornets
0022200177,2022-11-11,22022,ORL vs. PHX,W,114,50.0,23,2.0,4,13,0.524,0.867,0.455,17.0,Orlando Magic
0022200182,2022-11-11,22022,CLE @ GSW,L,101,46.0,25,6.0,3,10,0.402,0.731,0.267,-5.0,Cleveland Cavaliers
0022200179,2022-11-11,22022,TOR @ OKC,L,113,39.0,20,13.0,4,16,0.432,0.722,0.367,-19.0,Toronto Raptors
0022200179,2022-11-11,22022,OKC vs. TOR,W,132,44.0,31,10.0,6,19,0.559,0.765,0.417,19.0,Oklahoma City Thunder
0022200181,2022-11-11,22022,MIN @ MEM,L,103,33.0,29,10.0,4,14,0.468,0.864,0.333,-11.0,Minnesota Timberwolves
0022200180,2022-11-11,22022,MIL @ SAS,L,93,48.0,22,7.0,5,13,0.327,0.739,0.279,-18.0,Milwaukee Bucks
0022200176,2022-11-11,22022,DEN @ BOS,L,112,38.0,26,3.0,1,5,0.457,0.8,0.414,-19.0,Denver Nuggets
0022200176,2022-11-11,22022,BOS vs. DEN,W,131,46.0,30,3.0,5,7,0.556,0.75,0.432,19.0,Boston Celtics
0022200178,2022-11-11,22022,DET @ NYK,L,112,43.0,22,6.0,6,15,0.463,0.756,0.226,-9.0,Detroit Pistons
0022200183,2022-11-11,22022,LAL vs. SAC,L,114,41.0,22,11.0,5,14,0.477,0.769,0.4,-6.0,Los Angeles Lakers
0022200182,2022-11-11,22022,GSW vs. CLE,W,106,44.0,29,5.0,3,14,0.488,0.786,0.417,5.0,Golden State Warriors
0022200180,2022-11-11,22022,SAS vs. MIL,W,111,50.0,22,3.0,13,19,0.506,0.867,0.387,18.0,San Antonio Spurs
0022200183,2022-11-11,22022,SAC @ LAL,W,120,40.0,27,10.0,4,15,0.517,0.857,0.333,6.0,Sacramento Kings
0022200177,2022-11-11,22022,PHX @ ORL,L,97,38.0,22,7.0,4,11,0.4,0.889,0.31,-17.0,Phoenix Suns
0022200181,2022-11-11,22022,MEM vs. MIN,W,114,46.0,25,8.0,3,13,0.5,0.704,0.212,11.0,Memphis Grizzlies
0022200178,2022-11-11,22022,NYK vs. DET,W,121,47.0,23,7.0,3,11,0.447,0.931,0.25,9.0,New York Knicks
0022200188,2022-11-12,22022,PHI vs. ATL,W,121,31.0,24,10.0,5,12,0.55,0.806,0.333,12.0,Philadelphia 76ers
0022200190,2022-11-12,22022,POR @ DAL,L,112,44.0,20,6.0,2,12,0.45,0.771,0.419,-5.0,Portland Trail Blazers
0022200184,2022-11-12,22022,LAC vs. BKN,L,95,46.0,22,4.0,6,16,0.4,0.8,0.355,-15.0,Los Angeles Clippers
0022200188,2022-11-12,22022,ATL @ PHI,L,109,43.0,20,4.0,2,18,0.449,0.852,0.25,-12.0,Atlanta Hawks
0022200186,2022-11-12,22022,DET vs. BOS,L,108,50.0,23,4.0,3,14,0.416,0.857,0.421,-9.0,Detroit Pistons
0022200185,2022-11-12,22022,WAS vs. UTA,W,121,46.0,27,6.0,8,9,0.5,0.85,0.444,9.0,Washington Wizards
0022200190,2022-11-12,22022,DAL vs. POR,W,117,40.0,26,8.0,2,11,0.506,0.808,0.326,5.0,Dallas Mavericks
0022200185,2022-11-12,22022,UTA @ WAS,L,112,42.0,33,4.0,3,12,0.468,0.909,0.35,-9.0,Utah Jazz
0022200189,2022-11-12,22022,CHA @ MIA,L,115,37.0,25,4.0,3,12,0.511,0.875,0.29,-17.0,Charlotte Hornets
0022200184,2022-11-12,22022,BKN @ LAC,W,110,41.0,27,9.0,6,12,0.482,0.667,0.457,15.0,Brooklyn Nets
0022200191,2022-11-12,22022,HOU @ NOP,L,106,43.0,24,7.0,4,26,0.506,0.778,0.333,-13.0,Houston Rockets
0022200191,2022-11-12,22022,NOP vs. HOU,W,119,36.0,28,13.0,1,12,0.488,0.871,0.276,13.0,New Orleans Pelicans
0022200187,2022-11-12,22022,TOR @ IND,L,104,43.0,14,12.0,8,12,0.394,0.793,0.2,-14.0,Toronto Raptors
0022200187,2022-11-12,22022,IND vs. TOR,W,118,51.0,33,4.0,6,21,0.5,0.739,0.442,14.0,Indiana Pacers
0022200186,2022-11-12,22022,BOS @ DET,W,117,42.0,27,6.0,4,7,0.429,0.875,0.375,9.0,Boston Celtics
0022200189,2022-11-12,22022,MIA vs. CHA,W,132,46.0,32,7.0,5,12,0.527,0.857,0.39,17.0,Miami Heat
0022200194,2022-11-13,22022,MEM @ WAS,L,92,51.0,21,7.0,6,16,0.396,0.7,0.321,-10.0,Memphis Grizzlies
0022200198,2022-11-13,22022,BKN @ LAL,L,103,41.0,22,5.0,5,12,0.45,0.774,0.259,-13.0,Brooklyn Nets
0022200197,2022-11-13,22022,SAC vs. GSW,W,122,45.0,31,8.0,2,15,0.516,0.632,0.432,7.0,Sacramento Kings
0022200192,2022-11-13,22022,NYK vs. OKC,L,135,35.0,25,13.0,2,13,0.495,0.879,0.323,-10.0,New York Knicks
0022200198,2022-11-13,22022,LAL vs. BKN,W,116,45.0,25,3.0,2,9,0.484,0.85,0.407,13.0,Los Angeles Lakers
0022200195,2022-11-13,22022,PHI vs. UTA,W,105,39.0,21,12.0,14,12,0.482,0.808,0.174,7.0,Philadelphia 76ers
0022200194,2022-11-13,22022,WAS vs. MEM,W,102,47.0,26,9.0,6,15,0.419,0.524,0.475,10.0,Washington Wizards
0022200193,2022-11-13,22022,CLE vs. MIN,L,124,40.0,22,6.0,1,10,0.449,0.692,0.5,-5.0,Cleveland Cavaliers
0022200195,2022-11-13,22022,UTA @ PHI,L,98,50.0,23,3.0,4,17,0.394,0.565,0.297,-7.0,Utah Jazz
0022200197,2022-11-13,22022,GSW @ SAC,L,115,43.0,27,5.0,5,18,0.467,0.938,0.34,-7.0,Golden State Warriors
0022200196,2022-11-13,22022,CHI vs. DEN,L,103,36.0,24,9.0,4,18,0.494,0.81,0.273,-23.0,Chicago Bulls
0022200193,2022-11-13,22022,MIN @ CLE,W,129,47.0,30,5.0,4,13,0.561,0.735,0.5,5.0,Minnesota Timberwolves
0022200196,2022-11-13,22022,DEN @ CHI,W,126,36.0,33,11.0,3,16,0.6,0.81,0.481,23.0,Denver Nuggets
0022200192,2022-11-13,22022,OKC @ NYK,W,145,38.0,31,9.0,5,19,0.625,0.9,0.548,10.0,Oklahoma City Thunder
0022200201,2022-11-14,22022,OKC @ BOS,L,122,51.0,21,4.0,6,19,0.48,0.81,0.367,-4.0,Oklahoma City Thunder
0022200199,2022-11-14,22022,TOR @ DET,W,115,42.0,27,7.0,8,17,0.488,0.964,0.296,4.0,Toronto Raptors
0022200205,2022-11-14,22022,GSW vs. SAS,W,132,40.0,35,9.0,3,12,0.534,0.938,0.511,37.0,Golden State Warriors
0022200202,2022-11-14,22022,PHX @ MIA,L,112,45.0,22,9.0,4,11,0.485,0.5,0.389,-1.0,Phoenix Suns
0022200202,2022-11-14,22022,MIA vs. PHX,W,113,42.0,23,6.0,4,14,0.458,0.88,0.455,1.0,Miami Heat
0022200204,2022-11-14,22022,ATL @ MIL,W,121,45.0,23,4.0,4,9,0.478,0.867,0.35,15.0,Atlanta Hawks
0022200201,2022-11-14,22022,BOS vs. OKC,W,126,46.0,25,15.0,7,14,0.479,0.828,0.27,4.0,Boston Celtics
0022200205,2022-11-14,22022,SAS @ GSW,L,95,53.0,18,6.0,6,18,0.36,0.684,0.25,-37.0,San Antonio Spurs
0022200203,2022-11-14,22022,HOU vs. LAC,L,106,40.0,20,11.0,3,14,0.453,0.613,0.3,-16.0,Houston Rockets
0022200200,2022-11-14,22022,ORL vs. CHA,L,105,48.0,23,3.0,7,22,0.409,0.826,0.389,-7.0,Orlando Magic
0022200199,2022-11-14,22022,DET vs. TOR,L,111,39.0,23,8.0,2,19,0.455,0.721,0.323,-4.0,Detroit Pistons
0022200200,2022-11-14,22022,CHA @ ORL,W,112,37.0,22,15.0,7,12,0.477,0.875,0.2,7.0,Charlotte Hornets
0022200204,2022-11-14,22022,MIL vs. ATL,L,106,46.0,21,4.0,3,15,0.415,0.78,0.207,-15.0,Milwaukee Bucks
0022200203,2022-11-14,22022,LAC @ HOU,W,122,44.0,25,6.0,4,16,0.506,0.788,0.368,16.0,Los Angeles Clippers
0022200210,2022-11-15,22022,BKN @ SAC,L,121,29.0,25,5.0,3,17,0.494,0.909,0.393,-32.0,Brooklyn Nets
0022200209,2022-11-15,22022,SAS @ POR,L,110,38.0,34,7.0,5,19,0.518,0.765,0.31,-7.0,San Antonio Spurs
0022200210,2022-11-15,22022,SAC vs. BKN,W,153,43.0,39,9.0,4,16,0.596,0.84,0.488,32.0,Sacramento Kings
0022200209,2022-11-15,22022,POR vs. SAS,W,117,39.0,22,6.0,3,15,0.519,0.769,0.469,7.0,Portland Trail Blazers
0022200207,2022-11-15,22022,LAC @ DAL,L,101,40.0,23,8.0,2,21,0.531,0.808,0.429,-2.0,Los Angeles Clippers
0022200207,2022-11-15,22022,DAL vs. LAC,W,103,34.0,20,12.0,1,12,0.438,0.667,0.395,2.0,Dallas Mavericks
0022200206,2022-11-15,22022,MEM @ NOP,L,102,51.0,16,6.0,8,11,0.413,0.68,0.257,-11.0,Memphis Grizzlies
0022200206,2022-11-15,22022,NOP vs. MEM,W,113,43.0,31,2.0,8,10,0.473,0.75,0.474,11.0,New Orleans Pelicans
0022200208,2022-11-15,22022,NYK @ UTA,W,118,43.0,26,10.0,3,12,0.473,0.76,0.344,7.0,New York Knicks
0022200208,2022-11-15,22022,UTA vs. NYK,L,111,49.0,29,7.0,5,20,0.434,0.833,0.326,-7.0,Utah Jazz
0022200219,2022-11-16,22022,DEN vs. NYK,L,103,42.0,18,3.0,5,15,0.439,0.85,0.368,-3.0,Denver Nuggets
0022200217,2022-11-16,22022,CHI @ NOP,L,110,37.0,25,2.0,1,12,0.494,0.647,0.344,-14.0,Chicago Bulls
0022200212,2022-11-16,22022,MIN @ ORL,W,126,40.0,28,15.0,6,10,0.523,0.786,0.333,18.0,Minnesota Timberwolves
0022200213,2022-11-16,22022,WAS vs. OKC,L,120,41.0,32,8.0,5,19,0.512,0.882,0.5,-1.0,Washington Wizards
0022200211,2022-11-16,22022,CHA vs. IND,L,113,44.0,29,8.0,4,17,0.457,0.833,0.364,-12.0,Charlotte Hornets
0022200216,2022-11-16,22022,MIL vs. CLE,W,113,52.0,26,5.0,6,14,0.477,0.556,0.41,15.0,Milwaukee Bucks
0022200212,2022-11-16,22022,ORL vs. MIN,L,108,47.0,21,6.0,5,16,0.452,0.882,0.257,-18.0,Orlando Magic
0022200214,2022-11-16,22022,BOS @ ATL,W,126,49.0,29,4.0,8,14,0.545,0.9,0.457,25.0,Boston Celtics
0022200213,2022-11-16,22022,OKC @ WAS,W,121,37.0,24,4.0,7,15,0.543,0.654,0.516,1.0,Oklahoma City Thunder
0022200215,2022-11-16,22022,MIA @ TOR,L,104,23.0,19,5.0,4,23,0.545,0.864,0.371,-8.0,Miami Heat
0022200217,2022-11-16,22022,NOP vs. CHI,W,124,46.0,30,4.0,6,13,0.506,0.875,0.515,14.0,New Orleans Pelicans
0022200214,2022-11-16,22022,ATL vs. BOS,L,101,45.0,21,5.0,5,9,0.416,0.769,0.219,-25.0,Atlanta Hawks
0022200211,2022-11-16,22022,IND @ CHA,W,125,34.0,27,11.0,9,12,0.537,0.839,0.393,12.0,Indiana Pacers
0022200220,2022-11-16,22022,GSW @ PHX,L,119,40.0,30,5.0,3,17,0.457,1.0,0.429,-11.0,Golden State Warriors
0022200220,2022-11-16,22022,PHX vs. GSW,W,130,47.0,33,5.0,8,15,0.512,0.84,0.525,11.0,Phoenix Suns
0022200215,2022-11-16,22022,TOR vs. MIA,W,112,42.0,23,5.0,3,14,0.512,0.773,0.269,8.0,Toronto Raptors
0022200216,2022-11-16,22022,CLE @ MIL,L,98,34.0,22,7.0,7,8,0.429,0.824,0.429,-15.0,Cleveland Cavaliers
0022200219,2022-11-16,22022,NYK @ DEN,W,106,40.0,24,12.0,5,7,0.44,0.774,0.235,3.0,New York Knicks
0022200218,2022-11-16,22022,HOU @ DAL,W,101,56.0,21,1.0,19,20,0.467,0.875,0.455,9.0,Houston Rockets
0022200218,2022-11-16,22022,DAL vs. HOU,L,92,38.0,21,9.0,2,6,0.304,0.947,0.218,-9.0,Dallas Mavericks
0022200221,2022-11-17,22022,POR vs. BKN,L,107,39.0,22,9.0,5,9,0.387,0.815,0.361,-2.0,Portland Trail Blazers
0022200223,2022-11-17,22022,LAC vs. DET,W,96,51.0,17,1.0,1,18,0.407,0.792,0.367,5.0,Los Angeles Clippers
0022200222,2022-11-17,22022,SAS @ SAC,L,112,32.0,29,8.0,6,18,0.548,0.75,0.423,-18.0,San Antonio Spurs
0022200222,2022-11-17,22022,SAC vs. SAS,W,130,37.0,28,7.0,1,12,0.578,0.917,0.4,18.0,Sacramento Kings
0022200223,2022-11-17,22022,DET @ LAC,L,91,43.0,15,9.0,7,12,0.375,0.792,0.194,-5.0,Detroit Pistons
0022200221,2022-11-17,22022,BKN @ POR,W,109,47.0,32,4.0,5,17,0.506,0.783,0.379,2.0,Brooklyn Nets
0022200228,2022-11-18,22022,HOU vs. IND,L,91,49.0,15,8.0,4,17,0.337,0.844,0.214,-8.0,Houston Rockets
0022200232,2022-11-18,22022,UTA vs. PHX,W,134,36.0,32,6.0,3,16,0.56,0.667,0.516,1.0,Utah Jazz
0022200233,2022-11-18,22022,GSW vs. NYK,W,111,51.0,32,8.0,3,16,0.451,0.55,0.36,10.0,Golden State Warriors
0022200226,2022-11-18,22022,MIL @ PHI,L,102,42.0,22,8.0,7,12,0.456,0.381,0.333,-8.0,Milwaukee Bucks
0022200224,2022-11-18,22022,MIA @ WAS,L,106,53.0,23,6.0,4,9,0.357,0.781,0.256,-1.0,Miami Heat
0022200227,2022-11-18,22022,ORL @ CHI,W,108,41.0,25,4.0,7,16,0.494,0.909,0.429,1.0,Orlando Magic
0022200231,2022-11-18,22022,BOS @ NOP,W,117,46.0,28,6.0,3,17,0.482,0.882,0.435,8.0,Boston Celtics
0022200225,2022-11-18,22022,CLE vs. CHA,W,132,50.0,25,8.0,8,19,0.533,0.813,0.286,10.0,Cleveland Cavaliers
0022200228,2022-11-18,22022,IND @ HOU,W,99,45.0,25,8.0,10,15,0.402,0.778,0.293,8.0,Indiana Pacers
0022200234,2022-11-18,22022,LAL vs. DET,W,128,44.0,29,2.0,7,16,0.551,0.875,0.35,7.0,Los Angeles Lakers
0022200233,2022-11-18,22022,NYK @ GSW,L,101,45.0,16,8.0,7,16,0.345,0.941,0.265,-10.0,New York Knicks
0022200229,2022-11-18,22022,MEM vs. OKC,W,121,57.0,26,4.0,7,11,0.419,0.725,0.359,11.0,Memphis Grizzlies
0022200229,2022-11-18,22022,OKC @ MEM,L,110,43.0,34,5.0,9,10,0.469,0.818,0.324,-11.0,Oklahoma City Thunder
0022200225,2022-11-18,22022,CHA @ CLE,L,122,53.0,24,11.0,6,14,0.4,0.833,0.318,-10.0,Charlotte Hornets
0022200230,2022-11-18,22022,DEN @ DAL,L,99,36.0,24,4.0,1,11,0.422,0.722,0.333,-28.0,Denver Nuggets
0022200227,2022-11-18,22022,CHI vs. ORL,L,107,46.0,27,6.0,6,11,0.461,0.8,0.238,-1.0,Chicago Bulls
0022200230,2022-11-18,22022,DAL vs. DEN,W,127,44.0,29,5.0,3,10,0.597,0.786,0.406,28.0,Dallas Mavericks
0022200231,2022-11-18,22022,NOP vs. BOS,L,109,37.0,24,13.0,3,11,0.494,0.769,0.371,-8.0,New Orleans Pelicans
0022200234,2022-11-18,22022,DET @ LAL,L,121,37.0,27,9.0,4,11,0.467,0.75,0.324,-7.0,Detroit Pistons
0022200224,2022-11-18,22022,WAS vs. MIA,W,107,54.0,33,6.0,4,15,0.427,0.714,0.326,1.0,Washington Wizards
0022200226,2022-11-18,22022,PHI vs. MIL,W,110,41.0,28,5.0,5,18,0.513,0.654,0.464,8.0,Philadelphia 76ers
0022200232,2022-11-18,22022,PHX @ UTA,L,133,42.0,29,7.0,6,14,0.521,0.929,0.3,-1.0,Phoenix Suns
0022200238,2022-11-19,22022,POR vs. UTA,L,113,43.0,27,11.0,8,17,0.47,0.815,0.31,-5.0,Portland Trail Blazers
0022200236,2022-11-19,22022,IND vs. ORL,W,114,42.0,27,5.0,6,15,0.456,0.737,0.391,4.6,Indiana Pacers
0022200235,2022-11-19,22022,ATL vs. TOR,W,124,50.0,23,5.0,5,14,0.5,0.781,0.28,2.0,Atlanta Hawks
0022200238,2022-11-19,22022,UTA @ POR,W,118,42.0,23,6.0,4,13,0.462,0.87,0.359,5.0,Utah Jazz
0022200237,2022-11-19,22022,MIN @ PHI,W,112,43.0,28,9.0,2,17,0.471,0.833,0.333,3.0,Minnesota Timberwolves
0022200239,2022-11-19,22022,LAC vs. SAS,W,119,35.0,32,9.0,1,12,0.543,0.526,0.525,22.0,Los Angeles Clippers
0022200239,2022-11-19,22022,SAS @ LAC,L,97,43.0,22,4.0,2,15,0.414,0.857,0.269,-22.0,San Antonio Spurs
0022200235,2022-11-19,22022,TOR @ ATL,L,122,51.0,27,11.0,6,13,0.444,0.818,0.216,-2.0,Toronto Raptors
0022200236,2022-11-19,22022,ORL @ IND,L,113,41.0,16,8.0,6,9,0.429,0.731,0.381,-2.6,Orlando Magic
0022200237,2022-11-19,22022,PHI vs. MIN,L,109,39.0,21,10.0,1,22,0.479,0.844,0.438,-3.0,Philadelphia 76ers
0022200247,2022-11-20,22022,SAS @ LAL,L,92,44.0,26,7.0,2,10,0.39,0.3,0.206,-31.0,San Antonio Spurs
0022200241,2022-11-20,22022,CHA @ WAS,L,102,51.0,19,5.0,5,13,0.39,0.696,0.25,-4.0,Charlotte Hornets
0022200244,2022-11-20,22022,MIA @ CLE,L,87,30.0,17,6.0,3,16,0.388,0.864,0.194,-26.0,Miami Heat
0022200246,2022-11-20,22022,DAL vs. DEN,L,97,36.0,24,5.0,3,12,0.449,0.571,0.357,-1.0,Dallas Mavericks
0022200245,2022-11-20,22022,HOU vs. GSW,L,120,45.0,24,13.0,1,12,0.456,0.852,0.333,-7.0,Houston Rockets
0022200246,2022-11-20,22022,DEN @ DAL,W,98,44.0,22,10.0,5,15,0.474,0.789,0.333,1.0,Denver Nuggets
0022200245,2022-11-20,22022,GSW @ HOU,W,127,40.0,38,8.0,5,17,0.535,0.733,0.511,7.0,Golden State Warriors
0022200240,2022-11-20,22022,PHX vs. NYK,W,116,60.0,35,3.0,8,13,0.426,0.722,0.436,21.0,Phoenix Suns
0022200243,2022-11-20,22022,MEM @ BKN,L,115,44.0,28,13.0,0,10,0.434,0.548,0.324,-12.0,Memphis Grizzlies
0022200244,2022-11-20,22022,CLE vs. MIA,W,113,49.0,31,7.0,1,19,0.53,0.75,0.351,26.0,Cleveland Cavaliers
0022200247,2022-11-20,22022,LAL vs. SAS,W,123,54.0,29,5.0,2,15,0.529,0.875,0.353,31.0,Los Angeles Lakers
0022200242,2022-11-20,22022,SAC vs. DET,W,137,41.0,29,4.0,0,11,0.553,0.886,0.343,8.0,Sacramento Kings
0022200240,2022-11-20,22022,NYK @ PHX,L,95,39.0,20,4.0,7,10,0.4,0.8,0.28,-21.0,New York Knicks
0022200242,2022-11-20,22022,DET @ SAC,L,129,35.0,20,4.0,3,12,0.528,0.87,0.517,-8.0,Detroit Pistons
0022200243,2022-11-20,22022,BKN vs. MEM,W,127,45.0,33,5.0,5,18,0.602,0.733,0.471,12.0,Brooklyn Nets
0022200241,2022-11-20,22022,WAS vs. CHA,W,106,49.0,19,6.0,13,17,0.43,0.722,0.382,4.0,Washington Wizards
0022200251,2022-11-21,22022,POR @ MIL,L,111,40.0,19,5.0,3,15,0.473,0.789,0.276,-8.0,Portland Trail Blazers
0022200253,2022-11-21,22022,NOP vs. GSW,W,128,50.0,30,15.0,5,14,0.538,0.714,0.357,45.0,New Orleans Pelicans
0022200253,2022-11-21,22022,GSW @ NOP,L,83,34.0,17,9.0,5,26,0.378,0.895,0.233,-45.0,Golden State Warriors
0022200249,2022-11-21,22022,ORL @ IND,L,102,38.0,20,10.0,2,17,0.424,0.76,0.314,-21.0,Orlando Magic
0022200252,2022-11-21,22022,MIN vs. MIA,W,105,40.0,30,9.0,6,18,0.435,0.85,0.298,4.0,Minnesota Timberwolves
0022200251,2022-11-21,22022,MIL vs. POR,W,119,42.0,31,12.0,8,14,0.547,0.64,0.321,8.0,Milwaukee Bucks
0022200248,2022-11-21,22022,ATL @ CLE,L,102,35.0,24,11.0,3,16,0.437,0.882,0.324,-4.2,Atlanta Hawks
0022200249,2022-11-21,22022,IND vs. ORL,W,123,48.0,32,9.0,5,21,0.5,0.889,0.283,21.0,Indiana Pacers
0022200254,2022-11-21,22022,NYK @ OKC,W,129,48.0,21,10.0,2,13,0.526,0.8,0.324,10.0,New York Knicks
0022200255,2022-11-21,22022,LAC vs. UTA,W,121,41.0,26,6.0,6,16,0.516,0.947,0.375,7.0,Los Angeles Clippers
0022200250,2022-11-21,22022,BOS @ CHI,L,107,38.0,28,3.0,4,15,0.437,0.706,0.38,-14.0,Boston Celtics
0022200254,2022-11-21,22022,OKC vs. NYK,L,119,38.0,25,5.0,5,14,0.489,0.781,0.333,-10.0,Oklahoma City Thunder
0022200250,2022-11-21,22022,CHI vs. BOS,W,121,51.0,26,10.0,1,11,0.517,0.75,0.483,14.0,Chicago Bulls
0022200248,2022-11-21,22022,CLE vs. ATL,W,114,37.0,24,8.0,3,19,0.6,0.87,0.526,7.8,Cleveland Cavaliers
0022200252,2022-11-21,22022,MIA @ MIN,L,101,46.0,26,9.0,5,15,0.389,0.667,0.289,-4.0,Miami Heat
0022200255,2022-11-21,22022,UTA @ LAC,L,114,45.0,22,8.0,5,17,0.449,0.917,0.316,-7.0,Utah Jazz
0022200256,2022-11-22,22022,PHI vs. BKN,W,115,49.0,19,9.0,4,9,0.434,0.813,0.5,9.0,Philadelphia 76ers
0022200256,2022-11-22,22022,BKN @ PHI,L,106,35.0,31,5.0,13,15,0.55,0.692,0.321,-9.0,Brooklyn Nets
0022200257,2022-11-22,22022,SAC @ MEM,W,113,45.0,27,11.0,2,18,0.433,0.741,0.333,4.0,Sacramento Kings
0022200258,2022-11-22,22022,DEN vs. DET,L,108,42.0,28,7.0,8,17,0.5,0.654,0.263,-2.0,Denver Nuggets
0022200259,2022-11-22,22022,PHX vs. LAL,W,115,49.0,23,8.0,7,15,0.471,0.6,0.471,10.0,Phoenix Suns
0022200259,2022-11-22,22022,LAL @ PHX,L,105,45.0,19,8.0,7,17,0.424,0.829,0.182,-10.0,Los Angeles Lakers
0022200257,2022-11-22,22022,MEM vs. SAC,L,109,49.0,26,12.0,10,18,0.451,0.633,0.267,-4.0,Memphis Grizzlies
0022200258,2022-11-22,22022,DET @ DEN,W,110,40.0,27,7.0,5,16,0.511,0.857,0.286,2.0,Detroit Pistons
0022200270,2022-11-23,22022,UTA vs. DET,L,116,38.0,31,4.0,7,15,0.494,0.842,0.439,-9.0,Utah Jazz
0022200264,2022-11-23,22022,DAL @ BOS,L,112,35.0,20,4.0,3,14,0.537,0.619,0.355,-13.0,Dallas Mavericks
0022200264,2022-11-23,22022,BOS vs. DAL,W,125,38.0,29,4.0,4,11,0.536,0.857,0.5,13.0,Boston Celtics
0022200265,2022-11-23,22022,WAS @ MIA,L,105,43.0,27,7.0,5,14,0.472,0.579,0.263,-8.0,Washington Wizards
0022200261,2022-11-23,22022,CLE vs. POR,W,114,39.0,22,4.0,4,16,0.554,0.87,0.444,18.0,Cleveland Cavaliers
0022200262,2022-11-23,22022,MIN @ IND,W,115,50.0,31,9.0,10,23,0.61,0.765,0.364,14.0,Minnesota Timberwolves
0022200268,2022-11-23,22022,DEN @ OKC,W,131,55.0,31,4.0,8,17,0.477,0.805,0.368,5.0,Denver Nuggets
0022200263,2022-11-23,22022,ATL vs. SAC,W,115,47.0,23,9.0,6,13,0.446,0.957,0.367,9.0,Atlanta Hawks
0022200271,2022-11-23,22022,LAC @ GSW,L,107,43.0,22,5.0,2,16,0.453,0.667,0.379,-17.0,Los Angeles Clippers
0022200267,2022-11-23,22022,CHI @ MIL,W,118,35.0,30,9.0,12,13,0.494,0.778,0.429,5.0,Chicago Bulls
0022200270,2022-11-23,22022,DET @ UTA,W,125,38.0,24,9.0,2,7,0.494,0.926,0.5,9.0,Detroit Pistons
0022200268,2022-11-23,22022,OKC vs. DEN,L,126,39.0,26,6.0,7,9,0.433,0.857,0.45,-5.0,Oklahoma City Thunder
0022200260,2022-11-23,22022,PHI @ CHA,L,101,45.0,20,9.0,3,19,0.442,0.889,0.237,-6.0,Philadelphia 76ers
0022200262,2022-11-23,22022,IND vs. MIN,L,101,30.0,25,16.0,5,13,0.385,0.688,0.364,-14.0,Indiana Pacers
0022200266,2022-11-23,22022,TOR vs. BKN,L,98,52.0,16,12.0,2,13,0.356,0.76,0.241,-14.0,Toronto Raptors
0022200269,2022-11-23,22022,SAS vs. NOP,L,110,37.0,31,11.0,1,18,0.482,0.643,0.294,-19.0,San Antonio Spurs
0022200261,2022-11-23,22022,POR @ CLE,L,96,32.0,28,9.0,4,16,0.449,1.0,0.419,-18.0,Portland Trail Blazers
0022200267,2022-11-23,22022,MIL vs. CHI,L,113,48.0,24,5.0,3,19,0.456,0.76,0.316,-5.0,Milwaukee Bucks
0022200266,2022-11-23,22022,BKN @ TOR,W,112,39.0,32,10.0,11,19,0.549,0.714,0.447,14.0,Brooklyn Nets
0022200265,2022-11-23,22022,MIA vs. WAS,W,113,53.0,20,7.0,5,12,0.419,0.864,0.39,8.0,Miami Heat
0022200271,2022-11-23,22022,GSW vs. LAC,W,124,45.0,36,11.0,5,13,0.495,0.692,0.373,17.0,Golden State Warriors
0022200260,2022-11-23,22022,CHA vs. PHI,W,107,44.0,25,8.0,1,15,0.478,0.619,0.261,6.0,Charlotte Hornets
0022200269,2022-11-23,22022,NOP @ SAS,W,129,42.0,33,8.0,5,21,0.573,0.7,0.424,19.0,New Orleans Pelicans
0022200263,2022-11-23,22022,SAC @ ATL,L,106,48.0,27,6.0,2,18,0.461,0.714,0.29,-9.0,Sacramento Kings
0022200276,2022-11-25,22022,IND vs. BKN,W,128,41.0,28,13.0,4,9,0.5,0.789,0.353,11.0,Indiana Pacers
0022200274,2022-11-25,22022,NYK vs. POR,L,129,44.0,27,7.0,5,10,0.438,0.857,0.317,-3.0,New York Knicks
0022200275,2022-11-25,22022,BOS vs. SAC,W,122,38.0,27,9.0,6,10,0.494,0.889,0.432,18.0,Boston Celtics
0022200277,2022-11-25,22022,MIA vs. WAS,W,110,47.0,24,5.0,5,10,0.472,0.826,0.269,3.0,Miami Heat
0022200279,2022-11-25,22022,MEM vs. NOP,W,132,46.0,26,4.0,4,14,0.516,0.741,0.474,21.0,Memphis Grizzlies
0022200279,2022-11-25,22022,NOP @ MEM,L,111,41.0,26,9.0,4,13,0.43,0.871,0.323,-21.0,New Orleans Pelicans
0022200276,2022-11-25,22022,BKN @ IND,L,117,38.0,27,2.0,8,18,0.534,0.8,0.366,-11.0,Brooklyn Nets
0022200284,2022-11-25,22022,GSW vs. UTA,W,129,49.0,33,8.0,3,19,0.515,0.833,0.444,11.0,Golden State Warriors
0022200282,2022-11-25,22022,SAS vs. LAL,L,94,50.0,21,11.0,3,16,0.38,0.75,0.182,-11.0,San Antonio Spurs
0022200283,2022-11-25,22022,PHX vs. DET,W,108,43.0,25,7.0,7,13,0.483,0.654,0.241,6.0,Phoenix Suns
0022200275,2022-11-25,22022,SAC @ BOS,L,104,45.0,20,3.0,4,18,0.414,0.885,0.25,-18.0,Sacramento Kings
0022200281,2022-11-25,22022,CHI @ OKC,L,119,47.0,25,5.0,4,15,0.436,0.826,0.364,-4.0,Chicago Bulls
0022200277,2022-11-25,22022,WAS @ MIA,L,107,45.0,27,7.0,9,12,0.43,0.8,0.282,-3.0,Washington Wizards
0022200274,2022-11-25,22022,POR @ NYK,W,132,48.0,24,3.0,3,12,0.494,0.745,0.313,3.0,Portland Trail Blazers
0022200273,2022-11-25,22022,PHI @ ORL,W,107,47.0,25,7.0,1,15,0.476,0.833,0.389,8.0,Philadelphia 76ers
0022200281,2022-11-25,22022,OKC vs. CHI,W,123,50.0,24,7.0,5,13,0.463,0.875,0.241,4.0,Oklahoma City Thunder
0022200282,2022-11-25,22022,LAL @ SAS,W,105,49.0,28,12.0,5,21,0.482,0.85,0.296,11.0,Los Angeles Lakers
0022200280,2022-11-25,22022,MIL vs. CLE,W,117,43.0,27,4.0,9,13,0.506,0.72,0.469,15.0,Milwaukee Bucks
0022200284,2022-11-25,22022,UTA @ GSW,L,118,42.0,28,12.0,6,13,0.474,0.882,0.244,-11.0,Utah Jazz
0022200280,2022-11-25,22022,CLE @ MIL,L,102,41.0,12,9.0,2,9,0.391,0.846,0.364,-15.0,Cleveland Cavaliers
0022200285,2022-11-25,22022,DEN @ LAC,W,114,37.0,27,9.0,5,6,0.494,0.696,0.333,10.0,Denver Nuggets
0022200278,2022-11-25,22022,ATL @ HOU,L,122,28.0,14,9.0,6,13,0.476,0.806,0.385,-6.0,Atlanta Hawks
0022200283,2022-11-25,22022,DET @ PHX,L,102,49.0,21,6.0,3,18,0.424,0.938,0.346,-6.0,Detroit Pistons
0022200272,2022-11-25,22022,MIN @ CHA,L,108,45.0,24,7.0,9,16,0.427,0.944,0.22,-2.0,Minnesota Timberwolves
0022200272,2022-11-25,22022,CHA vs. MIN,W,110,55.0,24,6.0,4,17,0.449,0.688,0.32,2.0,Charlotte Hornets
0022200285,2022-11-25,22022,LAC vs. DEN,L,104,33.0,22,1.0,5,14,0.544,0.559,0.5,-10.0,Los Angeles Clippers
0022200273,2022-11-25,22022,ORL vs. PHI,L,99,35.0,20,7.0,6,14,0.425,0.815,0.257,-8.0,Orlando Magic
0022200278,2022-11-25,22022,HOU vs. ATL,W,128,59.0,25,9.0,4,21,0.471,0.829,0.343,6.0,Houston Rockets
0022200289,2022-11-26,22022,PHX vs. UTA,W,113,48.0,23,8.0,6,6,0.457,0.767,0.273,1.0,Phoenix Suns
0022200286,2022-11-26,22022,TOR vs. DAL,W,105,48.0,20,10.0,2,13,0.432,0.808,0.308,5.0,Toronto Raptors
0022200289,2022-11-26,22022,UTA @ PHX,L,112,40.0,20,5.0,2,12,0.506,0.76,0.406,-1.0,Utah Jazz
0022200287,2022-11-26,22022,HOU vs. OKC,W,118,53.0,25,9.0,3,24,0.523,0.714,0.5,13.0,Houston Rockets
0022200288,2022-11-26,22022,LAL @ SAS,W,143,39.0,25,4.0,7,17,0.58,0.865,0.515,5.0,Los Angeles Lakers
0022200288,2022-11-26,22022,SAS vs. LAL,L,138,47.0,33,8.0,5,10,0.505,0.7,0.486,-5.0,San Antonio Spurs
0022200286,2022-11-26,22022,DAL @ TOR,L,100,34.0,28,7.0,5,16,0.479,0.792,0.282,-5.0,Dallas Mavericks
0022200287,2022-11-26,22022,OKC @ HOU,L,105,41.0,19,12.0,3,15,0.392,0.826,0.227,-13.0,Oklahoma City Thunder
0022200297,2022-11-27,22022,PHI @ ORL,W,133,43.0,32,10.0,8,14,0.649,0.815,0.407,30.0,Philadelphia 76ers
0022200295,2022-11-27,22022,CLE @ DET,W,102,41.0,14,3.0,4,14,0.429,0.848,0.286,8.0,Cleveland Cavaliers
0022200290,2022-11-27,22022,BKN vs. POR,W,111,38.0,27,6.0,2,7,0.526,0.778,0.429,14.0,Brooklyn Nets
0022200290,2022-11-27,22022,POR @ BKN,L,97,42.0,27,4.0,2,13,0.443,0.682,0.364,-14.0,Portland Trail Blazers
0022200293,2022-11-27,22022,MIA @ ATL,W,106,46.0,28,8.0,5,12,0.488,0.895,0.273,8.0,Miami Heat
0022200298,2022-11-27,22022,MIL vs. DAL,W,124,40.0,28,8.0,5,13,0.558,0.733,0.459,9.0,Milwaukee Bucks
0022200291,2022-11-27,22022,GSW @ MIN,W,137,47.0,36,7.0,6,16,0.575,0.85,0.426,23.0,Golden State Warriors
0022200297,2022-11-27,22022,ORL vs. PHI,L,103,26.0,21,9.0,4,15,0.456,0.76,0.3,-30.0,Orlando Magic
0022200295,2022-11-27,22022,DET vs. CLE,L,94,36.0,14,9.0,6,13,0.456,0.538,0.286,-8.0,Detroit Pistons
0022200294,2022-11-27,22022,WAS @ BOS,L,121,29.0,23,8.0,1,4,0.537,0.788,0.25,-9.0,Washington Wizards
0022200298,2022-11-27,22022,DAL @ MIL,L,115,32.0,23,6.0,2,13,0.513,0.64,0.415,-9.0,Dallas Mavericks
0022200292,2022-11-27,22022,LAC vs. IND,W,114,62.0,33,7.0,4,18,0.447,0.75,0.188,14.0,Los Angeles Clippers
0022200291,2022-11-27,22022,MIN vs. GSW,L,114,31.0,22,7.0,2,14,0.443,0.759,0.4,-23.0,Minnesota Timberwolves
0022200294,2022-11-27,22022,BOS vs. WAS,W,130,38.0,25,2.0,5,14,0.55,1.0,0.471,9.0,Boston Celtics
0022200296,2022-11-27,22022,MEM @ NYK,W,127,50.0,32,4.0,2,10,0.484,0.742,0.375,4.0,Memphis Grizzlies
0022200292,2022-11-27,22022,IND @ LAC,L,100,39.0,23,14.0,4,11,0.383,0.826,0.214,-14.0,Indiana Pacers
0022200296,2022-11-27,22022,NYK vs. MEM,L,123,42.0,30,3.0,7,8,0.506,0.833,0.333,-4.0,New York Knicks
0022200293,2022-11-27,22022,ATL vs. MIA,L,98,42.0,24,6.0,3,9,0.398,0.947,0.278,-8.0,Atlanta Hawks
0022200303,2022-11-28,22022,CLE @ TOR,L,88,47.0,21,7.0,3,9,0.378,0.813,0.184,-12.0,Cleveland Cavaliers
0022200299,2022-11-28,22022,ATL @ PHI,L,101,42.0,26,7.0,6,19,0.5,0.682,0.444,-3.0,Atlanta Hawks
0022200299,2022-11-28,22022,PHI vs. ATL,W,104,37.0,23,10.0,3,12,0.453,0.889,0.357,3.0,Philadelphia 76ers
0022200302,2022-11-28,22022,BKN vs. ORL,W,109,42.0,20,7.0,8,16,0.543,0.857,0.321,7.0,Brooklyn Nets
0022200304,2022-11-28,22022,OKC @ NOP,L,101,47.0,16,11.0,4,19,0.37,0.913,0.316,-4.0,Oklahoma City Thunder
0022200308,2022-11-28,22022,IND @ LAL,W,116,49.0,29,6.0,10,9,0.41,0.813,0.347,1.0,Indiana Pacers
0022200306,2022-11-28,22022,CHI @ UTA,W,114,50.0,21,6.0,3,7,0.462,0.88,0.273,7.0,Chicago Bulls
0022200301,2022-11-28,22022,CHA @ BOS,L,105,37.0,28,7.0,2,20,0.488,0.667,0.379,-35.0,Charlotte Hornets
0022200307,2022-11-28,22022,PHX @ SAC,W,122,45.0,26,9.0,7,17,0.532,0.857,0.313,5.0,Phoenix Suns
0022200307,2022-11-28,22022,SAC vs. PHX,L,117,37.0,32,9.0,7,15,0.523,0.889,0.36,-5.0,Sacramento Kings
0022200300,2022-11-28,22022,WAS vs. MIN,W,142,34.0,31,12.0,5,7,0.571,0.852,0.484,15.0,Washington Wizards
0022200300,2022-11-28,22022,MIN @ WAS,L,127,45.0,20,4.0,3,18,0.5,0.857,0.259,-15.0,Minnesota Timberwolves
0022200302,2022-11-28,22022,ORL @ BKN,L,102,35.0,18,9.0,5,18,0.475,0.591,0.419,-7.0,Orlando Magic
0022200305,2022-11-28,22022,HOU @ DEN,L,113,37.0,25,4.0,2,17,0.459,0.76,0.364,-16.0,Houston Rockets
0022200308,2022-11-28,22022,LAL vs. IND,L,115,57.0,23,3.0,7,14,0.43,0.774,0.355,-1.0,Los Angeles Lakers
0022200306,2022-11-28,22022,UTA vs. CHI,L,107,45.0,30,5.0,4,14,0.482,0.4,0.388,-7.0,Utah Jazz
0022200301,2022-11-28,22022,BOS vs. CHA,W,140,39.0,40,10.0,5,13,0.591,0.857,0.462,35.0,Boston Celtics
0022200303,2022-11-28,22022,TOR vs. CLE,W,100,45.0,23,4.0,5,10,0.44,0.824,0.429,12.0,Toronto Raptors
0022200304,2022-11-28,22022,NOP vs. OKC,W,105,49.0,21,12.0,8,22,0.448,0.9,0.281,4.0,New Orleans Pelicans
0022200305,2022-11-28,22022,DEN vs. HOU,W,129,43.0,31,8.0,4,14,0.568,0.85,0.4,16.0,Denver Nuggets
0022200310,2022-11-29,22022,DAL vs. GSW,W,116,39.0,21,7.0,4,13,0.462,0.63,0.341,3.0,Dallas Mavericks
0022200311,2022-11-29,22022,POR vs. LAC,L,112,43.0,24,6.0,7,11,0.467,0.733,0.486,-6.0,Portland Trail Blazers
0022200309,2022-11-29,22022,NYK @ DET,W,140,51.0,31,9.0,1,14,0.563,0.762,0.457,30.0,New York Knicks
0022200310,2022-11-29,22022,GSW @ DAL,L,113,50.0,27,6.0,3,18,0.477,0.783,0.256,-3.0,Golden State Warriors
0022200311,2022-11-29,22022,LAC @ POR,W,118,48.0,26,6.0,7,13,0.461,0.821,0.419,6.0,Los Angeles Clippers
0022200309,2022-11-29,22022,DET vs. NYK,L,110,30.0,28,7.0,4,16,0.506,0.65,0.333,-30.0,Detroit Pistons
0022200320,2022-11-30,22022,DEN vs. HOU,W,120,42.0,30,6.0,8,11,0.53,0.75,0.531,20.0,Denver Nuggets
0022200321,2022-11-30,22022,CHI @ PHX,L,113,35.0,21,5.0,6,11,0.5,0.818,0.16,-19.0,Chicago Bulls
0022200312,2022-11-30,22022,CLE vs. PHI,W,113,40.0,28,10.0,3,18,0.608,0.8,0.517,28.0,Cleveland Cavaliers
0022200319,2022-11-30,22022,SAS @ OKC,L,111,44.0,27,5.0,2,10,0.446,0.76,0.27,-8.0,San Antonio Spurs
0022200320,2022-11-30,22022,HOU @ DEN,L,100,39.0,18,5.0,6,14,0.42,0.778,0.293,-20.0,Houston Rockets
0022200322,2022-11-30,22022,LAC @ UTA,L,112,39.0,16,9.0,5,10,0.398,0.778,0.333,-13.0,Los Angeles Clippers
0022200316,2022-11-30,22022,NYK vs. MIL,L,103,55.0,18,2.0,3,7,0.42,0.65,0.2,-6.0,New York Knicks
0022200321,2022-11-30,22022,PHX vs. CHI,W,132,46.0,22,3.0,5,13,0.527,0.905,0.455,19.0,Phoenix Suns
0022200314,2022-11-30,22022,BOS vs. MIA,W,134,41.0,32,7.0,0,17,0.554,0.87,0.489,13.0,Boston Celtics
0022200313,2022-11-30,22022,ORL vs. ATL,L,108,33.0,26,5.0,3,18,0.494,0.88,0.296,-17.0,Orlando Magic
0022200317,2022-11-30,22022,MEM @ MIN,L,101,59.0,17,7.0,4,24,0.425,0.6,0.346,-8.0,Memphis Grizzlies
0022200315,2022-11-30,22022,WAS @ BKN,L,107,51.0,19,6.0,5,14,0.438,0.676,0.25,-6.0,Washington Wizards
0022200323,2022-11-30,22022,IND @ SAC,L,114,47.0,28,8.0,5,15,0.4,0.733,0.324,-23.0,Indiana Pacers
0022200319,2022-11-30,22022,OKC vs. SAS,W,119,52.0,17,4.0,4,11,0.511,0.667,0.333,8.0,Oklahoma City Thunder
0022200313,2022-11-30,22022,ATL @ ORL,W,125,49.0,25,8.0,3,12,0.543,0.789,0.25,17.0,Atlanta Hawks
0022200322,2022-11-30,22022,UTA vs. LAC,W,125,46.0,24,4.0,7,18,0.556,0.75,0.438,13.0,Utah Jazz
0022200318,2022-11-30,22022,TOR @ NOP,L,108,30.0,29,12.0,7,16,0.477,0.684,0.289,-18.0,Toronto Raptors
0022200316,2022-11-30,22022,MIL @ NYK,W,109,52.0,23,3.0,6,5,0.433,0.808,0.286,6.0,Milwaukee Bucks
0022200323,2022-11-30,22022,SAC vs. IND,W,137,58.0,28,8.0,5,18,0.505,0.862,0.372,23.0,Sacramento Kings
0022200317,2022-11-30,22022,MIN vs. MEM,W,109,29.0,26,13.0,11,12,0.461,0.789,0.308,8.0,Minnesota Timberwolves
0022200324,2022-11-30,22022,POR @ LAL,L,109,45.0,21,4.0,5,10,0.467,0.81,0.333,-19.0,Portland Trail Blazers
0022200324,2022-11-30,22022,LAL vs. POR,W,128,48.0,28,5.0,6,7,0.495,0.692,0.378,19.0,Los Angeles Lakers
0022200318,2022-11-30,22022,NOP vs. TOR,W,126,52.0,28,10.0,4,20,0.523,0.846,0.424,18.0,New Orleans Pelicans
0022200314,2022-11-30,22022,MIA @ BOS,L,121,32.0,25,8.0,3,15,0.522,1.0,0.45,-13.0,Miami Heat
0022200315,2022-11-30,22022,BKN vs. WAS,W,113,35.0,22,8.0,7,9,0.464,0.923,0.423,6.0,Brooklyn Nets
0022200312,2022-11-30,22022,PHI @ CLE,L,85,30.0,19,7.0,1,16,0.416,0.833,0.231,-28.0,Philadelphia 76ers
0022200325,2022-12-01,22022,DET vs. DAL,W,131,52.0,29,9.0,0,13,0.543,0.583,0.429,6.0,Detroit Pistons
0022200325,2022-12-01,22022,DAL @ DET,L,125,30.0,25,8.0,7,13,0.535,0.483,0.413,-6.0,Dallas Mavericks
0022200327,2022-12-02,22022,ATL vs. DEN,W,117,43.0,24,7.0,3,12,0.557,0.643,0.357,8.0,Atlanta Hawks
0022200326,2022-12-02,22022,WAS @ CHA,L,116,56.0,23,3.0,9,14,0.453,0.743,0.364,-1.0,Washington Wizards
0022200336,2022-12-02,22022,GSW vs. CHI,W,119,50.0,32,2.0,5,19,0.483,0.652,0.4,8.0,Golden State Warriors
0022200330,2022-12-02,22022,ORL @ CLE,L,96,40.0,19,6.0,4,17,0.494,0.667,0.348,-11.0,Orlando Magic
0022200327,2022-12-02,22022,DEN @ ATL,L,109,33.0,31,8.0,0,15,0.529,0.538,0.375,-8.0,Denver Nuggets
0022200335,2022-12-02,22022,IND @ UTA,L,119,35.0,25,12.0,5,18,0.435,0.818,0.353,-20.0,Indiana Pacers
0022200333,2022-12-02,22022,NOP @ SAS,W,117,53.0,25,9.0,5,9,0.435,0.962,0.286,18.0,New Orleans Pelicans
0022200326,2022-12-02,22022,CHA vs. WAS,W,117,45.0,25,6.0,3,4,0.421,0.806,0.414,1.0,Charlotte Hornets
0022200328,2022-12-02,22022,BOS vs. MIA,L,116,48.0,26,6.0,2,20,0.46,0.75,0.333,-4.0,Boston Celtics
0022200329,2022-12-02,22022,TOR @ BKN,L,105,43.0,16,7.0,2,13,0.437,0.733,0.292,-9.0,Toronto Raptors
0022200332,2022-12-02,22022,MEM vs. PHI,W,117,57.0,22,8.0,11,12,0.433,0.786,0.367,8.0,Memphis Grizzlies
0022200328,2022-12-02,22022,MIA @ BOS,W,120,50.0,19,11.0,3,16,0.475,0.722,0.314,4.0,Miami Heat
0022200336,2022-12-02,22022,CHI @ GSW,L,111,44.0,28,7.0,1,12,0.462,0.667,0.333,-8.0,Chicago Bulls
0022200331,2022-12-02,22022,MIL vs. LAL,L,129,42.0,29,2.0,5,9,0.532,0.8,0.395,-4.0,Milwaukee Bucks
0022200330,2022-12-02,22022,CLE vs. ORL,W,107,33.0,22,7.0,5,12,0.488,1.0,0.381,11.0,Cleveland Cavaliers
0022200334,2022-12-02,22022,HOU @ PHX,W,122,41.0,19,12.0,2,16,0.494,0.791,0.333,1.0,Houston Rockets
0022200335,2022-12-02,22022,UTA vs. IND,W,139,47.0,29,7.0,2,24,0.554,0.865,0.441,20.0,Utah Jazz
0022200332,2022-12-02,22022,PHI @ MEM,L,109,42.0,23,7.0,5,13,0.44,0.882,0.424,-8.0,Philadelphia 76ers
0022200331,2022-12-02,22022,LAL @ MIL,W,133,44.0,32,6.0,4,4,0.542,0.75,0.423,4.0,Los Angeles Lakers
0022200333,2022-12-02,22022,SAS vs. NOP,L,99,49.0,26,4.0,4,12,0.388,0.75,0.282,-18.0,San Antonio Spurs
0022200329,2022-12-02,22022,BKN vs. TOR,W,114,41.0,27,7.0,5,18,0.537,0.682,0.344,9.0,Brooklyn Nets
0022200334,2022-12-02,22022,PHX vs. HOU,L,121,37.0,30,9.0,5,17,0.529,0.737,0.459,-1.0,Phoenix Suns
0022200338,2022-12-03,22022,LAC vs. SAC,L,96,50.0,15,4.0,3,17,0.355,0.808,0.273,-27.0,Los Angeles Clippers
0022200343,2022-12-03,22022,UTA vs. POR,L,111,44.0,20,8.0,4,13,0.452,0.786,0.361,-5.0,Utah Jazz
0022200339,2022-12-03,22022,CHA vs. MIL,L,96,44.0,15,9.0,4,14,0.391,0.885,0.208,-9.0,Charlotte Hornets
0022200338,2022-12-03,22022,SAC @ LAC,W,123,46.0,31,7.0,6,9,0.517,0.667,0.344,27.0,Sacramento Kings
0022200342,2022-12-03,22022,GSW vs. HOU,W,120,35.0,34,8.0,5,13,0.529,0.5,0.481,19.0,Golden State Warriors
0022200341,2022-12-03,22022,OKC @ MIN,W,135,42.0,26,11.0,5,21,0.516,0.8,0.423,7.0,Oklahoma City Thunder
0022200337,2022-12-03,22022,NYK vs. DAL,L,100,45.0,18,7.0,1,19,0.455,0.714,0.323,-21.0,New York Knicks
0022200342,2022-12-03,22022,HOU @ GSW,L,101,45.0,17,6.0,4,15,0.44,0.9,0.107,-19.0,Houston Rockets
0022200340,2022-12-03,22022,ORL @ TOR,L,108,29.0,23,9.0,2,15,0.487,0.808,0.393,-13.0,Orlando Magic
0022200337,2022-12-03,22022,DAL @ NYK,W,121,50.0,27,7.0,5,11,0.43,0.786,0.393,21.0,Dallas Mavericks
0022200340,2022-12-03,22022,TOR vs. ORL,W,121,43.0,31,12.0,4,16,0.56,0.72,0.31,13.0,Toronto Raptors
0022200339,2022-12-03,22022,MIL @ CHA,W,105,47.0,24,5.0,8,21,0.47,0.789,0.375,9.0,Milwaukee Bucks
0022200343,2022-12-03,22022,POR @ UTA,W,116,49.0,19,5.0,6,13,0.482,0.774,0.4,5.0,Portland Trail Blazers
0022200341,2022-12-03,22022,MIN vs. OKC,L,128,44.0,25,13.0,10,23,0.528,0.8,0.333,-7.0,Minnesota Timberwolves
0022200347,2022-12-04,22022,DET vs. MEM,L,112,39.0,26,7.0,7,14,0.44,0.833,0.371,-10.0,Detroit Pistons
0022200349,2022-12-04,22022,LAL @ WAS,W,130,51.0,34,5.0,5,15,0.542,0.727,0.385,11.0,Los Angeles Lakers
0022200350,2022-12-04,22022,CHI @ SAC,L,101,39.0,17,9.0,5,16,0.442,0.842,0.36,-9.0,Chicago Bulls
0022200351,2022-12-04,22022,POR vs. IND,W,116,45.0,32,10.0,3,15,0.488,0.682,0.425,16.0,Portland Trail Blazers
0022200348,2022-12-04,22022,NYK vs. CLE,W,92,54.0,17,6.0,3,20,0.407,0.81,0.172,11.0,New York Knicks
0022200345,2022-12-04,22022,PHX @ SAS,W,133,45.0,38,5.0,0,11,0.521,0.8,0.514,38.0,Phoenix Suns
0022200344,2022-12-04,22022,DEN @ NOP,L,106,43.0,24,5.0,5,19,0.506,0.667,0.258,-15.0,Denver Nuggets
0022200350,2022-12-04,22022,SAC vs. CHI,W,110,46.0,30,10.0,2,18,0.465,0.895,0.302,9.0,Sacramento Kings
0022200349,2022-12-04,22022,WAS vs. LAL,L,119,44.0,24,10.0,8,10,0.467,0.733,0.256,-11.0,Washington Wizards
0022200347,2022-12-04,22022,MEM @ DET,W,122,46.0,28,9.0,5,13,0.467,0.724,0.429,10.0,Memphis Grizzlies
0022200348,2022-12-04,22022,CLE @ NYK,L,81,39.0,17,7.0,6,17,0.349,0.75,0.229,-11.0,Cleveland Cavaliers
0022200345,2022-12-04,22022,SAS vs. PHX,L,95,40.0,19,5.0,3,19,0.437,0.722,0.194,-38.0,San Antonio Spurs
0022200351,2022-12-04,22022,IND @ POR,L,100,44.0,22,10.0,5,15,0.44,0.833,0.303,-16.2,Indiana Pacers
0022200344,2022-12-04,22022,NOP vs. DEN,W,121,36.0,29,10.0,5,10,0.506,0.778,0.423,15.0,New Orleans Pelicans
0022200346,2022-12-04,22022,BOS @ BKN,W,103,48.0,18,11.0,9,15,0.432,0.9,0.395,11.0,Boston Celtics
0022200346,2022-12-04,22022,BKN vs. BOS,L,92,45.0,17,6.0,7,14,0.405,0.682,0.346,-11.0,Brooklyn Nets
0022200359,2022-12-05,22022,GSW vs. IND,L,104,47.0,26,6.0,6,12,0.404,0.789,0.295,-8.0,Golden State Warriors
0022200355,2022-12-05,22022,BOS @ TOR,W,116,49.0,27,6.0,3,11,0.489,0.714,0.361,6.0,Boston Celtics
0022200357,2022-12-05,22022,MIA @ MEM,L,93,45.0,23,7.0,3,16,0.392,0.773,0.35,-8.0,Miami Heat
0022200356,2022-12-05,22022,PHI @ HOU,L,123,39.0,23,10.0,6,19,0.448,0.778,0.472,-9.0,Philadelphia 76ers
0022200353,2022-12-05,22022,ORL vs. MIL,L,102,52.0,21,8.0,2,13,0.366,0.897,0.25,-7.0,Orlando Magic
0022200359,2022-12-05,22022,IND @ GSW,W,112,47.0,26,3.0,8,11,0.478,0.611,0.385,8.0,Indiana Pacers
0022200352,2022-12-05,22022,CHA vs. LAC,L,117,49.0,29,8.0,4,10,0.48,0.647,0.353,-2.0,Charlotte Hornets
0022200354,2022-12-05,22022,OKC @ ATL,W,121,49.0,25,8.0,4,16,0.453,0.958,0.353,7.0,Oklahoma City Thunder
0022200354,2022-12-05,22022,ATL vs. OKC,L,114,54.0,24,7.0,4,18,0.431,0.765,0.342,-7.0,Atlanta Hawks
0022200358,2022-12-05,22022,DAL vs. PHX,W,130,41.0,23,7.0,6,12,0.524,0.846,0.488,19.0,Dallas Mavericks
0022200353,2022-12-05,22022,MIL @ ORL,W,109,45.0,31,9.0,4,17,0.447,0.769,0.325,7.0,Milwaukee Bucks
0022200358,2022-12-05,22022,PHX @ DAL,L,111,41.0,28,5.0,5,11,0.44,0.692,0.351,-19.0,Phoenix Suns
0022200356,2022-12-05,22022,HOU vs. PHI,W,132,51.0,19,9.0,3,19,0.447,0.773,0.359,9.0,Houston Rockets
0022200352,2022-12-05,22022,LAC @ CHA,W,119,47.0,30,4.0,5,12,0.484,0.667,0.417,2.0,Los Angeles Clippers
0022200357,2022-12-05,22022,MEM vs. MIA,W,101,41.0,23,10.0,5,11,0.467,1.0,0.25,8.0,Memphis Grizzlies
0022200355,2022-12-05,22022,TOR vs. BOS,L,110,46.0,19,6.0,5,13,0.459,0.733,0.357,-6.0,Toronto Raptors
0022200362,2022-12-06,22022,DEN vs. DAL,L,115,36.0,30,8.0,4,17,0.513,0.786,0.406,-1.0,Denver Nuggets
0022200360,2022-12-06,22022,CLE vs. LAL,W,116,44.0,25,11.0,3,7,0.516,0.765,0.259,14.0,Cleveland Cavaliers
0022200360,2022-12-06,22022,LAL @ CLE,L,102,43.0,16,4.0,6,16,0.427,0.833,0.167,-14.0,Los Angeles Lakers
0022200362,2022-12-06,22022,DAL @ DEN,W,116,35.0,27,10.0,4,15,0.5,0.871,0.472,1.0,Dallas Mavericks
0022200361,2022-12-06,22022,DET @ MIA,W,116,40.0,27,8.0,1,12,0.494,0.733,0.463,20.0,Detroit Pistons
0022200361,2022-12-06,22022,MIA vs. DET,L,96,40.0,21,7.0,2,15,0.429,0.769,0.313,-20.0,Miami Heat
0022200370,2022-12-07,22022,IND @ MIN,L,115,31.0,22,10.0,4,19,0.481,0.75,0.452,-6.0,Indiana Pacers
0022200363,2022-12-07,22022,LAC @ ORL,L,111,53.0,26,3.0,9,15,0.411,0.692,0.366,-5.0,Los Angeles Clippers
0022200371,2022-12-07,22022,NOP vs. DET,W,104,50.0,21,8.0,9,18,0.459,0.783,0.296,6.0,New Orleans Pelicans
0022200373,2022-12-07,22022,BOS @ PHX,W,125,53.0,29,14.0,3,12,0.485,0.846,0.356,27.0,Boston Celtics
0022200368,2022-12-07,22022,MEM vs. OKC,W,123,50.0,32,13.0,9,14,0.511,0.813,0.368,21.0,Memphis Grizzlies
0022200363,2022-12-07,22022,ORL vs. LAC,W,116,53.0,20,8.0,5,12,0.421,0.903,0.286,5.0,Orlando Magic
0022200373,2022-12-07,22022,PHX vs. BOS,L,98,49.0,19,5.0,4,18,0.398,0.842,0.25,-27.0,Phoenix Suns
0022200364,2022-12-07,22022,BKN vs. CHA,W,122,39.0,33,3.0,8,10,0.57,0.75,0.387,6.0,Brooklyn Nets
0022200369,2022-12-07,22022,SAC @ MIL,L,113,40.0,19,2.0,4,8,0.473,0.938,0.316,-13.0,Sacramento Kings
0022200370,2022-12-07,22022,MIN vs. IND,W,121,51.0,25,15.0,2,21,0.473,0.926,0.348,6.0,Minnesota Timberwolves
0022200372,2022-12-07,22022,UTA vs. GSW,W,124,40.0,26,6.0,7,17,0.535,0.81,0.429,1.0,Utah Jazz
0022200367,2022-12-07,22022,WAS @ CHI,L,111,38.0,22,12.0,6,18,0.488,0.69,0.29,-4.0,Washington Wizards
0022200364,2022-12-07,22022,CHA @ BKN,L,116,40.0,25,4.0,3,11,0.534,0.522,0.417,-6.0,Charlotte Hornets
0022200367,2022-12-07,22022,CHI vs. WAS,W,115,41.0,29,11.0,4,19,0.5,0.882,0.435,4.0,Chicago Bulls
0022200368,2022-12-07,22022,OKC @ MEM,L,102,48.0,25,9.0,3,18,0.37,0.87,0.368,-21.0,Oklahoma City Thunder
0022200369,2022-12-07,22022,MIL vs. SAC,W,126,50.0,34,3.0,2,7,0.479,0.833,0.424,13.0,Milwaukee Bucks
0022200366,2022-12-07,22022,TOR vs. LAL,W,126,54.0,25,10.0,5,11,0.443,0.833,0.279,13.0,Toronto Raptors
0022200365,2022-12-07,22022,ATL @ NYK,L,89,39.0,16,4.0,6,11,0.376,0.792,0.167,-24.0,Atlanta Hawks
0022200366,2022-12-07,22022,LAL @ TOR,L,113,46.0,16,6.0,3,15,0.425,0.914,0.212,-13.0,Los Angeles Lakers
0022200372,2022-12-07,22022,GSW @ UTA,L,123,42.0,26,8.0,5,14,0.459,0.76,0.333,-1.0,Golden State Warriors
0022200365,2022-12-07,22022,NYK vs. ATL,W,113,55.0,26,6.0,2,14,0.446,0.917,0.472,24.0,New York Knicks
0022200371,2022-12-07,22022,DET @ NOP,L,98,42.0,17,5.0,1,12,0.389,0.813,0.357,-6.0,Detroit Pistons
0022200374,2022-12-08,22022,MIA vs. LAC,W,115,43.0,24,11.0,1,8,0.511,0.786,0.375,5.0,Miami Heat
0022200376,2022-12-08,22022,POR vs. DEN,L,120,38.0,30,10.0,3,12,0.484,1.0,0.4,-1.0,Portland Trail Blazers
0022200374,2022-12-08,22022,LAC @ MIA,L,110,43.0,24,3.0,3,16,0.463,0.905,0.472,-5.0,Los Angeles Clippers
0022200375,2022-12-08,22022,HOU @ SAS,L,109,42.0,23,3.0,4,14,0.449,0.733,0.345,-9.0,Houston Rockets
0022200376,2022-12-08,22022,DEN @ POR,W,121,48.0,28,6.0,5,16,0.516,0.682,0.4,1.0,Denver Nuggets
0022200375,2022-12-08,22022,SAS vs. HOU,W,118,38.0,25,5.0,7,16,0.554,0.867,0.361,9.0,San Antonio Spurs
0022200382,2022-12-09,22022,LAL @ PHI,L,122,37.0,29,12.0,4,19,0.5,0.767,0.355,-11.0,Los Angeles Lakers
0022200379,2022-12-09,22022,TOR @ ORL,L,109,33.0,23,10.0,5,7,0.424,0.818,0.286,-4.0,Toronto Raptors
0022200383,2022-12-09,22022,DET @ MEM,L,103,47.0,23,6.0,7,19,0.4,0.741,0.314,-11.0,Detroit Pistons
0022200381,2022-12-09,22022,SAC @ CLE,W,106,38.0,21,11.0,5,17,0.53,0.625,0.485,11.0,Sacramento Kings
0022200385,2022-12-09,22022,MIN @ UTA,W,118,44.0,30,7.0,3,17,0.532,0.769,0.4,10.0,Minnesota Timberwolves
0022200384,2022-12-09,22022,PHX @ NOP,L,117,37.0,30,6.0,3,16,0.5,0.692,0.5,-11.0,Phoenix Suns
0022200377,2022-12-09,22022,CHA vs. NYK,L,102,45.0,16,8.0,6,12,0.44,0.786,0.231,-19.0,Charlotte Hornets
0022200386,2022-12-09,22022,MIL @ DAL,W,106,51.0,27,5.0,4,15,0.437,0.826,0.344,1.0,Milwaukee Bucks
0022200386,2022-12-09,22022,DAL vs. MIL,L,105,43.0,21,8.0,6,10,0.466,0.417,0.325,-1.0,Dallas Mavericks
0022200380,2022-12-09,22022,ATL @ BKN,L,116,38.0,21,12.0,4,18,0.495,0.875,0.345,-4.0,Atlanta Hawks
0022200377,2022-12-09,22022,NYK @ CHA,W,121,48.0,25,6.0,7,11,0.441,0.867,0.382,19.0,New York Knicks
0022200381,2022-12-09,22022,CLE vs. SAC,L,95,36.0,20,7.0,4,19,0.43,0.773,0.333,-11.0,Cleveland Cavaliers
0022200378,2022-12-09,22022,WAS @ IND,L,111,38.0,25,6.0,3,14,0.532,0.76,0.345,-10.0,Washington Wizards
0022200378,2022-12-09,22022,IND vs. WAS,W,121,40.0,23,7.0,2,11,0.506,0.85,0.439,10.0,Indiana Pacers
0022200384,2022-12-09,22022,NOP vs. PHX,W,128,44.0,27,10.0,1,11,0.511,0.8,0.296,11.0,New Orleans Pelicans
0022200383,2022-12-09,22022,MEM vs. DET,W,114,48.0,30,11.0,8,14,0.484,0.531,0.281,11.0,Memphis Grizzlies
0022200385,2022-12-09,22022,UTA vs. MIN,L,108,40.0,22,9.0,0,11,0.433,0.708,0.295,-10.0,Utah Jazz
0022200379,2022-12-09,22022,ORL vs. TOR,W,113,43.0,24,3.0,4,18,0.592,0.905,0.385,4.0,Orlando Magic
0022200382,2022-12-09,22022,PHI vs. LAL,W,133,42.0,30,14.0,2,21,0.533,0.864,0.45,11.0,Philadelphia 76ers
0022200380,2022-12-09,22022,BKN vs. ATL,W,120,38.0,30,10.0,5,21,0.542,0.81,0.433,4.0,Brooklyn Nets
0022200392,2022-12-10,22022,BOS @ GSW,L,107,39.0,17,8.0,6,10,0.437,0.731,0.3,-16.0,Boston Celtics
0022200390,2022-12-10,22022,CLE vs. OKC,W,110,48.0,25,6.0,4,11,0.471,0.692,0.375,8.0,Cleveland Cavaliers
0022200394,2022-12-10,22022,MIN @ POR,L,118,28.0,22,11.0,4,13,0.542,0.75,0.435,-6.0,Minnesota Timberwolves
0022200392,2022-12-10,22022,GSW vs. BOS,W,123,53.0,26,3.0,6,13,0.511,0.8,0.333,16.0,Golden State Warriors
0022200389,2022-12-10,22022,LAC @ WAS,W,114,42.0,22,9.0,7,10,0.426,0.938,0.396,7.0,Los Angeles Clippers
0022200391,2022-12-10,22022,CHI vs. DAL,W,144,44.0,33,8.0,5,8,0.635,0.708,0.559,29.0,Chicago Bulls
0022200393,2022-12-10,22022,DEN vs. UTA,W,115,39.0,28,5.0,8,8,0.547,0.813,0.308,5.0,Denver Nuggets
0022200390,2022-12-10,22022,OKC @ CLE,L,102,40.0,25,8.0,6,10,0.458,0.8,0.345,-8.0,Oklahoma City Thunder
0022200393,2022-12-10,22022,UTA @ DEN,L,110,42.0,20,5.0,6,13,0.459,0.81,0.366,-5.0,Utah Jazz
0022200394,2022-12-10,22022,POR vs. MIN,W,124,45.0,20,5.0,4,16,0.518,0.893,0.382,6.0,Portland Trail Blazers
0022200389,2022-12-10,22022,WAS vs. LAC,L,107,50.0,24,8.0,3,14,0.435,0.895,0.471,-7.0,Washington Wizards
0022200387,2022-12-10,22022,SAS @ MIA,W,115,46.0,24,8.0,4,18,0.538,0.774,0.333,4.0,San Antonio Spurs
0022200391,2022-12-10,22022,DAL @ CHI,L,115,37.0,24,5.0,4,8,0.456,0.846,0.25,-29.0,Dallas Mavericks
0022200387,2022-12-10,22022,MIA vs. SAS,L,111,32.0,26,5.0,3,10,0.481,0.714,0.382,-4.0,Miami Heat
0022200388,2022-12-10,22022,IND vs. BKN,L,133,30.0,30,10.0,3,18,0.553,0.75,0.477,-3.0,Indiana Pacers
0022200388,2022-12-10,22022,BKN @ IND,W,136,59.0,19,7.0,3,18,0.52,0.719,0.321,3.0,Brooklyn Nets
0022200395,2022-12-11,22022,NOP vs. PHX,W,129,43.0,31,10.0,3,15,0.581,0.75,0.32,5.0,New Orleans Pelicans
0022200397,2022-12-11,22022,NYK vs. SAC,W,112,55.0,19,8.0,4,14,0.449,0.889,0.229,13.0,New York Knicks
0022200401,2022-12-11,22022,MIL @ HOU,L,92,52.0,18,5.0,6,15,0.367,0.778,0.279,-5.0,Milwaukee Bucks
0022200398,2022-12-11,22022,TOR @ ORL,L,99,28.0,18,9.0,7,9,0.4,0.868,0.24,-12.0,Toronto Raptors
0022200396,2022-12-11,22022,DET vs. LAL,L,117,40.0,28,9.0,3,12,0.462,0.824,0.378,-7.0,Detroit Pistons
0022200395,2022-12-11,22022,PHX @ NOP,L,124,42.0,34,7.0,5,14,0.467,0.765,0.342,-5.0,Phoenix Suns
0022200400,2022-12-11,22022,ATL vs. CHI,W,123,45.0,28,3.0,6,14,0.48,0.762,0.333,1.0,Atlanta Hawks
0022200396,2022-12-11,22022,LAL @ DET,W,124,42.0,31,8.0,4,11,0.548,0.778,0.423,7.0,Los Angeles Lakers
0022200398,2022-12-11,22022,ORL vs. TOR,W,111,42.0,25,3.0,7,14,0.468,0.806,0.452,12.0,Orlando Magic
0022200401,2022-12-11,22022,HOU vs. MIL,W,97,49.0,23,11.0,8,12,0.44,0.917,0.222,5.0,Houston Rockets
0022200399,2022-12-11,22022,PHI vs. CHA,W,131,41.0,31,6.0,6,15,0.554,0.813,0.481,18.0,Philadelphia 76ers
0022200400,2022-12-11,22022,CHI @ ATL,L,122,53.0,28,11.0,6,18,0.48,0.826,0.259,-1.0,Chicago Bulls
0022200399,2022-12-11,22022,CHA @ PHI,L,113,45.0,21,12.0,3,15,0.409,0.867,0.367,-18.0,Charlotte Hornets
0022200397,2022-12-11,22022,SAC @ NYK,L,99,41.0,20,7.0,0,16,0.398,0.657,0.256,-13.0,Sacramento Kings
0022200402,2022-12-12,22022,IND vs. MIA,L,82,45.0,16,7.0,11,15,0.354,0.75,0.282,-5.0,Indiana Pacers
0022200406,2022-12-12,22022,CLE @ SAS,L,111,44.0,21,7.0,7,15,0.489,0.941,0.217,-1.0,Cleveland Cavaliers
0022200406,2022-12-12,22022,SAS vs. CLE,W,112,46.0,25,6.0,2,12,0.474,0.688,0.333,1.0,San Antonio Spurs
0022200403,2022-12-12,22022,BKN @ WAS,W,112,41.0,25,8.0,7,11,0.494,0.889,0.296,12.0,Brooklyn Nets
0022200407,2022-12-12,22022,MIN @ POR,L,112,37.0,25,12.0,2,10,0.495,0.526,0.37,-21.0,Minnesota Timberwolves
0022200402,2022-12-12,22022,MIA @ IND,W,87,48.0,23,7.0,2,13,0.386,0.778,0.265,5.0,Miami Heat
0022200404,2022-12-12,22022,ATL @ MEM,L,103,39.0,20,13.0,1,15,0.356,0.773,0.324,-25.0,Atlanta Hawks
0022200407,2022-12-12,22022,POR vs. MIN,W,133,54.0,32,4.0,4,18,0.539,0.762,0.457,21.0,Portland Trail Blazers
0022200408,2022-12-12,22022,BOS @ LAC,L,93,36.0,27,5.0,6,15,0.434,0.692,0.231,-20.0,Boston Celtics
0022200405,2022-12-12,22022,DAL vs. OKC,W,121,50.0,24,4.0,3,14,0.419,0.84,0.407,7.0,Dallas Mavericks
0022200404,2022-12-12,22022,MEM vs. ATL,W,128,49.0,36,8.0,12,22,0.602,0.833,0.406,25.0,Memphis Grizzlies
0022200403,2022-12-12,22022,WAS vs. BKN,L,100,44.0,21,6.0,2,19,0.468,0.682,0.355,-12.0,Washington Wizards
0022200408,2022-12-12,22022,LAC vs. BOS,W,113,46.0,18,10.0,2,9,0.489,0.714,0.4,20.0,Los Angeles Clippers
0022200405,2022-12-12,22022,OKC @ DAL,L,114,42.0,21,4.0,1,13,0.477,0.952,0.323,-7.0,Oklahoma City Thunder
0022200412,2022-12-13,22022,NOP @ UTA,L,100,43.0,25,12.0,3,17,0.398,0.667,0.148,-21.0,New Orleans Pelicans
0022200413,2022-12-13,22022,LAL vs. BOS,L,118,49.0,23,7.0,9,11,0.473,0.733,0.276,-4.0,Los Angeles Lakers
0022200410,2022-12-13,22022,GSW @ MIL,L,111,37.0,25,7.0,2,18,0.4,0.789,0.4,-17.0,Golden State Warriors
0022200412,2022-12-13,22022,UTA vs. NOP,W,121,59.0,31,4.0,10,19,0.476,0.667,0.319,21.0,Utah Jazz
0022200413,2022-12-13,22022,BOS @ LAL,W,122,51.0,27,6.0,2,14,0.442,0.688,0.396,4.0,Boston Celtics
0022200410,2022-12-13,22022,MIL vs. GSW,W,128,55.0,22,8.0,5,21,0.549,0.813,0.414,17.0,Milwaukee Bucks
0022200411,2022-12-13,22022,HOU vs. PHX,W,111,67.0,16,6.0,9,22,0.42,0.912,0.343,14.0,Houston Rockets
0022200411,2022-12-13,22022,PHX @ HOU,L,97,44.0,22,13.0,7,9,0.32,0.947,0.255,-14.0,Phoenix Suns
0022200409,2022-12-13,22022,SAC @ PHI,L,103,48.0,21,5.0,4,17,0.413,0.85,0.238,-20.0,Sacramento Kings
0022200409,2022-12-13,22022,PHI vs. SAC,W,123,42.0,34,10.0,4,11,0.512,0.778,0.457,20.0,Philadelphia 76ers
0022200423,2022-12-14,22022,LAC vs. MIN,W,99,52.0,21,8.0,2,14,0.382,0.81,0.304,11.0,Los Angeles Clippers
0022200419,2022-12-14,22022,MIA @ OKC,W,110,39.0,25,9.0,1,14,0.43,0.8,0.429,2.0,Miami Heat
0022200416,2022-12-14,22022,ATL @ ORL,L,124,39.0,30,2.0,6,13,0.5,0.889,0.343,-11.0,Atlanta Hawks
0022200421,2022-12-14,22022,CLE @ DAL,W,105,43.0,26,5.0,2,6,0.526,0.789,0.333,15.0,Cleveland Cavaliers
0022200422,2022-12-14,22022,WAS @ DEN,L,128,24.0,40,10.0,5,13,0.527,0.565,0.487,-13.0,Washington Wizards
0022200415,2022-12-14,22022,IND vs. GSW,W,125,34.0,30,10.0,8,17,0.506,0.84,0.41,6.0,Indiana Pacers
0022200421,2022-12-14,22022,DAL vs. CLE,L,90,33.0,17,2.0,3,12,0.392,0.731,0.342,-15.0,Dallas Mavericks
0022200418,2022-12-14,22022,NYK @ CHI,W,128,48.0,25,7.0,5,15,0.495,0.8,0.529,8.0,New York Knicks
0022200420,2022-12-14,22022,SAS vs. POR,L,112,40.0,23,9.0,3,11,0.464,0.579,0.379,-16.0,San Antonio Spurs
0022200419,2022-12-14,22022,OKC vs. MIA,L,108,44.0,26,7.0,4,14,0.5,0.739,0.375,-2.0,Oklahoma City Thunder
0022200417,2022-12-14,22022,TOR vs. SAC,L,123,39.0,25,8.0,7,7,0.5,0.852,0.286,-1.0,Toronto Raptors
0022200423,2022-12-14,22022,MIN @ LAC,L,88,43.0,15,9.0,4,17,0.419,0.733,0.182,-11.0,Minnesota Timberwolves
0022200415,2022-12-14,22022,GSW @ IND,L,119,46.0,27,5.0,4,23,0.465,0.862,0.424,-6.0,Golden State Warriors
0022200414,2022-12-14,22022,CHA vs. DET,L,134,52.0,21,7.0,6,5,0.412,0.793,0.333,-7.0,Charlotte Hornets
0022200417,2022-12-14,22022,SAC @ TOR,W,124,50.0,29,3.0,3,15,0.484,0.85,0.37,1.0,Sacramento Kings
0022200418,2022-12-14,22022,CHI vs. NYK,L,120,31.0,25,6.0,7,12,0.548,0.864,0.321,-8.0,Chicago Bulls
0022200422,2022-12-14,22022,DEN vs. WAS,W,141,45.0,31,8.0,7,18,0.651,0.829,0.25,13.0,Denver Nuggets
0022200416,2022-12-14,22022,ORL vs. ATL,W,135,46.0,28,10.0,6,11,0.505,0.833,0.444,11.0,Orlando Magic
0022200414,2022-12-14,22022,DET @ CHA,W,141,52.0,25,0.0,8,15,0.516,0.75,0.45,7.0,Detroit Pistons
0022200420,2022-12-14,22022,POR @ SAS,W,128,40.0,26,5.0,3,17,0.605,0.706,0.45,16.0,Portland Trail Blazers
0022200427,2022-12-15,22022,LAC vs. PHX,L,95,52.0,21,4.0,3,16,0.378,0.714,0.364,-16.0,Los Angeles Clippers
0022200426,2022-12-15,22022,NOP @ UTA,L,129,49.0,24,8.0,6,16,0.475,0.821,0.4,-3.0,New Orleans Pelicans
0022200425,2022-12-15,22022,MEM vs. MIL,W,142,56.0,30,5.0,7,7,0.549,0.783,0.375,41.0,Memphis Grizzlies
0022200424,2022-12-15,22022,HOU vs. MIA,L,108,51.0,22,10.0,4,14,0.468,0.647,0.273,-3.0,Houston Rockets
0022200424,2022-12-15,22022,MIA @ HOU,W,111,40.0,21,10.0,6,14,0.443,0.739,0.34,3.0,Miami Heat
0022200425,2022-12-15,22022,MIL @ MEM,L,101,39.0,22,5.0,1,9,0.372,0.667,0.26,-41.0,Milwaukee Bucks
0022200426,2022-12-15,22022,UTA vs. NOP,W,132,44.0,24,8.0,6,16,0.457,0.811,0.383,3.0,Utah Jazz
0022200427,2022-12-15,22022,PHX @ LAC,W,111,53.0,27,8.0,8,8,0.463,0.778,0.281,16.0,Phoenix Suns
0022200436,2022-12-16,22022,POR @ DAL,L,110,42.0,21,4.0,2,12,0.438,0.76,0.351,-20.0,Portland Trail Blazers
0022200429,2022-12-16,22022,DET vs. SAC,L,113,46.0,22,7.0,1,16,0.459,0.806,0.345,-9.0,Detroit Pistons
0022200436,2022-12-16,22022,DAL vs. POR,W,130,40.0,25,4.0,5,12,0.556,0.846,0.419,20.0,Dallas Mavericks
0022200437,2022-12-16,22022,LAL vs. DEN,W,126,45.0,29,11.0,4,14,0.527,0.75,0.364,18.0,Los Angeles Lakers
0022200435,2022-12-16,22022,OKC vs. MIN,L,110,45.0,29,7.0,4,22,0.466,0.81,0.297,-2.0,Oklahoma City Thunder
0022200434,2022-12-16,22022,CHI vs. NYK,L,91,39.0,26,3.0,2,20,0.468,0.875,0.4,-23.0,Chicago Bulls
0022200434,2022-12-16,22022,NYK @ CHI,W,114,50.0,19,13.0,2,10,0.402,0.719,0.386,23.0,New York Knicks
0022200428,2022-12-16,22022,ATL @ CHA,W,125,41.0,25,3.0,5,12,0.547,0.824,0.517,19.0,Atlanta Hawks
0022200431,2022-12-16,22022,IND @ CLE,L,112,33.0,34,6.0,4,10,0.525,0.895,0.306,-6.0,Indiana Pacers
0022200433,2022-12-16,22022,BKN @ TOR,W,119,37.0,22,5.0,6,14,0.605,0.783,0.346,3.0,Brooklyn Nets
0022200432,2022-12-16,22022,PHI vs. GSW,W,118,49.0,23,11.0,5,15,0.459,0.806,0.395,12.0,Philadelphia 76ers
0022200428,2022-12-16,22022,CHA vs. ATL,L,106,43.0,26,8.0,5,12,0.398,0.684,0.349,-19.0,Charlotte Hornets
0022200437,2022-12-16,22022,DEN @ LAL,L,108,39.0,25,7.0,4,19,0.481,0.75,0.333,-18.0,Denver Nuggets
0022200430,2022-12-16,22022,BOS vs. ORL,L,109,38.0,17,9.0,12,14,0.417,0.824,0.239,-8.0,Boston Celtics
0022200431,2022-12-16,22022,CLE vs. IND,W,118,34.0,23,6.0,2,8,0.5,0.875,0.452,6.0,Cleveland Cavaliers
0022200433,2022-12-16,22022,TOR vs. BKN,L,116,32.0,17,5.0,1,8,0.488,0.862,0.375,-3.0,Toronto Raptors
0022200435,2022-12-16,22022,MIN @ OKC,W,112,43.0,23,16.0,6,16,0.494,0.56,0.48,2.0,Minnesota Timberwolves
0022200429,2022-12-16,22022,SAC @ DET,W,122,33.0,30,8.0,1,13,0.524,0.828,0.387,9.0,Sacramento Kings
0022200430,2022-12-16,22022,ORL @ BOS,W,117,53.0,19,7.0,1,17,0.462,0.857,0.273,8.0,Orlando Magic
0022200432,2022-12-16,22022,GSW @ PHI,L,106,48.0,31,8.0,6,17,0.415,0.846,0.395,-12.0,Golden State Warriors
0022200444,2022-12-17,22022,PHX vs. NOP,W,118,35.0,23,6.0,3,8,0.47,0.714,0.366,4.0,Phoenix Suns
0022200438,2022-12-17,22022,LAC vs. WAS,W,102,49.0,19,6.0,5,14,0.43,0.615,0.414,9.0,Los Angeles Clippers
0022200444,2022-12-17,22022,NOP @ PHX,L,114,36.0,27,2.0,5,16,0.584,0.769,0.467,-4.0,New Orleans Pelicans
0022200441,2022-12-17,22022,HOU vs. POR,L,95,51.0,19,7.0,6,15,0.4,0.69,0.103,-12.0,Houston Rockets
0022200439,2022-12-17,22022,MIA @ SAS,W,111,40.0,25,14.0,3,12,0.512,0.696,0.367,10.0,Miami Heat
0022200443,2022-12-17,22022,OKC vs. MEM,W,115,53.0,29,7.0,0,9,0.413,0.645,0.422,6.0,Oklahoma City Thunder
0022200439,2022-12-17,22022,SAS vs. MIA,L,101,38.0,29,8.0,3,17,0.429,0.758,0.37,-10.0,San Antonio Spurs
0022200442,2022-12-17,22022,UTA @ MIL,L,97,29.0,24,5.0,2,14,0.453,0.5,0.34,-26.0,Utah Jazz
0022200441,2022-12-17,22022,POR @ HOU,W,107,36.0,20,8.0,4,12,0.471,0.737,0.361,12.0,Portland Trail Blazers
0022200440,2022-12-17,22022,DAL @ CLE,L,99,45.0,19,5.0,6,11,0.409,0.632,0.306,-1.0,Dallas Mavericks
0022200438,2022-12-17,22022,WAS @ LAC,L,93,42.0,20,10.0,2,14,0.429,0.923,0.36,-9.0,Washington Wizards
0022200443,2022-12-17,22022,MEM @ OKC,L,109,53.0,15,5.0,5,9,0.378,0.784,0.267,-6.0,Memphis Grizzlies
0022200440,2022-12-17,22022,CLE vs. DAL,W,100,51.0,23,6.0,5,10,0.426,0.591,0.194,1.0,Cleveland Cavaliers
0022200442,2022-12-17,22022,MIL vs. UTA,W,123,54.0,30,5.0,3,14,0.533,0.818,0.474,26.0,Milwaukee Bucks
0022200448,2022-12-18,22022,GSW @ TOR,W,126,41.0,31,6.0,2,17,0.531,0.846,0.462,16.0,Golden State Warriors
0022200448,2022-12-18,22022,TOR vs. GSW,L,110,43.0,21,6.0,2,12,0.421,0.773,0.394,-16.0,Toronto Raptors
0022200447,2022-12-18,22022,BKN @ DET,W,124,35.0,26,5.0,8,13,0.55,0.913,0.517,3.0,Brooklyn Nets
0022200450,2022-12-18,22022,DEN vs. CHA,W,119,55.0,33,6.0,3,14,0.457,0.647,0.333,4.0,Denver Nuggets
0022200449,2022-12-18,22022,MIN vs. CHI,W,150,39.0,38,5.0,5,12,0.655,0.813,0.535,24.0,Minnesota Timberwolves
0022200445,2022-12-18,22022,BOS vs. ORL,L,92,54.0,22,7.0,7,16,0.348,0.857,0.255,-3.0,Boston Celtics
0022200450,2022-12-18,22022,CHA @ DEN,L,115,48.0,26,7.0,7,11,0.427,0.913,0.316,-4.0,Charlotte Hornets
0022200445,2022-12-18,22022,ORL @ BOS,W,95,46.0,20,9.0,3,13,0.384,0.895,0.414,3.0,Orlando Magic
0022200449,2022-12-18,22022,CHI @ MIN,L,126,30.0,31,6.0,1,11,0.523,0.75,0.421,-24.0,Chicago Bulls
0022200446,2022-12-18,22022,IND vs. NYK,L,106,44.0,20,5.0,3,14,0.433,0.652,0.342,-3.0,Indiana Pacers
0022200451,2022-12-18,22022,LAL vs. WAS,W,119,43.0,29,4.0,5,9,0.5,0.727,0.407,2.0,Los Angeles Lakers
0022200451,2022-12-18,22022,WAS @ LAL,L,117,48.0,24,5.0,6,10,0.463,0.792,0.256,-2.0,Washington Wizards
0022200446,2022-12-18,22022,NYK @ IND,W,109,49.0,13,7.0,9,16,0.47,0.767,0.308,3.0,New York Knicks
0022200447,2022-12-18,22022,DET vs. BKN,L,121,41.0,20,9.0,2,8,0.477,0.853,0.267,-3.0,Detroit Pistons
0022200460,2022-12-19,22022,CHA @ SAC,W,125,56.0,26,4.0,7,14,0.516,0.739,0.323,6.0,Charlotte Hornets
0022200452,2022-12-19,22022,UTA @ CLE,L,99,35.0,19,9.0,2,14,0.387,0.739,0.294,-23.0,Utah Jazz
0022200458,2022-12-19,22022,OKC vs. POR,W,123,39.0,20,7.0,5,10,0.455,0.865,0.355,2.0,Oklahoma City Thunder
0022200453,2022-12-19,22022,TOR @ PHI,L,101,50.0,24,6.0,3,15,0.42,0.8,0.275,-3.0,Toronto Raptors
0022200455,2022-12-19,22022,HOU vs. SAS,L,105,41.0,23,13.0,3,11,0.426,0.645,0.208,-19.0,Houston Rockets
0022200459,2022-12-19,22022,LAL @ PHX,L,104,38.0,13,5.0,5,14,0.448,0.824,0.429,-26.0,Los Angeles Lakers
0022200458,2022-12-19,22022,POR @ OKC,L,121,45.0,26,5.0,2,16,0.5,0.81,0.432,-2.0,Portland Trail Blazers
0022200456,2022-12-19,22022,DAL @ MIN,L,106,42.0,23,5.0,5,15,0.408,0.806,0.422,-10.0,Dallas Mavericks
0022200452,2022-12-19,22022,CLE vs. UTA,W,122,45.0,24,5.0,4,21,0.614,0.808,0.577,23.0,Cleveland Cavaliers
0022200454,2022-12-19,22022,ATL vs. ORL,W,126,41.0,29,7.0,3,10,0.511,0.9,0.375,1.0,Atlanta Hawks
0022200455,2022-12-19,22022,SAS @ HOU,W,124,46.0,30,6.0,6,19,0.554,0.789,0.5,19.0,San Antonio Spurs
0022200460,2022-12-19,22022,SAC vs. CHA,L,119,42.0,23,8.0,2,8,0.474,0.548,0.364,-6.0,Sacramento Kings
0022200456,2022-12-19,22022,MIN vs. DAL,W,116,44.0,19,5.0,4,10,0.472,0.833,0.387,10.0,Minnesota Timberwolves
0022200459,2022-12-19,22022,PHX vs. LAL,W,130,51.0,21,10.0,5,8,0.495,0.75,0.513,26.0,Phoenix Suns
0022200457,2022-12-19,22022,NOP vs. MIL,L,119,44.0,30,9.0,0,15,0.424,0.708,0.4,-9.0,New Orleans Pelicans
0022200454,2022-12-19,22022,ORL @ ATL,L,125,45.0,29,8.0,8,8,0.474,0.92,0.353,-1.0,Orlando Magic
0022200457,2022-12-19,22022,MIL @ NOP,W,128,44.0,26,8.0,6,17,0.556,0.806,0.325,9.0,Milwaukee Bucks
0022200453,2022-12-19,22022,PHI vs. TOR,W,104,41.0,22,8.0,1,16,0.4,0.926,0.357,3.0,Philadelphia 76ers
0022200465,2022-12-20,22022,DEN vs. MEM,W,105,48.0,28,9.0,5,17,0.449,0.6,0.37,14.0,Denver Nuggets
0022200463,2022-12-20,22022,GSW @ NYK,L,94,29.0,23,3.0,2,19,0.473,0.923,0.343,-38.0,Golden State Warriors
0022200465,2022-12-20,22022,MEM @ DEN,L,91,42.0,25,11.0,7,16,0.444,0.667,0.192,-14.0,Memphis Grizzlies
0022200462,2022-12-20,22022,CHI @ MIA,W,113,39.0,24,7.0,0,16,0.548,0.833,0.419,10.0,Chicago Bulls
0022200461,2022-12-20,22022,DET vs. UTA,L,111,43.0,22,6.0,1,14,0.506,0.741,0.36,-15.0,Detroit Pistons
0022200464,2022-12-20,22022,WAS @ PHX,W,113,41.0,22,9.0,4,9,0.475,0.703,0.407,3.0,Washington Wizards
0022200462,2022-12-20,22022,MIA vs. CHI,L,103,35.0,26,9.0,0,13,0.469,0.706,0.341,-10.0,Miami Heat
0022200464,2022-12-20,22022,PHX vs. WAS,L,110,44.0,26,2.0,1,14,0.461,0.789,0.406,-3.0,Phoenix Suns
0022200461,2022-12-20,22022,UTA @ DET,W,126,43.0,27,7.0,5,12,0.505,0.632,0.435,15.0,Utah Jazz
0022200463,2022-12-20,22022,NYK vs. GSW,W,132,47.0,27,8.0,1,11,0.517,0.781,0.425,38.0,New York Knicks
0022200472,2022-12-21,22022,HOU vs. ORL,L,110,49.0,22,6.0,4,16,0.466,0.647,0.395,-6.0,Houston Rockets
0022200476,2022-12-21,22022,CHA @ LAC,L,105,40.0,25,15.0,2,14,0.402,0.759,0.29,-21.0,Charlotte Hornets
0022200470,2022-12-21,22022,BKN vs. GSW,W,143,32.0,42,10.0,4,14,0.643,0.875,0.636,30.0,Brooklyn Nets
0022200473,2022-12-21,22022,DAL @ MIN,W,104,39.0,17,6.0,3,13,0.453,0.852,0.333,5.0,Dallas Mavericks
0022200469,2022-12-21,22022,IND @ BOS,W,117,47.0,27,10.0,3,14,0.469,0.778,0.462,5.0,Indiana Pacers
0022200475,2022-12-21,22022,SAC vs. LAL,W,134,46.0,29,6.0,2,12,0.505,0.75,0.362,14.0,Sacramento Kings
0022200468,2022-12-21,22022,CHI @ ATL,W,110,47.0,20,9.0,4,11,0.5,0.773,0.292,2.0,Chicago Bulls
0022200475,2022-12-21,22022,LAL @ SAC,L,120,39.0,25,6.0,5,15,0.5,0.833,0.458,-14.0,Los Angeles Lakers
0022200474,2022-12-21,22022,OKC vs. POR,W,101,37.0,19,9.0,3,18,0.468,0.84,0.333,3.0,Oklahoma City Thunder
0022200467,2022-12-21,22022,DET @ PHI,L,93,46.0,15,6.0,1,22,0.392,0.735,0.261,-20.0,Detroit Pistons
0022200472,2022-12-21,22022,ORL @ HOU,W,116,45.0,19,11.0,6,11,0.451,0.697,0.297,6.0,Orlando Magic
0022200476,2022-12-21,22022,LAC vs. CHA,W,126,48.0,29,6.0,7,27,0.506,0.913,0.469,21.0,Los Angeles Clippers
0022200466,2022-12-21,22022,MIL @ CLE,L,106,46.0,20,7.0,5,19,0.47,0.682,0.433,-8.0,Milwaukee Bucks
0022200468,2022-12-21,22022,ATL vs. CHI,L,108,47.0,22,6.0,7,15,0.429,1.0,0.378,-2.0,Atlanta Hawks
0022200466,2022-12-21,22022,CLE vs. MIL,W,114,37.0,22,8.0,3,10,0.482,0.786,0.313,8.0,Cleveland Cavaliers
0022200474,2022-12-21,22022,POR @ OKC,L,98,36.0,29,9.0,5,18,0.494,0.667,0.389,-3.0,Portland Trail Blazers
0022200471,2022-12-21,22022,TOR @ NYK,W,113,38.0,17,7.0,4,4,0.447,0.909,0.265,7.0,Toronto Raptors
0022200467,2022-12-21,22022,PHI vs. DET,W,113,49.0,27,8.0,7,12,0.441,0.909,0.297,20.0,Philadelphia 76ers
0022200471,2022-12-21,22022,NYK vs. TOR,L,106,38.0,25,2.0,3,16,0.553,0.611,0.423,-7.0,New York Knicks
0022200473,2022-12-21,22022,MIN vs. DAL,L,99,39.0,23,7.0,4,13,0.494,0.7,0.267,-5.0,Minnesota Timberwolves
0022200469,2022-12-21,22022,BOS vs. IND,L,112,62.0,26,11.0,5,16,0.386,0.84,0.317,-5.0,Boston Celtics
0022200470,2022-12-21,22022,GSW @ BKN,L,113,36.0,32,6.0,1,21,0.494,0.76,0.364,-30.0,Golden State Warriors
0022200478,2022-12-22,22022,WAS @ UTA,L,112,37.0,20,5.0,2,10,0.561,0.765,0.333,-8.0,Washington Wizards
0022200477,2022-12-22,22022,NOP vs. SAS,W,126,46.0,25,10.0,6,17,0.484,0.926,0.382,9.0,New Orleans Pelicans
0022200478,2022-12-22,22022,UTA vs. WAS,W,120,40.0,16,5.0,3,11,0.488,0.952,0.457,8.0,Utah Jazz
0022200477,2022-12-22,22022,SAS @ NOP,L,117,44.0,23,8.0,2,17,0.478,0.815,0.321,-9.0,San Antonio Spurs
0022200489,2022-12-23,22022,POR @ DEN,L,107,43.0,24,5.0,3,13,0.448,0.769,0.257,-13.0,Portland Trail Blazers
0022200481,2022-12-23,22022,DET @ ATL,L,105,43.0,17,7.0,3,14,0.411,0.759,0.273,-25.0,Detroit Pistons
0022200488,2022-12-23,22022,NOP @ OKC,W,128,55.0,30,10.0,4,21,0.436,0.825,0.351,3.0,New Orleans Pelicans
0022200485,2022-12-23,22022,CHI @ NYK,W,118,41.0,24,6.0,4,4,0.484,0.778,0.452,1.0,Chicago Bulls
0022200487,2022-12-23,22022,DAL @ HOU,W,112,34.0,20,10.0,7,14,0.45,0.889,0.364,6.0,Dallas Mavericks
0022200486,2022-12-23,22022,IND @ MIA,W,111,43.0,26,5.0,6,16,0.482,0.714,0.447,3.0,Indiana Pacers
0022200490,2022-12-23,22022,PHX vs. MEM,L,100,35.0,23,6.0,5,14,0.437,0.577,0.257,-25.0,Phoenix Suns
0022200480,2022-12-23,22022,PHI vs. LAC,W,119,39.0,31,7.0,3,9,0.534,0.929,0.414,5.0,Philadelphia 76ers
0022200484,2022-12-23,22022,TOR @ CLE,W,118,45.0,25,10.0,2,18,0.5,0.833,0.514,11.0,Toronto Raptors
0022200487,2022-12-23,22022,HOU vs. DAL,L,106,45.0,26,9.0,3,14,0.457,0.857,0.308,-6.0,Houston Rockets
0022200479,2022-12-23,22022,ORL vs. SAS,W,133,44.0,30,8.0,2,17,0.575,0.8,0.531,20.0,Orlando Magic
0022200488,2022-12-23,22022,OKC vs. NOP,L,125,47.0,27,9.0,5,18,0.461,0.72,0.371,-3.0,Oklahoma City Thunder
0022200480,2022-12-23,22022,LAC @ PHI,L,114,33.0,25,5.0,9,11,0.506,0.783,0.368,-5.0,Los Angeles Clippers
0022200492,2022-12-23,22022,CHA @ LAL,W,134,41.0,30,11.0,5,16,0.553,0.778,0.39,4.0,Charlotte Hornets
0022200481,2022-12-23,22022,ATL vs. DET,W,130,48.0,30,10.0,8,8,0.533,0.833,0.353,25.0,Atlanta Hawks
0022200484,2022-12-23,22022,CLE vs. TOR,L,107,35.0,27,9.0,4,14,0.513,0.6,0.333,-11.0,Cleveland Cavaliers
0022200483,2022-12-23,22022,MIL @ BKN,L,100,45.0,17,7.0,1,18,0.44,0.773,0.243,-18.0,Milwaukee Bucks
0022200490,2022-12-23,22022,MEM @ PHX,W,125,53.0,30,11.0,5,10,0.495,0.737,0.304,25.0,Memphis Grizzlies
0022200489,2022-12-23,22022,DEN vs. POR,W,120,38.0,31,9.0,2,10,0.58,0.615,0.476,13.0,Denver Nuggets
0022200482,2022-12-23,22022,MIN @ BOS,L,109,45.0,25,3.0,8,16,0.484,0.733,0.313,-12.0,Minnesota Timberwolves
0022200491,2022-12-23,22022,WAS @ SAC,W,125,40.0,30,9.0,4,9,0.557,0.708,0.313,14.0,Washington Wizards
0022200491,2022-12-23,22022,SAC vs. WAS,L,111,47.0,19,5.0,2,13,0.44,0.771,0.313,-14.0,Sacramento Kings
0022200482,2022-12-23,22022,BOS vs. MIN,W,121,53.0,28,9.0,6,11,0.44,0.769,0.283,12.0,Boston Celtics
0022200485,2022-12-23,22022,NYK vs. CHI,L,117,47.0,23,2.0,4,10,0.5,0.577,0.457,-1.0,New York Knicks
0022200492,2022-12-23,22022,LAL vs. CHA,L,130,42.0,27,5.0,1,17,0.522,0.682,0.432,-4.0,Los Angeles Lakers
0022200483,2022-12-23,22022,BKN vs. MIL,W,118,45.0,30,11.0,2,10,0.495,0.923,0.438,18.0,Brooklyn Nets
0022200479,2022-12-23,22022,SAS @ ORL,L,113,38.0,28,10.0,6,13,0.454,0.722,0.316,-20.0,San Antonio Spurs
0022200486,2022-12-23,22022,MIA vs. IND,L,108,38.0,23,7.0,3,10,0.432,0.929,0.394,-3.0,Miami Heat
0022200495,2022-12-25,22022,BOS vs. MIL,W,139,35.0,29,9.0,1,11,0.588,0.8,0.487,21.0,Boston Celtics
0022200496,2022-12-25,22022,GSW vs. MEM,W,123,51.0,31,6.0,5,10,0.473,0.731,0.409,14.0,Golden State Warriors
0022200496,2022-12-25,22022,MEM @ GSW,L,109,44.0,19,5.0,6,13,0.415,0.733,0.231,-14.0,Memphis Grizzlies
0022200493,2022-12-25,22022,PHI @ NYK,W,119,32.0,22,5.0,2,6,0.506,0.793,0.462,7.0,Philadelphia 76ers
0022200497,2022-12-25,22022,PHX @ DEN,L,125,46.0,32,7.0,9,13,0.479,0.692,0.486,-3.0,Phoenix Suns
0022200493,2022-12-25,22022,NYK vs. PHI,L,112,46.0,30,4.0,6,8,0.478,0.824,0.375,-7.0,New York Knicks
0022200494,2022-12-25,22022,DAL vs. LAL,W,124,38.0,31,6.0,3,11,0.524,0.72,0.409,9.0,Dallas Mavericks
0022200497,2022-12-25,22022,DEN vs. PHX,W,128,48.0,29,8.0,4,12,0.479,0.735,0.361,3.0,Denver Nuggets
0022200495,2022-12-25,22022,MIL @ BOS,L,118,39.0,22,8.0,1,15,0.5,0.778,0.361,-21.0,Milwaukee Bucks
0022200494,2022-12-25,22022,LAL @ DAL,L,115,35.0,18,5.0,2,8,0.488,0.875,0.321,-9.0,Los Angeles Lakers
0022200502,2022-12-26,22022,IND @ NOP,L,93,36.0,23,9.0,5,13,0.422,0.7,0.257,-20.0,Indiana Pacers
0022200503,2022-12-26,22022,SAS vs. UTA,W,126,41.0,27,11.0,8,14,0.552,0.706,0.333,4.0,San Antonio Spurs
0022200504,2022-12-26,22022,POR vs. CHA,W,124,50.0,28,8.0,9,15,0.5,0.857,0.368,11.0,Portland Trail Blazers
0022200499,2022-12-26,22022,LAC @ DET,W,142,48.0,25,13.0,3,19,0.538,0.862,0.432,11.0,Los Angeles Clippers
0022200498,2022-12-26,22022,CLE vs. BKN,L,117,33.0,21,8.0,3,12,0.476,0.867,0.361,-8.0,Cleveland Cavaliers
0022200501,2022-12-26,22022,CHI vs. HOU,L,118,35.0,27,6.0,2,8,0.489,0.714,0.371,-15.0,Chicago Bulls
0022200500,2022-12-26,22022,MIN @ MIA,L,110,44.0,31,4.0,3,22,0.544,0.643,0.441,-3.0,Minnesota Timberwolves
0022200504,2022-12-26,22022,CHA @ POR,L,113,45.0,25,8.0,3,12,0.398,0.76,0.333,-11.0,Charlotte Hornets
0022200501,2022-12-26,22022,HOU @ CHI,W,133,45.0,28,7.0,5,12,0.556,0.727,0.386,15.0,Houston Rockets
0022200503,2022-12-26,22022,UTA @ SAS,L,122,45.0,20,10.0,3,12,0.402,0.838,0.302,-4.0,Utah Jazz
0022200500,2022-12-26,22022,MIA vs. MIN,W,113,40.0,27,9.0,3,9,0.461,0.75,0.265,3.0,Miami Heat
0022200499,2022-12-26,22022,DET vs. LAC,L,131,45.0,32,10.0,4,17,0.44,0.794,0.471,-11.0,Detroit Pistons
0022200498,2022-12-26,22022,BKN @ CLE,W,125,38.0,27,7.0,4,15,0.573,0.765,0.6,8.0,Brooklyn Nets
0022200502,2022-12-26,22022,NOP vs. IND,W,113,54.0,30,10.0,6,14,0.456,0.792,0.3,20.0,New Orleans Pelicans
0022200505,2022-12-27,22022,LAL @ ORL,W,129,46.0,32,4.0,2,13,0.544,0.824,0.395,19.0,Los Angeles Lakers
0022200514,2022-12-27,22022,DEN @ SAC,W,113,40.0,34,12.0,3,13,0.477,0.857,0.351,7.0,Denver Nuggets
0022200508,2022-12-27,22022,ATL @ IND,L,114,42.0,26,4.0,3,9,0.449,0.759,0.4,-15.0,Atlanta Hawks
0022200513,2022-12-27,22022,CHA @ GSW,L,105,47.0,22,6.0,7,12,0.413,0.76,0.263,-5.0,Charlotte Hornets
0022200512,2022-12-27,22022,DAL vs. NYK,W,126,47.0,20,4.0,5,9,0.489,0.758,0.283,5.0,Dallas Mavericks
0022200510,2022-12-27,22022,MEM vs. PHX,L,108,40.0,18,9.0,6,14,0.396,0.824,0.267,-17.0,Memphis Grizzlies
0022200507,2022-12-27,22022,HOU @ BOS,L,102,49.0,24,5.0,2,13,0.4,0.857,0.311,-24.0,Houston Rockets
0022200506,2022-12-27,22022,WAS vs. PHI,W,116,39.0,18,7.0,8,15,0.459,0.871,0.333,5.0,Washington Wizards
0022200509,2022-12-27,22022,TOR vs. LAC,L,113,39.0,24,6.0,4,12,0.512,0.808,0.261,-11.0,Toronto Raptors
0022200511,2022-12-27,22022,OKC vs. SAS,W,130,45.0,25,10.0,10,12,0.535,0.806,0.542,16.0,Oklahoma City Thunder
0022200510,2022-12-27,22022,PHX @ MEM,W,125,47.0,26,7.0,9,19,0.494,0.88,0.548,17.0,Phoenix Suns
0022200507,2022-12-27,22022,BOS vs. HOU,W,126,49.0,32,8.0,5,10,0.473,0.87,0.357,24.0,Boston Celtics
0022200509,2022-12-27,22022,LAC @ TOR,W,124,47.0,27,8.0,3,9,0.484,0.826,0.395,11.0,Los Angeles Clippers
0022200513,2022-12-27,22022,GSW vs. CHA,W,110,49.0,31,3.0,2,14,0.432,0.833,0.216,5.0,Golden State Warriors
0022200514,2022-12-27,22022,SAC vs. DEN,L,106,39.0,20,8.0,2,16,0.488,0.842,0.286,-7.0,Sacramento Kings
0022200505,2022-12-27,22022,ORL vs. LAL,L,110,37.0,25,8.0,5,11,0.5,0.64,0.357,-19.0,Orlando Magic
0022200512,2022-12-27,22022,NYK @ DAL,L,121,55.0,27,5.0,0,9,0.437,0.625,0.32,-5.0,New York Knicks
0022200511,2022-12-27,22022,SAS @ OKC,L,114,41.0,20,9.0,4,14,0.465,0.857,0.345,-16.0,San Antonio Spurs
0022200506,2022-12-27,22022,PHI @ WAS,L,111,39.0,21,8.0,10,15,0.464,0.871,0.194,-5.0,Philadelphia 76ers
0022200508,2022-12-27,22022,IND vs. ATL,W,129,49.0,28,3.0,2,10,0.511,0.815,0.371,15.0,Indiana Pacers
0022200517,2022-12-28,22022,BKN @ ATL,W,108,47.0,22,0.0,13,12,0.506,0.824,0.385,1.0,Brooklyn Nets
0022200520,2022-12-28,22022,NOP vs. MIN,W,119,43.0,22,6.0,4,13,0.481,0.698,0.478,1.0,New Orleans Pelicans
0022200516,2022-12-28,22022,WAS vs. PHX,W,127,46.0,27,7.0,6,12,0.573,0.893,0.308,25.0,Washington Wizards
0022200521,2022-12-28,22022,GSW vs. UTA,W,112,51.0,22,6.0,3,12,0.425,0.815,0.356,5.0,Golden State Warriors
0022200518,2022-12-28,22022,MIA vs. LAL,W,112,37.0,20,14.0,4,5,0.478,0.813,0.314,14.0,Miami Heat
0022200518,2022-12-28,22022,LAL @ MIA,L,98,44.0,25,2.0,4,24,0.481,0.733,0.361,-14.0,Los Angeles Lakers
0022200516,2022-12-28,22022,PHX @ WAS,L,102,30.0,25,7.0,4,11,0.448,0.688,0.419,-25.0,Phoenix Suns
0022200517,2022-12-28,22022,ATL vs. BKN,L,107,47.0,22,5.0,6,3,0.433,0.682,0.364,-1.0,Atlanta Hawks
0022200519,2022-12-28,22022,CHI vs. MIL,W,119,52.0,21,5.0,10,13,0.457,0.867,0.391,6.0,Chicago Bulls
0022200520,2022-12-28,22022,MIN @ NOP,L,118,35.0,18,6.0,8,11,0.506,0.75,0.345,-1.0,Minnesota Timberwolves
0022200519,2022-12-28,22022,MIL @ CHI,L,113,61.0,18,7.0,6,14,0.373,0.688,0.205,-6.0,Milwaukee Bucks
0022200522,2022-12-28,22022,DEN @ SAC,L,126,34.0,31,6.0,8,16,0.576,0.889,0.444,-1.0,Denver Nuggets
0022200515,2022-12-28,22022,DET vs. ORL,W,121,49.0,25,7.0,4,13,0.45,0.775,0.429,20.0,Detroit Pistons
0022200515,2022-12-28,22022,ORL @ DET,L,101,47.0,24,5.0,5,13,0.412,0.765,0.227,-20.0,Orlando Magic
0022200521,2022-12-28,22022,UTA @ GSW,L,107,50.0,26,3.0,6,12,0.407,0.692,0.326,-5.0,Utah Jazz
0022200522,2022-12-28,22022,SAC vs. DEN,W,127,34.0,32,10.0,6,12,0.528,0.76,0.452,1.0,Sacramento Kings
0022200528,2022-12-29,22022,DAL vs. HOU,W,129,44.0,30,7.0,8,8,0.516,0.68,0.4,15.0,Dallas Mavericks
0022200528,2022-12-29,22022,HOU @ DAL,L,114,48.0,21,5.0,0,12,0.442,0.703,0.353,-15.0,Houston Rockets
0022200527,2022-12-29,22022,NYK @ SAS,L,115,38.0,20,7.0,2,12,0.422,0.774,0.366,-7.0,New York Knicks
0022200527,2022-12-29,22022,SAS vs. NYK,W,122,48.0,25,5.0,7,11,0.511,0.724,0.393,7.0,San Antonio Spurs
0022200524,2022-12-29,22022,IND vs. CLE,W,135,32.0,28,6.0,8,8,0.565,0.952,0.613,9.0,Indiana Pacers
0022200525,2022-12-29,22022,BOS vs. LAC,W,116,49.0,22,3.0,7,11,0.484,0.773,0.282,6.0,Boston Celtics
0022200523,2022-12-29,22022,OKC @ CHA,L,113,41.0,15,9.0,1,12,0.424,0.857,0.306,-8.0,Oklahoma City Thunder
0022200526,2022-12-29,22022,MEM @ TOR,W,119,53.0,37,4.0,4,15,0.505,0.714,0.448,13.0,Memphis Grizzlies
0022200523,2022-12-29,22022,CHA vs. OKC,W,121,52.0,33,8.0,11,17,0.548,0.655,0.313,8.0,Charlotte Hornets
0022200525,2022-12-29,22022,LAC @ BOS,L,110,41.0,26,4.0,4,12,0.483,0.643,0.385,-6.0,Los Angeles Clippers
0022200526,2022-12-29,22022,TOR vs. MEM,L,106,47.0,21,11.0,7,8,0.406,0.75,0.357,-13.0,Toronto Raptors
0022200524,2022-12-29,22022,CLE @ IND,L,126,44.0,29,7.0,4,10,0.521,0.7,0.429,-9.0,Cleveland Cavaliers
0022200529,2022-12-30,22022,WAS @ ORL,W,119,53.0,33,4.0,10,26,0.56,0.8,0.429,19.0,Washington Wizards
0022200534,2022-12-30,22022,NOP vs. PHI,W,127,36.0,19,14.0,3,12,0.538,0.722,0.484,11.0,New Orleans Pelicans
0022200535,2022-12-30,22022,DEN vs. MIA,W,124,36.0,34,6.0,1,20,0.592,0.773,0.607,5.0,Denver Nuggets
0022200530,2022-12-30,22022,ATL vs. LAL,L,121,41.0,22,6.0,5,10,0.475,0.7,0.289,-9.0,Atlanta Hawks
0022200531,2022-12-30,22022,PHX @ TOR,L,104,42.0,26,7.0,1,25,0.493,0.87,0.467,-9.0,Phoenix Suns
0022200532,2022-12-30,22022,DET @ CHI,L,118,35.0,28,8.0,1,14,0.477,0.792,0.436,-14.0,Detroit Pistons
0022200536,2022-12-30,22022,POR @ GSW,L,112,49.0,22,2.0,4,14,0.462,0.696,0.308,-6.0,Portland Trail Blazers
0022200529,2022-12-30,22022,ORL vs. WAS,L,100,35.0,24,8.0,2,11,0.42,0.688,0.185,-19.0,Orlando Magic
0022200533,2022-12-30,22022,MIN @ MIL,L,114,36.0,18,10.0,5,8,0.435,0.765,0.267,-9.0,Minnesota Timberwolves
0022200537,2022-12-30,22022,UTA @ SAC,L,125,37.0,30,7.0,2,13,0.548,0.833,0.25,-1.0,Utah Jazz
0022200535,2022-12-30,22022,MIA @ DEN,L,119,36.0,21,13.0,4,14,0.448,0.9,0.4,-5.0,Miami Heat
0022200530,2022-12-30,22022,LAL @ ATL,W,130,55.0,34,7.0,6,16,0.542,0.889,0.313,9.0,Los Angeles Lakers
0022200536,2022-12-30,22022,GSW vs. POR,W,118,46.0,29,9.0,2,12,0.462,0.81,0.395,6.0,Golden State Warriors
0022200533,2022-12-30,22022,MIL vs. MIN,W,123,68.0,25,5.0,8,21,0.462,0.697,0.359,9.0,Milwaukee Bucks
0022200537,2022-12-30,22022,SAC vs. UTA,W,126,38.0,32,5.0,3,15,0.556,0.737,0.4,1.0,Sacramento Kings
0022200534,2022-12-30,22022,PHI @ NOP,L,116,29.0,28,5.0,7,18,0.56,0.818,0.412,-11.0,Philadelphia 76ers
0022200532,2022-12-30,22022,CHI vs. DET,W,132,38.0,21,10.0,4,13,0.576,0.933,0.444,14.0,Chicago Bulls
0022200531,2022-12-30,22022,TOR vs. PHX,W,113,31.0,20,15.0,3,12,0.494,0.846,0.333,12.0,Toronto Raptors
0022200542,2022-12-31,22022,SAS vs. DAL,L,125,48.0,28,1.0,0,13,0.553,0.719,0.421,-1.0,San Antonio Spurs
0022200539,2022-12-31,22022,BKN @ CHA,W,123,42.0,26,7.0,6,14,0.6,0.737,0.382,17.0,Brooklyn Nets
0022200543,2022-12-31,22022,NOP @ MEM,L,101,46.0,16,6.0,4,19,0.352,0.806,0.267,-15.0,New Orleans Pelicans
0022200543,2022-12-31,22022,MEM vs. NOP,W,116,52.0,26,14.0,11,17,0.511,0.773,0.172,15.0,Memphis Grizzlies
0022200538,2022-12-31,22022,LAC @ IND,L,130,39.0,23,7.0,6,15,0.538,0.966,0.471,-1.0,Los Angeles Clippers
0022200542,2022-12-31,22022,DAL @ SAS,W,126,26.0,21,5.0,3,5,0.581,0.571,0.412,1.0,Dallas Mavericks
0022200544,2022-12-31,22022,MIN vs. DET,L,104,39.0,17,6.0,5,15,0.434,0.846,0.294,-12.0,Minnesota Timberwolves
0022200540,2022-12-31,22022,CHI vs. CLE,L,102,40.0,14,15.0,6,15,0.481,0.708,0.333,-1.0,Chicago Bulls
0022200545,2022-12-31,22022,OKC vs. PHI,L,96,50.0,16,7.0,6,16,0.38,0.636,0.333,-19.0,Oklahoma City Thunder
0022200541,2022-12-31,22022,HOU vs. NYK,L,88,52.0,20,4.0,6,24,0.377,0.696,0.304,-20.0,Houston Rockets
0022200545,2022-12-31,22022,PHI @ OKC,W,115,56.0,29,7.0,9,13,0.465,0.706,0.324,19.0,Philadelphia 76ers
0022200544,2022-12-31,22022,DET @ MIN,W,116,52.0,21,6.0,6,14,0.483,0.714,0.37,12.0,Detroit Pistons
0022200541,2022-12-31,22022,NYK @ HOU,W,108,46.0,20,10.0,5,10,0.389,0.719,0.294,20.0,New York Knicks
0022200540,2022-12-31,22022,CLE @ CHI,W,103,50.0,20,9.0,5,20,0.459,0.632,0.342,1.0,Cleveland Cavaliers
0022200546,2022-12-31,22022,UTA vs. MIA,L,123,49.0,23,6.0,3,16,0.432,0.818,0.425,-3.0,Utah Jazz
0022200539,2022-12-31,22022,CHA vs. BKN,L,106,45.0,28,7.0,2,12,0.396,0.905,0.268,-17.0,Charlotte Hornets
0022200546,2022-12-31,22022,MIA @ UTA,W,126,37.0,32,10.0,1,12,0.506,0.767,0.333,3.0,Miami Heat
0022200538,2022-12-31,22022,IND vs. LAC,W,131,36.0,28,10.0,4,11,0.523,0.862,0.368,1.0,Indiana Pacers
0022200549,2023-01-01,22022,BOS @ DEN,L,111,41.0,30,8.0,3,13,0.46,0.815,0.273,-12.0,Boston Celtics
0022200549,2023-01-01,22022,DEN vs. BOS,W,123,35.0,31,5.0,4,14,0.57,0.889,0.567,12.0,Denver Nuggets
0022200547,2023-01-01,22022,MEM vs. SAC,W,118,57.0,25,11.0,8,11,0.46,0.667,0.313,10.0,Memphis Grizzlies
0022200548,2023-01-01,22022,MIL vs. WAS,L,95,44.0,22,11.0,3,16,0.354,0.933,0.265,-23.0,Milwaukee Bucks
0022200548,2023-01-01,22022,WAS @ MIL,W,118,54.0,29,9.0,6,17,0.532,0.688,0.259,23.0,Washington Wizards
0022200547,2023-01-01,22022,SAC @ MEM,L,108,47.0,24,7.0,4,15,0.406,1.0,0.349,-10.0,Sacramento Kings
0022200554,2023-01-02,22022,PHI vs. NOP,W,120,35.0,26,9.0,6,9,0.477,0.821,0.429,9.0,Philadelphia 76ers
0022200554,2023-01-02,22022,NOP @ PHI,L,111,49.0,26,3.0,6,17,0.5,0.8,0.379,-9.0,New Orleans Pelicans
0022200550,2023-01-02,22022,PHX @ NYK,L,83,36.0,22,4.0,0,8,0.391,0.714,0.27,-19.0,Phoenix Suns
0022200556,2023-01-02,22022,HOU vs. DAL,L,106,46.0,21,4.0,4,10,0.463,0.724,0.31,-5.0,Houston Rockets
0022200560,2023-01-02,22022,MIA @ LAC,W,110,48.0,22,7.0,2,11,0.459,0.833,0.333,10.0,Miami Heat
0022200558,2023-01-02,22022,ATL @ GSW,L,141,53.0,30,9.0,10,13,0.486,0.828,0.314,-2.0,Atlanta Hawks
0022200557,2023-01-02,22022,MIN vs. DEN,W,124,41.0,29,7.0,4,11,0.517,0.778,0.361,13.0,Minnesota Timberwolves
0022200560,2023-01-02,22022,LAC vs. MIA,L,100,34.0,19,7.0,1,15,0.433,0.882,0.414,-10.0,Los Angeles Clippers
0022200551,2023-01-02,22022,CHA vs. LAL,L,115,47.0,24,8.0,7,14,0.452,0.69,0.344,-6.0,Charlotte Hornets
0022200555,2023-01-02,22022,BKN vs. SAS,W,139,45.0,31,13.0,7,12,0.624,0.8,0.55,36.0,Brooklyn Nets
0022200555,2023-01-02,22022,SAS @ BKN,L,103,43.0,26,5.0,4,18,0.433,0.611,0.258,-36.0,San Antonio Spurs
0022200551,2023-01-02,22022,LAL @ CHA,W,121,53.0,26,6.0,5,14,0.484,0.7,0.333,6.0,Los Angeles Lakers
0022200556,2023-01-02,22022,DAL @ HOU,W,111,41.0,19,8.0,6,8,0.42,0.882,0.302,5.0,Dallas Mavericks
0022200553,2023-01-02,22022,IND vs. TOR,W,122,50.0,24,4.0,2,12,0.484,0.846,0.37,8.0,Indiana Pacers
0022200557,2023-01-02,22022,DEN @ MIN,L,111,45.0,27,8.0,1,14,0.462,0.8,0.379,-13.0,Denver Nuggets
0022200550,2023-01-02,22022,NYK vs. PHX,W,102,45.0,26,1.0,2,7,0.486,0.68,0.394,19.0,New York Knicks
0022200559,2023-01-02,22022,POR vs. DET,W,135,44.0,29,16.0,6,18,0.571,0.714,0.452,29.0,Portland Trail Blazers
0022200558,2023-01-02,22022,GSW vs. ATL,W,143,69.0,34,9.0,6,19,0.446,0.667,0.322,2.0,Golden State Warriors
0022200552,2023-01-02,22022,CHI @ CLE,L,134,42.0,22,8.0,2,7,0.495,0.882,0.303,-11.0,Chicago Bulls
0022200552,2023-01-02,22022,CLE vs. CHI,W,145,47.0,27,1.0,3,10,0.522,0.733,0.348,11.0,Cleveland Cavaliers
0022200559,2023-01-02,22022,DET @ POR,L,106,45.0,16,8.0,4,21,0.415,0.78,0.333,-29.0,Detroit Pistons
0022200553,2023-01-02,22022,TOR @ IND,L,114,36.0,26,5.0,11,11,0.451,0.783,0.333,-8.0,Toronto Raptors
0022200563,2023-01-03,22022,SAC @ UTA,W,117,40.0,23,7.0,4,17,0.535,0.889,0.281,2.0,Sacramento Kings
0022200562,2023-01-03,22022,OKC vs. BOS,W,150,44.0,31,14.0,3,13,0.592,0.636,0.5,33.0,Oklahoma City Thunder
0022200563,2023-01-03,22022,UTA vs. SAC,L,115,44.0,21,9.0,3,16,0.432,0.897,0.295,-2.0,Utah Jazz
0022200562,2023-01-03,22022,BOS @ OKC,L,117,38.0,29,4.0,7,17,0.455,0.806,0.3,-33.0,Boston Celtics
0022200561,2023-01-03,22022,WAS @ MIL,L,113,46.0,27,9.0,4,10,0.433,0.913,0.296,-10.0,Washington Wizards
0022200561,2023-01-03,22022,MIL vs. WAS,W,123,49.0,27,8.0,6,12,0.48,0.941,0.275,10.0,Milwaukee Bucks
0022200565,2023-01-04,22022,PHX @ CLE,L,88,49.0,24,8.0,3,13,0.395,0.778,0.357,-2.0,Phoenix Suns
0022200566,2023-01-04,22022,ORL vs. OKC,W,126,49.0,26,6.0,5,16,0.519,0.806,0.394,11.0,Orlando Magic
0022200569,2023-01-04,22022,TOR vs. MIL,L,101,47.0,22,10.0,4,8,0.328,0.8,0.196,-3.0,Toronto Raptors
0022200573,2023-01-04,22022,DET @ GSW,W,122,41.0,29,9.0,1,8,0.489,0.696,0.444,3.0,Detroit Pistons
0022200568,2023-01-04,22022,SAS @ NYK,L,114,38.0,25,5.0,3,15,0.5,0.808,0.393,-3.0,San Antonio Spurs
0022200568,2023-01-04,22022,NYK vs. SAS,W,117,47.0,16,7.0,6,12,0.479,0.654,0.323,3.0,New York Knicks
0022200569,2023-01-04,22022,MIL @ TOR,W,104,73.0,26,4.0,4,25,0.398,0.7,0.333,3.0,Milwaukee Bucks
0022200573,2023-01-04,22022,GSW vs. DET,L,119,40.0,31,3.0,4,14,0.517,0.933,0.375,-3.0,Golden State Warriors
0022200564,2023-01-04,22022,MEM @ CHA,W,131,59.0,28,10.0,8,14,0.5,0.757,0.3,24.0,Memphis Grizzlies
0022200572,2023-01-04,22022,HOU @ NOP,L,108,43.0,25,10.0,4,13,0.443,0.667,0.316,-11.0,Houston Rockets
0022200570,2023-01-04,22022,CHI vs. BKN,W,121,46.0,21,7.0,7,15,0.531,0.931,0.4,9.0,Chicago Bulls
0022200564,2023-01-04,22022,CHA vs. MEM,L,107,44.0,25,11.0,8,12,0.404,0.833,0.289,-24.0,Charlotte Hornets
0022200567,2023-01-04,22022,PHI vs. IND,W,129,46.0,24,4.0,7,9,0.49,0.864,0.389,3.0,Philadelphia 76ers
0022200565,2023-01-04,22022,CLE vs. PHX,W,90,46.0,15,9.0,4,14,0.39,0.826,0.306,2.0,Cleveland Cavaliers
0022200574,2023-01-04,22022,MIA @ LAL,L,109,43.0,24,9.0,4,13,0.453,0.714,0.276,-3.0,Miami Heat
0022200571,2023-01-04,22022,MIN vs. POR,W,113,33.0,25,8.0,6,14,0.513,0.722,0.375,7.0,Minnesota Timberwolves
0022200570,2023-01-04,22022,BKN @ CHI,L,112,34.0,24,9.0,7,10,0.462,0.762,0.324,-9.0,Brooklyn Nets
0022200572,2023-01-04,22022,NOP vs. HOU,W,119,51.0,25,6.0,6,14,0.461,0.885,0.368,11.0,New Orleans Pelicans
0022200567,2023-01-04,22022,IND @ PHI,L,126,45.0,31,7.0,8,13,0.474,0.885,0.361,-3.0,Indiana Pacers
0022200571,2023-01-04,22022,POR @ MIN,L,106,39.0,18,8.0,7,16,0.44,0.738,0.31,-7.0,Portland Trail Blazers
0022200566,2023-01-04,22022,OKC @ ORL,L,115,33.0,23,9.0,3,9,0.404,0.903,0.405,-11.0,Oklahoma City Thunder
0022200574,2023-01-04,22022,LAL vs. MIA,W,112,42.0,20,10.0,4,17,0.494,0.8,0.296,3.0,Los Angeles Lakers
0022200575,2023-01-04,22022,ATL @ SAC,W,120,44.0,21,9.0,4,15,0.536,0.909,0.333,3.0,Atlanta Hawks
0022200575,2023-01-04,22022,SAC vs. ATL,L,117,42.0,26,9.0,3,10,0.466,0.926,0.4,-3.0,Sacramento Kings
0022200578,2023-01-05,22022,HOU vs. UTA,L,114,49.0,19,4.0,3,14,0.413,0.885,0.357,-17.0,Houston Rockets
0022200577,2023-01-05,22022,DAL vs. BOS,L,95,42.0,15,4.0,3,11,0.378,0.8,0.219,-29.0,Dallas Mavericks
0022200576,2023-01-05,22022,MEM @ ORL,W,123,49.0,24,5.0,3,12,0.522,0.652,0.333,8.0,Memphis Grizzlies
0022200578,2023-01-05,22022,UTA @ HOU,W,131,42.0,33,10.0,5,8,0.495,0.952,0.396,17.0,Utah Jazz
0022200577,2023-01-05,22022,BOS @ DAL,W,124,52.0,29,6.0,8,11,0.488,0.839,0.372,29.0,Boston Celtics
0022200576,2023-01-05,22022,ORL vs. MEM,L,115,39.0,23,6.0,3,10,0.464,0.867,0.306,-8.0,Orlando Magic
0022200579,2023-01-05,22022,DEN vs. LAC,W,122,57.0,28,6.0,5,11,0.506,0.857,0.389,31.0,Denver Nuggets
0022200579,2023-01-05,22022,LAC @ DEN,L,91,41.0,24,7.0,3,7,0.374,0.72,0.135,-31.0,Los Angeles Clippers
0022200580,2023-01-06,22022,POR @ IND,L,99,52.0,30,5.0,1,18,0.404,0.824,0.273,-9.0,Portland Trail Blazers
0022200583,2023-01-06,22022,MIL vs. CHA,L,109,45.0,22,5.0,4,16,0.44,0.625,0.417,-29.0,Milwaukee Bucks
0022200587,2023-01-06,22022,LAC @ MIN,L,115,40.0,22,13.0,3,8,0.44,0.667,0.36,-13.0,Los Angeles Clippers
0022200584,2023-01-06,22022,OKC vs. WAS,W,127,41.0,30,9.0,6,9,0.51,0.714,0.459,17.0,Oklahoma City Thunder
0022200587,2023-01-06,22022,MIN vs. LAC,W,128,45.0,28,4.0,7,19,0.568,0.793,0.371,13.0,Minnesota Timberwolves
0022200581,2023-01-06,22022,PHI vs. CHI,L,112,38.0,28,6.0,3,7,0.435,0.778,0.439,-14.0,Philadelphia 76ers
0022200588,2023-01-06,22022,CLE @ DEN,L,108,40.0,30,7.0,5,6,0.455,0.563,0.385,-13.0,Cleveland Cavaliers
0022200585,2023-01-06,22022,SAS vs. DET,W,121,44.0,27,8.0,4,17,0.556,0.846,0.375,12.0,San Antonio Spurs
0022200582,2023-01-06,22022,NYK @ TOR,W,112,51.0,19,3.0,4,11,0.47,0.692,0.432,4.0,New York Knicks
0022200581,2023-01-06,22022,CHI @ PHI,W,126,45.0,33,3.0,4,11,0.571,0.588,0.588,14.0,Chicago Bulls
0022200590,2023-01-06,22022,LAL vs. ATL,W,130,51.0,33,6.0,5,16,0.548,0.75,0.457,16.0,Los Angeles Lakers
0022200588,2023-01-06,22022,DEN vs. CLE,W,121,49.0,28,5.0,4,12,0.531,0.783,0.486,13.0,Denver Nuggets
0022200589,2023-01-06,22022,MIA @ PHX,W,104,37.0,19,10.0,3,12,0.423,0.839,0.316,8.0,Miami Heat
0022200582,2023-01-06,22022,TOR vs. NYK,L,108,46.0,22,7.0,3,7,0.422,0.8,0.345,-4.0,Toronto Raptors
0022200586,2023-01-06,22022,BKN @ NOP,W,108,43.0,26,8.0,12,12,0.435,0.95,0.455,6.0,Brooklyn Nets
0022200580,2023-01-06,22022,IND vs. POR,W,108,41.0,22,11.0,6,12,0.452,0.893,0.28,9.0,Indiana Pacers
0022200583,2023-01-06,22022,CHA @ MIL,W,138,49.0,32,11.0,3,5,0.52,0.632,0.417,29.0,Charlotte Hornets
0022200590,2023-01-06,22022,ATL @ LAL,L,114,39.0,24,8.0,5,12,0.458,0.773,0.29,-16.0,Atlanta Hawks
0022200589,2023-01-06,22022,PHX vs. MIA,L,96,44.0,22,5.0,2,14,0.415,0.88,0.261,-8.0,Phoenix Suns
0022200584,2023-01-06,22022,WAS @ OKC,L,110,46.0,21,6.0,2,20,0.481,0.75,0.292,-17.0,Washington Wizards
0022200586,2023-01-06,22022,NOP vs. BKN,L,102,51.0,16,7.0,4,15,0.398,0.8,0.414,-6.0,New Orleans Pelicans
0022200585,2023-01-06,22022,DET @ SAS,L,109,37.0,23,11.0,0,15,0.473,0.588,0.355,-12.0,Detroit Pistons
0022200592,2023-01-07,22022,CHI vs. UTA,W,126,44.0,22,4.0,4,10,0.53,0.781,0.464,8.0,Chicago Bulls
0022200593,2023-01-07,22022,NOP @ DAL,L,117,44.0,26,14.0,4,12,0.479,0.629,0.172,-10.0,New Orleans Pelicans
0022200591,2023-01-07,22022,SAS vs. BOS,L,116,51.0,25,6.0,3,13,0.49,0.786,0.28,-5.0,San Antonio Spurs
0022200593,2023-01-07,22022,DAL vs. NOP,W,127,39.0,23,5.0,7,17,0.568,0.789,0.448,10.0,Dallas Mavericks
0022200595,2023-01-07,22022,SAC vs. LAL,L,134,34.0,25,5.0,4,14,0.523,0.811,0.438,-2.0,Sacramento Kings
0022200594,2023-01-07,22022,ORL @ GSW,W,115,44.0,26,12.0,2,10,0.506,0.583,0.406,14.0,Orlando Magic
0022200591,2023-01-07,22022,BOS @ SAS,W,121,43.0,30,6.0,10,14,0.495,0.667,0.441,5.0,Boston Celtics
0022200592,2023-01-07,22022,UTA @ CHI,L,118,39.0,36,6.0,2,10,0.495,0.778,0.293,-8.0,Utah Jazz
0022200594,2023-01-07,22022,GSW vs. ORL,L,101,49.0,26,7.0,1,16,0.375,0.81,0.31,-14.0,Golden State Warriors
0022200595,2023-01-07,22022,LAL @ SAC,W,136,38.0,26,4.0,3,17,0.61,0.818,0.429,2.0,Los Angeles Lakers
0022200603,2023-01-08,22022,CLE @ PHX,W,112,39.0,29,8.0,5,14,0.577,0.647,0.379,14.0,Cleveland Cavaliers
0022200596,2023-01-08,22022,DET vs. PHI,L,111,43.0,25,9.0,2,23,0.506,0.833,0.348,-12.0,Detroit Pistons
0022200599,2023-01-08,22022,MIA vs. BKN,L,101,41.0,22,8.0,4,11,0.413,0.706,0.371,-1.0,Miami Heat
0022200602,2023-01-08,22022,OKC vs. DAL,W,120,48.0,27,5.0,8,8,0.484,0.8,0.429,11.0,Oklahoma City Thunder
0022200598,2023-01-08,22022,IND vs. CHA,W,116,41.0,27,14.0,7,16,0.437,0.818,0.342,5.0,Indiana Pacers
0022200604,2023-01-08,22022,ATL @ LAC,W,112,43.0,22,7.0,9,9,0.494,0.8,0.308,4.0,Atlanta Hawks
0022200600,2023-01-08,22022,UTA @ MEM,L,118,46.0,29,7.0,9,20,0.511,0.818,0.313,-5.0,Utah Jazz
0022200598,2023-01-08,22022,CHA @ IND,L,111,49.0,25,8.0,4,18,0.432,0.889,0.333,-5.0,Charlotte Hornets
0022200604,2023-01-08,22022,LAC vs. ATL,L,108,59.0,25,6.0,5,11,0.389,0.774,0.333,-4.0,Los Angeles Clippers
0022200600,2023-01-08,22022,MEM vs. UTA,W,123,39.0,28,16.0,7,10,0.451,0.727,0.395,5.0,Memphis Grizzlies
0022200602,2023-01-08,22022,DAL @ OKC,L,109,39.0,21,3.0,1,12,0.425,0.786,0.359,-11.0,Dallas Mavericks
0022200599,2023-01-08,22022,BKN @ MIA,W,102,40.0,22,8.0,8,16,0.513,0.8,0.364,1.0,Brooklyn Nets
0022200603,2023-01-08,22022,PHX vs. CLE,L,98,36.0,22,7.0,2,16,0.44,0.909,0.538,-14.0,Phoenix Suns
0022200596,2023-01-08,22022,PHI @ DET,W,123,44.0,24,12.0,5,13,0.489,0.87,0.297,12.0,Philadelphia 76ers
0022200597,2023-01-08,22022,POR @ TOR,L,105,42.0,19,5.0,4,22,0.447,0.757,0.3,-12.0,Portland Trail Blazers
0022200601,2023-01-08,22022,MIN @ HOU,W,104,44.0,23,8.0,4,17,0.475,0.818,0.357,8.0,Minnesota Timberwolves
0022200601,2023-01-08,22022,HOU vs. MIN,L,96,41.0,26,8.0,7,18,0.427,0.6,0.306,-8.0,Houston Rockets
0022200597,2023-01-08,22022,TOR vs. POR,W,117,41.0,26,12.0,8,10,0.44,0.862,0.387,12.0,Toronto Raptors
0022200606,2023-01-09,22022,CHI @ BOS,L,99,42.0,19,6.0,1,7,0.453,0.643,0.343,-8.0,Chicago Bulls
0022200609,2023-01-09,22022,DEN vs. LAL,W,122,55.0,29,7.0,11,17,0.465,0.882,0.357,13.0,Denver Nuggets
0022200610,2023-01-09,22022,SAC vs. ORL,W,136,48.0,39,4.0,1,11,0.536,0.75,0.5,25.0,Sacramento Kings
0022200607,2023-01-09,22022,NYK vs. MIL,L,107,48.0,16,8.0,1,7,0.38,0.909,0.268,-4.0,New York Knicks
0022200606,2023-01-09,22022,BOS vs. CHI,W,107,50.0,25,2.0,7,9,0.437,0.952,0.268,8.0,Boston Celtics
0022200610,2023-01-09,22022,ORL @ SAC,L,111,41.0,24,7.0,7,13,0.456,0.75,0.318,-25.0,Orlando Magic
0022200609,2023-01-09,22022,LAL @ DEN,L,109,44.0,20,12.0,2,13,0.441,0.76,0.286,-13.0,Los Angeles Lakers
0022200608,2023-01-09,22022,MEM vs. SAS,W,121,50.0,26,9.0,7,13,0.495,0.571,0.423,8.0,Memphis Grizzlies
0022200605,2023-01-09,22022,WAS vs. NOP,L,112,37.0,26,5.0,1,20,0.512,0.778,0.412,-20.0,Washington Wizards
0022200605,2023-01-09,22022,NOP @ WAS,W,132,44.0,24,9.0,5,9,0.527,0.774,0.385,20.0,New Orleans Pelicans
0022200607,2023-01-09,22022,MIL @ NYK,W,111,48.0,27,3.0,5,14,0.438,0.778,0.388,4.0,Milwaukee Bucks
0022200608,2023-01-09,22022,SAS @ MEM,L,113,42.0,28,8.0,1,14,0.454,0.875,0.344,-8.0,San Antonio Spurs
0022200611,2023-01-10,22022,OKC @ MIA,L,111,44.0,27,8.0,3,18,0.484,0.667,0.257,-1.0,Oklahoma City Thunder
0022200613,2023-01-10,22022,TOR vs. CHA,W,132,49.0,32,4.0,4,11,0.495,0.815,0.455,12.0,Toronto Raptors
0022200611,2023-01-10,22022,MIA vs. OKC,W,112,41.0,18,10.0,4,19,0.392,1.0,0.303,1.0,Miami Heat
0022200613,2023-01-10,22022,CHA @ TOR,L,120,34.0,33,6.0,4,9,0.547,0.733,0.429,-12.0,Charlotte Hornets
0022200612,2023-01-10,22022,DET @ PHI,L,116,26.0,23,9.0,5,11,0.404,0.833,0.359,-31.0,Detroit Pistons
0022200617,2023-01-10,22022,LAC vs. DAL,W,113,46.0,20,7.0,4,9,0.453,0.767,0.387,12.0,Los Angeles Clippers
0022200614,2023-01-10,22022,UTA vs. CLE,W,116,54.0,21,3.0,3,15,0.437,0.811,0.278,2.0,Utah Jazz
0022200617,2023-01-10,22022,DAL @ LAC,L,101,32.0,15,5.0,6,11,0.435,0.806,0.316,-12.0,Dallas Mavericks
0022200615,2023-01-10,22022,GSW vs. PHX,L,113,45.0,24,13.0,2,15,0.385,0.778,0.375,-12.0,Golden State Warriors
0022200615,2023-01-10,22022,PHX @ GSW,W,125,57.0,26,5.0,7,21,0.456,0.935,0.452,12.0,Phoenix Suns
0022200616,2023-01-10,22022,POR vs. ORL,L,106,43.0,22,10.0,7,16,0.483,0.842,0.171,-3.0,Portland Trail Blazers
0022200616,2023-01-10,22022,ORL @ POR,W,109,35.0,19,10.0,2,16,0.513,0.8,0.375,3.0,Orlando Magic
0022200614,2023-01-10,22022,CLE @ UTA,L,114,37.0,18,7.0,7,5,0.467,0.833,0.27,-2.0,Cleveland Cavaliers
0022200612,2023-01-10,22022,PHI vs. DET,W,147,55.0,36,7.0,8,18,0.607,0.933,0.355,31.0,Philadelphia 76ers
0022200622,2023-01-11,22022,NYK vs. IND,W,119,50.0,21,9.0,4,12,0.452,0.848,0.357,6.0,New York Knicks
0022200625,2023-01-11,22022,HOU @ SAC,L,115,48.0,30,7.0,3,13,0.458,0.647,0.39,-20.0,Houston Rockets
0022200621,2023-01-11,22022,BOS vs. NOP,W,125,50.0,24,7.0,5,9,0.484,0.88,0.341,11.0,Boston Celtics
0022200620,2023-01-11,22022,MIL @ ATL,W,114,57.0,28,6.0,4,10,0.459,0.545,0.375,9.0,Milwaukee Bucks
0022200618,2023-01-11,22022,DET vs. MIN,W,135,38.0,30,10.0,7,16,0.6,0.786,0.531,17.0,Detroit Pistons
0022200625,2023-01-11,22022,SAC vs. HOU,W,135,45.0,28,4.0,4,9,0.479,0.839,0.396,20.0,Sacramento Kings
0022200624,2023-01-11,22022,DEN vs. PHX,W,126,38.0,30,9.0,4,10,0.565,0.714,0.441,29.0,Denver Nuggets
0022200618,2023-01-11,22022,MIN @ DET,L,118,36.0,22,7.0,2,18,0.489,0.762,0.485,-17.0,Minnesota Timberwolves
0022200620,2023-01-11,22022,ATL vs. MIL,L,105,41.0,25,5.0,3,11,0.448,0.889,0.367,-9.0,Atlanta Hawks
0022200619,2023-01-11,22022,CHI @ WAS,L,97,39.0,16,7.0,6,12,0.466,0.667,0.31,-3.0,Chicago Bulls
0022200624,2023-01-11,22022,PHX @ DEN,L,97,44.0,28,4.0,2,16,0.433,0.714,0.281,-29.0,Phoenix Suns
0022200623,2023-01-11,22022,SAS @ MEM,L,129,48.0,33,7.0,11,12,0.467,0.783,0.324,-6.0,San Antonio Spurs
0022200623,2023-01-11,22022,MEM vs. SAS,W,135,57.0,19,6.0,8,13,0.515,0.68,0.636,6.0,Memphis Grizzlies
0022200619,2023-01-11,22022,WAS vs. CHI,W,100,52.0,21,5.0,3,17,0.463,0.81,0.304,3.0,Washington Wizards
0022200621,2023-01-11,22022,NOP @ BOS,L,114,33.0,22,5.0,4,9,0.517,0.765,0.367,-11.0,New Orleans Pelicans
0022200622,2023-01-11,22022,IND @ NYK,L,113,41.0,27,8.0,5,13,0.478,0.714,0.308,-6.0,Indiana Pacers
0022200627,2023-01-12,22022,BKN vs. BOS,L,98,31.0,26,8.0,9,12,0.452,0.818,0.382,-11.0,Brooklyn Nets
0022200627,2023-01-12,22022,BOS @ BKN,W,109,48.0,23,4.0,6,13,0.477,0.882,0.333,11.0,Boston Celtics
0022200629,2023-01-12,22022,TOR vs. CHA,W,124,32.0,30,15.0,4,9,0.518,0.778,0.357,10.0,Toronto Raptors
0022200629,2023-01-12,22022,CHA @ TOR,L,114,42.0,27,6.0,5,22,0.532,0.704,0.394,-10.0,Charlotte Hornets
0022200628,2023-01-12,22022,MIA vs. MIL,W,108,61.0,22,8.0,1,13,0.442,0.938,0.265,6.0,Miami Heat
0022200626,2023-01-12,22022,PHI vs. OKC,L,114,39.0,30,4.0,3,17,0.443,0.926,0.306,-19.0,Philadelphia 76ers
0022200631,2023-01-12,22022,POR vs. CLE,L,113,36.0,17,6.0,4,16,0.513,0.759,0.333,-6.0,Portland Trail Blazers
0022200626,2023-01-12,22022,OKC @ PHI,W,133,39.0,28,7.0,6,11,0.512,0.939,0.424,19.0,Oklahoma City Thunder
0022200630,2023-01-12,22022,LAL vs. DAL,L,115,56.0,24,7.0,4,9,0.393,0.63,0.244,-4.0,Los Angeles Lakers
0022200631,2023-01-12,22022,CLE @ POR,W,119,44.0,28,6.0,1,11,0.494,0.774,0.318,6.0,Cleveland Cavaliers
0022200630,2023-01-12,22022,DAL @ LAL,W,119,54.0,25,4.0,9,16,0.5,0.529,0.333,4.0,Dallas Mavericks
0022200628,2023-01-12,22022,MIL @ MIA,L,102,39.0,20,10.0,2,10,0.402,0.667,0.386,-6.0,Milwaukee Bucks
0022200633,2023-01-13,22022,IND vs. ATL,L,111,51.0,24,8.0,9,12,0.396,0.828,0.233,-2.0,Indiana Pacers
0022200634,2023-01-13,22022,NYK @ WAS,W,112,54.0,15,3.0,6,7,0.446,0.71,0.276,4.0,New York Knicks
0022200635,2023-01-13,22022,SAS vs. GSW,L,113,38.0,26,6.0,3,15,0.455,0.735,0.364,-31.0,San Antonio Spurs
0022200639,2023-01-13,22022,DEN @ LAC,W,115,43.0,24,7.0,4,10,0.5,0.76,0.424,12.0,Denver Nuggets
0022200637,2023-01-13,22022,PHX @ MIN,L,116,43.0,28,10.0,3,19,0.477,0.833,0.609,-5.0,Phoenix Suns
0022200639,2023-01-13,22022,LAC vs. DEN,L,103,43.0,20,6.0,3,12,0.471,0.786,0.345,-12.0,Los Angeles Clippers
0022200638,2023-01-13,22022,UTA vs. ORL,W,112,59.0,15,9.0,11,24,0.434,0.725,0.314,4.0,Utah Jazz
0022200636,2023-01-13,22022,OKC @ CHI,W,124,46.0,22,12.0,6,10,0.511,0.864,0.333,14.0,Oklahoma City Thunder
0022200637,2023-01-13,22022,MIN vs. PHX,W,121,37.0,24,13.0,3,14,0.522,0.85,0.357,5.0,Minnesota Timberwolves
0022200638,2023-01-13,22022,ORL @ UTA,L,108,40.0,23,13.0,3,15,0.438,0.625,0.389,-4.0,Orlando Magic
0022200640,2023-01-13,22022,SAC vs. HOU,W,139,46.0,34,10.0,8,14,0.547,0.862,0.5,25.0,Sacramento Kings
0022200636,2023-01-13,22022,CHI vs. OKC,L,110,42.0,30,7.0,5,16,0.447,0.917,0.316,-14.0,Chicago Bulls
0022200635,2023-01-13,22022,GSW @ SAS,W,144,55.0,33,9.0,6,12,0.545,0.8,0.375,31.0,Golden State Warriors
0022200640,2023-01-13,22022,HOU @ SAC,L,114,34.0,23,10.0,4,15,0.473,0.64,0.324,-25.0,Houston Rockets
0022200632,2023-01-13,22022,DET vs. NOP,L,110,42.0,20,7.0,3,13,0.478,0.708,0.233,-6.0,Detroit Pistons
0022200632,2023-01-13,22022,NOP @ DET,W,116,48.0,29,7.0,3,16,0.488,0.7,0.355,6.0,New Orleans Pelicans
0022200633,2023-01-13,22022,ATL @ IND,W,113,50.0,26,6.0,9,13,0.436,0.714,0.485,2.0,Atlanta Hawks
0022200634,2023-01-13,22022,WAS vs. NYK,L,108,50.0,18,3.0,4,7,0.387,0.885,0.31,-4.0,Washington Wizards
0022200645,2023-01-14,22022,CLE @ MIN,L,102,40.0,24,5.0,2,18,0.487,0.87,0.286,-8.0,Cleveland Cavaliers
0022200645,2023-01-14,22022,MIN vs. CLE,W,110,31.0,22,10.0,5,13,0.563,0.733,0.321,8.0,Minnesota Timberwolves
0022200643,2023-01-14,22022,MEM @ IND,W,130,45.0,32,11.0,8,15,0.552,0.786,0.375,18.0,Memphis Grizzlies
0022200647,2023-01-14,22022,POR vs. DAL,W,136,47.0,34,7.0,4,9,0.557,0.955,0.415,17.0,Portland Trail Blazers
0022200644,2023-01-14,22022,ATL @ TOR,W,114,40.0,19,6.0,4,11,0.512,0.944,0.407,11.0,Atlanta Hawks
0022200642,2023-01-14,22022,BOS @ CHA,W,122,46.0,35,8.0,4,7,0.475,0.9,0.358,16.0,Boston Celtics
0022200642,2023-01-14,22022,CHA vs. BOS,L,106,46.0,21,3.0,2,11,0.466,0.842,0.296,-16.0,Charlotte Hornets
0022200641,2023-01-14,22022,MIL @ MIA,L,95,32.0,26,7.0,2,10,0.405,0.667,0.396,-16.0,Milwaukee Bucks
0022200644,2023-01-14,22022,TOR vs. ATL,L,103,43.0,19,9.0,3,12,0.414,0.8,0.241,-11.0,Toronto Raptors
0022200646,2023-01-14,22022,UTA vs. PHI,L,117,48.0,20,5.0,6,10,0.478,0.826,0.3,-1.0,Utah Jazz
0022200643,2023-01-14,22022,IND vs. MEM,L,112,49.0,26,5.0,8,19,0.369,0.893,0.234,-18.0,Indiana Pacers
0022200647,2023-01-14,22022,DAL @ POR,L,119,25.0,28,4.0,3,10,0.524,0.579,0.478,-17.0,Dallas Mavericks
0022200641,2023-01-14,22022,MIA vs. MIL,W,111,51.0,17,9.0,3,11,0.517,0.833,0.5,16.0,Miami Heat
0022200646,2023-01-14,22022,PHI @ UTA,W,118,37.0,23,5.0,5,8,0.449,0.808,0.436,1.0,Philadelphia 76ers
0022200650,2023-01-15,22022,CHI vs. GSW,W,132,38.0,29,12.0,1,10,0.505,0.875,0.385,14.0,Chicago Bulls
0022200651,2023-01-15,22022,BKN vs. OKC,L,102,51.0,24,4.0,7,15,0.429,0.632,0.293,-10.0,Brooklyn Nets
0022200648,2023-01-15,22022,NYK @ DET,W,117,52.0,17,3.0,6,6,0.455,0.806,0.4,13.0,New York Knicks
0022200654,2023-01-15,22022,DAL @ POR,L,123,39.0,31,3.0,2,9,0.461,0.818,0.333,-17.0,Dallas Mavericks
0022200650,2023-01-15,22022,GSW @ CHI,L,118,40.0,35,6.0,4,23,0.494,0.682,0.412,-14.0,Golden State Warriors
0022200655,2023-01-15,22022,PHI @ LAL,W,113,38.0,29,3.0,7,9,0.506,0.789,0.353,1.0,Philadelphia 76ers
0022200649,2023-01-15,22022,LAC vs. HOU,W,121,44.0,21,13.0,6,15,0.523,0.714,0.438,21.0,Los Angeles Clippers
0022200651,2023-01-15,22022,OKC @ BKN,W,112,50.0,21,5.0,7,8,0.444,0.769,0.387,10.0,Oklahoma City Thunder
0022200649,2023-01-15,22022,HOU @ LAC,L,100,39.0,22,8.0,6,20,0.452,0.739,0.226,-21.0,Houston Rockets
0022200654,2023-01-15,22022,POR vs. DAL,W,140,41.0,28,3.0,6,7,0.506,0.881,0.386,17.0,Portland Trail Blazers
0022200653,2023-01-15,22022,ORL @ DEN,L,116,39.0,24,7.0,2,13,0.488,0.794,0.241,-3.0,Orlando Magic
0022200652,2023-01-15,22022,SAC @ SAS,W,132,38.0,24,5.0,2,5,0.551,0.8,0.467,13.0,Sacramento Kings
0022200648,2023-01-15,22022,DET vs. NYK,L,104,38.0,23,4.0,4,11,0.446,0.8,0.409,-13.0,Detroit Pistons
0022200655,2023-01-15,22022,LAL vs. PHI,L,112,38.0,28,4.0,6,9,0.552,0.769,0.3,-1.0,Los Angeles Lakers
0022200653,2023-01-15,22022,DEN vs. ORL,W,119,41.0,32,10.0,5,15,0.539,0.526,0.333,3.0,Denver Nuggets
0022200652,2023-01-15,22022,SAS vs. SAC,L,119,40.0,27,1.0,3,10,0.516,0.65,0.385,-13.0,San Antonio Spurs
0022200660,2023-01-16,22022,WAS vs. GSW,L,118,36.0,31,7.0,2,14,0.488,0.87,0.4,-9.0,Washington Wizards
0022200659,2023-01-16,22022,TOR @ NYK,W,123,42.0,27,8.0,12,6,0.396,0.829,0.295,2.0,Toronto Raptors
0022200664,2023-01-16,22022,LAL vs. HOU,W,140,39.0,23,4.0,5,2,0.538,0.857,0.364,8.0,Los Angeles Lakers
0022200658,2023-01-16,22022,CLE vs. NOP,W,113,43.0,22,5.0,4,15,0.488,0.788,0.321,10.0,Cleveland Cavaliers
0022200663,2023-01-16,22022,MEM vs. PHX,W,136,51.0,29,8.0,6,10,0.531,0.8,0.432,30.0,Memphis Grizzlies
0022200657,2023-01-16,22022,IND @ MIL,L,119,37.0,29,6.0,5,15,0.512,0.933,0.475,-13.0,Indiana Pacers
0022200659,2023-01-16,22022,NYK vs. TOR,L,121,54.0,17,3.0,5,11,0.424,0.8,0.29,-2.0,New York Knicks
0022200660,2023-01-16,22022,GSW @ WAS,W,127,43.0,28,8.0,1,12,0.495,0.905,0.409,9.0,Golden State Warriors
0022200663,2023-01-16,22022,PHX @ MEM,L,106,37.0,33,4.0,4,15,0.438,0.947,0.303,-30.0,Phoenix Suns
0022200658,2023-01-16,22022,NOP @ CLE,L,103,28.0,26,9.0,1,17,0.507,0.773,0.37,-10.0,New Orleans Pelicans
0022200661,2023-01-16,22022,MIA @ ATL,L,113,41.0,30,10.0,4,14,0.483,0.95,0.258,-8.0,Miami Heat
0022200657,2023-01-16,22022,MIL vs. IND,W,132,41.0,32,9.0,1,13,0.527,0.867,0.5,13.0,Milwaukee Bucks
0022200664,2023-01-16,22022,HOU @ LAL,L,132,48.0,28,0.0,7,8,0.49,0.742,0.367,-8.0,Houston Rockets
0022200661,2023-01-16,22022,ATL vs. MIA,W,121,28.0,27,9.0,5,16,0.592,0.818,0.481,8.0,Atlanta Hawks
0022200662,2023-01-16,22022,UTA @ MIN,W,126,50.0,25,0.0,5,18,0.536,0.821,0.382,1.0,Utah Jazz
0022200656,2023-01-16,22022,CHA vs. BOS,L,118,38.0,26,7.0,2,5,0.456,0.767,0.419,-12.0,Charlotte Hornets
0022200656,2023-01-16,22022,BOS @ CHA,W,130,47.0,34,1.0,4,11,0.494,0.96,0.465,12.0,Boston Celtics
0022200662,2023-01-16,22022,MIN vs. UTA,L,125,41.0,28,9.0,6,5,0.455,0.833,0.439,-1.0,Minnesota Timberwolves
0022200668,2023-01-17,22022,PHI @ LAC,W,120,33.0,25,12.0,4,14,0.534,0.853,0.419,10.0,Philadelphia 76ers
0022200665,2023-01-17,22022,MIL vs. TOR,W,130,42.0,24,5.0,5,11,0.535,0.905,0.487,8.0,Milwaukee Bucks
0022200667,2023-01-17,22022,POR @ DEN,L,113,35.0,21,3.0,4,13,0.458,0.96,0.325,-9.0,Portland Trail Blazers
0022200666,2023-01-17,22022,BKN @ SAS,L,98,49.0,22,10.0,8,21,0.42,0.875,0.13,-8.0,Brooklyn Nets
0022200668,2023-01-17,22022,LAC vs. PHI,L,110,33.0,20,4.0,5,18,0.5,0.8,0.353,-10.0,Los Angeles Clippers
0022200666,2023-01-17,22022,SAS vs. BKN,W,106,54.0,23,12.0,4,15,0.381,0.893,0.206,8.0,San Antonio Spurs
0022200665,2023-01-17,22022,TOR @ MIL,L,122,50.0,20,7.0,5,9,0.455,0.63,0.371,-8.0,Toronto Raptors
0022200667,2023-01-17,22022,DEN vs. POR,W,122,42.0,32,8.0,6,11,0.5,0.821,0.344,9.0,Denver Nuggets
0022200676,2023-01-18,22022,MIN @ DEN,L,118,36.0,26,6.0,10,17,0.519,0.786,0.375,-4.0,Minnesota Timberwolves
0022200669,2023-01-18,22022,NYK vs. WAS,L,105,49.0,14,9.0,4,9,0.417,0.667,0.269,-11.0,New York Knicks
0022200676,2023-01-18,22022,DEN vs. MIN,W,122,34.0,27,10.0,2,14,0.529,0.75,0.381,4.0,Denver Nuggets
0022200672,2023-01-18,22022,MEM vs. CLE,W,115,42.0,22,10.0,7,8,0.454,0.727,0.324,1.0,Memphis Grizzlies
0022200669,2023-01-18,22022,WAS @ NYK,W,116,52.0,28,5.0,9,13,0.442,0.842,0.381,11.0,Washington Wizards
0022200671,2023-01-18,22022,HOU vs. CHA,L,117,47.0,21,4.0,5,19,0.505,0.75,0.313,-5.0,Houston Rockets
0022200673,2023-01-18,22022,MIA @ NOP,W,124,43.0,37,11.0,2,9,0.532,0.75,0.343,26.0,Miami Heat
0022200674,2023-01-18,22022,IND @ OKC,L,106,48.0,23,9.0,10,23,0.415,0.667,0.364,-20.0,Indiana Pacers
0022200677,2023-01-18,22022,LAL vs. SAC,L,111,36.0,26,9.0,3,6,0.483,0.778,0.324,-5.0,Los Angeles Lakers
0022200675,2023-01-18,22022,LAC @ UTA,L,103,50.0,23,1.0,6,13,0.402,0.667,0.441,-23.0,Los Angeles Clippers
0022200670,2023-01-18,22022,DAL vs. ATL,L,122,31.0,26,5.0,3,16,0.524,0.75,0.381,-8.0,Dallas Mavericks
0022200670,2023-01-18,22022,ATL @ DAL,W,130,35.0,28,7.0,4,12,0.57,0.95,0.5,8.0,Atlanta Hawks
0022200672,2023-01-18,22022,CLE @ MEM,L,114,47.0,29,4.0,7,16,0.512,0.667,0.457,-1.0,Cleveland Cavaliers
0022200674,2023-01-18,22022,OKC vs. IND,W,126,42.0,41,12.0,7,17,0.505,0.762,0.421,20.0,Oklahoma City Thunder
0022200671,2023-01-18,22022,CHA @ HOU,W,122,37.0,27,14.0,10,9,0.5,0.68,0.25,5.0,Charlotte Hornets
0022200675,2023-01-18,22022,UTA vs. LAC,W,126,44.0,26,4.0,7,8,0.517,0.773,0.594,23.0,Utah Jazz
0022200673,2023-01-18,22022,NOP vs. MIA,L,98,38.0,27,5.0,3,18,0.463,0.611,0.433,-26.0,New Orleans Pelicans
0022200677,2023-01-18,22022,SAC @ LAL,W,116,47.0,23,3.0,5,11,0.494,0.778,0.3,5.0,Sacramento Kings
0022200678,2023-01-19,22022,CHI @ DET,W,126,48.0,23,11.0,8,14,0.543,0.905,0.304,18.0,Chicago Bulls
0022200679,2023-01-19,22022,GSW @ BOS,L,118,47.0,28,10.0,7,16,0.4,0.87,0.346,-3.0,Golden State Warriors
0022200680,2023-01-19,22022,TOR @ MIN,L,126,38.0,26,8.0,6,16,0.529,0.741,0.5,-2.0,Toronto Raptors
0022200678,2023-01-19,22022,DET vs. CHI,L,108,49.0,25,7.0,3,15,0.402,0.815,0.235,-18.0,Detroit Pistons
0022200680,2023-01-19,22022,MIN vs. TOR,W,128,37.0,31,12.0,5,15,0.506,0.913,0.425,2.0,Minnesota Timberwolves
0022200682,2023-01-19,22022,POR vs. PHI,L,95,44.0,19,4.0,3,15,0.376,0.759,0.243,-10.0,Portland Trail Blazers
0022200681,2023-01-19,22022,BKN @ PHX,L,112,34.0,27,10.0,6,12,0.524,0.6,0.423,-5.0,Brooklyn Nets
0022200679,2023-01-19,22022,BOS vs. GSW,W,121,63.0,21,10.0,5,17,0.398,0.733,0.317,3.0,Boston Celtics
0022200681,2023-01-19,22022,PHX vs. BKN,W,117,49.0,30,4.0,3,16,0.459,0.683,0.393,5.0,Phoenix Suns
0022200682,2023-01-19,22022,PHI @ POR,W,105,43.0,24,8.0,8,12,0.506,0.789,0.308,10.0,Philadelphia 76ers
0022200684,2023-01-20,22022,ATL vs. NYK,W,139,39.0,27,6.0,4,7,0.56,0.875,0.382,15.0,Atlanta Hawks
0022200691,2023-01-20,22022,SAC vs. OKC,W,118,53.0,25,1.0,2,15,0.471,0.857,0.316,5.0,Sacramento Kings
0022200689,2023-01-20,22022,UTA vs. BKN,L,106,46.0,24,6.0,1,10,0.42,0.696,0.41,-11.0,Utah Jazz
0022200691,2023-01-20,22022,OKC @ SAC,L,113,36.0,21,4.0,1,9,0.484,0.636,0.4,-5.0,Oklahoma City Thunder
0022200687,2023-01-20,22022,LAC @ SAS,W,131,32.0,31,4.0,2,9,0.63,0.7,0.536,5.0,Los Angeles Clippers
0022200685,2023-01-20,22022,GSW @ CLE,W,120,45.0,25,9.0,4,17,0.488,0.684,0.535,6.0,Golden State Warriors
0022200688,2023-01-20,22022,DEN vs. IND,W,134,38.0,38,16.0,4,16,0.614,0.692,0.5,23.0,Denver Nuggets
0022200684,2023-01-20,22022,NYK @ ATL,L,124,34.0,27,5.0,3,12,0.59,0.765,0.433,-15.0,New York Knicks
0022200683,2023-01-20,22022,NOP @ ORL,L,110,39.0,29,9.0,5,10,0.451,0.75,0.286,-13.0,New Orleans Pelicans
0022200685,2023-01-20,22022,CLE vs. GSW,L,114,35.0,24,7.0,8,15,0.5,0.842,0.424,-6.0,Cleveland Cavaliers
0022200690,2023-01-20,22022,MEM @ LAL,L,121,63.0,24,6.0,7,14,0.422,0.65,0.31,-1.0,Memphis Grizzlies
0022200690,2023-01-20,22022,LAL vs. MEM,W,122,47.0,24,7.0,7,9,0.409,0.805,0.317,1.0,Los Angeles Lakers
0022200686,2023-01-20,22022,MIA @ DAL,L,90,39.0,15,3.0,1,15,0.478,0.741,0.2,-25.0,Miami Heat
0022200687,2023-01-20,22022,SAS vs. LAC,L,126,34.0,34,3.0,1,6,0.573,0.714,0.538,-5.0,San Antonio Spurs
0022200689,2023-01-20,22022,BKN @ UTA,W,117,42.0,26,7.0,6,9,0.538,0.65,0.439,11.0,Brooklyn Nets
0022200683,2023-01-20,22022,ORL vs. NOP,W,123,42.0,28,2.0,5,14,0.52,0.882,0.5,13.0,Orlando Magic
0022200686,2023-01-20,22022,DAL vs. MIA,W,115,37.0,21,7.0,1,10,0.463,0.821,0.474,25.0,Dallas Mavericks
0022200688,2023-01-20,22022,IND @ DEN,L,111,39.0,23,7.0,2,21,0.44,0.784,0.25,-23.0,Indiana Pacers
0022200696,2023-01-21,22022,HOU @ MIN,L,104,56.0,24,4.0,6,21,0.481,0.576,0.375,-9.0,Houston Rockets
0022200692,2023-01-21,22022,BOS @ TOR,W,106,41.0,25,9.0,8,15,0.447,0.933,0.457,2.0,Boston Celtics
0022200698,2023-01-21,22022,SAC vs. PHI,L,127,29.0,28,6.0,5,8,0.548,0.759,0.394,-2.0,Sacramento Kings
0022200697,2023-01-21,22022,PHX vs. IND,W,112,55.0,27,9.0,8,15,0.418,0.686,0.387,5.0,Phoenix Suns
0022200694,2023-01-21,22022,ATL vs. CHA,L,118,40.0,24,5.0,4,16,0.542,0.85,0.44,-4.0,Atlanta Hawks
0022200695,2023-01-21,22022,MIL @ CLE,L,102,36.0,24,3.0,6,14,0.453,0.909,0.359,-12.0,Milwaukee Bucks
0022200696,2023-01-21,22022,MIN vs. HOU,W,113,30.0,20,12.0,9,11,0.458,0.833,0.415,9.0,Minnesota Timberwolves
0022200694,2023-01-21,22022,CHA @ ATL,W,122,36.0,28,11.0,2,12,0.506,0.864,0.382,4.0,Charlotte Hornets
0022200693,2023-01-21,22022,WAS vs. ORL,W,138,46.0,34,6.0,5,8,0.537,0.72,0.529,20.0,Washington Wizards
0022200692,2023-01-21,22022,TOR vs. BOS,L,104,41.0,24,7.0,9,14,0.535,0.714,0.368,-2.0,Toronto Raptors
0022200698,2023-01-21,22022,PHI @ SAC,W,129,46.0,27,4.0,3,15,0.527,0.826,0.429,2.0,Philadelphia 76ers
0022200697,2023-01-21,22022,IND @ PHX,L,107,48.0,22,10.0,4,14,0.375,0.846,0.351,-5.0,Indiana Pacers
0022200693,2023-01-21,22022,ORL @ WAS,L,118,41.0,24,3.0,10,10,0.467,0.833,0.412,-20.0,Orlando Magic
0022200695,2023-01-21,22022,CLE vs. MIL,W,114,41.0,33,9.0,3,9,0.558,0.647,0.318,12.0,Cleveland Cavaliers
0022200699,2023-01-22,22022,NOP @ MIA,L,96,41.0,24,17.0,4,24,0.474,0.778,0.267,-4.0,New Orleans Pelicans
0022200703,2023-01-22,22022,PHX vs. MEM,W,112,40.0,25,10.0,5,16,0.443,0.84,0.371,2.0,Phoenix Suns
0022200702,2023-01-22,22022,DEN vs. OKC,L,99,42.0,22,7.0,5,9,0.439,0.515,0.357,-2.0,Denver Nuggets
0022200701,2023-01-22,22022,DAL vs. LAC,L,98,38.0,15,3.0,3,10,0.438,0.577,0.371,-14.0,Dallas Mavericks
0022200699,2023-01-22,22022,MIA vs. NOP,W,100,42.0,17,16.0,1,21,0.438,0.815,0.235,4.0,Miami Heat
0022200704,2023-01-22,22022,BKN @ GSW,W,120,42.0,30,4.0,7,15,0.544,0.645,0.519,4.0,Brooklyn Nets
0022200705,2023-01-22,22022,LAL @ POR,W,121,51.0,23,5.0,5,12,0.523,0.778,0.333,9.0,Los Angeles Lakers
0022200700,2023-01-22,22022,TOR vs. NYK,W,125,45.0,21,12.0,4,7,0.456,0.8,0.441,9.0,Toronto Raptors
0022200704,2023-01-22,22022,GSW vs. BKN,L,116,42.0,28,10.0,2,10,0.456,0.778,0.406,-4.0,Golden State Warriors
0022200701,2023-01-22,22022,LAC @ DAL,W,112,46.0,20,6.0,3,10,0.455,0.968,0.429,14.0,Los Angeles Clippers
0022200705,2023-01-22,22022,POR vs. LAL,L,112,38.0,24,5.0,7,11,0.43,0.84,0.37,-9.0,Portland Trail Blazers
0022200703,2023-01-22,22022,MEM @ PHX,L,110,52.0,28,8.0,4,20,0.435,0.704,0.344,-2.0,Memphis Grizzlies
0022200702,2023-01-22,22022,OKC @ DEN,W,101,50.0,21,4.0,5,8,0.449,0.875,0.269,2.0,Oklahoma City Thunder
0022200700,2023-01-22,22022,NYK @ TOR,L,116,47.0,30,4.0,4,16,0.488,0.692,0.439,-9.0,New York Knicks
0022200709,2023-01-23,22022,MIN @ HOU,L,114,41.0,19,8.0,7,19,0.451,0.727,0.381,-5.0,Minnesota Timberwolves
0022200711,2023-01-23,22022,SAS @ POR,L,127,40.0,30,7.0,4,15,0.522,0.769,0.481,-20.0,San Antonio Spurs
0022200710,2023-01-23,22022,UTA vs. CHA,W,120,46.0,25,8.0,4,16,0.477,0.846,0.4,18.0,Utah Jazz
0022200706,2023-01-23,22022,MIL @ DET,W,150,50.0,38,11.0,6,18,0.561,0.708,0.442,20.0,Milwaukee Bucks
0022200707,2023-01-23,22022,BOS @ ORL,L,98,37.0,24,5.0,4,18,0.434,0.727,0.391,-15.0,Boston Celtics
0022200710,2023-01-23,22022,CHA @ UTA,L,102,42.0,22,8.0,7,14,0.447,0.706,0.125,-18.0,Charlotte Hornets
0022200708,2023-01-23,22022,CHI vs. ATL,W,111,47.0,28,13.0,3,9,0.463,0.667,0.324,11.0,Chicago Bulls
0022200709,2023-01-23,22022,HOU vs. MIN,W,119,47.0,24,11.0,5,20,0.5,0.667,0.367,5.0,Houston Rockets
0022200707,2023-01-23,22022,ORL vs. BOS,W,113,40.0,22,10.0,3,10,0.512,0.667,0.407,15.0,Orlando Magic
0022200711,2023-01-23,22022,POR vs. SAS,W,147,36.0,34,11.0,4,9,0.598,0.773,0.606,20.0,Portland Trail Blazers
0022200708,2023-01-23,22022,ATL @ CHI,L,100,43.0,24,6.0,4,18,0.459,0.632,0.303,-11.0,Atlanta Hawks
0022200712,2023-01-23,22022,SAC vs. MEM,W,133,53.0,37,10.0,5,24,0.557,0.929,0.55,33.0,Sacramento Kings
0022200712,2023-01-23,22022,MEM @ SAC,L,100,31.0,28,14.0,3,15,0.408,0.8,0.333,-33.0,Memphis Grizzlies
0022200706,2023-01-23,22022,DET vs. MIL,L,130,41.0,26,10.0,3,20,0.494,0.775,0.406,-20.0,Detroit Pistons
0022200718,2023-01-24,22022,PHX vs. CHA,W,128,55.0,38,3.0,10,17,0.5,0.923,0.564,31.0,Phoenix Suns
0022200717,2023-01-24,22022,WAS @ DAL,W,127,41.0,28,7.0,3,10,0.506,0.78,0.367,1.0,Washington Wizards
0022200716,2023-01-24,22022,NOP vs. DEN,L,98,43.0,18,5.0,3,14,0.447,0.85,0.192,-1.0,New Orleans Pelicans
0022200718,2023-01-24,22022,CHA @ PHX,L,97,40.0,19,10.0,5,13,0.406,0.722,0.24,-31.0,Charlotte Hornets
0022200714,2023-01-24,22022,MIA vs. BOS,W,98,51.0,21,7.0,2,7,0.362,0.783,0.364,3.0,Miami Heat
0022200713,2023-01-24,22022,IND vs. CHI,W,116,45.0,24,9.0,10,6,0.424,0.786,0.27,6.0,Indiana Pacers
0022200715,2023-01-24,22022,CLE @ NYK,L,103,41.0,29,8.0,4,10,0.46,0.688,0.364,-2.0,Cleveland Cavaliers
0022200716,2023-01-24,22022,DEN @ NOP,W,99,34.0,27,8.0,5,12,0.488,0.769,0.333,1.0,Denver Nuggets
0022200717,2023-01-24,22022,DAL vs. WAS,L,126,38.0,24,6.0,2,9,0.528,0.846,0.333,-1.0,Dallas Mavericks
0022200714,2023-01-24,22022,BOS @ MIA,L,95,44.0,21,5.0,6,17,0.432,0.778,0.313,-3.0,Boston Celtics
0022200719,2023-01-24,22022,LAC @ LAL,W,133,47.0,25,4.0,9,12,0.607,0.8,0.5,18.0,Los Angeles Clippers
0022200713,2023-01-24,22022,CHI @ IND,L,110,45.0,19,5.0,5,16,0.489,0.76,0.208,-6.0,Chicago Bulls
0022200719,2023-01-24,22022,LAL vs. LAC,L,115,32.0,21,8.0,4,6,0.442,0.625,0.4,-18.0,Los Angeles Lakers
0022200715,2023-01-24,22022,NYK vs. CLE,W,105,42.0,25,4.0,3,15,0.493,0.667,0.515,2.0,New York Knicks
0022200729,2023-01-25,22022,LAL vs. SAS,W,113,56.0,25,12.0,9,19,0.444,0.767,0.303,9.0,Los Angeles Lakers
0022200728,2023-01-25,22022,TOR @ SAC,W,113,41.0,28,12.0,8,9,0.495,0.714,0.3,18.0,Toronto Raptors
0022200723,2023-01-25,22022,MIL vs. DEN,W,107,49.0,16,11.0,7,22,0.474,0.714,0.433,8.0,Milwaukee Bucks
0022200726,2023-01-25,22022,MEM @ GSW,L,120,36.0,26,10.0,3,13,0.477,0.703,0.323,-2.0,Memphis Grizzlies
0022200727,2023-01-25,22022,UTA @ POR,L,124,35.0,32,5.0,5,13,0.522,0.667,0.488,-10.0,Utah Jazz
0022200721,2023-01-25,22022,PHI vs. BKN,W,137,36.0,26,10.0,4,9,0.512,0.972,0.474,4.0,Philadelphia 76ers
0022200725,2023-01-25,22022,ATL @ OKC,W,137,46.0,26,5.0,6,16,0.595,0.788,0.379,5.0,Atlanta Hawks
0022200722,2023-01-25,22022,WAS @ HOU,W,108,48.0,27,13.0,7,7,0.398,0.783,0.316,5.0,Washington Wizards
0022200720,2023-01-25,22022,ORL vs. IND,W,126,34.0,34,8.0,7,17,0.561,0.76,0.536,6.0,Orlando Magic
0022200725,2023-01-25,22022,OKC vs. ATL,L,132,37.0,31,12.0,2,11,0.52,0.688,0.441,-5.0,Oklahoma City Thunder
0022200724,2023-01-25,22022,MIN @ NOP,W,111,36.0,23,8.0,5,9,0.488,0.714,0.379,9.0,Minnesota Timberwolves
0022200727,2023-01-25,22022,POR vs. UTA,W,134,41.0,26,9.0,4,10,0.573,0.833,0.472,10.0,Portland Trail Blazers
0022200724,2023-01-25,22022,NOP vs. MIN,L,102,42.0,25,4.0,7,14,0.435,0.762,0.316,-9.0,New Orleans Pelicans
0022200729,2023-01-25,22022,SAS @ LAL,L,104,48.0,22,11.0,2,14,0.377,0.889,0.235,-9.0,San Antonio Spurs
0022200721,2023-01-25,22022,BKN @ PHI,L,133,31.0,29,3.0,4,16,0.645,0.778,0.538,-4.0,Brooklyn Nets
0022200728,2023-01-25,22022,SAC vs. TOR,L,95,34.0,29,6.0,2,19,0.479,0.923,0.406,-18.0,Sacramento Kings
0022200722,2023-01-25,22022,HOU vs. WAS,L,103,57.0,29,5.0,10,14,0.433,0.7,0.179,-5.0,Houston Rockets
0022200723,2023-01-25,22022,DEN @ MIL,L,99,51.0,21,9.0,5,19,0.392,0.75,0.324,-8.0,Denver Nuggets
0022200726,2023-01-25,22022,GSW vs. MEM,W,122,44.0,33,7.0,5,21,0.506,0.786,0.438,2.0,Golden State Warriors
0022200720,2023-01-25,22022,IND @ ORL,L,120,32.0,25,14.0,5,14,0.482,0.793,0.429,-6.0,Indiana Pacers
0022200734,2023-01-26,22022,PHX vs. DAL,L,95,50.0,24,4.0,6,7,0.407,0.75,0.406,-4.0,Phoenix Suns
0022200733,2023-01-26,22022,HOU vs. CLE,L,95,46.0,24,5.0,6,22,0.513,0.6,0.238,-18.0,Houston Rockets
0022200734,2023-01-26,22022,DAL @ PHX,W,99,43.0,20,3.0,3,7,0.429,0.714,0.382,4.0,Dallas Mavericks
0022200731,2023-01-26,22022,DET @ BKN,W,130,48.0,27,12.0,5,11,0.505,0.885,0.407,8.0,Detroit Pistons
0022200735,2023-01-26,22022,LAC vs. SAS,W,138,37.0,26,9.0,9,5,0.584,0.762,0.474,38.0,Los Angeles Clippers
0022200732,2023-01-26,22022,CHA vs. CHI,W,111,52.0,24,8.0,5,14,0.464,0.839,0.219,15.0,Charlotte Hornets
0022200730,2023-01-26,22022,BOS vs. NYK,L,117,54.0,22,4.0,4,13,0.41,0.826,0.348,-3.0,Boston Celtics
0022200733,2023-01-26,22022,CLE @ HOU,W,113,36.0,29,12.0,4,9,0.46,0.818,0.417,18.0,Cleveland Cavaliers
0022200731,2023-01-26,22022,BKN vs. DET,L,122,40.0,24,5.0,6,16,0.457,0.852,0.342,-8.0,Brooklyn Nets
0022200730,2023-01-26,22022,NYK @ BOS,W,120,50.0,17,5.0,5,8,0.458,0.826,0.342,3.0,New York Knicks
0022200732,2023-01-26,22022,CHI @ CHA,L,96,43.0,16,8.0,2,13,0.407,0.818,0.16,-15.0,Chicago Bulls
0022200735,2023-01-26,22022,SAS @ LAC,L,100,42.0,24,2.0,1,12,0.451,0.643,0.333,-38.0,San Antonio Spurs
0022200739,2023-01-27,22022,CLE @ OKC,L,100,37.0,27,9.0,5,10,0.443,0.778,0.276,-12.0,Cleveland Cavaliers
0022200739,2023-01-27,22022,OKC vs. CLE,W,112,46.0,19,5.0,2,14,0.526,0.88,0.556,12.0,Oklahoma City Thunder
0022200740,2023-01-27,22022,GSW vs. TOR,W,129,43.0,40,5.0,1,12,0.556,0.733,0.419,12.0,Golden State Warriors
0022200736,2023-01-27,22022,MIL @ IND,W,141,50.0,32,11.0,3,16,0.531,0.613,0.419,10.0,Milwaukee Bucks
0022200738,2023-01-27,22022,ORL @ MIA,L,105,40.0,21,5.0,3,20,0.478,0.844,0.353,-5.0,Orlando Magic
0022200740,2023-01-27,22022,TOR @ GSW,L,117,46.0,24,5.0,4,10,0.455,0.619,0.364,-12.0,Toronto Raptors
0022200737,2023-01-27,22022,MEM @ MIN,L,100,47.0,22,14.0,2,20,0.409,0.842,0.242,-11.0,Memphis Grizzlies
0022200737,2023-01-27,22022,MIN vs. MEM,W,111,45.0,31,12.0,6,19,0.512,0.667,0.371,11.0,Minnesota Timberwolves
0022200738,2023-01-27,22022,MIA vs. ORL,W,110,37.0,28,9.0,3,11,0.459,0.846,0.303,5.0,Miami Heat
0022200736,2023-01-27,22022,IND vs. MIL,L,131,38.0,22,10.0,4,13,0.551,0.714,0.394,-10.0,Indiana Pacers
0022200743,2023-01-28,22022,HOU @ DET,W,117,48.0,20,8.0,4,17,0.478,0.778,0.296,3.0,Houston Rockets
0022200750,2023-01-28,22022,DAL @ UTA,L,100,31.0,26,7.0,3,14,0.438,0.706,0.391,-8.0,Dallas Mavericks
0022200743,2023-01-28,22022,DET vs. HOU,L,114,35.0,23,10.0,5,16,0.458,0.774,0.368,-3.0,Detroit Pistons
0022200745,2023-01-28,22022,LAC @ ATL,W,120,37.0,25,5.0,5,14,0.525,0.895,0.487,7.0,Los Angeles Clippers
0022200749,2023-01-28,22022,BOS vs. LAL,W,125,46.0,18,8.0,9,12,0.464,0.872,0.325,3.0,Boston Celtics
0022200748,2023-01-28,22022,SAS vs. PHX,L,118,53.0,32,6.0,4,13,0.44,0.706,0.345,-10.0,San Antonio Spurs
0022200741,2023-01-28,22022,DEN @ PHI,L,119,36.0,28,6.0,6,14,0.543,0.85,0.412,-7.0,Denver Nuggets
0022200741,2023-01-28,22022,PHI vs. DEN,W,126,39.0,31,10.0,2,11,0.517,0.667,0.514,7.0,Philadelphia 76ers
0022200747,2023-01-28,22022,NOP vs. WAS,L,103,42.0,21,9.0,8,10,0.424,0.895,0.276,-10.0,New Orleans Pelicans
0022200747,2023-01-28,22022,WAS @ NOP,W,113,53.0,18,5.0,8,16,0.455,0.759,0.306,10.0,Washington Wizards
0022200749,2023-01-28,22022,LAL @ BOS,L,121,47.0,30,4.0,0,12,0.448,0.75,0.286,-3.0,Los Angeles Lakers
0022200742,2023-01-28,22022,NYK @ BKN,L,115,45.0,19,4.0,4,10,0.511,0.789,0.357,-7.0,New York Knicks
0022200751,2023-01-28,22022,TOR @ POR,W,123,45.0,24,6.0,3,6,0.522,0.944,0.333,18.0,Toronto Raptors
0022200742,2023-01-28,22022,BKN vs. NYK,W,122,35.0,31,5.0,3,8,0.529,0.571,0.55,7.0,Brooklyn Nets
0022200746,2023-01-28,22022,MIN vs. SAC,W,117,44.0,25,5.0,2,19,0.525,0.762,0.459,7.0,Minnesota Timberwolves
0022200751,2023-01-28,22022,POR vs. TOR,L,105,27.0,18,3.0,6,11,0.526,0.783,0.292,-18.0,Portland Trail Blazers
0022200750,2023-01-28,22022,UTA vs. DAL,W,108,49.0,26,9.0,6,16,0.476,0.708,0.361,8.0,Utah Jazz
0022200744,2023-01-28,22022,ORL vs. CHI,L,109,36.0,29,5.0,0,12,0.494,0.708,0.357,-19.0,Orlando Magic
0022200744,2023-01-28,22022,CHI @ ORL,W,128,38.0,30,5.0,6,12,0.593,0.842,0.457,19.0,Chicago Bulls
0022200746,2023-01-28,22022,SAC @ MIN,L,110,36.0,23,5.0,0,9,0.451,0.75,0.273,-7.0,Sacramento Kings
0022200745,2023-01-28,22022,ATL vs. LAC,L,113,47.0,24,12.0,2,8,0.474,0.8,0.259,-7.0,Atlanta Hawks
0022200748,2023-01-28,22022,PHX @ SAS,W,128,52.0,31,7.0,6,9,0.485,0.769,0.333,10.0,Phoenix Suns
0022200754,2023-01-29,22022,CLE vs. LAC,W,122,35.0,35,9.0,7,10,0.564,0.737,0.606,23.0,Cleveland Cavaliers
0022200752,2023-01-29,22022,CHA vs. MIA,W,122,47.0,25,6.0,3,19,0.542,0.773,0.375,5.0,Charlotte Hornets
0022200754,2023-01-29,22022,LAC @ CLE,L,99,45.0,17,6.0,0,13,0.416,0.852,0.105,-23.0,Los Angeles Clippers
0022200753,2023-01-29,22022,IND @ MEM,L,100,38.0,21,4.0,6,17,0.456,0.905,0.281,-12.0,Indiana Pacers
0022200755,2023-01-29,22022,NOP @ MIL,L,110,38.0,25,7.0,3,12,0.441,0.714,0.382,-25.0,New Orleans Pelicans
0022200755,2023-01-29,22022,MIL vs. NOP,W,135,57.0,27,7.0,4,11,0.552,0.6,0.395,25.0,Milwaukee Bucks
0022200752,2023-01-29,22022,MIA @ CHA,L,117,36.0,26,11.0,0,10,0.484,0.739,0.323,-5.0,Miami Heat
0022200753,2023-01-29,22022,MEM vs. IND,W,112,41.0,29,10.0,8,7,0.483,0.773,0.243,12.0,Memphis Grizzlies
0022200758,2023-01-30,22022,MIN vs. SAC,L,111,49.0,26,7.0,3,18,0.467,0.52,0.308,-7.0,Minnesota Timberwolves
0022200761,2023-01-30,22022,DAL vs. DET,W,111,40.0,17,6.0,1,10,0.494,0.697,0.294,6.0,Dallas Mavericks
0022200763,2023-01-30,22022,ATL @ POR,L,125,45.0,26,5.0,0,6,0.468,0.8,0.433,-4.0,Atlanta Hawks
0022200763,2023-01-30,22022,POR vs. ATL,W,129,32.0,24,2.0,7,8,0.544,0.889,0.475,4.0,Portland Trail Blazers
0022200760,2023-01-30,22022,WAS @ SAS,W,127,45.0,32,7.0,8,13,0.558,0.882,0.533,21.0,Washington Wizards
0022200761,2023-01-30,22022,DET @ DAL,L,105,40.0,18,9.0,6,14,0.456,0.704,0.359,-6.0,Detroit Pistons
0022200762,2023-01-30,22022,TOR @ PHX,L,106,44.0,19,9.0,4,13,0.449,0.895,0.273,-8.0,Toronto Raptors
0022200759,2023-01-30,22022,OKC vs. GSW,L,120,43.0,23,10.0,4,16,0.495,0.85,0.458,-8.0,Oklahoma City Thunder
0022200757,2023-01-30,22022,LAL @ BKN,L,104,53.0,24,1.0,3,14,0.393,0.622,0.379,-17.0,Los Angeles Lakers
0022200762,2023-01-30,22022,PHX vs. TOR,W,114,42.0,28,10.0,4,12,0.494,0.81,0.393,8.0,Phoenix Suns
0022200756,2023-01-30,22022,PHI vs. ORL,L,109,45.0,28,8.0,3,19,0.471,0.783,0.367,-10.0,Philadelphia 76ers
0022200758,2023-01-30,22022,SAC @ MIN,W,118,50.0,20,15.0,3,12,0.475,0.682,0.3,7.0,Sacramento Kings
0022200756,2023-01-30,22022,ORL @ PHI,W,119,50.0,23,11.0,6,10,0.424,0.8,0.379,10.0,Orlando Magic
0022200757,2023-01-30,22022,BKN vs. LAL,W,121,50.0,24,8.0,9,9,0.474,0.789,0.39,17.0,Brooklyn Nets
0022200760,2023-01-30,22022,SAS vs. WAS,L,106,43.0,26,6.0,6,10,0.433,0.652,0.241,-21.0,San Antonio Spurs
0022200759,2023-01-30,22022,GSW @ OKC,W,128,44.0,37,9.0,4,15,0.511,0.8,0.426,8.0,Golden State Warriors
0022200764,2023-01-31,22022,MIA @ CLE,W,100,45.0,21,7.0,3,13,0.436,0.72,0.452,3.0,Miami Heat
0022200766,2023-01-31,22022,CHI vs. LAC,L,103,51.0,26,6.0,6,20,0.494,0.714,0.5,-5.0,Chicago Bulls
0022200765,2023-01-31,22022,NYK vs. LAL,L,123,45.0,27,6.0,3,9,0.449,0.875,0.206,-6.0,New York Knicks
0022200767,2023-01-31,22022,CHA @ MIL,L,115,62.0,27,6.0,6,11,0.378,0.769,0.282,-9.0,Charlotte Hornets
0022200766,2023-01-31,22022,LAC @ CHI,W,108,44.0,24,15.0,6,8,0.398,0.846,0.273,5.0,Los Angeles Clippers
0022200765,2023-01-31,22022,LAL @ NYK,W,129,44.0,29,6.0,1,14,0.516,0.71,0.333,6.0,Los Angeles Lakers
0022200768,2023-01-31,22022,NOP @ DEN,L,113,36.0,28,13.0,2,15,0.494,0.84,0.296,-9.0,New Orleans Pelicans
0022200767,2023-01-31,22022,MIL vs. CHA,W,124,66.0,18,7.0,8,12,0.41,0.852,0.341,9.0,Milwaukee Bucks
0022200768,2023-01-31,22022,DEN vs. NOP,W,122,44.0,33,7.0,3,18,0.494,0.833,0.444,9.0,Denver Nuggets
0022200764,2023-01-31,22022,CLE vs. MIA,L,97,39.0,32,9.0,6,13,0.482,0.5,0.275,-3.0,Cleveland Cavaliers
0022200774,2023-02-01,22022,MIN vs. GSW,W,119,53.0,26,5.0,7,11,0.434,0.542,0.28,5.0,Minnesota Timberwolves
0022200770,2023-02-01,22022,PHI vs. ORL,W,105,43.0,27,7.0,4,18,0.436,0.885,0.4,11.0,Philadelphia 76ers
0022200771,2023-02-01,22022,MEM vs. POR,L,112,44.0,28,8.0,7,12,0.471,0.75,0.243,-10.0,Memphis Grizzlies
0022200775,2023-02-01,22022,SAS vs. SAC,L,109,40.0,30,5.0,1,18,0.545,0.714,0.333,-10.0,San Antonio Spurs
0022200774,2023-02-01,22022,GSW @ MIN,L,114,58.0,21,7.0,4,17,0.418,0.794,0.314,-5.0,Golden State Warriors
0022200770,2023-02-01,22022,ORL @ PHI,L,94,46.0,12,10.0,4,14,0.379,0.759,0.158,-11.0,Orlando Magic
0022200773,2023-02-01,22022,HOU vs. OKC,W,112,65.0,20,6.0,12,17,0.436,0.742,0.304,6.0,Houston Rockets
0022200776,2023-02-01,22022,TOR @ UTA,L,128,52.0,27,11.0,2,7,0.455,0.692,0.435,-3.0,Toronto Raptors
0022200775,2023-02-01,22022,SAC @ SAS,W,119,34.0,25,10.0,3,9,0.533,0.789,0.296,10.0,Sacramento Kings
0022200771,2023-02-01,22022,POR @ MEM,W,122,41.0,24,3.0,5,13,0.471,0.963,0.389,10.0,Portland Trail Blazers
0022200777,2023-02-01,22022,PHX vs. ATL,L,100,44.0,22,8.0,4,16,0.407,0.839,0.143,-32.0,Phoenix Suns
0022200772,2023-02-01,22022,BOS vs. BKN,W,139,57.0,28,4.0,4,10,0.576,0.7,0.481,43.0,Boston Celtics
0022200776,2023-02-01,22022,UTA vs. TOR,W,131,49.0,29,3.0,11,16,0.53,0.867,0.362,3.0,Utah Jazz
0022200777,2023-02-01,22022,ATL @ PHX,W,132,45.0,32,6.0,5,12,0.571,0.818,0.576,32.0,Atlanta Hawks
0022200772,2023-02-01,22022,BKN @ BOS,L,96,32.0,19,8.0,1,5,0.409,0.833,0.231,-43.0,Brooklyn Nets
0022200773,2023-02-01,22022,OKC @ HOU,L,106,52.0,22,11.0,6,10,0.369,0.818,0.279,-6.0,Oklahoma City Thunder
0022200784,2023-02-02,22022,LAC @ MIL,L,105,49.0,15,8.0,4,7,0.411,0.7,0.361,-1.0,Los Angeles Clippers
0022200783,2023-02-02,22022,DEN vs. GSW,W,134,38.0,35,10.0,2,11,0.567,0.762,0.457,17.0,Denver Nuggets
0022200783,2023-02-02,22022,GSW @ DEN,L,117,42.0,25,4.0,4,17,0.506,0.632,0.5,-17.0,Golden State Warriors
0022200780,2023-02-02,22022,NYK vs. MIA,W,106,44.0,25,8.0,0,17,0.482,0.778,0.333,2.0,New York Knicks
0022200778,2023-02-02,22022,IND vs. LAL,L,111,46.0,30,8.0,6,16,0.484,0.833,0.39,-1.0,Indiana Pacers
0022200779,2023-02-02,22022,CLE vs. MEM,W,128,41.0,33,12.0,7,15,0.538,0.727,0.483,15.0,Cleveland Cavaliers
0022200781,2023-02-02,22022,CHA @ CHI,L,98,45.0,19,6.0,4,14,0.419,0.867,0.2,-16.0,Charlotte Hornets
0022200784,2023-02-02,22022,MIL vs. LAC,W,106,53.0,16,2.0,0,10,0.433,0.704,0.243,1.0,Milwaukee Bucks
0022200778,2023-02-02,22022,LAL @ IND,W,112,51.0,29,8.0,5,13,0.457,0.71,0.273,1.0,Los Angeles Lakers
0022200781,2023-02-02,22022,CHI vs. CHA,W,114,40.0,24,9.0,3,13,0.519,0.808,0.393,16.0,Chicago Bulls
0022200780,2023-02-02,22022,MIA @ NYK,L,104,33.0,24,8.0,3,10,0.448,0.813,0.361,-2.0,Miami Heat
0022200782,2023-02-02,22022,NOP @ DAL,L,106,50.0,27,6.0,5,17,0.5,0.81,0.25,-5.0,New Orleans Pelicans
0022200779,2023-02-02,22022,MEM @ CLE,L,113,44.0,22,8.0,5,18,0.471,0.955,0.435,-15.0,Memphis Grizzlies
0022200782,2023-02-02,22022,DAL vs. NOP,W,111,36.0,16,10.0,3,8,0.435,0.793,0.341,5.0,Dallas Mavericks
0022200788,2023-02-03,22022,BOS vs. PHX,L,94,43.0,18,5.0,3,14,0.387,0.839,0.263,-12.0,Boston Celtics
0022200786,2023-02-03,22022,SAC @ IND,L,104,49.0,24,6.0,5,19,0.43,0.85,0.342,-3.0,Sacramento Kings
0022200789,2023-02-03,22022,TOR @ HOU,W,117,43.0,21,9.0,7,9,0.456,0.741,0.385,6.0,Toronto Raptors
0022200790,2023-02-03,22022,ORL @ MIN,W,127,42.0,23,11.0,3,15,0.529,0.658,0.522,7.0,Orlando Magic
0022200790,2023-02-03,22022,MIN vs. ORL,L,120,41.0,21,7.0,7,20,0.46,0.857,0.364,-7.0,Minnesota Timberwolves
0022200789,2023-02-03,22022,HOU vs. TOR,L,111,40.0,22,5.0,4,13,0.5,0.727,0.333,-6.0,Houston Rockets
0022200792,2023-02-03,22022,ATL @ UTA,W,115,52.0,28,8.0,5,9,0.463,0.739,0.27,7.0,Atlanta Hawks
0022200791,2023-02-03,22022,SAS vs. PHI,L,125,35.0,32,8.0,0,18,0.584,0.933,0.333,-12.0,San Antonio Spurs
0022200785,2023-02-03,22022,DET vs. CHA,W,118,51.0,27,7.0,3,22,0.512,0.696,0.438,6.0,Detroit Pistons
0022200788,2023-02-03,22022,PHX @ BOS,W,106,53.0,28,6.0,6,8,0.432,0.857,0.375,12.0,Phoenix Suns
0022200792,2023-02-03,22022,UTA vs. ATL,L,108,50.0,20,4.0,2,15,0.451,0.722,0.295,-7.0,Utah Jazz
0022200787,2023-02-03,22022,POR @ WAS,W,124,38.0,25,5.0,2,7,0.489,0.913,0.415,8.0,Portland Trail Blazers
0022200787,2023-02-03,22022,WAS vs. POR,L,116,41.0,27,4.0,3,10,0.5,0.909,0.364,-8.0,Washington Wizards
0022200791,2023-02-03,22022,PHI @ SAS,W,137,39.0,28,11.0,3,10,0.529,0.78,0.481,12.0,Philadelphia 76ers
0022200785,2023-02-03,22022,CHA @ DET,L,112,37.0,22,16.0,2,13,0.444,0.767,0.265,-6.0,Charlotte Hornets
0022200786,2023-02-03,22022,IND vs. SAC,W,107,47.0,28,13.0,5,16,0.449,0.714,0.415,3.0,Indiana Pacers
0022200800,2023-02-04,22022,DAL @ GSW,L,113,39.0,22,9.0,1,14,0.459,0.778,0.35,-6.0,Dallas Mavericks
0022200798,2023-02-04,22022,NOP vs. LAL,W,131,48.0,28,6.0,0,10,0.52,0.9,0.3,5.0,New Orleans Pelicans
0022200793,2023-02-04,22022,BKN vs. WAS,W,125,39.0,21,4.0,10,15,0.5,0.893,0.424,2.0,Brooklyn Nets
0022200797,2023-02-04,22022,MIA @ MIL,L,115,44.0,23,9.0,2,7,0.446,0.81,0.258,-8.0,Miami Heat
0022200798,2023-02-04,22022,LAL @ NOP,L,126,44.0,30,4.0,3,9,0.479,0.758,0.344,-5.0,Los Angeles Lakers
0022200794,2023-02-04,22022,PHX @ DET,W,116,46.0,34,10.0,2,16,0.56,0.677,0.478,16.0,Phoenix Suns
0022200793,2023-02-04,22022,WAS @ BKN,L,123,39.0,22,10.0,3,15,0.481,0.78,0.464,-2.0,Washington Wizards
0022200799,2023-02-04,22022,HOU @ OKC,L,121,34.0,29,4.0,8,15,0.506,0.778,0.333,-32.0,Houston Rockets
0022200801,2023-02-04,22022,DEN vs. ATL,W,128,48.0,32,14.0,6,12,0.505,0.85,0.395,20.0,Denver Nuggets
0022200797,2023-02-04,22022,MIL vs. MIA,W,123,51.0,23,6.0,4,12,0.523,0.607,0.35,8.0,Milwaukee Bucks
0022200800,2023-02-04,22022,GSW vs. DAL,W,119,38.0,33,6.0,5,14,0.549,0.789,0.4,6.0,Golden State Warriors
0022200796,2023-02-04,22022,POR @ CHI,L,121,33.0,22,3.0,3,9,0.506,0.905,0.326,-8.0,Portland Trail Blazers
0022200794,2023-02-04,22022,DET vs. PHX,L,100,30.0,23,8.0,2,16,0.432,0.636,0.381,-16.0,Detroit Pistons
0022200795,2023-02-04,22022,LAC @ NYK,W,134,46.0,24,8.0,4,13,0.478,0.857,0.432,6.0,Los Angeles Clippers
0022200796,2023-02-04,22022,CHI vs. POR,W,129,41.0,32,6.0,3,12,0.6,0.84,0.462,8.0,Chicago Bulls
0022200799,2023-02-04,22022,OKC vs. HOU,W,153,42.0,39,11.0,6,8,0.577,0.87,0.457,32.0,Oklahoma City Thunder
0022200801,2023-02-04,22022,ATL @ DEN,L,108,43.0,26,7.0,7,15,0.484,0.824,0.3,-20.0,Atlanta Hawks
0022200795,2023-02-04,22022,NYK vs. LAC,L,128,46.0,30,6.0,3,10,0.479,0.769,0.45,-6.0,New York Knicks
0022200805,2023-02-05,22022,MEM vs. TOR,L,103,44.0,25,10.0,9,20,0.487,0.739,0.37,-3.0,Memphis Grizzlies
0022200807,2023-02-05,22022,SAC @ NOP,L,104,38.0,23,5.0,5,15,0.427,0.852,0.262,-32.0,Sacramento Kings
0022200802,2023-02-05,22022,CHA vs. ORL,L,113,39.0,28,8.0,6,15,0.542,0.478,0.364,-6.0,Charlotte Hornets
0022200803,2023-02-05,22022,CLE @ IND,W,122,46.0,33,7.0,5,12,0.523,0.938,0.405,19.0,Cleveland Cavaliers
0022200806,2023-02-05,22022,DEN @ MIN,L,98,37.0,19,6.0,5,21,0.479,0.774,0.24,-30.0,Denver Nuggets
0022200804,2023-02-05,22022,PHI @ NYK,L,97,44.0,23,4.0,4,11,0.405,0.833,0.28,-11.0,Philadelphia 76ers
0022200807,2023-02-05,22022,NOP vs. SAC,W,136,48.0,26,11.0,3,10,0.565,0.765,0.538,32.0,New Orleans Pelicans
0022200804,2023-02-05,22022,NYK vs. PHI,W,108,49.0,21,5.0,1,9,0.43,0.718,0.333,11.0,New York Knicks
0022200802,2023-02-05,22022,ORL @ CHA,W,119,52.0,25,6.0,2,12,0.462,0.9,0.348,6.0,Orlando Magic
0022200805,2023-02-05,22022,TOR @ MEM,W,106,42.0,24,11.0,3,11,0.436,0.583,0.306,3.0,Toronto Raptors
0022200803,2023-02-05,22022,IND vs. CLE,L,103,42.0,28,3.0,6,13,0.435,0.682,0.25,-19.0,Indiana Pacers
0022200806,2023-02-05,22022,MIN vs. DEN,W,128,34.0,33,7.0,3,11,0.552,0.733,0.37,30.0,Minnesota Timberwolves
0022200809,2023-02-06,22022,CLE @ WAS,W,114,43.0,26,9.0,6,16,0.564,0.7,0.414,23.0,Cleveland Cavaliers
0022200808,2023-02-06,22022,DET vs. BOS,L,99,42.0,22,9.0,6,9,0.425,0.762,0.273,-12.0,Detroit Pistons
0022200814,2023-02-06,22022,GSW vs. OKC,W,141,45.0,43,6.0,3,16,0.577,0.429,0.52,27.0,Golden State Warriors
0022200813,2023-02-06,22022,DAL @ UTA,W,124,49.0,26,6.0,4,13,0.466,0.871,0.385,13.0,Dallas Mavericks
0022200811,2023-02-06,22022,CHI vs. SAS,W,128,49.0,27,10.0,6,13,0.562,0.88,0.273,24.0,Chicago Bulls
0022200812,2023-02-06,22022,SAC @ HOU,W,140,35.0,38,9.0,5,10,0.584,0.833,0.512,20.0,Sacramento Kings
0022200811,2023-02-06,22022,SAS @ CHI,L,104,38.0,25,7.0,3,18,0.444,0.941,0.308,-24.0,San Antonio Spurs
0022200810,2023-02-06,22022,LAC @ BKN,W,124,46.0,20,11.0,5,7,0.478,0.8,0.4,8.0,Los Angeles Clippers
0022200810,2023-02-06,22022,BKN vs. LAC,L,116,42.0,21,4.0,5,16,0.488,0.818,0.516,-8.0,Brooklyn Nets
0022200812,2023-02-06,22022,HOU vs. SAC,L,120,39.0,27,5.0,4,13,0.5,0.792,0.406,-20.0,Houston Rockets
0022200815,2023-02-06,22022,MIL @ POR,W,127,55.0,27,4.0,2,14,0.54,0.81,0.381,19.0,Milwaukee Bucks
0022200814,2023-02-06,22022,OKC @ GSW,L,114,36.0,21,8.0,3,11,0.484,0.714,0.344,-27.0,Oklahoma City Thunder
0022200815,2023-02-06,22022,POR vs. MIL,L,108,28.0,23,5.0,2,8,0.407,0.862,0.25,-19.0,Portland Trail Blazers
0022200809,2023-02-06,22022,WAS vs. CLE,L,91,37.0,20,8.0,5,14,0.427,0.789,0.214,-23.0,Washington Wizards
0022200808,2023-02-06,22022,BOS @ DET,W,111,51.0,25,2.0,5,11,0.47,0.81,0.432,12.0,Boston Celtics
0022200813,2023-02-06,22022,UTA vs. DAL,L,111,37.0,21,4.0,4,13,0.471,0.885,0.194,-13.0,Utah Jazz
0022200816,2023-02-07,22022,NYK @ ORL,W,102,43.0,21,6.0,2,10,0.457,0.684,0.349,4.0,New York Knicks
0022200818,2023-02-07,22022,ATL @ NOP,L,107,41.0,30,4.0,6,11,0.447,0.76,0.333,-9.0,Atlanta Hawks
0022200821,2023-02-07,22022,LAL vs. OKC,L,130,41.0,27,8.0,3,20,0.576,0.692,0.452,-3.0,Los Angeles Lakers
0022200821,2023-02-07,22022,OKC @ LAL,W,133,37.0,32,12.0,2,12,0.521,0.9,0.5,3.0,Oklahoma City Thunder
0022200820,2023-02-07,22022,DEN vs. MIN,W,146,44.0,44,12.0,5,10,0.624,0.773,0.481,34.0,Denver Nuggets
0022200819,2023-02-07,22022,MEM vs. CHI,W,104,39.0,22,10.0,7,13,0.481,0.714,0.333,15.0,Memphis Grizzlies
0022200819,2023-02-07,22022,CHI @ MEM,L,89,49.0,24,9.0,3,18,0.368,0.667,0.2,-15.0,Chicago Bulls
0022200820,2023-02-07,22022,MIN @ DEN,L,112,36.0,24,6.0,7,17,0.471,0.846,0.286,-34.0,Minnesota Timberwolves
0022200817,2023-02-07,22022,BKN vs. PHX,L,112,36.0,25,11.0,2,16,0.481,0.871,0.321,-4.0,Brooklyn Nets
0022200818,2023-02-07,22022,NOP vs. ATL,W,116,47.0,28,8.0,2,9,0.495,0.667,0.375,9.0,New Orleans Pelicans
0022200817,2023-02-07,22022,PHX @ BKN,W,116,48.0,31,10.0,4,15,0.467,0.75,0.29,4.0,Phoenix Suns
0022200816,2023-02-07,22022,ORL vs. NYK,L,98,41.0,23,4.0,4,11,0.468,0.75,0.24,-4.0,Orlando Magic
0022200829,2023-02-08,22022,DAL @ LAC,W,110,44.0,26,7.0,6,18,0.526,0.647,0.486,6.0,Dallas Mavericks
0022200825,2023-02-08,22022,IND @ MIA,L,111,31.0,24,3.0,5,11,0.487,0.714,0.455,-5.0,Indiana Pacers
0022200824,2023-02-08,22022,BOS vs. PHI,W,106,44.0,25,2.0,5,13,0.526,0.7,0.543,7.0,Boston Celtics
0022200822,2023-02-08,22022,CLE vs. DET,W,113,50.0,30,8.0,4,10,0.494,0.84,0.231,28.0,Cleveland Cavaliers
0022200827,2023-02-08,22022,HOU vs. SAC,L,128,44.0,25,4.0,7,19,0.547,0.857,0.455,-2.0,Houston Rockets
0022200822,2023-02-08,22022,DET @ CLE,L,85,32.0,19,8.0,6,13,0.37,0.944,0.25,-28.0,Detroit Pistons
0022200826,2023-02-08,22022,SAS @ TOR,L,98,39.0,24,11.0,4,12,0.402,0.704,0.281,-14.0,San Antonio Spurs
0022200830,2023-02-08,22022,GSW @ POR,L,122,32.0,31,11.0,2,11,0.474,0.9,0.429,-3.0,Golden State Warriors
0022200827,2023-02-08,22022,SAC @ HOU,W,130,31.0,29,10.0,4,9,0.5,0.933,0.333,2.0,Sacramento Kings
0022200829,2023-02-08,22022,LAC vs. DAL,L,104,40.0,21,10.0,4,11,0.442,0.762,0.364,-6.0,Los Angeles Clippers
0022200825,2023-02-08,22022,MIA vs. IND,W,116,48.0,21,7.0,3,11,0.468,0.923,0.316,5.0,Miami Heat
0022200823,2023-02-08,22022,CHA @ WAS,L,104,40.0,23,11.0,5,7,0.419,0.81,0.29,-14.0,Charlotte Hornets
0022200830,2023-02-08,22022,POR vs. GSW,W,125,47.0,25,6.0,3,21,0.551,0.969,0.296,3.0,Portland Trail Blazers
0022200824,2023-02-08,22022,PHI @ BOS,L,99,37.0,20,9.0,3,6,0.446,0.75,0.323,-7.0,Philadelphia 76ers
0022200828,2023-02-08,22022,UTA vs. MIN,L,118,50.0,27,2.0,5,8,0.419,0.857,0.353,-25.0,Utah Jazz
0022200826,2023-02-08,22022,TOR vs. SAS,W,112,51.0,21,11.0,7,16,0.489,0.762,0.357,14.0,Toronto Raptors
0022200823,2023-02-08,22022,WAS vs. CHA,W,118,52.0,29,4.0,12,16,0.506,0.882,0.405,14.0,Washington Wizards
0022200828,2023-02-08,22022,MIN @ UTA,W,143,47.0,35,6.0,6,10,0.571,1.0,0.535,25.0,Minnesota Timberwolves
0022200832,2023-02-09,22022,ATL vs. PHX,W,116,59.0,23,6.0,4,18,0.453,0.741,0.345,9.0,Atlanta Hawks
0022200831,2023-02-09,22022,DEN @ ORL,L,104,39.0,24,6.0,5,16,0.464,0.667,0.303,-11.0,Denver Nuggets
0022200834,2023-02-09,22022,MIL @ LAL,W,115,51.0,24,5.0,7,10,0.455,0.722,0.255,9.0,Milwaukee Bucks
0022200834,2023-02-09,22022,LAL vs. MIL,L,106,43.0,23,2.0,2,12,0.472,0.714,0.389,-9.0,Los Angeles Lakers
0022200831,2023-02-09,22022,ORL vs. DEN,W,115,47.0,24,12.0,6,10,0.485,0.632,0.333,11.0,Orlando Magic
0022200833,2023-02-09,22022,CHI @ BKN,L,105,46.0,15,4.0,2,11,0.462,0.762,0.192,-11.0,Chicago Bulls
0022200833,2023-02-09,22022,BKN vs. CHI,W,116,49.0,26,8.0,1,11,0.429,0.84,0.386,11.0,Brooklyn Nets
0022200832,2023-02-09,22022,PHX @ ATL,L,107,35.0,24,14.0,10,10,0.453,0.759,0.233,-9.0,Phoenix Suns
0022200841,2023-02-10,22022,MEM vs. MIN,W,128,44.0,27,12.0,6,18,0.583,0.741,0.4,21.0,Memphis Grizzlies
0022200844,2023-02-10,22022,SAC vs. DAL,L,114,38.0,21,2.0,4,14,0.542,0.844,0.333,-8.0,Sacramento Kings
0022200845,2023-02-10,22022,LAC vs. MIL,L,106,35.0,17,5.0,7,9,0.494,0.786,0.333,-13.0,Los Angeles Clippers
0022200835,2023-02-10,22022,SAS @ DET,L,131,51.0,21,7.0,3,17,0.421,0.794,0.333,-7.0,San Antonio Spurs
0022200842,2023-02-10,22022,CLE @ NOP,W,118,41.0,28,9.0,5,11,0.565,0.8,0.357,11.0,Cleveland Cavaliers
0022200840,2023-02-10,22022,MIA vs. HOU,W,97,40.0,21,11.0,6,16,0.416,0.955,0.316,2.0,Miami Heat
0022200843,2023-02-10,22022,OKC @ POR,W,138,29.0,29,9.0,3,10,0.566,0.914,0.5,9.0,Oklahoma City Thunder
0022200838,2023-02-10,22022,CHA @ BOS,L,116,47.0,26,9.0,6,13,0.484,0.692,0.348,-11.0,Charlotte Hornets
0022200842,2023-02-10,22022,NOP vs. CLE,L,107,34.0,25,8.0,3,14,0.476,0.8,0.375,-11.0,New Orleans Pelicans
0022200845,2023-02-10,22022,MIL @ LAC,W,119,49.0,28,8.0,4,11,0.5,0.75,0.436,13.0,Milwaukee Bucks
0022200841,2023-02-10,22022,MIN @ MEM,L,107,35.0,25,7.0,4,17,0.466,0.833,0.405,-21.0,Minnesota Timberwolves
0022200835,2023-02-10,22022,DET vs. SAS,W,138,62.0,29,6.0,5,15,0.43,0.796,0.189,7.0,Detroit Pistons
0022200837,2023-02-10,22022,PHI vs. NYK,W,119,40.0,27,8.0,2,6,0.524,0.773,0.368,11.0,Philadelphia 76ers
0022200839,2023-02-10,22022,UTA @ TOR,W,122,46.0,31,6.0,6,17,0.54,0.759,0.25,6.0,Utah Jazz
0022200837,2023-02-10,22022,NYK @ PHI,L,108,35.0,23,1.0,5,12,0.531,0.688,0.344,-11.0,New York Knicks
0022200836,2023-02-10,22022,PHX @ IND,W,117,53.0,25,13.0,2,15,0.462,0.875,0.303,13.0,Phoenix Suns
0022200836,2023-02-10,22022,IND vs. PHX,L,104,38.0,23,9.0,3,15,0.424,0.75,0.282,-13.0,Indiana Pacers
0022200839,2023-02-10,22022,TOR vs. UTA,L,116,40.0,28,11.0,3,13,0.451,0.733,0.353,-6.0,Toronto Raptors
0022200840,2023-02-10,22022,HOU @ MIA,L,95,47.0,23,11.0,4,16,0.417,0.75,0.233,-2.0,Houston Rockets
0022200844,2023-02-10,22022,DAL @ SAC,W,122,39.0,34,4.0,0,9,0.489,0.947,0.419,8.0,Dallas Mavericks
0022200843,2023-02-10,22022,POR vs. OKC,L,129,32.0,29,3.0,5,18,0.553,0.935,0.4,-9.0,Portland Trail Blazers
0022200838,2023-02-10,22022,BOS vs. CHA,W,127,43.0,34,7.0,7,15,0.494,0.824,0.455,11.0,Boston Celtics
0022200847,2023-02-11,22022,CHA vs. DEN,L,105,37.0,25,11.0,8,14,0.471,0.586,0.25,-14.0,Charlotte Hornets
0022200848,2023-02-11,22022,MIA @ ORL,W,107,46.0,24,7.0,6,19,0.435,0.913,0.308,4.0,Miami Heat
0022200851,2023-02-11,22022,UTA @ NYK,L,120,38.0,23,3.0,7,10,0.511,0.75,0.281,-6.0,Utah Jazz
0022200852,2023-02-11,22022,CHI @ CLE,L,89,44.0,27,7.0,3,22,0.486,0.8,0.238,-8.0,Chicago Bulls
0022200854,2023-02-11,22022,DAL @ SAC,L,128,43.0,27,4.0,4,15,0.516,0.737,0.392,-5.0,Dallas Mavericks
0022200853,2023-02-11,22022,GSW vs. LAL,L,103,43.0,31,11.0,6,15,0.417,0.917,0.273,-6.0,Golden State Warriors
0022200847,2023-02-11,22022,DEN @ CHA,W,119,51.0,35,7.0,5,14,0.505,0.824,0.217,14.0,Denver Nuggets
0022200846,2023-02-11,22022,PHI @ BKN,W,101,41.0,17,4.0,3,10,0.44,0.967,0.261,3.0,Philadelphia 76ers
0022200851,2023-02-11,22022,NYK vs. UTA,W,126,52.0,18,6.0,4,6,0.453,0.737,0.333,6.0,New York Knicks
0022200849,2023-02-11,22022,IND @ WAS,L,113,33.0,27,8.0,3,7,0.453,0.765,0.35,-14.0,Indiana Pacers
0022200848,2023-02-11,22022,ORL vs. MIA,L,103,44.0,22,12.0,5,18,0.425,0.783,0.379,-4.0,Orlando Magic
0022200849,2023-02-11,22022,WAS vs. IND,W,127,40.0,32,5.0,7,16,0.64,0.864,0.462,14.0,Washington Wizards
0022200850,2023-02-11,22022,ATL vs. SAS,W,125,48.0,29,9.0,6,10,0.485,0.789,0.385,19.0,Atlanta Hawks
0022200850,2023-02-11,22022,SAS @ ATL,L,106,49.0,25,9.0,5,19,0.426,0.882,0.297,-19.0,San Antonio Spurs
0022200853,2023-02-11,22022,LAL @ GSW,W,109,52.0,19,4.0,4,15,0.449,0.808,0.32,6.0,Los Angeles Lakers
0022200854,2023-02-11,22022,SAC vs. DAL,W,133,50.0,22,9.0,0,7,0.51,0.92,0.25,5.0,Sacramento Kings
0022200846,2023-02-11,22022,BKN vs. PHI,L,98,42.0,23,7.0,6,8,0.402,0.846,0.325,-3.0,Brooklyn Nets
0022200852,2023-02-11,22022,CLE vs. CHI,W,97,39.0,26,9.0,4,12,0.419,0.842,0.257,8.0,Cleveland Cavaliers
0022200856,2023-02-12,22022,DET @ TOR,L,118,32.0,25,3.0,4,16,0.506,0.781,0.382,-1.0,Detroit Pistons
0022200855,2023-02-12,22022,MEM @ BOS,L,109,34.0,24,4.0,5,8,0.5,0.619,0.353,-10.0,Memphis Grizzlies
0022200856,2023-02-12,22022,TOR vs. DET,W,119,40.0,21,5.0,8,8,0.483,0.667,0.367,1.0,Toronto Raptors
0022200855,2023-02-12,22022,BOS vs. MEM,W,119,55.0,28,5.0,3,10,0.443,0.769,0.412,10.0,Boston Celtics
0022200865,2023-02-13,22022,MIN @ DAL,W,124,39.0,28,8.0,2,12,0.578,0.731,0.31,3.0,Minnesota Timberwolves
0022200861,2023-02-13,22022,MIA vs. DEN,L,108,34.0,25,9.0,4,8,0.438,0.9,0.343,-4.0,Miami Heat
0022200867,2023-02-13,22022,POR vs. LAL,W,127,42.0,27,7.0,9,7,0.474,0.923,0.489,12.0,Portland Trail Blazers
0022200863,2023-02-13,22022,ORL @ CHI,W,100,42.0,24,8.0,6,17,0.469,0.842,0.296,9.0,Orlando Magic
0022200860,2023-02-13,22022,PHI vs. HOU,W,123,38.0,26,11.0,7,16,0.561,0.941,0.441,19.0,Philadelphia 76ers
0022200859,2023-02-13,22022,UTA @ IND,W,123,46.0,24,5.0,3,18,0.506,0.88,0.455,6.0,Utah Jazz
0022200862,2023-02-13,22022,NYK vs. BKN,W,124,38.0,18,4.0,3,8,0.549,0.731,0.441,18.0,New York Knicks
0022200857,2023-02-13,22022,ATL @ CHA,L,138,42.0,26,9.0,4,12,0.491,1.0,0.393,-6.0,Atlanta Hawks
0022200859,2023-02-13,22022,IND vs. UTA,L,117,32.0,30,11.0,7,11,0.505,0.7,0.324,-6.0,Indiana Pacers
0022200858,2023-02-13,22022,CLE vs. SAS,W,117,36.0,21,8.0,6,14,0.564,0.8,0.321,8.0,Cleveland Cavaliers
0022200865,2023-02-13,22022,DAL vs. MIN,L,121,33.0,21,5.0,1,9,0.512,0.759,0.333,-3.0,Dallas Mavericks
0022200860,2023-02-13,22022,HOU @ PHI,L,104,42.0,17,10.0,2,17,0.407,0.903,0.25,-19.0,Houston Rockets
0022200858,2023-02-13,22022,SAS @ CLE,L,109,35.0,27,10.0,1,16,0.506,0.75,0.381,-8.0,San Antonio Spurs
0022200864,2023-02-13,22022,OKC vs. NOP,L,100,43.0,20,8.0,3,16,0.422,0.833,0.273,-3.0,Oklahoma City Thunder
0022200857,2023-02-13,22022,CHA vs. ATL,W,144,35.0,36,5.0,5,17,0.631,0.783,0.541,6.0,Charlotte Hornets
0022200866,2023-02-13,22022,GSW vs. WAS,W,135,34.0,40,10.0,0,15,0.584,0.733,0.5,9.0,Golden State Warriors
0022200864,2023-02-13,22022,NOP @ OKC,W,103,33.0,19,13.0,8,18,0.527,0.889,0.3,3.0,New Orleans Pelicans
0022200861,2023-02-13,22022,DEN @ MIA,W,112,39.0,34,3.0,4,13,0.579,0.867,0.393,4.0,Denver Nuggets
0022200867,2023-02-13,22022,LAL @ POR,L,115,56.0,24,6.0,5,13,0.442,0.905,0.324,-12.0,Los Angeles Lakers
0022200863,2023-02-13,22022,CHI vs. ORL,L,91,44.0,17,8.0,3,16,0.407,0.947,0.143,-9.0,Chicago Bulls
0022200862,2023-02-13,22022,BKN @ NYK,L,106,39.0,18,3.0,3,10,0.449,0.727,0.414,-18.0,Brooklyn Nets
0022200866,2023-02-13,22022,WAS @ GSW,L,126,33.0,26,10.0,3,17,0.6,0.857,0.429,-9.0,Washington Wizards
0022200869,2023-02-14,22022,MIL vs. BOS,W,131,52.0,29,6.0,3,18,0.478,0.771,0.429,6.0,Milwaukee Bucks
0022200872,2023-02-14,22022,POR vs. WAS,L,101,37.0,20,9.0,5,12,0.419,0.708,0.286,-25.0,Portland Trail Blazers
0022200872,2023-02-14,22022,WAS @ POR,W,126,44.0,28,5.0,2,14,0.57,0.864,0.515,25.0,Washington Wizards
0022200870,2023-02-14,22022,SAC @ PHX,L,109,40.0,23,8.0,4,17,0.446,0.875,0.368,-11.0,Sacramento Kings
0022200871,2023-02-14,22022,GSW @ LAC,L,124,36.0,28,2.0,1,11,0.542,0.704,0.441,-10.0,Golden State Warriors
0022200869,2023-02-14,22022,BOS @ MIL,L,125,44.0,28,8.0,1,13,0.465,0.8,0.34,-6.0,Boston Celtics
0022200870,2023-02-14,22022,PHX vs. SAC,W,120,37.0,33,12.0,4,13,0.568,0.813,0.318,11.0,Phoenix Suns
0022200868,2023-02-14,22022,TOR vs. ORL,W,123,40.0,31,9.0,11,18,0.602,0.75,0.333,10.0,Toronto Raptors
0022200868,2023-02-14,22022,ORL @ TOR,L,113,29.0,26,6.0,2,18,0.512,0.778,0.419,-10.0,Orlando Magic
0022200871,2023-02-14,22022,LAC vs. GSW,W,134,36.0,33,5.0,4,8,0.533,0.864,0.472,10.0,Los Angeles Clippers
0022200877,2023-02-15,22022,DET @ BOS,L,109,35.0,24,6.0,4,14,0.512,0.75,0.379,-18.0,Detroit Pistons
0022200876,2023-02-15,22022,NYK @ ATL,W,122,55.0,16,2.0,4,9,0.469,0.818,0.326,21.0,New York Knicks
0022200873,2023-02-15,22022,SAS @ CHA,L,110,58.0,24,7.0,6,15,0.383,0.75,0.342,-10.0,San Antonio Spurs
0022200879,2023-02-15,22022,MEM vs. UTA,W,117,46.0,24,13.0,9,4,0.402,0.68,0.35,6.0,Memphis Grizzlies
0022200875,2023-02-15,22022,CLE @ PHI,L,112,35.0,23,7.0,5,8,0.5,0.8,0.333,-6.0,Cleveland Cavaliers
0022200878,2023-02-15,22022,BKN vs. MIA,W,116,36.0,26,3.0,5,11,0.532,0.85,0.436,11.0,Brooklyn Nets
0022200882,2023-02-15,22022,LAL vs. NOP,W,120,43.0,32,5.0,8,10,0.53,0.611,0.27,18.0,Los Angeles Lakers
0022200874,2023-02-15,22022,IND vs. CHI,W,117,41.0,27,6.0,5,17,0.476,0.955,0.419,4.0,Indiana Pacers
0022200881,2023-02-15,22022,DEN vs. DAL,W,118,43.0,34,7.0,5,13,0.571,0.733,0.355,9.0,Denver Nuggets
0022200880,2023-02-15,22022,HOU @ OKC,L,96,47.0,20,5.0,7,17,0.337,0.684,0.27,-37.0,Houston Rockets
0022200879,2023-02-15,22022,UTA @ MEM,L,111,61.0,24,2.0,8,23,0.462,0.789,0.333,-6.0,Utah Jazz
0022200878,2023-02-15,22022,MIA @ BKN,L,105,41.0,19,4.0,3,8,0.458,0.724,0.286,-11.0,Miami Heat
0022200875,2023-02-15,22022,PHI vs. CLE,W,118,38.0,24,7.0,4,11,0.5,0.931,0.481,6.0,Philadelphia 76ers
0022200877,2023-02-15,22022,BOS vs. DET,W,127,43.0,30,10.0,5,11,0.533,0.8,0.467,18.0,Boston Celtics
0022200874,2023-02-15,22022,CHI @ IND,L,113,38.0,23,10.0,6,13,0.488,0.762,0.429,-4.0,Chicago Bulls
0022200880,2023-02-15,22022,OKC vs. HOU,W,133,49.0,21,8.0,4,10,0.483,0.851,0.265,37.0,Oklahoma City Thunder
0022200881,2023-02-15,22022,DAL @ DEN,L,109,31.0,25,8.0,3,12,0.464,0.85,0.359,-9.0,Dallas Mavericks
0022200876,2023-02-15,22022,ATL vs. NYK,L,101,40.0,25,6.0,7,4,0.412,0.762,0.192,-21.0,Atlanta Hawks
0022200882,2023-02-15,22022,NOP @ LAL,L,102,50.0,24,5.0,3,15,0.438,0.708,0.28,-18.0,New Orleans Pelicans
0022200873,2023-02-15,22022,CHA vs. SAS,W,120,58.0,26,8.0,12,15,0.448,0.69,0.4,10.0,Charlotte Hornets
0022200884,2023-02-16,22022,WAS @ MIN,W,114,49.0,25,13.0,6,15,0.453,0.824,0.4,8.0,Washington Wizards
0022200884,2023-02-16,22022,MIN vs. WAS,L,106,53.0,21,8.0,5,18,0.411,0.909,0.276,-8.0,Minnesota Timberwolves
0022200883,2023-02-16,22022,MIL @ CHI,W,112,52.0,24,4.0,7,8,0.455,0.778,0.383,12.0,Milwaukee Bucks
0022200885,2023-02-16,22022,PHX vs. LAC,L,107,38.0,30,10.0,2,12,0.472,0.75,0.355,-9.0,Phoenix Suns
0022200883,2023-02-16,22022,CHI vs. MIL,L,100,51.0,19,4.0,2,5,0.381,0.762,0.313,-12.0,Chicago Bulls
0022200885,2023-02-16,22022,LAC @ PHX,W,116,43.0,29,8.0,2,14,0.488,0.926,0.324,9.0,Los Angeles Clippers
0022200889,2023-02-23,22022,MEM @ PHI,L,105,49.0,22,5.0,7,11,0.391,0.833,0.219,-5.0,Memphis Grizzlies
0022200889,2023-02-23,22022,PHI vs. MEM,W,110,43.0,25,3.0,10,10,0.405,0.806,0.361,5.0,Philadelphia 76ers
0022200886,2023-02-23,22022,CLE vs. DEN,L,109,41.0,24,10.0,2,10,0.478,0.85,0.231,-6.0,Cleveland Cavaliers
0022200893,2023-02-23,22022,LAL vs. GSW,W,124,58.0,30,8.0,3,14,0.488,0.706,0.533,13.0,Los Angeles Lakers
0022200891,2023-02-23,22022,DAL vs. SAS,W,142,36.0,27,10.0,5,6,0.561,0.778,0.524,26.0,Dallas Mavericks
0022200892,2023-02-23,22022,UTA vs. OKC,W,120,58.0,26,8.0,10,21,0.42,0.852,0.271,1.0,Utah Jazz
0022200892,2023-02-23,22022,OKC @ UTA,L,119,54.0,23,8.0,3,10,0.402,0.778,0.216,-1.0,Oklahoma City Thunder
0022200888,2023-02-23,22022,DET @ ORL,L,106,45.0,22,5.0,7,19,0.457,0.789,0.5,-2.0,Detroit Pistons
0022200893,2023-02-23,22022,GSW @ LAL,L,111,48.0,24,10.0,3,10,0.381,0.81,0.286,-13.0,Golden State Warriors
0022200894,2023-02-23,22022,POR @ SAC,L,116,33.0,26,12.0,3,12,0.462,0.824,0.421,-17.0,Portland Trail Blazers
0022200890,2023-02-23,22022,TOR vs. NOP,W,115,48.0,17,10.0,5,11,0.467,0.8,0.29,5.0,Toronto Raptors
0022200887,2023-02-23,22022,IND vs. BOS,L,138,37.0,33,10.0,5,14,0.521,0.818,0.449,-4.0,Indiana Pacers
0022200888,2023-02-23,22022,ORL vs. DET,W,108,46.0,27,7.0,6,12,0.411,0.783,0.387,2.0,Orlando Magic
0022200887,2023-02-23,22022,BOS @ IND,W,142,51.0,31,7.0,6,15,0.515,0.846,0.462,4.0,Boston Celtics
0022200891,2023-02-23,22022,SAS @ DAL,L,116,45.0,30,4.0,1,16,0.523,0.696,0.4,-26.0,San Antonio Spurs
0022200890,2023-02-23,22022,NOP @ TOR,L,110,43.0,23,6.0,2,13,0.464,0.76,0.433,-5.0,New Orleans Pelicans
0022200886,2023-02-23,22022,DEN @ CLE,W,115,47.0,30,7.0,4,16,0.464,0.87,0.472,6.0,Denver Nuggets
0022200894,2023-02-23,22022,SAC vs. POR,W,133,49.0,27,9.0,4,18,0.553,0.806,0.412,17.0,Sacramento Kings
0022200897,2023-02-24,22022,MIL vs. MIA,W,128,57.0,27,6.0,1,10,0.48,0.789,0.413,29.0,Milwaukee Bucks
0022200896,2023-02-24,22022,CLE @ ATL,L,119,35.0,20,9.0,6,11,0.455,0.897,0.371,-17.0,Cleveland Cavaliers
0022200899,2023-02-24,22022,PHX vs. OKC,W,124,54.0,23,5.0,5,11,0.467,0.813,0.368,9.0,Phoenix Suns
0022200899,2023-02-24,22022,OKC @ PHX,L,115,47.0,27,5.0,2,9,0.432,0.75,0.395,-9.0,Oklahoma City Thunder
0022200895,2023-02-24,22022,WAS vs. NYK,L,109,34.0,25,6.0,6,17,0.494,1.0,0.432,-6.0,Washington Wizards
0022200901,2023-02-24,22022,GSW vs. HOU,W,116,47.0,27,3.0,3,18,0.474,0.889,0.481,15.0,Golden State Warriors
0022200901,2023-02-24,22022,HOU @ GSW,L,101,44.0,23,12.0,3,7,0.391,0.818,0.314,-15.0,Houston Rockets
0022200898,2023-02-24,22022,CHA @ MIN,W,121,52.0,25,10.0,4,11,0.467,0.893,0.357,8.0,Charlotte Hornets
0022200902,2023-02-24,22022,LAC vs. SAC,L,175,42.0,39,8.0,3,25,0.602,0.861,0.578,-1.0,Los Angeles Clippers
0022200895,2023-02-24,22022,NYK @ WAS,W,115,43.0,21,9.0,2,12,0.489,0.813,0.414,6.0,New York Knicks
0022200896,2023-02-24,22022,ATL vs. CLE,W,136,42.0,28,7.0,8,14,0.588,0.913,0.536,17.0,Atlanta Hawks
0022200900,2023-02-24,22022,CHI vs. BKN,W,131,57.0,25,6.0,4,9,0.568,0.679,0.462,44.0,Chicago Bulls
0022200897,2023-02-24,22022,MIA @ MIL,L,99,45.0,21,5.0,5,10,0.391,0.72,0.225,-29.0,Miami Heat
0022200898,2023-02-24,22022,MIN vs. CHA,L,113,45.0,25,6.0,11,15,0.495,0.625,0.333,-8.0,Minnesota Timberwolves
0022200902,2023-02-24,22022,SAC @ LAC,W,176,43.0,33,18.0,3,15,0.586,0.8,0.439,1.0,Sacramento Kings
0022200900,2023-02-24,22022,BKN @ CHI,L,87,31.0,21,6.0,3,13,0.37,0.789,0.273,-44.0,Brooklyn Nets
0022200907,2023-02-25,22022,DEN @ MEM,L,94,48.0,22,4.0,4,15,0.404,0.786,0.297,-18.0,Denver Nuggets
0022200908,2023-02-25,22022,PHI vs. BOS,L,107,42.0,19,8.0,3,10,0.449,0.8,0.333,-3.0,Philadelphia 76ers
0022200905,2023-02-25,22022,IND @ ORL,W,121,45.0,35,9.0,8,7,0.485,0.714,0.375,13.0,Indiana Pacers
0022200909,2023-02-25,22022,UTA vs. SAS,W,118,56.0,29,5.0,11,14,0.467,0.786,0.357,16.0,Utah Jazz
0022200903,2023-02-25,22022,TOR @ DET,W,95,46.0,22,9.0,5,8,0.375,0.647,0.269,4.0,Toronto Raptors
0022200908,2023-02-25,22022,BOS @ PHI,W,110,44.0,20,6.0,4,12,0.5,0.667,0.444,3.0,Boston Celtics
0022200909,2023-02-25,22022,SAS @ UTA,L,102,41.0,21,5.0,6,9,0.392,0.81,0.265,-16.0,San Antonio Spurs
0022200903,2023-02-25,22022,DET vs. TOR,L,91,62.0,26,4.0,5,13,0.404,0.643,0.25,-4.0,Detroit Pistons
0022200905,2023-02-25,22022,ORL vs. IND,L,108,55.0,16,4.0,8,13,0.389,0.842,0.207,-13.0,Orlando Magic
0022200906,2023-02-25,22022,NYK vs. NOP,W,128,54.0,24,1.0,7,19,0.511,0.826,0.396,22.0,New York Knicks
0022200904,2023-02-25,22022,MIA @ CHA,L,103,42.0,24,7.0,3,16,0.4,0.824,0.306,-5.0,Miami Heat
0022200906,2023-02-25,22022,NOP @ NYK,L,106,39.0,25,11.0,0,7,0.392,0.857,0.211,-22.0,New Orleans Pelicans
0022200907,2023-02-25,22022,MEM vs. DEN,W,112,50.0,25,10.0,3,12,0.474,0.875,0.341,18.0,Memphis Grizzlies
0022200904,2023-02-25,22022,CHA vs. MIA,W,108,48.0,20,10.0,2,15,0.432,0.815,0.323,5.0,Charlotte Hornets
0022200918,2023-02-26,22022,LAC @ DEN,L,124,38.0,24,11.0,5,12,0.489,0.833,0.324,-10.0,Los Angeles Clippers
0022200918,2023-02-26,22022,DEN vs. LAC,W,134,50.0,35,10.0,3,14,0.51,0.742,0.333,10.0,Denver Nuggets
0022200914,2023-02-26,22022,CLE vs. TOR,W,118,45.0,31,7.0,5,13,0.524,0.857,0.5,25.0,Cleveland Cavaliers
0022200911,2023-02-26,22022,BKN @ ATL,L,127,37.0,20,12.0,6,9,0.494,0.931,0.359,-2.0,Brooklyn Nets
0022200910,2023-02-26,22022,PHX @ MIL,L,101,55.0,21,4.0,5,12,0.421,0.591,0.333,-3.0,Phoenix Suns
0022200912,2023-02-26,22022,WAS @ CHI,L,82,42.0,22,5.0,1,16,0.421,0.522,0.214,-20.0,Washington Wizards
0022200915,2023-02-26,22022,SAC @ OKC,W,124,48.0,32,7.0,1,19,0.529,0.667,0.419,9.0,Sacramento Kings
0022200915,2023-02-26,22022,OKC vs. SAC,L,115,37.0,24,10.0,0,14,0.477,0.739,0.4,-9.0,Oklahoma City Thunder
0022200913,2023-02-26,22022,LAL @ DAL,W,111,56.0,25,9.0,4,10,0.433,0.75,0.176,3.0,Los Angeles Lakers
0022200916,2023-02-26,22022,MIN @ GSW,L,104,43.0,26,11.0,8,16,0.422,0.524,0.378,-5.0,Minnesota Timberwolves
0022200916,2023-02-26,22022,GSW vs. MIN,W,109,56.0,23,11.0,5,16,0.429,0.727,0.357,5.0,Golden State Warriors
0022200917,2023-02-26,22022,POR vs. HOU,W,131,37.0,20,7.0,7,13,0.545,0.771,0.513,17.0,Portland Trail Blazers
0022200914,2023-02-26,22022,TOR @ CLE,L,93,43.0,19,4.0,4,14,0.387,0.8,0.36,-25.0,Toronto Raptors
0022200912,2023-02-26,22022,CHI vs. WAS,W,102,39.0,21,7.0,3,8,0.506,0.824,0.267,20.0,Chicago Bulls
0022200917,2023-02-26,22022,HOU @ POR,L,114,48.0,24,7.0,2,13,0.45,0.68,0.269,-17.0,Houston Rockets
0022200913,2023-02-26,22022,DAL vs. LAL,L,108,48.0,21,5.0,5,16,0.419,0.714,0.408,-3.0,Dallas Mavericks
0022200910,2023-02-26,22022,MIL vs. PHX,W,104,45.0,15,4.0,7,11,0.437,0.714,0.289,3.0,Milwaukee Bucks
0022200911,2023-02-26,22022,ATL vs. BKN,W,129,46.0,20,7.0,2,15,0.5,0.821,0.533,2.0,Atlanta Hawks
0022200922,2023-02-27,22022,ORL @ NOP,W,101,43.0,21,9.0,1,15,0.456,0.769,0.265,8.0,Orlando Magic
0022200921,2023-02-27,22022,BOS @ NYK,L,94,35.0,21,5.0,8,11,0.44,0.786,0.214,-15.0,Boston Celtics
0022200919,2023-02-27,22022,CHA vs. DET,W,117,46.0,24,8.0,3,16,0.518,0.818,0.5,11.0,Charlotte Hornets
0022200922,2023-02-27,22022,NOP vs. ORL,L,93,38.0,23,9.0,2,17,0.447,0.826,0.222,-8.0,New Orleans Pelicans
0022200919,2023-02-27,22022,DET @ CHA,L,106,39.0,18,12.0,3,9,0.457,0.704,0.115,-11.0,Detroit Pistons
0022200920,2023-02-27,22022,PHI vs. MIA,L,99,39.0,20,7.0,3,18,0.438,0.893,0.37,-2.0,Philadelphia 76ers
0022200920,2023-02-27,22022,MIA @ PHI,W,101,37.0,21,10.0,3,12,0.432,0.727,0.405,2.0,Miami Heat
0022200921,2023-02-27,22022,NYK vs. BOS,W,109,44.0,20,6.0,3,11,0.474,0.676,0.387,15.0,New York Knicks
0022200929,2023-02-28,22022,DAL vs. IND,L,122,38.0,28,5.0,3,7,0.505,0.643,0.324,-2.0,Dallas Mavericks
0022200931,2023-02-28,22022,GSW vs. POR,W,123,46.0,34,5.0,2,18,0.538,0.813,0.4,18.0,Golden State Warriors
0022200928,2023-02-28,22022,SAC @ OKC,W,123,51.0,34,3.0,4,19,0.524,0.733,0.357,6.0,Sacramento Kings
0022200925,2023-02-28,22022,TOR vs. CHI,W,104,47.0,26,11.0,6,11,0.404,0.684,0.357,6.0,Toronto Raptors
0022200932,2023-02-28,22022,MIN @ LAC,W,108,46.0,22,14.0,8,17,0.478,0.591,0.346,7.0,Minnesota Timberwolves
0022200923,2023-02-28,22022,ATL vs. WAS,L,116,42.0,21,4.0,7,9,0.462,0.895,0.371,-3.0,Atlanta Hawks
0022200930,2023-02-28,22022,SAS @ UTA,W,102,45.0,23,9.0,5,12,0.429,0.64,0.308,8.0,San Antonio Spurs
0022200930,2023-02-28,22022,UTA vs. SAS,L,94,52.0,15,8.0,9,20,0.353,0.667,0.294,-8.0,Utah Jazz
0022200932,2023-02-28,22022,LAC vs. MIN,L,101,44.0,24,11.0,3,24,0.422,0.87,0.393,-7.0,Los Angeles Clippers
0022200927,2023-02-28,22022,MEM vs. LAL,W,121,47.0,25,13.0,6,6,0.455,0.765,0.194,12.0,Memphis Grizzlies
0022200926,2023-02-28,22022,DEN @ HOU,W,133,43.0,40,8.0,5,11,0.576,0.688,0.432,21.0,Denver Nuggets
0022200923,2023-02-28,22022,WAS @ ATL,W,119,48.0,19,6.0,5,8,0.495,0.85,0.286,3.0,Washington Wizards
0022200926,2023-02-28,22022,HOU vs. DEN,L,112,40.0,33,5.0,6,13,0.495,0.7,0.29,-21.0,Houston Rockets
0022200928,2023-02-28,22022,OKC vs. SAC,L,117,42.0,28,9.0,1,10,0.439,0.833,0.314,-6.0,Oklahoma City Thunder
0022200927,2023-02-28,22022,LAL @ MEM,L,109,56.0,22,5.0,10,26,0.442,0.87,0.382,-12.0,Los Angeles Lakers
0022200924,2023-02-28,22022,BKN vs. MIL,L,104,38.0,25,12.0,6,17,0.434,0.8,0.333,-14.0,Brooklyn Nets
0022200924,2023-02-28,22022,MIL @ BKN,W,118,55.0,32,10.0,3,17,0.49,0.333,0.378,14.0,Milwaukee Bucks
0022200925,2023-02-28,22022,CHI @ TOR,L,98,35.0,28,6.0,7,19,0.521,0.824,0.4,-6.0,Chicago Bulls
0022200931,2023-02-28,22022,POR @ GSW,L,105,33.0,26,8.0,4,13,0.43,0.864,0.308,-18.0,Portland Trail Blazers
0022200929,2023-02-28,22022,IND @ DAL,W,124,41.0,25,3.0,8,9,0.526,0.775,0.393,2.0,Indiana Pacers
0022200941,2023-03-01,22022,NOP @ POR,W,121,41.0,23,9.0,4,6,0.517,0.87,0.36,11.0,New Orleans Pelicans
0022200940,2023-03-01,22022,OKC vs. LAL,L,117,42.0,29,8.0,4,11,0.484,0.75,0.275,-6.0,Oklahoma City Thunder
0022200940,2023-03-01,22022,LAL @ OKC,W,123,41.0,22,8.0,8,13,0.475,0.795,0.457,6.0,Los Angeles Lakers
0022200933,2023-03-01,22022,PHX @ CHA,W,105,48.0,30,8.0,9,12,0.472,0.8,0.36,14.0,Phoenix Suns
0022200941,2023-03-01,22022,POR vs. NOP,L,110,41.0,18,5.0,8,14,0.444,0.931,0.289,-11.0,Portland Trail Blazers
0022200938,2023-03-01,22022,HOU vs. MEM,L,99,49.0,17,4.0,5,12,0.4,0.64,0.324,-14.0,Houston Rockets
0022200934,2023-03-01,22022,CHI @ DET,W,117,40.0,27,9.0,4,15,0.482,0.742,0.444,2.0,Chicago Bulls
0022200939,2023-03-01,22022,MIL vs. ORL,W,139,46.0,29,4.0,1,8,0.521,0.789,0.464,22.0,Milwaukee Bucks
0022200939,2023-03-01,22022,ORL @ MIL,L,117,50.0,22,3.0,5,13,0.457,0.759,0.273,-22.0,Orlando Magic
0022200933,2023-03-01,22022,CHA vs. PHX,L,91,48.0,20,3.0,7,13,0.364,0.643,0.273,-14.0,Charlotte Hornets
0022200935,2023-03-01,22022,CLE @ BOS,L,113,38.0,21,8.0,3,6,0.489,0.619,0.313,-4.0,Cleveland Cavaliers
0022200937,2023-03-01,22022,BKN @ NYK,L,118,31.0,26,6.0,5,12,0.467,0.95,0.385,-24.0,Brooklyn Nets
0022200935,2023-03-01,22022,BOS vs. CLE,W,117,43.0,27,5.0,4,12,0.5,0.821,0.5,4.0,Boston Celtics
0022200936,2023-03-01,22022,PHI @ MIA,W,119,41.0,25,6.0,5,8,0.494,1.0,0.385,23.0,Philadelphia 76ers
0022200934,2023-03-01,22022,DET vs. CHI,L,115,40.0,23,8.0,2,16,0.5,0.821,0.4,-2.0,Detroit Pistons
0022200938,2023-03-01,22022,MEM @ HOU,W,113,44.0,27,6.0,9,7,0.482,0.842,0.415,14.0,Memphis Grizzlies
0022200936,2023-03-01,22022,MIA vs. PHI,L,96,33.0,18,3.0,2,12,0.436,0.913,0.241,-23.0,Miami Heat
0022200937,2023-03-01,22022,NYK vs. BKN,W,142,46.0,28,5.0,3,16,0.607,0.667,0.571,24.0,New York Knicks
0022200944,2023-03-02,22022,IND @ SAS,L,99,40.0,23,11.0,8,14,0.456,0.818,0.348,-11.0,Indiana Pacers
0022200943,2023-03-02,22022,DAL vs. PHI,W,133,31.0,26,8.0,1,12,0.549,0.667,0.521,7.0,Dallas Mavericks
0022200944,2023-03-02,22022,SAS vs. IND,W,110,50.0,31,5.0,6,15,0.459,0.769,0.313,11.0,San Antonio Spurs
0022200945,2023-03-02,22022,GSW vs. LAC,W,115,60.0,25,9.0,6,11,0.419,0.852,0.304,24.0,Golden State Warriors
0022200942,2023-03-02,22022,WAS vs. TOR,W,119,43.0,30,5.0,4,14,0.512,0.792,0.467,11.0,Washington Wizards
0022200943,2023-03-02,22022,PHI @ DAL,L,126,37.0,28,9.0,1,14,0.577,0.828,0.444,-7.0,Philadelphia 76ers
0022200945,2023-03-02,22022,LAC @ GSW,L,91,47.0,19,5.0,5,16,0.36,0.857,0.209,-24.0,Los Angeles Clippers
0022200942,2023-03-02,22022,TOR @ WAS,L,108,43.0,28,8.0,7,14,0.446,1.0,0.273,-11.0,Toronto Raptors
0022200950,2023-03-03,22022,PHX @ CHI,W,125,41.0,29,6.0,7,9,0.5,0.84,0.426,21.0,Phoenix Suns
0022200954,2023-03-03,22022,LAC @ SAC,L,127,32.0,31,7.0,3,7,0.54,0.704,0.341,-1.0,Los Angeles Clippers
0022200947,2023-03-03,22022,ATL vs. POR,W,129,43.0,30,10.0,5,17,0.571,0.813,0.462,18.0,Atlanta Hawks
0022200952,2023-03-03,22022,MEM @ DEN,L,97,40.0,24,6.0,6,10,0.369,0.774,0.344,-16.0,Memphis Grizzlies
0022200951,2023-03-03,22022,UTA @ OKC,L,103,48.0,24,5.0,14,25,0.487,0.783,0.31,-27.0,Utah Jazz
0022200947,2023-03-03,22022,POR @ ATL,L,111,34.0,22,11.0,7,17,0.471,0.8,0.333,-18.0,Portland Trail Blazers
0022200952,2023-03-03,22022,DEN vs. MEM,W,113,53.0,28,6.0,5,8,0.46,0.806,0.258,16.0,Denver Nuggets
0022200953,2023-03-03,22022,NOP @ GSW,L,99,29.0,20,9.0,4,13,0.442,0.778,0.345,-9.0,New Orleans Pelicans
0022200953,2023-03-03,22022,GSW vs. NOP,W,108,43.0,28,7.0,4,18,0.513,0.9,0.323,9.0,Golden State Warriors
0022200946,2023-03-03,22022,CHA vs. ORL,L,106,34.0,25,11.0,4,21,0.487,0.84,0.375,-11.0,Charlotte Hornets
0022200951,2023-03-03,22022,OKC vs. UTA,W,130,40.0,31,12.0,5,7,0.5,0.643,0.395,27.0,Oklahoma City Thunder
0022200955,2023-03-03,22022,LAL vs. MIN,L,102,41.0,23,8.0,2,15,0.414,0.833,0.323,-8.0,Los Angeles Lakers
0022200950,2023-03-03,22022,CHI vs. PHX,L,104,34.0,24,7.0,1,8,0.47,0.76,0.304,-21.0,Chicago Bulls
0022200954,2023-03-03,22022,SAC vs. LAC,W,128,45.0,26,3.0,2,11,0.529,1.0,0.303,1.0,Sacramento Kings
0022200949,2023-03-03,22022,MIA vs. NYK,L,120,39.0,23,7.0,2,12,0.481,0.938,0.48,-2.0,Miami Heat
0022200955,2023-03-03,22022,MIN @ LAL,W,110,46.0,29,10.0,6,13,0.472,0.75,0.412,8.0,Minnesota Timberwolves
0022200946,2023-03-03,22022,ORL @ CHA,W,117,42.0,21,9.0,4,18,0.535,0.789,0.385,11.0,Orlando Magic
0022200948,2023-03-03,22022,BKN @ BOS,W,115,47.0,25,9.0,6,12,0.421,0.808,0.318,10.0,Brooklyn Nets
0022200949,2023-03-03,22022,NYK @ MIA,W,122,34.0,23,8.0,4,11,0.58,0.647,0.415,2.0,New York Knicks
0022200948,2023-03-03,22022,BOS vs. BKN,L,105,48.0,26,8.0,8,19,0.488,0.7,0.31,-10.0,Boston Celtics
0022200957,2023-03-04,22022,DET @ CLE,L,90,49.0,19,5.0,7,23,0.407,0.72,0.25,-24.0,Detroit Pistons
0022200958,2023-03-04,22022,MIA vs. ATL,W,117,43.0,31,5.0,3,19,0.506,0.87,0.371,8.0,Miami Heat
0022200960,2023-03-04,22022,MIL vs. PHI,L,130,43.0,30,3.0,3,13,0.53,0.893,0.5,-3.0,Milwaukee Bucks
0022200956,2023-03-04,22022,TOR @ WAS,W,116,34.0,30,14.0,4,14,0.522,0.714,0.4,7.0,Toronto Raptors
0022200959,2023-03-04,22022,SAS vs. HOU,L,110,42.0,24,9.0,3,14,0.442,0.95,0.405,-12.0,San Antonio Spurs
0022200957,2023-03-04,22022,CLE vs. DET,W,114,39.0,29,14.0,8,11,0.495,0.556,0.412,24.0,Cleveland Cavaliers
0022200960,2023-03-04,22022,PHI @ MIL,W,133,32.0,24,5.0,1,5,0.5,0.838,0.486,3.0,Philadelphia 76ers
0022200956,2023-03-04,22022,WAS vs. TOR,L,109,43.0,26,9.0,5,24,0.507,0.864,0.583,-7.0,Washington Wizards
0022200959,2023-03-04,22022,HOU @ SAS,W,122,45.0,26,9.0,5,14,0.563,0.727,0.348,12.0,Houston Rockets
0022200958,2023-03-04,22022,ATL @ MIA,L,109,37.0,22,12.0,1,16,0.468,0.867,0.3,-8.0,Atlanta Hawks
0022200961,2023-03-04,22022,SAC vs. MIN,L,134,39.0,25,5.0,1,6,0.551,0.733,0.519,-4.0,Sacramento Kings
0022200961,2023-03-04,22022,MIN @ SAC,W,138,40.0,31,4.0,6,11,0.6,0.71,0.513,4.0,Minnesota Timberwolves
0022200966,2023-03-05,22022,POR @ ORL,W,122,46.0,27,9.0,5,17,0.47,0.875,0.34,3.0,Portland Trail Blazers
0022200965,2023-03-05,22022,BKN vs. CHA,W,102,52.0,21,5.0,9,5,0.391,0.818,0.279,16.0,Brooklyn Nets
0022200969,2023-03-05,22022,NYK @ BOS,W,131,54.0,18,7.0,4,19,0.495,0.688,0.366,2.0,New York Knicks
0022200967,2023-03-05,22022,HOU vs. SAS,W,142,44.0,29,10.0,3,12,0.612,0.862,0.542,32.0,Houston Rockets
0022200962,2023-03-05,22022,DAL vs. PHX,L,126,31.0,15,5.0,0,10,0.494,0.921,0.395,-4.0,Dallas Mavericks
0022200973,2023-03-05,22022,MIL @ WAS,W,117,45.0,30,5.0,6,12,0.47,0.773,0.449,6.0,Milwaukee Bucks
0022200963,2023-03-05,22022,CHI vs. IND,L,122,33.0,18,6.0,3,14,0.608,0.88,0.455,-3.0,Chicago Bulls
0022200964,2023-03-05,22022,LAL vs. GSW,W,113,46.0,29,3.0,3,7,0.442,0.818,0.333,8.0,Los Angeles Lakers
0022200963,2023-03-05,22022,IND @ CHI,W,125,35.0,27,5.0,6,9,0.511,0.813,0.364,3.0,Indiana Pacers
0022200965,2023-03-05,22022,CHA @ BKN,L,86,49.0,17,2.0,3,10,0.375,0.8,0.267,-16.0,Charlotte Hornets
0022200962,2023-03-05,22022,PHX @ DAL,W,130,41.0,27,5.0,2,9,0.551,0.8,0.353,4.0,Phoenix Suns
0022200964,2023-03-05,22022,GSW @ LAL,L,105,42.0,27,2.0,6,12,0.396,0.833,0.346,-8.0,Golden State Warriors
0022200969,2023-03-05,22022,BOS vs. NYK,L,129,54.0,27,8.0,5,16,0.394,0.88,0.356,-2.0,Boston Celtics
0022200973,2023-03-05,22022,WAS vs. MIL,L,111,56.0,21,8.0,2,9,0.426,0.917,0.258,-6.0,Washington Wizards
0022200970,2023-03-05,22022,MEM @ LAC,L,129,26.0,32,13.0,3,8,0.543,0.733,0.529,-6.0,Memphis Grizzlies
0022200968,2023-03-05,22022,OKC vs. UTA,W,129,42.0,24,9.0,4,12,0.506,0.818,0.378,10.0,Oklahoma City Thunder
0022200967,2023-03-05,22022,SAS @ HOU,L,110,35.0,23,5.0,4,15,0.462,0.619,0.324,-32.0,San Antonio Spurs
0022200970,2023-03-05,22022,LAC vs. MEM,W,135,53.0,25,6.0,2,17,0.529,0.943,0.414,6.0,Los Angeles Clippers
0022200968,2023-03-05,22022,UTA @ OKC,L,119,39.0,30,5.0,8,16,0.489,0.815,0.297,-10.0,Utah Jazz
0022200966,2023-03-05,22022,ORL vs. POR,L,119,38.0,29,11.0,2,11,0.5,0.774,0.355,-3.0,Orlando Magic
0022200974,2023-03-06,22022,ATL @ MIA,L,128,37.0,28,5.0,0,10,0.554,0.739,0.31,-2.0,Atlanta Hawks
0022200977,2023-03-06,22022,POR @ DET,W,110,38.0,28,7.0,6,11,0.487,0.76,0.455,6.0,Portland Trail Blazers
0022200971,2023-03-06,22022,CLE vs. BOS,W,118,58.0,27,4.0,7,15,0.448,0.8,0.353,4.0,Cleveland Cavaliers
0022200976,2023-03-06,22022,SAC vs. NOP,W,123,33.0,39,7.0,3,10,0.566,0.65,0.421,15.0,Sacramento Kings
0022200975,2023-03-06,22022,DEN vs. TOR,W,118,41.0,30,9.0,2,13,0.5,0.826,0.394,5.0,Denver Nuggets
0022200975,2023-03-06,22022,TOR @ DEN,L,113,41.0,29,6.0,4,15,0.5,0.85,0.37,-5.0,Toronto Raptors
0022200972,2023-03-06,22022,PHI @ IND,W,147,36.0,37,6.0,5,11,0.585,0.921,0.471,4.0,Philadelphia 76ers
0022200976,2023-03-06,22022,NOP @ SAC,L,108,40.0,29,6.0,4,16,0.538,0.786,0.379,-15.0,New Orleans Pelicans
0022200972,2023-03-06,22022,IND vs. PHI,L,143,30.0,28,8.0,4,9,0.589,0.71,0.405,-4.0,Indiana Pacers
0022200977,2023-03-06,22022,DET vs. POR,L,104,52.0,30,9.0,6,16,0.465,0.7,0.313,-6.0,Detroit Pistons
0022200971,2023-03-06,22022,BOS @ CLE,L,114,52.0,25,5.0,5,12,0.416,0.667,0.333,-4.0,Boston Celtics
0022200974,2023-03-06,22022,MIA vs. ATL,W,130,32.0,27,6.0,4,11,0.532,0.865,0.552,2.0,Miami Heat
0022200978,2023-03-07,22022,ORL vs. MIL,L,123,38.0,24,7.0,0,13,0.5,0.737,0.3,-11.0,Orlando Magic
0022200983,2023-03-07,22022,UTA @ DAL,L,116,47.0,23,10.0,4,16,0.446,0.76,0.341,-4.0,Utah Jazz
0022200982,2023-03-07,22022,GSW @ OKC,L,128,33.0,36,8.0,3,21,0.528,0.875,0.392,-9.0,Golden State Warriors
0022200769,2023-03-07,22022,DET vs. WAS,L,117,30.0,29,6.0,3,11,0.512,0.818,0.433,-2.0,Detroit Pistons
0022200984,2023-03-07,22022,MEM @ LAL,L,103,45.0,18,6.0,6,7,0.387,0.759,0.243,-9.0,Memphis Grizzlies
0022200981,2023-03-07,22022,BKN @ HOU,W,118,36.0,23,12.0,7,12,0.494,0.793,0.375,22.0,Brooklyn Nets
0022200769,2023-03-07,22022,WAS @ DET,W,119,37.0,27,9.0,5,14,0.58,0.765,0.48,2.0,Washington Wizards
0022200984,2023-03-07,22022,LAL vs. MEM,W,112,57.0,27,4.0,2,13,0.456,0.793,0.25,9.0,Los Angeles Lakers
0022200980,2023-03-07,22022,MIN vs. PHI,L,94,34.0,19,9.0,7,11,0.395,0.714,0.306,-23.0,Minnesota Timberwolves
0022200982,2023-03-07,22022,OKC vs. GSW,W,137,44.0,28,10.0,2,15,0.532,0.833,0.459,9.0,Oklahoma City Thunder
0022200979,2023-03-07,22022,NYK vs. CHA,L,105,39.0,18,3.0,4,8,0.427,0.75,0.275,-7.0,New York Knicks
0022200978,2023-03-07,22022,MIL @ ORL,W,134,38.0,28,5.0,5,16,0.59,0.941,0.357,11.0,Milwaukee Bucks
0022200983,2023-03-07,22022,DAL vs. UTA,W,120,43.0,24,10.0,6,16,0.472,0.773,0.422,4.0,Dallas Mavericks
0022200981,2023-03-07,22022,HOU vs. BKN,L,96,48.0,14,6.0,1,19,0.434,0.708,0.269,-22.0,Houston Rockets
0022200979,2023-03-07,22022,CHA @ NYK,W,112,42.0,27,2.0,5,10,0.494,0.762,0.375,7.0,Charlotte Hornets
0022200980,2023-03-07,22022,PHI @ MIN,W,117,54.0,21,8.0,6,15,0.494,0.957,0.6,23.0,Philadelphia 76ers
0022200990,2023-03-08,22022,OKC @ PHX,L,101,37.0,23,9.0,2,16,0.375,0.952,0.349,-31.0,Oklahoma City Thunder
0022200985,2023-03-08,22022,WAS vs. ATL,L,120,39.0,34,9.0,1,17,0.566,0.824,0.414,-2.0,Washington Wizards
0022200988,2023-03-08,22022,NOP vs. DAL,W,113,49.0,32,4.0,6,15,0.506,0.889,0.481,7.0,New Orleans Pelicans
0022200987,2023-03-08,22022,MIA vs. CLE,L,100,37.0,22,7.0,4,22,0.5,0.759,0.276,-4.0,Miami Heat
0022200989,2023-03-08,22022,DEN vs. CHI,L,96,44.0,26,5.0,2,11,0.42,0.467,0.375,-21.0,Denver Nuggets
0022200986,2023-03-08,22022,BOS vs. POR,W,115,45.0,26,9.0,2,10,0.477,0.65,0.367,22.0,Boston Celtics
0022200986,2023-03-08,22022,POR @ BOS,L,93,47.0,18,5.0,2,15,0.366,0.815,0.282,-22.0,Portland Trail Blazers
0022200991,2023-03-08,22022,LAC vs. TOR,W,108,44.0,23,9.0,4,17,0.549,0.774,0.3,8.0,Los Angeles Clippers
0022200987,2023-03-08,22022,CLE @ MIA,W,104,32.0,26,13.0,3,15,0.488,0.895,0.321,4.0,Cleveland Cavaliers
0022200990,2023-03-08,22022,PHX vs. OKC,W,132,54.0,31,10.0,7,14,0.521,0.875,0.465,31.0,Phoenix Suns
0022200991,2023-03-08,22022,TOR @ LAC,L,100,41.0,21,12.0,2,12,0.385,0.929,0.406,-8.0,Toronto Raptors
0022200989,2023-03-08,22022,CHI @ DEN,W,117,50.0,26,9.0,2,8,0.517,0.944,0.333,21.0,Chicago Bulls
0022200988,2023-03-08,22022,DAL @ NOP,L,106,34.0,24,7.0,0,9,0.432,0.737,0.348,-7.0,Dallas Mavericks
0022200985,2023-03-08,22022,ATL @ WAS,W,122,36.0,26,11.0,5,11,0.529,0.769,0.414,2.0,Atlanta Hawks
0022200992,2023-03-09,22022,DET vs. CHA,L,103,48.0,20,5.0,4,19,0.449,0.8,0.333,-10.0,Detroit Pistons
0022200996,2023-03-09,22022,GSW @ MEM,L,110,32.0,25,9.0,3,17,0.439,0.958,0.333,-21.0,Golden State Warriors
0022200993,2023-03-09,22022,IND vs. HOU,W,134,42.0,34,12.0,15,11,0.48,0.952,0.4,9.0,Indiana Pacers
0022200992,2023-03-09,22022,CHA @ DET,W,113,44.0,24,11.0,9,12,0.5,0.594,0.333,10.0,Charlotte Hornets
0022200997,2023-03-09,22022,SAC vs. NYK,W,122,42.0,28,10.0,3,12,0.524,0.75,0.313,5.0,Sacramento Kings
0022200995,2023-03-09,22022,BKN @ MIL,L,113,47.0,20,10.0,4,13,0.394,1.0,0.389,-5.0,Brooklyn Nets
0022200995,2023-03-09,22022,MIL vs. BKN,W,118,61.0,33,8.0,12,16,0.423,0.786,0.38,5.0,Milwaukee Bucks
0022200993,2023-03-09,22022,HOU @ IND,L,125,58.0,18,6.0,6,16,0.458,0.724,0.353,-9.0,Houston Rockets
0022200994,2023-03-09,22022,UTA @ ORL,W,131,42.0,27,7.0,8,17,0.557,0.952,0.382,7.0,Utah Jazz
0022200994,2023-03-09,22022,ORL vs. UTA,L,124,36.0,21,9.0,4,10,0.468,0.645,0.471,-7.0,Orlando Magic
0022200997,2023-03-09,22022,NYK @ SAC,L,117,58.0,27,8.0,1,13,0.416,0.645,0.26,-5.0,New York Knicks
0022200996,2023-03-09,22022,MEM vs. GSW,W,131,42.0,36,6.0,3,12,0.538,0.722,0.45,21.0,Memphis Grizzlies
0022200998,2023-03-10,22022,PHI vs. POR,W,120,42.0,25,7.0,4,9,0.518,0.793,0.367,1.0,Philadelphia 76ers
0022200998,2023-03-10,22022,POR @ PHI,L,119,36.0,24,6.0,3,9,0.525,0.667,0.417,-1.0,Portland Trail Blazers
0022201002,2023-03-10,22022,DEN @ SAS,L,120,33.0,32,14.0,4,14,0.489,0.95,0.371,-8.0,Denver Nuggets
0022201000,2023-03-10,22022,CLE @ MIA,L,115,34.0,25,5.0,6,11,0.465,0.81,0.419,-4.0,Cleveland Cavaliers
0022200999,2023-03-10,22022,WAS vs. ATL,L,107,43.0,27,8.0,6,14,0.489,0.778,0.259,-7.0,Washington Wizards
0022201001,2023-03-10,22022,MIN vs. BKN,L,123,47.0,29,10.0,6,14,0.49,0.621,0.3,-1.0,Minnesota Timberwolves
0022201000,2023-03-10,22022,MIA vs. CLE,W,119,46.0,22,7.0,4,16,0.512,0.913,0.483,4.0,Miami Heat
0022201003,2023-03-10,22022,LAL vs. TOR,W,122,35.0,28,8.0,8,20,0.563,1.0,0.433,10.0,Los Angeles Lakers
0022200999,2023-03-10,22022,ATL @ WAS,W,114,46.0,25,9.0,4,14,0.442,0.789,0.484,7.0,Atlanta Hawks
0022201001,2023-03-10,22022,BKN @ MIN,W,124,48.0,20,7.0,5,14,0.462,0.727,0.471,1.0,Brooklyn Nets
0022201002,2023-03-10,22022,SAS vs. DEN,W,128,50.0,31,10.0,0,18,0.543,0.765,0.394,8.0,San Antonio Spurs
0022201003,2023-03-10,22022,TOR @ LAL,L,112,37.0,29,14.0,3,13,0.5,0.769,0.357,-10.0,Toronto Raptors
0022201006,2023-03-11,22022,DET vs. IND,L,115,42.0,25,7.0,7,12,0.457,0.667,0.324,-6.0,Detroit Pistons
0022201010,2023-03-11,22022,MEM vs. DAL,W,112,45.0,25,7.0,5,11,0.477,0.833,0.263,4.0,Memphis Grizzlies
0022201011,2023-03-11,22022,NOP vs. OKC,L,96,43.0,23,3.0,4,22,0.42,0.842,0.353,-14.0,New Orleans Pelicans
0022201007,2023-03-11,22022,MIA @ ORL,L,114,35.0,19,8.0,2,17,0.447,0.95,0.297,-12.0,Miami Heat
0022201008,2023-03-11,22022,BOS @ ATL,W,134,40.0,35,6.0,6,8,0.547,0.833,0.476,9.0,Boston Celtics
0022201008,2023-03-11,22022,ATL vs. BOS,L,125,48.0,24,4.0,4,10,0.5,0.938,0.294,-9.0,Atlanta Hawks
0022201011,2023-03-11,22022,OKC @ NOP,W,110,38.0,17,11.0,2,11,0.463,0.844,0.321,14.0,Oklahoma City Thunder
0022201012,2023-03-11,22022,GSW vs. MIL,W,125,65.0,33,12.0,4,15,0.411,0.909,0.418,9.0,Golden State Warriors
0022201006,2023-03-11,22022,IND @ DET,W,121,58.0,24,7.0,6,14,0.462,0.765,0.257,6.0,Indiana Pacers
0022201004,2023-03-11,22022,NYK @ LAC,L,95,54.0,21,5.0,3,9,0.356,0.889,0.226,-11.0,New York Knicks
0022201009,2023-03-11,22022,HOU vs. CHI,L,111,33.0,28,10.0,3,16,0.482,0.765,0.471,-8.0,Houston Rockets
0022201012,2023-03-11,22022,MIL @ GSW,L,116,48.0,28,9.0,7,17,0.43,0.818,0.412,-9.0,Milwaukee Bucks
0022201005,2023-03-11,22022,CHA vs. UTA,L,111,43.0,24,5.0,14,7,0.408,0.933,0.425,-8.0,Charlotte Hornets
0022201005,2023-03-11,22022,UTA @ CHA,W,119,60.0,22,4.0,4,11,0.447,0.9,0.281,8.0,Utah Jazz
0022201004,2023-03-11,22022,LAC vs. NYK,W,106,39.0,22,3.0,4,8,0.483,0.75,0.333,11.0,Los Angeles Clippers
0022201013,2023-03-11,22022,SAC @ PHX,W,128,39.0,19,10.0,2,15,0.482,0.838,0.429,9.0,Sacramento Kings
0022201007,2023-03-11,22022,ORL vs. MIA,W,126,54.0,34,10.0,10,18,0.485,0.85,0.351,12.0,Orlando Magic
0022201009,2023-03-11,22022,CHI @ HOU,W,119,44.0,25,7.0,9,14,0.512,0.727,0.469,8.0,Chicago Bulls
0022201013,2023-03-11,22022,PHX vs. SAC,L,119,40.0,30,11.0,3,14,0.494,0.818,0.295,-9.0,Phoenix Suns
0022201010,2023-03-11,22022,DAL @ MEM,L,108,43.0,25,4.0,3,11,0.459,0.652,0.349,-4.0,Dallas Mavericks
0022201014,2023-03-12,22022,BKN @ DEN,W,122,28.0,32,11.0,2,8,0.5,0.875,0.386,2.0,Brooklyn Nets
0022201016,2023-03-12,22022,WAS @ PHI,L,93,35.0,19,4.0,5,9,0.405,0.826,0.231,-19.0,Washington Wizards
0022201014,2023-03-12,22022,DEN vs. BKN,L,120,49.0,27,4.0,8,15,0.5,0.75,0.387,-2.0,Denver Nuggets
0022201019,2023-03-12,22022,NYK @ LAL,W,112,46.0,18,8.0,3,11,0.477,0.81,0.297,4.0,New York Knicks
0022201019,2023-03-12,22022,LAL vs. NYK,L,108,37.0,24,6.0,2,11,0.483,0.588,0.333,-4.0,Los Angeles Lakers
0022201016,2023-03-12,22022,PHI vs. WAS,W,112,42.0,29,6.0,10,8,0.513,0.826,0.379,19.0,Philadelphia 76ers
0022201015,2023-03-12,22022,CHA vs. CLE,L,108,43.0,25,8.0,5,19,0.513,0.727,0.476,-6.0,Charlotte Hornets
0022201017,2023-03-12,22022,POR @ NOP,L,110,46.0,26,10.0,2,17,0.489,0.7,0.303,-17.0,Portland Trail Blazers
0022201018,2023-03-12,22022,SAS vs. OKC,L,90,50.0,24,3.0,7,18,0.375,0.737,0.278,-12.0,San Antonio Spurs
0022201015,2023-03-12,22022,CLE @ CHA,W,114,40.0,18,8.0,3,10,0.471,0.735,0.259,6.0,Cleveland Cavaliers
0022201018,2023-03-12,22022,OKC @ SAS,W,102,55.0,26,8.0,3,9,0.379,0.87,0.256,12.0,Oklahoma City Thunder
0022201017,2023-03-12,22022,NOP vs. POR,W,127,43.0,35,11.0,7,15,0.5,0.759,0.475,17.0,New Orleans Pelicans
0022201026,2023-03-13,22022,SAC vs. MIL,L,124,45.0,31,4.0,2,9,0.442,0.733,0.42,-9.0,Sacramento Kings
0022201023,2023-03-13,22022,DAL vs. MEM,L,88,41.0,23,3.0,3,13,0.389,0.75,0.261,-16.0,Dallas Mavericks
0022201024,2023-03-13,22022,HOU vs. BOS,W,111,48.0,27,9.0,2,10,0.444,0.741,0.314,2.0,Houston Rockets
0022201025,2023-03-13,22022,PHX @ GSW,L,112,47.0,25,8.0,4,14,0.484,0.727,0.19,-11.0,Phoenix Suns
0022201020,2023-03-13,22022,IND @ DET,L,97,42.0,23,7.0,5,14,0.419,0.625,0.294,-20.0,Indiana Pacers
0022201022,2023-03-13,22022,UTA @ MIA,L,115,48.0,31,7.0,4,18,0.478,0.722,0.421,-4.0,Utah Jazz
0022201024,2023-03-13,22022,BOS @ HOU,L,109,38.0,19,7.0,5,13,0.448,0.905,0.286,-2.0,Boston Celtics
0022201025,2023-03-13,22022,GSW vs. PHX,W,123,41.0,28,8.0,6,14,0.542,0.583,0.487,11.0,Golden State Warriors
0022201021,2023-03-13,22022,MIN @ ATL,W,136,37.0,39,12.0,10,10,0.587,0.696,0.429,21.0,Minnesota Timberwolves
0022201020,2023-03-13,22022,DET vs. IND,W,117,52.0,28,10.0,5,14,0.48,0.7,0.389,20.0,Detroit Pistons
0022201023,2023-03-13,22022,MEM @ DAL,W,104,47.0,23,9.0,3,14,0.458,0.842,0.324,16.0,Memphis Grizzlies
0022201022,2023-03-13,22022,MIA vs. UTA,W,119,37.0,20,12.0,4,13,0.468,0.861,0.412,4.0,Miami Heat
0022201021,2023-03-13,22022,ATL vs. MIN,L,115,51.0,17,6.0,4,15,0.454,0.821,0.182,-21.0,Atlanta Hawks
0022201026,2023-03-13,22022,MIL @ SAC,W,133,43.0,29,2.0,4,12,0.581,0.818,0.455,9.0,Milwaukee Bucks
0022201027,2023-03-14,22022,CLE @ CHA,W,120,30.0,29,8.0,6,8,0.511,0.842,0.467,16.0,Cleveland Cavaliers
0022201033,2023-03-14,22022,MIL @ PHX,W,116,46.0,24,8.0,6,12,0.471,0.649,0.308,12.0,Milwaukee Bucks
0022201029,2023-03-14,22022,TOR vs. DEN,W,125,44.0,25,10.0,2,11,0.527,0.882,0.4,15.0,Toronto Raptors
0022201029,2023-03-14,22022,DEN @ TOR,L,110,32.0,29,9.0,4,14,0.553,0.8,0.24,-15.0,Denver Nuggets
0022201033,2023-03-14,22022,PHX vs. MIL,L,104,41.0,23,7.0,3,11,0.432,0.875,0.348,-12.0,Phoenix Suns
0022201030,2023-03-14,22022,NOP vs. LAL,L,108,41.0,23,9.0,3,12,0.429,0.65,0.256,-15.0,New Orleans Pelicans
0022201031,2023-03-14,22022,BKN @ OKC,L,107,46.0,25,3.0,5,17,0.427,0.735,0.293,-14.0,Brooklyn Nets
0022201028,2023-03-14,22022,WAS vs. DET,W,117,48.0,24,9.0,9,13,0.518,1.0,0.219,20.0,Washington Wizards
0022201030,2023-03-14,22022,LAL @ NOP,W,123,52.0,24,8.0,2,17,0.488,0.893,0.462,15.0,Los Angeles Lakers
0022201027,2023-03-14,22022,CHA vs. CLE,L,104,40.0,28,3.0,8,19,0.566,0.8,0.261,-16.0,Charlotte Hornets
0022201032,2023-03-14,22022,SAS vs. ORL,W,132,47.0,39,6.0,7,14,0.565,0.778,0.537,18.0,San Antonio Spurs
0022201031,2023-03-14,22022,OKC vs. BKN,W,121,51.0,22,9.0,0,9,0.455,0.87,0.333,14.0,Oklahoma City Thunder
0022201028,2023-03-14,22022,DET @ WAS,L,97,44.0,18,8.0,3,11,0.384,0.917,0.294,-20.0,Detroit Pistons
0022201034,2023-03-14,22022,POR vs. NYK,L,107,38.0,22,8.0,3,10,0.384,0.778,0.378,-16.0,Portland Trail Blazers
0022201034,2023-03-14,22022,NYK @ POR,W,123,52.0,23,8.0,8,12,0.519,0.706,0.429,16.0,New York Knicks
0022201032,2023-03-14,22022,ORL @ SAS,L,114,42.0,24,7.0,2,9,0.454,0.762,0.345,-18.0,Orlando Magic
0022201038,2023-03-15,22022,HOU vs. LAL,W,114,51.0,22,5.0,3,17,0.528,0.632,0.276,4.0,Houston Rockets
0022201040,2023-03-15,22022,DAL @ SAS,W,137,52.0,23,4.0,4,18,0.512,0.865,0.515,9.0,Dallas Mavericks
0022201035,2023-03-15,22022,CLE vs. PHI,L,109,33.0,20,6.0,2,10,0.471,0.682,0.341,-9.0,Cleveland Cavaliers
0022201035,2023-03-15,22022,PHI @ CLE,W,118,46.0,24,8.0,6,18,0.52,0.852,0.472,9.0,Philadelphia 76ers
0022201040,2023-03-15,22022,SAS vs. DAL,L,128,47.0,26,7.0,4,10,0.458,0.577,0.441,-9.0,San Antonio Spurs
0022201041,2023-03-15,22022,LAC vs. GSW,W,134,44.0,30,11.0,1,7,0.479,0.813,0.471,8.0,Los Angeles Clippers
0022201037,2023-03-15,22022,SAC @ CHI,W,117,45.0,26,6.0,3,19,0.487,0.793,0.429,3.0,Sacramento Kings
0022201037,2023-03-15,22022,CHI vs. SAC,L,114,48.0,28,13.0,4,14,0.392,0.88,0.381,-3.0,Chicago Bulls
0022201036,2023-03-15,22022,MIA vs. MEM,W,138,41.0,33,8.0,5,13,0.598,0.818,0.448,19.0,Miami Heat
0022201038,2023-03-15,22022,LAL @ HOU,L,110,36.0,21,7.0,3,8,0.378,0.838,0.25,-4.0,Los Angeles Lakers
0022201039,2023-03-15,22022,MIN vs. BOS,L,102,46.0,27,3.0,2,13,0.44,0.727,0.333,-2.0,Minnesota Timberwolves
0022201041,2023-03-15,22022,GSW @ LAC,L,126,36.0,28,5.0,1,16,0.557,0.733,0.472,-8.0,Golden State Warriors
0022201036,2023-03-15,22022,MEM @ MIA,L,119,39.0,29,6.0,1,16,0.505,0.643,0.391,-19.0,Memphis Grizzlies
0022201039,2023-03-15,22022,BOS @ MIN,W,104,44.0,20,7.0,5,9,0.405,0.8,0.3,2.0,Boston Celtics
0022201045,2023-03-16,22022,MIL vs. IND,L,123,44.0,26,5.0,4,12,0.528,0.692,0.344,-16.0,Milwaukee Bucks
0022201043,2023-03-16,22022,BKN vs. SAC,L,96,41.0,20,8.0,4,6,0.413,0.696,0.359,-5.0,Brooklyn Nets
0022201042,2023-03-16,22022,DET vs. DEN,L,100,37.0,24,8.0,3,17,0.459,0.556,0.444,-19.0,Detroit Pistons
0022201044,2023-03-16,22022,TOR vs. OKC,W,128,59.0,29,10.0,6,10,0.485,0.714,0.438,17.0,Toronto Raptors
0022201046,2023-03-16,22022,ORL @ PHX,L,113,47.0,25,7.0,3,17,0.5,0.826,0.286,-3.0,Orlando Magic
0022201042,2023-03-16,22022,DEN @ DET,W,119,47.0,29,9.0,7,9,0.528,0.68,0.333,19.0,Denver Nuggets
0022201043,2023-03-16,22022,SAC @ BKN,W,101,57.0,22,2.0,5,12,0.39,0.75,0.317,5.0,Sacramento Kings
0022201045,2023-03-16,22022,IND @ MIL,W,139,42.0,36,5.0,3,8,0.557,0.6,0.478,16.0,Indiana Pacers
0022201046,2023-03-16,22022,PHX vs. ORL,W,116,35.0,26,7.0,5,14,0.478,1.0,0.371,3.0,Phoenix Suns
0022201044,2023-03-16,22022,OKC @ TOR,L,111,39.0,18,5.0,4,13,0.426,0.9,0.419,-17.0,Oklahoma City Thunder
0022201053,2023-03-17,22022,POR vs. BOS,L,112,37.0,20,12.0,4,18,0.481,0.71,0.368,-14.0,Portland Trail Blazers
0022201047,2023-03-17,22022,PHI @ CHA,W,121,62.0,24,9.0,9,13,0.5,0.76,0.313,39.0,Philadelphia 76ers
0022201052,2023-03-17,22022,SAS vs. MEM,L,120,54.0,31,11.0,4,19,0.398,0.759,0.385,-6.0,San Antonio Spurs
0022201051,2023-03-17,22022,HOU vs. NOP,W,114,52.0,20,9.0,3,12,0.489,0.708,0.344,2.0,Houston Rockets
0022201053,2023-03-17,22022,BOS @ POR,W,126,52.0,29,12.0,2,16,0.471,0.829,0.357,14.0,Boston Celtics
0022201052,2023-03-17,22022,MEM @ SAS,W,126,52.0,27,13.0,9,17,0.485,0.667,0.368,6.0,Memphis Grizzlies
0022201054,2023-03-17,22022,LAL vs. DAL,L,110,42.0,23,8.0,3,12,0.512,0.613,0.25,-1.0,Los Angeles Lakers
0022201050,2023-03-17,22022,CHI vs. MIN,W,139,47.0,23,9.0,6,11,0.543,0.867,0.458,8.0,Chicago Bulls
0022201049,2023-03-17,22022,WAS @ CLE,L,94,38.0,22,5.0,6,16,0.461,0.8,0.348,-23.0,Washington Wizards
0022201048,2023-03-17,22022,ATL vs. GSW,W,127,45.0,27,7.0,8,10,0.47,0.68,0.39,8.0,Atlanta Hawks
0022201047,2023-03-17,22022,CHA vs. PHI,L,82,35.0,20,10.0,6,13,0.337,0.731,0.143,-39.0,Charlotte Hornets
0022201054,2023-03-17,22022,DAL @ LAL,W,111,35.0,27,8.0,4,13,0.506,0.789,0.471,1.0,Dallas Mavericks
0022201049,2023-03-17,22022,CLE vs. WAS,W,117,41.0,31,9.0,7,10,0.552,0.773,0.211,23.0,Cleveland Cavaliers
0022201048,2023-03-17,22022,GSW @ ATL,L,119,54.0,28,6.0,9,17,0.48,0.7,0.275,-8.0,Golden State Warriors
0022201051,2023-03-17,22022,NOP @ HOU,L,112,35.0,22,8.0,5,9,0.476,0.88,0.429,-2.0,New Orleans Pelicans
0022201050,2023-03-17,22022,MIN @ CHI,L,131,50.0,33,6.0,8,15,0.46,0.677,0.429,-8.0,Minnesota Timberwolves
0022201059,2023-03-18,22022,SAC @ WAS,W,132,44.0,34,7.0,7,8,0.558,0.609,0.595,14.0,Sacramento Kings
0022201061,2023-03-18,22022,MEM vs. GSW,W,133,39.0,35,5.0,5,6,0.547,0.647,0.474,14.0,Memphis Grizzlies
0022201055,2023-03-18,22022,DEN @ NYK,L,110,33.0,30,3.0,2,13,0.512,0.8,0.364,-6.0,Denver Nuggets
0022201055,2023-03-18,22022,NYK vs. DEN,W,116,43.0,23,9.0,4,12,0.494,0.893,0.281,6.0,New York Knicks
0022201062,2023-03-18,22022,BOS @ UTA,L,117,40.0,30,2.0,2,6,0.477,0.688,0.431,-1.0,Boston Celtics
0022201058,2023-03-18,22022,MIN @ TOR,L,107,42.0,27,5.0,2,14,0.459,0.857,0.217,-15.0,Minnesota Timberwolves
0022201060,2023-03-18,22022,MIA @ CHI,L,99,39.0,23,4.0,2,13,0.427,0.792,0.27,-14.0,Miami Heat
0022201061,2023-03-18,22022,GSW @ MEM,L,119,42.0,27,3.0,8,13,0.429,0.824,0.371,-14.0,Golden State Warriors
0022201057,2023-03-18,22022,IND vs. PHI,L,121,41.0,28,5.0,5,14,0.517,0.95,0.387,-20.0,Indiana Pacers
0022201059,2023-03-18,22022,WAS vs. SAC,L,118,46.0,27,6.0,5,9,0.451,0.852,0.361,-14.0,Washington Wizards
0022201058,2023-03-18,22022,TOR vs. MIN,W,122,45.0,23,11.0,3,15,0.533,0.81,0.333,15.0,Toronto Raptors
0022201062,2023-03-18,22022,UTA vs. BOS,W,118,56.0,29,3.0,5,7,0.433,0.773,0.415,1.0,Utah Jazz
0022201056,2023-03-18,22022,LAC vs. ORL,L,108,43.0,23,9.0,3,15,0.467,0.75,0.273,-5.0,Los Angeles Clippers
0022201060,2023-03-18,22022,CHI vs. MIA,W,113,32.0,34,8.0,5,10,0.563,1.0,0.5,14.0,Chicago Bulls
0022201057,2023-03-18,22022,PHI @ IND,W,141,30.0,31,11.0,6,7,0.614,0.818,0.429,20.0,Philadelphia 76ers
0022201056,2023-03-18,22022,ORL @ LAC,W,113,45.0,23,14.0,5,17,0.5,0.76,0.323,5.0,Orlando Magic
0022201068,2023-03-19,22022,TOR @ MIL,L,111,41.0,25,6.0,4,7,0.444,0.75,0.412,-7.0,Toronto Raptors
0022201065,2023-03-19,22022,ATL @ SAS,L,118,51.0,21,4.0,4,12,0.475,0.85,0.227,-8.0,Atlanta Hawks
0022201070,2023-03-19,22022,ORL @ LAL,L,105,44.0,24,8.0,3,8,0.402,0.765,0.263,-6.0,Orlando Magic
0022201068,2023-03-19,22022,MIL vs. TOR,W,118,45.0,35,3.0,8,12,0.524,0.762,0.356,7.0,Milwaukee Bucks
0022201070,2023-03-19,22022,LAL vs. ORL,W,111,52.0,25,2.0,9,15,0.462,0.813,0.406,6.0,Los Angeles Lakers
0022201066,2023-03-19,22022,MIA @ DET,W,112,42.0,33,4.0,4,10,0.481,0.92,0.333,12.0,Miami Heat
0022201069,2023-03-19,22022,POR vs. LAC,L,102,40.0,24,7.0,9,13,0.451,0.917,0.207,-15.0,Portland Trail Blazers
0022201063,2023-03-19,22022,DEN @ BKN,W,108,40.0,31,5.0,3,16,0.525,0.923,0.522,6.0,Denver Nuggets
0022201067,2023-03-19,22022,HOU vs. NOP,L,107,36.0,15,4.0,2,12,0.408,0.947,0.273,-10.0,Houston Rockets
0022201063,2023-03-19,22022,BKN vs. DEN,L,102,33.0,26,10.0,3,11,0.463,0.875,0.343,-6.0,Brooklyn Nets
0022201069,2023-03-19,22022,LAC @ POR,W,117,49.0,26,11.0,3,9,0.457,0.826,0.429,15.0,Los Angeles Clippers
0022201064,2023-03-19,22022,PHX @ OKC,L,120,40.0,31,7.0,9,14,0.478,0.708,0.417,-4.0,Phoenix Suns
0022201064,2023-03-19,22022,OKC vs. PHX,W,124,44.0,20,8.0,3,15,0.5,0.806,0.393,4.0,Oklahoma City Thunder
0022201067,2023-03-19,22022,NOP @ HOU,W,117,39.0,28,7.0,4,10,0.494,0.833,0.419,10.0,New Orleans Pelicans
0022201066,2023-03-19,22022,DET vs. MIA,L,100,39.0,26,4.0,2,11,0.463,0.824,0.313,-12.0,Detroit Pistons
0022201065,2023-03-19,22022,SAS vs. ATL,W,126,41.0,26,9.0,5,12,0.543,0.625,0.5,8.0,San Antonio Spurs
0022201075,2023-03-20,22022,MEM vs. DAL,W,112,50.0,21,5.0,3,11,0.461,0.769,0.286,4.0,Memphis Grizzlies
0022201071,2023-03-20,22022,CHA vs. IND,W,115,37.0,26,12.0,6,11,0.456,0.719,0.323,6.0,Charlotte Hornets
0022201076,2023-03-20,22022,SAC @ UTA,L,120,43.0,28,5.0,3,6,0.423,0.76,0.365,-8.0,Sacramento Kings
0022201072,2023-03-20,22022,CHI @ PHI,W,109,42.0,20,12.0,7,10,0.415,0.828,0.212,4.0,Chicago Bulls
0022201074,2023-03-20,22022,GSW @ HOU,W,121,48.0,31,12.0,6,18,0.5,0.842,0.354,13.0,Golden State Warriors
0022201071,2023-03-20,22022,IND @ CHA,L,109,48.0,27,5.0,6,21,0.451,0.765,0.346,-6.0,Indiana Pacers
0022201076,2023-03-20,22022,UTA vs. SAC,W,128,48.0,33,3.0,8,12,0.523,0.87,0.444,8.0,Utah Jazz
0022201072,2023-03-20,22022,PHI vs. CHI,L,105,54.0,28,8.0,8,19,0.422,0.864,0.278,-4.0,Philadelphia 76ers
0022201075,2023-03-20,22022,DAL @ MEM,L,108,37.0,22,5.0,4,12,0.464,0.95,0.306,-4.0,Dallas Mavericks
0022201073,2023-03-20,22022,NYK vs. MIN,L,134,34.0,26,7.0,3,16,0.565,0.857,0.5,-6.0,New York Knicks
0022201074,2023-03-20,22022,HOU vs. GSW,L,108,41.0,14,14.0,2,17,0.419,0.833,0.278,-13.0,Houston Rockets
0022201073,2023-03-20,22022,MIN @ NYK,W,140,34.0,34,9.0,4,15,0.614,0.75,0.583,6.0,Minnesota Timberwolves
0022201080,2023-03-21,22022,SAS @ NOP,L,84,37.0,22,8.0,3,14,0.345,0.579,0.317,-35.0,San Antonio Spurs
0022201081,2023-03-21,22022,BOS @ SAC,W,132,43.0,33,9.0,3,5,0.533,0.696,0.409,23.0,Boston Celtics
0022201082,2023-03-21,22022,LAC vs. OKC,L,100,46.0,21,9.0,2,13,0.477,0.571,0.194,-1.0,Los Angeles Clippers
0022201077,2023-03-21,22022,WAS @ ORL,L,112,33.0,30,7.0,4,14,0.506,0.783,0.313,-10.0,Washington Wizards
0022201078,2023-03-21,22022,ATL vs. DET,W,129,61.0,26,5.0,6,9,0.463,0.75,0.368,22.0,Atlanta Hawks
0022201079,2023-03-21,22022,CLE @ BKN,W,115,34.0,23,6.0,3,14,0.506,0.81,0.483,6.0,Cleveland Cavaliers
0022201082,2023-03-21,22022,OKC @ LAC,W,101,47.0,19,2.0,4,11,0.419,0.929,0.27,1.0,Oklahoma City Thunder
0022201080,2023-03-21,22022,NOP vs. SAS,W,119,49.0,31,8.0,2,16,0.556,0.826,0.417,35.0,New Orleans Pelicans
0022201081,2023-03-21,22022,SAC vs. BOS,L,109,42.0,25,3.0,4,14,0.481,0.667,0.386,-23.0,Sacramento Kings
0022201078,2023-03-21,22022,DET @ ATL,L,107,35.0,20,8.0,2,9,0.407,0.833,0.325,-22.0,Detroit Pistons
0022201077,2023-03-21,22022,ORL vs. WAS,W,122,42.0,27,7.0,5,15,0.538,0.96,0.444,10.0,Orlando Magic
0022201079,2023-03-21,22022,BKN vs. CLE,L,109,49.0,25,6.0,5,16,0.446,0.783,0.273,-6.0,Brooklyn Nets
0022201089,2023-03-22,22022,MIL vs. SAS,W,130,54.0,24,10.0,4,15,0.52,0.542,0.349,36.0,Milwaukee Bucks
0022201084,2023-03-22,22022,NYK @ MIA,L,120,42.0,29,7.0,5,16,0.512,0.8,0.4,-7.0,New York Knicks
0022201088,2023-03-22,22022,HOU @ MEM,L,125,48.0,27,6.0,3,16,0.516,0.739,0.364,-5.0,Houston Rockets
0022201086,2023-03-22,22022,GSW @ DAL,W,127,44.0,33,7.0,5,13,0.556,0.833,0.308,2.0,Golden State Warriors
0022201090,2023-03-22,22022,ATL @ MIN,L,124,41.0,28,6.0,6,16,0.529,0.88,0.462,-1.0,Atlanta Hawks
0022201083,2023-03-22,22022,WAS vs. DEN,L,104,37.0,20,4.0,4,7,0.506,0.75,0.154,-14.0,Washington Wizards
0022201092,2023-03-22,22022,LAL vs. PHX,W,122,36.0,27,7.0,2,13,0.557,0.783,0.471,11.0,Los Angeles Lakers
0022201090,2023-03-22,22022,MIN vs. ATL,W,125,42.0,27,7.0,3,11,0.489,0.828,0.423,1.0,Minnesota Timberwolves
0022201089,2023-03-22,22022,SAS @ MIL,L,94,46.0,26,7.0,6,19,0.387,0.65,0.231,-36.0,San Antonio Spurs
0022201085,2023-03-22,22022,TOR vs. IND,L,114,40.0,21,11.0,7,10,0.438,0.744,0.206,-4.0,Toronto Raptors
0022201088,2023-03-22,22022,MEM vs. HOU,W,130,36.0,27,8.0,4,10,0.517,0.848,0.333,5.0,Memphis Grizzlies
0022201092,2023-03-22,22022,PHX @ LAL,L,111,39.0,23,7.0,6,17,0.467,0.75,0.387,-11.0,Phoenix Suns
0022201087,2023-03-22,22022,CHI vs. PHI,L,91,42.0,18,7.0,4,19,0.41,0.773,0.24,-25.0,Chicago Bulls
0022201084,2023-03-22,22022,MIA vs. NYK,W,127,29.0,28,9.0,1,10,0.57,0.808,0.571,7.0,Miami Heat
0022201087,2023-03-22,22022,PHI @ CHI,W,116,44.0,30,9.0,4,15,0.476,0.846,0.432,25.0,Philadelphia 76ers
0022201086,2023-03-22,22022,DAL vs. GSW,L,125,31.0,27,7.0,2,10,0.494,0.714,0.425,-2.0,Dallas Mavericks
0022201091,2023-03-22,22022,POR @ UTA,W,127,43.0,28,9.0,5,8,0.484,0.8,0.317,12.0,Portland Trail Blazers
0022201083,2023-03-22,22022,DEN @ WAS,W,118,41.0,28,7.0,2,10,0.506,0.905,0.469,14.0,Denver Nuggets
0022201085,2023-03-22,22022,IND @ TOR,W,118,39.0,27,4.0,5,18,0.558,0.84,0.524,4.0,Indiana Pacers
0022201091,2023-03-22,22022,UTA vs. POR,L,115,47.0,24,4.0,5,17,0.476,0.722,0.314,-12.0,Utah Jazz
0022201095,2023-03-23,22022,NOP vs. CHA,W,115,52.0,26,11.0,0,11,0.459,0.933,0.324,19.0,New Orleans Pelicans
0022201094,2023-03-23,22022,CLE @ BKN,W,116,40.0,24,7.0,7,9,0.472,0.769,0.375,2.0,Cleveland Cavaliers
0022201095,2023-03-23,22022,CHA @ NOP,L,96,38.0,24,8.0,4,17,0.458,0.688,0.243,-19.0,Charlotte Hornets
0022201093,2023-03-23,22022,ORL vs. NYK,W,111,43.0,25,8.0,7,14,0.46,0.857,0.406,5.0,Orlando Magic
0022201096,2023-03-23,22022,OKC @ LAC,L,105,40.0,24,6.0,3,14,0.441,0.909,0.333,-22.0,Oklahoma City Thunder
0022201096,2023-03-23,22022,LAC vs. OKC,W,127,42.0,34,9.0,5,13,0.56,0.75,0.486,22.0,Los Angeles Clippers
0022201093,2023-03-23,22022,NYK @ ORL,L,106,44.0,26,8.0,8,13,0.42,0.769,0.3,-5.0,New York Knicks
0022201094,2023-03-23,22022,BKN vs. CLE,L,114,42.0,24,7.0,7,15,0.481,0.889,0.353,-2.0,Brooklyn Nets
0022201102,2023-03-24,22022,MIL @ UTA,W,144,50.0,42,6.0,11,12,0.556,0.75,0.44,28.0,Milwaukee Bucks
0022201097,2023-03-24,22022,BOS vs. IND,W,120,49.0,28,11.0,6,14,0.473,0.737,0.429,25.0,Boston Celtics
0022201104,2023-03-24,22022,POR vs. CHI,L,96,31.0,23,10.0,5,12,0.43,0.889,0.194,-28.0,Portland Trail Blazers
0022201101,2023-03-24,22022,CHA @ DAL,W,117,43.0,32,7.0,4,8,0.483,0.741,0.393,8.0,Charlotte Hornets
0022201098,2023-03-24,22022,SAS @ WAS,L,124,41.0,35,4.0,4,5,0.505,0.6,0.342,-12.0,San Antonio Spurs
0022201099,2023-03-24,22022,TOR vs. DET,W,118,46.0,25,12.0,9,11,0.446,0.793,0.351,21.0,Toronto Raptors
0022201103,2023-03-24,22022,PHI @ GSW,L,112,38.0,23,8.0,1,10,0.487,0.824,0.276,-8.0,Philadelphia 76ers
0022201104,2023-03-24,22022,CHI @ POR,W,124,47.0,33,6.0,8,16,0.571,0.786,0.607,28.0,Chicago Bulls
0022201102,2023-03-24,22022,UTA vs. MIL,L,116,51.0,28,6.0,5,11,0.385,0.735,0.275,-28.0,Utah Jazz
0022201105,2023-03-24,22022,SAC vs. PHX,W,135,33.0,29,6.0,3,4,0.528,0.875,0.333,8.0,Sacramento Kings
0022201103,2023-03-24,22022,GSW vs. PHI,W,120,49.0,27,3.0,0,11,0.477,0.75,0.36,8.0,Golden State Warriors
0022201098,2023-03-24,22022,WAS vs. SAS,W,136,43.0,29,3.0,8,7,0.6,0.731,0.5,12.0,Washington Wizards
0022201100,2023-03-24,22022,MEM vs. HOU,W,151,35.0,36,12.0,7,10,0.613,0.857,0.595,37.0,Memphis Grizzlies
0022201106,2023-03-24,22022,LAL vs. OKC,W,116,53.0,20,9.0,4,11,0.462,0.714,0.353,5.0,Los Angeles Lakers
0022201097,2023-03-24,22022,IND @ BOS,L,95,44.0,24,9.0,4,17,0.464,0.591,0.154,-25.0,Indiana Pacers
0022201101,2023-03-24,22022,DAL vs. CHA,L,109,45.0,25,3.0,4,10,0.488,0.75,0.25,-8.0,Dallas Mavericks
0022201105,2023-03-24,22022,PHX @ SAC,L,127,43.0,33,2.0,7,12,0.539,0.759,0.31,-8.0,Phoenix Suns
0022201106,2023-03-24,22022,OKC @ LAL,L,111,45.0,21,6.0,5,10,0.435,0.895,0.389,-5.0,Oklahoma City Thunder
0022201099,2023-03-24,22022,DET @ TOR,L,97,39.0,23,8.0,4,22,0.466,0.767,0.24,-21.0,Detroit Pistons
0022201100,2023-03-24,22022,HOU @ MEM,L,114,38.0,25,7.0,3,15,0.54,0.619,0.304,-37.0,Houston Rockets
0022201109,2023-03-25,22022,MIL @ DEN,L,106,40.0,26,7.0,2,10,0.443,0.905,0.25,-23.0,Milwaukee Bucks
0022201112,2023-03-25,22022,LAC vs. NOP,L,110,31.0,29,9.0,6,19,0.52,0.81,0.455,-21.0,Los Angeles Clippers
0022201107,2023-03-25,22022,IND @ ATL,L,130,32.0,33,7.0,7,17,0.542,1.0,0.378,-13.0,Indiana Pacers
0022201112,2023-03-25,22022,NOP @ LAC,W,131,45.0,36,11.0,3,15,0.531,0.889,0.618,21.0,New Orleans Pelicans
0022201111,2023-03-25,22022,SAC vs. UTA,W,121,42.0,30,11.0,1,8,0.463,0.81,0.372,8.0,Sacramento Kings
0022201107,2023-03-25,22022,ATL vs. IND,W,143,42.0,33,10.0,8,11,0.552,0.88,0.5,13.0,Atlanta Hawks
0022201108,2023-03-25,22022,MIA vs. BKN,L,100,32.0,22,5.0,4,12,0.475,0.857,0.4,-29.0,Miami Heat
0022201110,2023-03-25,22022,PHX vs. PHI,W,125,45.0,35,4.0,9,7,0.505,0.842,0.469,20.0,Phoenix Suns
0022201109,2023-03-25,22022,DEN vs. MIL,W,129,48.0,28,4.0,3,10,0.528,0.714,0.417,23.0,Denver Nuggets
0022201111,2023-03-25,22022,UTA @ SAC,L,113,45.0,30,3.0,7,16,0.516,0.625,0.321,-8.0,Utah Jazz
0022201108,2023-03-25,22022,BKN @ MIA,W,129,45.0,30,6.0,6,6,0.494,0.92,0.45,29.0,Brooklyn Nets
0022201110,2023-03-25,22022,PHI @ PHX,L,105,36.0,21,3.0,7,12,0.436,0.889,0.419,-20.0,Philadelphia 76ers
0022201117,2023-03-26,22022,CLE vs. HOU,W,108,41.0,20,5.0,7,9,0.47,0.875,0.3,17.0,Cleveland Cavaliers
0022201116,2023-03-26,22022,SAS @ BOS,L,93,38.0,22,7.0,0,10,0.371,0.722,0.222,-44.0,San Antonio Spurs
0022201120,2023-03-26,22022,POR vs. OKC,L,112,37.0,18,5.0,7,18,0.476,0.741,0.438,-6.0,Portland Trail Blazers
0022201120,2023-03-26,22022,OKC @ POR,W,118,42.0,23,13.0,2,11,0.436,0.857,0.343,6.0,Oklahoma City Thunder
0022201114,2023-03-26,22022,CHI @ LAL,W,118,42.0,32,8.0,2,9,0.54,0.769,0.452,10.0,Chicago Bulls
0022201117,2023-03-26,22022,HOU @ CLE,L,91,36.0,20,6.0,1,16,0.438,0.833,0.24,-17.0,Houston Rockets
0022201114,2023-03-26,22022,LAL vs. CHI,L,108,38.0,24,5.0,4,18,0.507,0.679,0.361,-10.0,Los Angeles Lakers
0022201116,2023-03-26,22022,BOS vs. SAS,W,137,61.0,29,4.0,11,14,0.571,0.714,0.409,44.0,Boston Celtics
0022201115,2023-03-26,22022,ATL vs. MEM,L,119,48.0,27,4.0,5,10,0.459,0.846,0.226,-4.0,Atlanta Hawks
0022201119,2023-03-26,22022,TOR vs. WAS,W,114,53.0,22,13.0,6,11,0.459,0.813,0.355,10.0,Toronto Raptors
0022201118,2023-03-26,22022,BKN @ ORL,L,106,44.0,17,7.0,8,15,0.407,0.857,0.229,-13.0,Brooklyn Nets
0022201118,2023-03-26,22022,ORL vs. BKN,W,119,47.0,30,7.0,3,11,0.529,0.786,0.318,13.0,Orlando Magic
0022201119,2023-03-26,22022,WAS @ TOR,L,104,45.0,25,6.0,2,16,0.442,0.6,0.444,-10.0,Washington Wizards
0022201113,2023-03-26,22022,DAL @ CHA,L,104,37.0,18,8.0,7,8,0.381,0.955,0.388,-6.0,Dallas Mavericks
0022201121,2023-03-26,22022,GSW vs. MIN,L,96,37.0,25,9.0,2,16,0.415,0.765,0.375,-3.0,Golden State Warriors
0022201113,2023-03-26,22022,CHA vs. DAL,W,110,58.0,27,6.0,2,14,0.443,0.833,0.414,6.0,Charlotte Hornets
0022201115,2023-03-26,22022,MEM @ ATL,W,123,39.0,28,8.0,7,11,0.539,0.737,0.394,4.0,Memphis Grizzlies
0022201121,2023-03-26,22022,MIN @ GSW,W,99,49.0,25,10.0,2,17,0.425,0.56,0.425,3.0,Minnesota Timberwolves
0022201123,2023-03-27,22022,DAL @ IND,W,127,33.0,29,7.0,8,13,0.566,0.882,0.486,23.0,Dallas Mavericks
0022201122,2023-03-27,22022,DET vs. MIL,L,117,47.0,22,5.0,0,10,0.446,0.778,0.292,-9.0,Detroit Pistons
0022201124,2023-03-27,22022,HOU @ NYK,L,115,40.0,24,6.0,4,14,0.483,0.828,0.269,-22.0,Houston Rockets
0022201124,2023-03-27,22022,NYK vs. HOU,W,137,39.0,35,11.0,8,10,0.581,0.714,0.436,22.0,New York Knicks
0022201125,2023-03-27,22022,PHX @ UTA,W,117,49.0,31,7.0,7,6,0.426,0.909,0.306,14.0,Phoenix Suns
0022201128,2023-03-27,22022,SAC vs. MIN,L,115,42.0,16,4.0,4,10,0.464,0.8,0.185,-4.0,Sacramento Kings
0022201122,2023-03-27,22022,MIL @ DET,W,126,50.0,28,5.0,4,8,0.474,0.846,0.311,9.0,Milwaukee Bucks
0022201127,2023-03-27,22022,NOP @ POR,W,124,53.0,31,5.0,6,16,0.57,0.824,0.429,34.0,New Orleans Pelicans
0022201123,2023-03-27,22022,IND vs. DAL,L,104,43.0,20,6.0,3,13,0.419,0.783,0.286,-23.0,Indiana Pacers
0022201125,2023-03-27,22022,UTA vs. PHX,L,103,47.0,25,2.0,7,13,0.442,0.667,0.25,-14.0,Utah Jazz
0022201126,2023-03-27,22022,DEN vs. PHI,W,116,42.0,34,8.0,4,12,0.506,0.864,0.344,5.0,Denver Nuggets
0022201129,2023-03-27,22022,CHI @ LAC,L,112,34.0,26,9.0,3,14,0.537,0.714,0.391,-12.0,Chicago Bulls
0022201127,2023-03-27,22022,POR vs. NOP,L,90,29.0,15,6.0,2,12,0.389,0.867,0.212,-34.0,Portland Trail Blazers
0022201128,2023-03-27,22022,MIN @ SAC,W,119,40.0,33,6.0,3,6,0.512,0.647,0.375,4.0,Minnesota Timberwolves
0022201126,2023-03-27,22022,PHI @ DEN,L,111,40.0,18,10.0,3,11,0.483,0.773,0.267,-5.0,Philadelphia 76ers
0022201129,2023-03-27,22022,LAC vs. CHI,W,124,37.0,41,10.0,4,15,0.593,0.5,0.5,12.0,Los Angeles Clippers
0022201132,2023-03-28,22022,MIA @ TOR,L,92,43.0,18,6.0,3,15,0.4,0.947,0.303,-14.0,Miami Heat
0022201134,2023-03-28,22022,CHA @ OKC,W,137,52.0,34,6.0,7,18,0.553,0.633,0.4,3.0,Charlotte Hornets
0022201130,2023-03-28,22022,BOS @ WAS,L,111,38.0,29,5.0,8,12,0.484,0.909,0.25,-19.0,Boston Celtics
0022201131,2023-03-28,22022,CLE @ ATL,L,118,40.0,20,5.0,6,8,0.505,0.682,0.36,-2.0,Cleveland Cavaliers
0022201134,2023-03-28,22022,OKC vs. CHA,L,134,39.0,25,11.0,3,11,0.521,0.793,0.367,-3.0,Oklahoma City Thunder
0022201135,2023-03-28,22022,NOP @ GSW,L,109,41.0,30,6.0,4,17,0.467,0.929,0.444,-11.0,New Orleans Pelicans
0022201135,2023-03-28,22022,GSW vs. NOP,W,120,41.0,32,11.0,4,18,0.524,0.727,0.45,11.0,Golden State Warriors
0022201133,2023-03-28,22022,MEM vs. ORL,W,113,49.0,26,11.0,6,16,0.477,0.739,0.353,5.0,Memphis Grizzlies
0022201130,2023-03-28,22022,WAS vs. BOS,W,130,43.0,33,7.0,3,9,0.545,0.692,0.351,19.0,Washington Wizards
0022201131,2023-03-28,22022,ATL vs. CLE,W,120,51.0,25,5.0,3,12,0.461,0.788,0.444,2.0,Atlanta Hawks
0022201132,2023-03-28,22022,TOR vs. MIA,W,106,47.0,32,8.0,7,9,0.484,0.889,0.222,14.0,Toronto Raptors
0022201133,2023-03-28,22022,ORL @ MEM,L,108,47.0,24,9.0,8,16,0.41,0.8,0.286,-5.0,Orlando Magic
0022201143,2023-03-29,22022,UTA @ SAS,W,128,45.0,28,5.0,6,16,0.544,0.9,0.387,11.0,Utah Jazz
0022201137,2023-03-29,22022,HOU @ BKN,L,114,52.0,21,9.0,2,10,0.469,0.619,0.3,-9.0,Houston Rockets
0022201144,2023-03-29,22022,PHX vs. MIN,W,107,48.0,23,11.0,8,8,0.417,0.778,0.3,7.0,Phoenix Suns
0022201145,2023-03-29,22022,SAC @ POR,W,120,59.0,30,9.0,4,8,0.457,0.75,0.375,40.0,Sacramento Kings
0022201145,2023-03-29,22022,POR vs. SAC,L,80,45.0,18,5.0,6,14,0.323,0.917,0.231,-40.0,Portland Trail Blazers
0022201137,2023-03-29,22022,BKN vs. HOU,W,123,41.0,33,4.0,9,12,0.537,0.667,0.486,9.0,Brooklyn Nets
0022201136,2023-03-29,22022,MIL @ IND,W,149,52.0,28,5.0,5,18,0.624,0.767,0.4,13.0,Milwaukee Bucks
0022201141,2023-03-29,22022,MEM vs. LAC,L,132,45.0,26,8.0,4,13,0.516,0.821,0.344,-9.0,Memphis Grizzlies
0022201141,2023-03-29,22022,LAC @ MEM,W,141,32.0,28,8.0,4,15,0.615,0.742,0.595,9.0,Los Angeles Clippers
0022201136,2023-03-29,22022,IND vs. MIL,L,136,29.0,36,9.0,4,8,0.525,0.727,0.467,-13.0,Indiana Pacers
0022201140,2023-03-29,22022,CHI vs. LAL,L,110,32.0,31,10.0,4,14,0.511,0.846,0.273,-11.0,Chicago Bulls
0022201143,2023-03-29,22022,SAS vs. UTA,L,117,39.0,31,10.0,4,15,0.474,0.81,0.286,-11.0,San Antonio Spurs
0022201139,2023-03-29,22022,PHI vs. DAL,W,116,43.0,26,9.0,4,10,0.463,0.833,0.472,8.0,Philadelphia 76ers
0022201140,2023-03-29,22022,LAL @ CHI,W,121,45.0,22,10.0,3,15,0.523,0.8,0.35,11.0,Los Angeles Lakers
0022201142,2023-03-29,22022,OKC vs. DET,W,107,38.0,19,7.0,3,9,0.448,0.76,0.345,1.0,Oklahoma City Thunder
0022201139,2023-03-29,22022,DAL @ PHI,L,108,40.0,24,3.0,3,14,0.458,0.778,0.391,-8.0,Dallas Mavericks
0022201144,2023-03-29,22022,MIN @ PHX,L,100,54.0,24,4.0,4,21,0.444,0.667,0.343,-7.0,Minnesota Timberwolves
0022201138,2023-03-29,22022,MIA @ NYK,L,92,35.0,20,5.0,0,11,0.443,0.643,0.333,-9.0,Miami Heat
0022201138,2023-03-29,22022,NYK vs. MIA,W,101,47.0,22,8.0,3,15,0.5,0.522,0.419,9.0,New York Knicks
0022201142,2023-03-29,22022,DET @ OKC,L,106,42.0,27,1.0,3,17,0.5,0.714,0.485,-1.0,Detroit Pistons
0022201147,2023-03-30,22022,NOP @ DEN,W,107,46.0,22,6.0,1,10,0.475,0.818,0.481,19.0,New Orleans Pelicans
0022201146,2023-03-30,22022,MIL vs. BOS,L,99,45.0,22,4.0,1,13,0.376,0.692,0.326,-41.0,Milwaukee Bucks
0022201146,2023-03-30,22022,BOS @ MIL,W,140,47.0,28,8.0,5,8,0.56,0.8,0.512,41.0,Boston Celtics
0022201147,2023-03-30,22022,DEN vs. NOP,L,88,40.0,21,4.0,5,9,0.4,0.625,0.143,-19.0,Denver Nuggets
0022201154,2023-03-31,22022,CLE vs. NYK,L,116,33.0,33,2.0,9,10,0.512,0.846,0.459,-14.0,Cleveland Cavaliers
0022201152,2023-03-31,22022,BOS vs. UTA,W,122,42.0,27,8.0,4,11,0.438,0.955,0.333,8.0,Boston Celtics
0022201158,2023-03-31,22022,GSW vs. SAS,W,130,45.0,37,5.0,4,14,0.505,0.714,0.429,15.0,Golden State Warriors
0022201152,2023-03-31,22022,UTA @ BOS,L,114,52.0,23,3.0,7,18,0.479,0.929,0.31,-8.0,Utah Jazz
0022201156,2023-03-31,22022,LAC @ MEM,L,94,50.0,26,5.0,8,17,0.378,0.833,0.314,-14.0,Los Angeles Clippers
0022201150,2023-03-31,22022,PHI vs. TOR,W,117,37.0,28,7.0,6,16,0.562,0.92,0.387,7.0,Philadelphia 76ers
0022201158,2023-03-31,22022,SAS @ GSW,L,115,46.0,27,8.0,4,13,0.462,0.696,0.395,-15.0,San Antonio Spurs
0022201160,2023-03-31,22022,PHX vs. DEN,W,100,51.0,28,8.0,7,16,0.42,0.762,0.37,7.0,Phoenix Suns
0022201149,2023-03-31,22022,IND vs. OKC,W,121,56.0,30,5.0,4,15,0.459,0.679,0.293,4.0,Indiana Pacers
0022201157,2023-03-31,22022,MIN vs. LAL,L,111,39.0,25,10.0,4,16,0.432,0.842,0.333,-12.0,Minnesota Timberwolves
0022201150,2023-03-31,22022,TOR @ PHI,L,110,34.0,26,6.0,3,13,0.5,0.783,0.308,-7.0,Toronto Raptors
0022201151,2023-03-31,22022,ORL @ WAS,W,116,48.0,26,2.0,14,10,0.5,0.769,0.333,7.0,Orlando Magic
0022201160,2023-03-31,22022,DEN @ PHX,L,93,51.0,19,11.0,5,11,0.4,0.55,0.231,-7.0,Denver Nuggets
0022201159,2023-03-31,22022,POR vs. SAC,L,114,33.0,29,9.0,6,18,0.471,0.652,0.5,-24.0,Portland Trail Blazers
0022201156,2023-03-31,22022,MEM vs. LAC,W,108,51.0,25,11.0,7,14,0.448,0.765,0.273,14.0,Memphis Grizzlies
0022201149,2023-03-31,22022,OKC @ IND,L,117,45.0,21,10.0,3,10,0.477,0.853,0.133,-4.0,Oklahoma City Thunder
0022201155,2023-03-31,22022,HOU vs. DET,W,121,46.0,18,9.0,5,12,0.458,0.756,0.355,6.0,Houston Rockets
0022201148,2023-03-31,22022,CHA vs. CHI,L,91,36.0,27,3.0,5,21,0.455,0.7,0.378,-30.0,Charlotte Hornets
0022201154,2023-03-31,22022,NYK @ CLE,W,130,48.0,24,6.0,5,7,0.527,0.625,0.472,14.0,New York Knicks
0022201155,2023-03-31,22022,DET @ HOU,L,115,40.0,24,7.0,7,12,0.483,0.667,0.314,-6.0,Detroit Pistons
0022201153,2023-03-31,22022,ATL @ BKN,L,107,46.0,23,6.0,3,11,0.429,0.913,0.216,-17.0,Atlanta Hawks
0022201153,2023-03-31,22022,BKN vs. ATL,W,124,41.0,33,9.0,3,12,0.557,0.846,0.455,17.0,Brooklyn Nets
0022201159,2023-03-31,22022,SAC @ POR,W,138,41.0,38,11.0,7,13,0.614,0.733,0.487,24.0,Sacramento Kings
0022201157,2023-03-31,22022,LAL @ MIN,W,123,53.0,28,10.0,5,16,0.5,0.8,0.409,12.0,Los Angeles Lakers
0022201151,2023-03-31,22022,WAS vs. ORL,L,109,51.0,24,5.0,5,12,0.39,0.833,0.34,-7.0,Washington Wizards
0022201148,2023-03-31,22022,CHI @ CHA,W,121,42.0,25,12.0,4,7,0.511,0.818,0.419,30.0,Chicago Bulls
0022201162,2023-04-01,22022,NOP vs. LAC,W,122,40.0,21,6.0,5,7,0.488,0.886,0.412,8.0,New Orleans Pelicans
0022201161,2023-04-01,22022,MIA vs. DAL,W,129,36.0,27,6.0,0,8,0.523,0.897,0.351,7.0,Miami Heat
0022201161,2023-04-01,22022,DAL @ MIA,L,122,31.0,32,3.0,2,14,0.61,0.875,0.412,-7.0,Dallas Mavericks
0022201162,2023-04-01,22022,LAC @ NOP,L,114,37.0,25,5.0,4,13,0.494,0.826,0.379,-8.0,Los Angeles Clippers
0022201164,2023-04-02,22022,UTA @ BKN,L,110,52.0,24,5.0,1,11,0.44,0.733,0.25,-1.0,Utah Jazz
0022201175,2023-04-02,22022,GSW @ DEN,L,110,57.0,26,9.0,4,15,0.4,1.0,0.214,-2.0,Golden State Warriors
0022201165,2023-04-02,22022,MEM @ CHI,L,107,47.0,29,1.0,3,18,0.464,0.833,0.442,-21.0,Memphis Grizzlies
0022201167,2023-04-02,22022,DAL @ ATL,L,130,47.0,24,4.0,3,14,0.516,0.688,0.263,-2.0,Dallas Mavericks
0022201173,2023-04-02,22022,IND @ CLE,L,105,44.0,21,5.0,6,15,0.434,0.828,0.375,-10.0,Indiana Pacers
0022201164,2023-04-02,22022,BKN vs. UTA,W,111,40.0,25,6.0,2,8,0.442,0.765,0.281,1.0,Brooklyn Nets
0022201168,2023-04-02,22022,NYK vs. WAS,W,118,39.0,31,12.0,4,11,0.523,0.722,0.406,9.0,New York Knicks
0022201168,2023-04-02,22022,WAS @ NYK,L,109,38.0,26,9.0,5,18,0.494,0.833,0.432,-9.0,Washington Wizards
0022201174,2023-04-02,22022,PHI @ MIL,L,104,36.0,19,3.0,2,11,0.46,0.923,0.333,-13.0,Philadelphia 76ers
0022201169,2023-04-02,22022,ORL vs. DET,W,128,41.0,30,11.0,6,14,0.573,0.625,0.515,26.0,Orlando Magic
0022201163,2023-04-02,22022,CHA vs. TOR,L,108,37.0,26,3.0,4,17,0.494,0.692,0.484,-20.0,Charlotte Hornets
0022201175,2023-04-02,22022,DEN vs. GSW,W,112,47.0,24,11.0,7,11,0.44,0.833,0.273,2.0,Denver Nuggets
0022201167,2023-04-02,22022,ATL vs. DAL,W,132,53.0,28,10.0,3,9,0.472,0.818,0.343,2.0,Atlanta Hawks
0022201166,2023-04-02,22022,MIN vs. POR,L,105,47.0,29,3.0,5,18,0.481,0.783,0.423,-2.0,Minnesota Timberwolves
0022201170,2023-04-02,22022,SAS @ SAC,W,142,52.0,31,8.0,3,17,0.531,0.862,0.382,8.0,San Antonio Spurs
0022201163,2023-04-02,22022,TOR @ CHA,W,128,45.0,38,8.0,6,7,0.538,1.0,0.286,20.0,Toronto Raptors
0022201170,2023-04-02,22022,SAC vs. SAS,L,134,43.0,24,9.0,5,15,0.476,0.781,0.25,-8.0,Sacramento Kings
0022201165,2023-04-02,22022,CHI vs. MEM,W,128,36.0,29,9.0,6,1,0.532,0.864,0.29,21.0,Chicago Bulls
0022201172,2023-04-02,22022,PHX @ OKC,W,128,38.0,31,4.0,6,13,0.568,0.821,0.382,10.0,Phoenix Suns
0022201171,2023-04-02,22022,LAL @ HOU,W,134,51.0,36,4.0,8,5,0.559,0.75,0.3,25.0,Los Angeles Lakers
0022201172,2023-04-02,22022,OKC vs. PHX,L,118,41.0,21,7.0,0,8,0.409,0.854,0.344,-10.0,Oklahoma City Thunder
0022201171,2023-04-02,22022,HOU vs. LAL,L,109,44.0,23,4.0,4,8,0.431,0.8,0.382,-25.0,Houston Rockets
0022201169,2023-04-02,22022,DET @ ORL,L,102,38.0,22,4.0,1,16,0.41,0.806,0.273,-26.0,Detroit Pistons
0022201173,2023-04-02,22022,CLE vs. IND,W,115,43.0,23,7.0,7,10,0.489,0.692,0.375,10.0,Cleveland Cavaliers
0022201166,2023-04-02,22022,POR @ MIN,W,107,42.0,29,12.0,3,10,0.462,0.6,0.3,2.0,Portland Trail Blazers
0022201174,2023-04-02,22022,MIL vs. PHI,W,117,42.0,28,8.0,5,9,0.575,0.714,0.357,13.0,Milwaukee Bucks
0022201177,2023-04-04,22022,DET vs. MIA,L,105,35.0,21,5.0,2,14,0.493,0.815,0.393,-13.0,Detroit Pistons
0022201182,2023-04-04,22022,CHI vs. ATL,L,105,32.0,16,8.0,6,8,0.461,0.8,0.226,-18.0,Chicago Bulls
0022201178,2023-04-04,22022,ORL vs. CLE,L,113,47.0,25,6.0,1,13,0.506,0.765,0.435,-4.0,Orlando Magic
0022201186,2023-04-04,22022,LAL @ UTA,W,135,44.0,27,6.0,7,11,0.5,0.771,0.353,2.0,Los Angeles Lakers
0022201183,2023-04-04,22022,DEN @ HOU,L,103,47.0,26,9.0,13,20,0.471,0.556,0.306,-21.0,Denver Nuggets
0022201182,2023-04-04,22022,ATL @ CHI,W,123,48.0,26,5.0,7,16,0.558,0.895,0.357,18.0,Atlanta Hawks
0022201179,2023-04-04,22022,WAS vs. MIL,L,128,42.0,30,7.0,4,9,0.505,0.714,0.481,-12.0,Washington Wizards
0022201188,2023-04-04,22022,PHX vs. SAS,W,115,57.0,25,7.0,7,13,0.483,0.731,0.303,21.0,Phoenix Suns
0022201183,2023-04-04,22022,HOU vs. DEN,W,124,55.0,23,12.0,3,13,0.461,0.75,0.387,21.0,Houston Rockets
0022201187,2023-04-04,22022,OKC @ GSW,L,125,38.0,23,4.0,1,10,0.473,0.743,0.344,-11.0,Oklahoma City Thunder
0022201180,2023-04-04,22022,BKN vs. MIN,L,102,40.0,21,6.0,8,9,0.433,0.786,0.371,-5.0,Brooklyn Nets
0022201184,2023-04-04,22022,POR @ MEM,L,109,49.0,23,7.0,7,8,0.433,0.647,0.333,-10.0,Portland Trail Blazers
0022201185,2023-04-04,22022,SAC @ NOP,W,121,43.0,35,8.0,4,11,0.505,0.8,0.405,18.0,Sacramento Kings
0022201178,2023-04-04,22022,CLE @ ORL,W,117,30.0,23,3.0,7,8,0.5,0.9,0.484,4.0,Cleveland Cavaliers
0022201177,2023-04-04,22022,MIA @ DET,W,118,33.0,26,12.0,2,7,0.513,0.885,0.361,13.0,Miami Heat
0022201188,2023-04-04,22022,SAS @ PHX,L,94,38.0,25,7.0,5,12,0.389,0.786,0.325,-21.0,San Antonio Spurs
0022201176,2023-04-04,22022,TOR @ CHA,W,120,41.0,27,13.0,7,6,0.477,0.75,0.455,20.0,Toronto Raptors
0022201179,2023-04-04,22022,MIL @ WAS,W,140,56.0,33,6.0,7,18,0.543,0.586,0.548,12.0,Milwaukee Bucks
0022201180,2023-04-04,22022,MIN @ BKN,W,107,44.0,21,7.0,6,8,0.482,0.773,0.333,5.0,Minnesota Timberwolves
0022201181,2023-04-04,22022,PHI vs. BOS,W,103,37.0,21,3.0,7,10,0.5,0.875,0.379,2.0,Philadelphia 76ers
0022201186,2023-04-04,22022,UTA vs. LAL,L,133,41.0,29,4.0,3,12,0.522,0.774,0.455,-2.0,Utah Jazz
0022201184,2023-04-04,22022,MEM vs. POR,W,119,49.0,30,5.0,5,11,0.483,0.773,0.375,10.0,Memphis Grizzlies
0022201176,2023-04-04,22022,CHA vs. TOR,L,100,42.0,27,3.0,4,17,0.468,0.842,0.387,-20.0,Charlotte Hornets
0022201187,2023-04-04,22022,GSW vs. OKC,W,136,54.0,25,6.0,6,13,0.495,0.733,0.426,11.0,Golden State Warriors
0022201181,2023-04-04,22022,BOS @ PHI,L,101,43.0,28,4.0,4,8,0.418,0.625,0.333,-2.0,Boston Celtics
0022201185,2023-04-04,22022,NOP vs. SAC,L,103,37.0,20,6.0,4,13,0.44,0.815,0.35,-18.0,New Orleans Pelicans
0022201191,2023-04-05,22022,WAS @ ATL,L,116,39.0,23,10.0,9,14,0.479,0.769,0.214,-18.0,Washington Wizards
0022201194,2023-04-05,22022,NOP vs. MEM,W,138,44.0,35,9.0,8,16,0.5,0.744,0.538,7.0,New Orleans Pelicans
0022201196,2023-04-05,22022,LAL @ LAC,L,118,44.0,27,4.0,3,14,0.506,0.667,0.414,-7.0,Los Angeles Lakers
0022201193,2023-04-05,22022,MIL vs. CHI,W,105,53.0,26,7.0,3,12,0.424,0.818,0.391,13.0,Milwaukee Bucks
0022201195,2023-04-05,22022,SAC @ DAL,L,119,57.0,31,7.0,1,9,0.434,0.789,0.324,-4.0,Sacramento Kings
0022201190,2023-04-05,22022,NYK @ IND,W,138,52.0,34,13.0,8,14,0.52,0.64,0.391,9.0,New York Knicks
0022201189,2023-04-05,22022,BKN @ DET,W,123,38.0,36,6.0,7,11,0.523,0.696,0.395,15.0,Brooklyn Nets
0022201196,2023-04-05,22022,LAC vs. LAL,W,125,38.0,23,9.0,4,12,0.524,0.852,0.444,7.0,Los Angeles Clippers
0022201191,2023-04-05,22022,ATL vs. WAS,W,134,48.0,30,10.0,5,16,0.512,0.875,0.433,18.0,Atlanta Hawks
0022201195,2023-04-05,22022,DAL vs. SAC,W,123,39.0,24,4.0,7,10,0.494,0.833,0.455,4.0,Dallas Mavericks
0022201193,2023-04-05,22022,CHI @ MIL,L,92,38.0,28,10.0,3,15,0.434,0.818,0.333,-13.0,Chicago Bulls
0022201189,2023-04-05,22022,DET vs. BKN,L,108,34.0,27,5.0,3,14,0.488,0.929,0.464,-15.0,Detroit Pistons
0022201192,2023-04-05,22022,TOR @ BOS,L,93,50.0,20,10.0,7,11,0.411,0.765,0.182,-4.0,Toronto Raptors
0022201192,2023-04-05,22022,BOS vs. TOR,W,97,48.0,20,5.0,7,15,0.427,0.556,0.289,4.0,Boston Celtics
0022201190,2023-04-05,22022,IND vs. NYK,L,129,37.0,33,6.0,5,17,0.517,0.8,0.5,-9.0,Indiana Pacers
0022201194,2023-04-05,22022,MEM @ NOP,L,131,49.0,33,10.0,6,13,0.481,0.76,0.333,-7.0,Memphis Grizzlies
0022201198,2023-04-06,22022,MIA @ PHI,W,129,42.0,39,3.0,0,10,0.557,0.867,0.462,28.0,Miami Heat
0022201199,2023-04-06,22022,POR @ SAS,L,127,36.0,34,7.0,14,15,0.531,0.833,0.357,-2.0,Portland Trail Blazers
0022201200,2023-04-06,22022,OKC @ UTA,W,114,50.0,29,12.0,2,12,0.402,0.808,0.333,16.0,Oklahoma City Thunder
0022201198,2023-04-06,22022,PHI vs. MIA,L,101,32.0,23,7.0,4,15,0.513,0.867,0.278,-28.0,Philadelphia 76ers
0022201197,2023-04-06,22022,CLE @ ORL,W,118,42.0,31,13.0,7,16,0.523,0.889,0.474,24.0,Cleveland Cavaliers
0022201201,2023-04-06,22022,PHX vs. DEN,W,119,33.0,26,4.0,6,10,0.519,0.8,0.472,4.0,Phoenix Suns
0022201200,2023-04-06,22022,UTA vs. OKC,L,98,45.0,24,5.0,2,19,0.494,0.688,0.161,-16.0,Utah Jazz
0022201201,2023-04-06,22022,DEN @ PHX,L,115,38.0,24,7.0,2,12,0.53,0.826,0.348,-4.0,Denver Nuggets
0022201199,2023-04-06,22022,SAS vs. POR,W,129,47.0,29,9.0,4,14,0.443,0.893,0.286,2.0,San Antonio Spurs
0022201197,2023-04-06,22022,ORL vs. CLE,L,94,39.0,21,8.0,8,21,0.398,0.789,0.333,-24.0,Orlando Magic
0022201211,2023-04-07,22022,SAC vs. GSW,L,97,40.0,24,10.0,3,12,0.388,0.556,0.282,-22.0,Sacramento Kings
0022201208,2023-04-07,22022,MEM @ MIL,W,137,44.0,39,9.0,6,12,0.57,0.733,0.476,23.0,Memphis Grizzlies
0022201202,2023-04-07,22022,CHA vs. HOU,L,109,41.0,22,10.0,9,17,0.432,0.741,0.317,-3.0,Charlotte Hornets
0022201212,2023-04-07,22022,LAL vs. PHX,W,121,54.0,25,6.0,6,15,0.489,0.765,0.5,14.0,Los Angeles Lakers
0022201211,2023-04-07,22022,GSW @ SAC,W,119,47.0,36,6.0,7,24,0.526,0.875,0.444,22.0,Golden State Warriors
0022201209,2023-04-07,22022,NOP vs. NYK,W,113,43.0,27,4.0,7,12,0.532,0.95,0.357,8.0,New Orleans Pelicans
0022201208,2023-04-07,22022,MIL vs. MEM,L,114,38.0,30,5.0,3,17,0.457,0.818,0.429,-23.0,Milwaukee Bucks
0022201205,2023-04-07,22022,PHI @ ATL,W,136,52.0,33,10.0,2,20,0.5,0.793,0.5,5.0,Philadelphia 76ers
0022201210,2023-04-07,22022,CHI @ DAL,W,115,50.0,24,6.0,4,12,0.523,0.667,0.355,3.0,Chicago Bulls
0022201203,2023-04-07,22022,DET @ IND,W,122,42.0,24,12.0,6,13,0.489,0.808,0.419,7.0,Detroit Pistons
0022201206,2023-04-07,22022,BOS vs. TOR,W,121,53.0,37,4.0,7,19,0.556,0.762,0.341,19.0,Boston Celtics
0022201207,2023-04-07,22022,BKN vs. ORL,W,101,45.0,27,14.0,3,9,0.393,0.88,0.214,17.0,Brooklyn Nets
0022201209,2023-04-07,22022,NYK @ NOP,L,105,37.0,19,5.0,2,9,0.432,0.75,0.326,-8.0,New York Knicks
0022201206,2023-04-07,22022,TOR @ BOS,L,102,35.0,21,12.0,2,7,0.43,0.765,0.29,-19.0,Toronto Raptors
0022201204,2023-04-07,22022,WAS vs. MIA,W,114,50.0,23,4.0,3,16,0.464,0.784,0.212,6.0,Washington Wizards
0022201205,2023-04-07,22022,ATL vs. PHI,L,131,38.0,32,11.0,7,20,0.554,0.679,0.303,-5.0,Atlanta Hawks
0022201207,2023-04-07,22022,ORL @ BKN,L,84,57.0,17,6.0,6,21,0.356,0.882,0.184,-17.0,Orlando Magic
0022201204,2023-04-07,22022,MIA @ WAS,L,108,47.0,26,7.0,4,16,0.439,0.583,0.319,-6.0,Miami Heat
0022201202,2023-04-07,22022,HOU @ CHA,W,112,48.0,21,11.0,9,18,0.472,0.75,0.333,3.0,Houston Rockets
0022201212,2023-04-07,22022,PHX @ LAL,L,107,47.0,23,7.0,10,9,0.413,0.857,0.25,-14.0,Phoenix Suns
0022201210,2023-04-07,22022,DAL vs. CHI,L,112,43.0,23,7.0,3,9,0.452,0.769,0.327,-3.0,Dallas Mavericks
0022201203,2023-04-07,22022,IND vs. DET,L,115,42.0,29,7.0,3,19,0.494,0.786,0.355,-7.0,Indiana Pacers
0022201213,2023-04-08,22022,UTA vs. DEN,W,118,59.0,30,9.0,2,16,0.44,0.826,0.314,4.0,Utah Jazz
0022201214,2023-04-08,22022,SAS vs. MIN,L,131,45.0,34,5.0,4,13,0.526,0.75,0.448,-20.0,San Antonio Spurs
0022201215,2023-04-08,22022,LAC vs. POR,W,136,51.0,30,7.0,5,12,0.527,0.867,0.343,11.0,Los Angeles Clippers
0022201215,2023-04-08,22022,POR @ LAC,L,125,34.0,32,8.0,4,10,0.528,0.739,0.438,-11.0,Portland Trail Blazers
0022201214,2023-04-08,22022,MIN @ SAS,W,151,45.0,42,8.0,8,7,0.554,0.714,0.558,20.0,Minnesota Timberwolves
0022201213,2023-04-08,22022,DEN @ UTA,L,114,41.0,32,7.0,9,14,0.456,0.708,0.326,-4.0,Denver Nuggets
0022201225,2023-04-09,22022,NOP @ MIN,L,108,49.0,18,13.0,3,15,0.444,0.862,0.143,-5.0,New Orleans Pelicans
0022201230,2023-04-09,22022,POR vs. GSW,L,101,30.0,25,5.0,3,14,0.4,0.667,0.257,-56.0,Portland Trail Blazers
0022201228,2023-04-09,22022,UTA @ LAL,L,117,45.0,31,4.0,4,11,0.505,0.833,0.286,-11.0,Utah Jazz
0022201219,2023-04-09,22022,ORL @ MIA,L,110,43.0,29,13.0,1,14,0.422,0.708,0.362,-13.0,Orlando Magic
0022201222,2023-04-09,22022,WAS vs. HOU,L,109,51.0,28,11.0,5,12,0.423,0.619,0.311,-5.0,Washington Wizards
0022201226,2023-04-09,22022,OKC vs. MEM,W,115,49.0,30,5.0,2,14,0.5,0.813,0.333,15.0,Oklahoma City Thunder
0022201227,2023-04-09,22022,SAC @ DEN,L,95,34.0,24,7.0,6,15,0.435,0.667,0.256,-14.0,Sacramento Kings
0022201223,2023-04-09,22022,DET @ CHI,L,81,59.0,20,1.0,3,24,0.365,0.769,0.273,-22.0,Detroit Pistons
0022201230,2023-04-09,22022,GSW @ POR,W,157,58.0,47,13.0,6,15,0.604,0.875,0.551,56.0,Golden State Warriors
0022201226,2023-04-09,22022,MEM @ OKC,L,100,43.0,25,8.0,4,12,0.435,0.722,0.189,-15.0,Memphis Grizzlies
0022201219,2023-04-09,22022,MIA vs. ORL,W,123,44.0,30,10.0,3,18,0.542,0.75,0.409,13.0,Miami Heat
0022201221,2023-04-09,22022,MIL @ TOR,L,105,38.0,28,5.0,2,14,0.463,0.81,0.353,-16.0,Milwaukee Bucks
0022201222,2023-04-09,22022,HOU @ WAS,W,114,51.0,24,8.0,6,15,0.489,0.714,0.286,5.0,Houston Rockets
0022201229,2023-04-09,22022,PHX vs. LAC,L,114,47.0,29,4.0,3,7,0.424,0.727,0.378,-5.0,Phoenix Suns
0022201221,2023-04-09,22022,TOR vs. MIL,W,121,45.0,29,8.0,2,9,0.505,0.875,0.333,16.0,Toronto Raptors
0022201218,2023-04-09,22022,CHA @ CLE,W,106,49.0,23,8.0,5,18,0.457,0.867,0.188,11.0,Charlotte Hornets
0022201218,2023-04-09,22022,CLE vs. CHA,L,95,44.0,27,9.0,5,16,0.393,0.938,0.27,-11.0,Cleveland Cavaliers
0022201220,2023-04-09,22022,IND @ NYK,W,141,44.0,33,8.0,9,15,0.517,0.789,0.559,5.0,Indiana Pacers
0022201224,2023-04-09,22022,DAL vs. SAS,L,117,46.0,28,4.0,3,2,0.426,0.5,0.321,-21.0,Dallas Mavericks
0022201220,2023-04-09,22022,NYK vs. IND,L,136,53.0,29,8.0,8,15,0.481,0.773,0.375,-5.0,New York Knicks
0022201217,2023-04-09,22022,BKN vs. PHI,L,105,42.0,22,6.0,6,18,0.422,0.821,0.375,-29.0,Brooklyn Nets
0022201229,2023-04-09,22022,LAC @ PHX,W,119,53.0,22,3.0,5,10,0.49,0.667,0.217,5.0,Los Angeles Clippers
0022201216,2023-04-09,22022,BOS vs. ATL,W,120,47.0,33,5.0,3,15,0.472,0.786,0.463,6.0,Boston Celtics
0022201216,2023-04-09,22022,ATL @ BOS,L,114,50.0,27,11.0,5,9,0.454,0.789,0.282,-6.0,Atlanta Hawks
0022201227,2023-04-09,22022,DEN vs. SAC,W,109,51.0,25,11.0,2,16,0.5,0.72,0.25,14.0,Denver Nuggets
0022201225,2023-04-09,22022,MIN vs. NOP,W,113,42.0,25,7.0,8,17,0.476,0.71,0.361,5.0,Minnesota Timberwolves
0022201224,2023-04-09,22022,SAS @ DAL,W,138,69.0,31,2.0,3,12,0.49,0.7,0.395,21.0,San Antonio Spurs
0022201228,2023-04-09,22022,LAL vs. UTA,W,128,49.0,28,4.0,7,10,0.485,0.762,0.4,11.0,Los Angeles Lakers
0022201217,2023-04-09,22022,PHI @ BKN,W,134,50.0,31,10.0,5,13,0.525,0.737,0.438,29.0,Philadelphia 76ers
0022201223,2023-04-09,22022,CHI vs. DET,W,103,48.0,21,15.0,7,3,0.421,0.773,0.2,22.0,Chicago Bulls
0022300061,2023-10-24,22023,DEN vs. LAL,W,119,42.0,29,9.0,6,11,0.527,0.75,0.412,12.0,Denver Nuggets
0022300062,2023-10-24,22023,GSW vs. PHX,L,104,49.0,19,11.0,6,11,0.356,0.786,0.233,-4.0,Golden State Warriors
0022300062,2023-10-24,22023,PHX @ GSW,W,108,60.0,23,5.0,7,19,0.442,0.765,0.333,4.0,Phoenix Suns
0022300061,2023-10-24,22023,LAL @ DEN,L,107,44.0,23,5.0,4,11,0.456,0.75,0.345,-12.0,Los Angeles Lakers
0022300064,2023-10-25,22023,WAS @ IND,L,120,45.0,28,6.0,9,14,0.458,0.793,0.375,-23.0,Washington Wizards
0022300063,2023-10-25,22023,ATL @ CHA,L,110,42.0,24,12.0,1,12,0.419,0.818,0.172,-6.0,Atlanta Hawks
0022300064,2023-10-25,22023,IND vs. WAS,W,143,51.0,38,10.0,8,12,0.523,0.917,0.465,23.0,Indiana Pacers
0022300070,2023-10-25,22023,CHI vs. OKC,L,104,42.0,26,10.0,3,12,0.415,0.778,0.286,-20.0,Chicago Bulls
0022300074,2023-10-25,22023,POR @ LAC,L,111,40.0,20,10.0,4,17,0.473,0.765,0.313,-12.0,Portland Trail Blazers
0022300068,2023-10-25,22023,MIA vs. DET,W,103,48.0,22,11.0,3,7,0.402,0.808,0.364,1.0,Miami Heat
0022300070,2023-10-25,22023,OKC @ CHI,W,124,43.0,30,6.0,4,15,0.549,0.833,0.487,20.0,Oklahoma City Thunder
0022300071,2023-10-25,22023,NOP @ MEM,W,111,52.0,22,8.0,5,21,0.471,0.773,0.438,7.0,New Orleans Pelicans
0022300072,2023-10-25,22023,UTA vs. SAC,L,114,54.0,22,6.0,2,14,0.451,0.742,0.321,-16.0,Utah Jazz
0022300074,2023-10-25,22023,LAC vs. POR,W,123,45.0,36,11.0,7,17,0.522,0.813,0.471,12.0,Los Angeles Clippers
0022300069,2023-10-25,22023,MIN @ TOR,L,94,62.0,20,8.0,9,14,0.34,0.818,0.258,-3.0,Minnesota Timberwolves
0022300065,2023-10-25,22023,BOS @ NYK,W,108,46.0,18,6.0,11,13,0.481,0.846,0.308,4.0,Boston Celtics
0022300067,2023-10-25,22023,BKN vs. CLE,L,113,50.0,30,6.0,6,17,0.5,0.769,0.333,-1.0,Brooklyn Nets
0022300066,2023-10-25,22023,HOU @ ORL,L,86,31.0,19,6.0,3,18,0.405,0.625,0.353,-30.0,Houston Rockets
0022300063,2023-10-25,22023,CHA vs. ATL,W,116,51.0,34,5.0,3,19,0.5,0.731,0.297,6.0,Charlotte Hornets
0022300073,2023-10-25,22023,DAL @ SAS,W,126,48.0,24,6.0,3,12,0.475,0.739,0.319,7.0,Dallas Mavericks
0022300071,2023-10-25,22023,MEM vs. NOP,L,104,37.0,23,8.0,7,13,0.418,0.8,0.279,-7.0,Memphis Grizzlies
0022300067,2023-10-25,22023,CLE @ BKN,W,114,38.0,25,10.0,6,10,0.468,0.9,0.395,1.0,Cleveland Cavaliers
0022300068,2023-10-25,22023,DET @ MIA,L,102,56.0,28,3.0,13,16,0.446,0.6,0.344,-1.0,Detroit Pistons
0022300065,2023-10-25,22023,NYK vs. BOS,L,104,47.0,24,9.0,0,9,0.371,0.538,0.439,-4.0,New York Knicks
0022300069,2023-10-25,22023,TOR vs. MIN,W,97,47.0,27,9.0,11,14,0.4,0.688,0.4,3.0,Toronto Raptors
0022300066,2023-10-25,22023,ORL vs. HOU,W,116,57.0,19,8.0,6,14,0.483,0.885,0.265,30.0,Orlando Magic
0022300073,2023-10-25,22023,SAS vs. DAL,L,119,45.0,33,8.0,5,19,0.517,0.727,0.314,-7.0,San Antonio Spurs
0022300072,2023-10-25,22023,SAC @ UTA,W,130,45.0,29,6.0,8,11,0.461,0.85,0.373,16.0,Sacramento Kings
0022300075,2023-10-26,22023,MIL vs. PHI,W,118,43.0,20,9.0,4,14,0.506,0.694,0.367,1.0,Milwaukee Bucks
0022300076,2023-10-26,22023,LAL vs. PHX,W,100,42.0,24,14.0,7,16,0.429,0.793,0.172,5.0,Los Angeles Lakers
0022300076,2023-10-26,22023,PHX @ LAL,L,95,49.0,16,7.0,3,20,0.42,0.783,0.29,-5.0,Phoenix Suns
0022300075,2023-10-26,22023,PHI @ MIL,L,117,39.0,25,8.0,4,15,0.513,0.679,0.457,-1.0,Philadelphia 76ers
0022300082,2023-10-27,22023,CHI vs. TOR,W,104,52.0,18,10.0,5,16,0.374,0.786,0.205,1.0,Chicago Bulls
0022300084,2023-10-27,22023,BKN @ DAL,L,120,47.0,30,5.0,4,15,0.489,0.9,0.488,-5.0,Brooklyn Nets
0022300078,2023-10-27,22023,MEM vs. DEN,L,104,48.0,22,13.0,7,20,0.435,0.833,0.303,-4.0,Memphis Grizzlies
0022300077,2023-10-27,22023,DET @ CHA,W,111,53.0,28,7.0,6,23,0.455,0.84,0.333,12.0,Detroit Pistons
0022300081,2023-10-27,22023,CLE vs. OKC,L,105,48.0,20,10.0,8,13,0.413,0.739,0.267,-3.0,Cleveland Cavaliers
0022300085,2023-10-27,22023,LAC @ UTA,L,118,36.0,17,8.0,6,14,0.532,0.786,0.4,-2.0,Los Angeles Clippers
0022300086,2023-10-27,22023,ORL @ POR,W,102,45.0,22,10.0,5,14,0.456,0.656,0.321,5.0,Orlando Magic
0022300078,2023-10-27,22023,DEN @ MEM,W,108,40.0,27,11.0,10,17,0.466,0.667,0.378,4.0,Denver Nuggets
0022300077,2023-10-27,22023,CHA vs. DET,L,99,41.0,20,13.0,7,18,0.375,0.765,0.25,-12.0,Charlotte Hornets
0022300085,2023-10-27,22023,UTA vs. LAC,W,120,45.0,27,7.0,4,14,0.438,0.909,0.39,2.0,Utah Jazz
0022300079,2023-10-27,22023,ATL vs. NYK,L,120,44.0,28,7.0,6,14,0.483,0.8,0.375,-6.0,Atlanta Hawks
0022300080,2023-10-27,22023,MIA @ BOS,L,111,45.0,24,8.0,6,12,0.427,0.826,0.485,-8.0,Miami Heat
0022300079,2023-10-27,22023,NYK @ ATL,W,126,45.0,30,9.0,6,16,0.478,0.714,0.455,6.0,New York Knicks
0022300083,2023-10-27,22023,SAS vs. HOU,W,126,43.0,32,11.0,4,18,0.489,0.75,0.31,4.0,San Antonio Spurs
0022300087,2023-10-27,22023,GSW @ SAC,W,122,39.0,32,14.0,3,19,0.552,0.857,0.438,8.0,Golden State Warriors
0022300082,2023-10-27,22023,TOR @ CHI,L,103,53.0,25,5.0,2,21,0.464,0.64,0.25,-1.0,Toronto Raptors
0022300081,2023-10-27,22023,OKC @ CLE,W,108,47.0,22,8.0,10,18,0.46,0.789,0.5,3.0,Oklahoma City Thunder
0022300084,2023-10-27,22023,DAL vs. BKN,W,125,40.0,20,5.0,2,9,0.484,0.786,0.417,5.0,Dallas Mavericks
0022300083,2023-10-27,22023,HOU @ SAS,L,122,43.0,30,7.0,2,18,0.52,0.5,0.25,-4.0,Houston Rockets
0022300086,2023-10-27,22023,POR vs. ORL,L,97,47.0,15,6.0,1,16,0.398,0.857,0.281,-5.0,Portland Trail Blazers
0022300087,2023-10-27,22023,SAC vs. GSW,L,114,41.0,24,10.0,3,14,0.436,0.69,0.3,-8.0,Sacramento Kings
0022300080,2023-10-27,22023,BOS vs. MIA,W,119,55.0,20,7.0,6,15,0.474,0.684,0.41,8.0,Boston Celtics
0022300092,2023-10-28,22023,TOR vs. PHI,L,107,41.0,28,5.0,5,13,0.437,0.737,0.531,-7.0,Toronto Raptors
0022300089,2023-10-28,22023,MEM @ WAS,L,106,45.0,27,7.0,8,16,0.429,1.0,0.404,-7.0,Memphis Grizzlies
0022300090,2023-10-28,22023,NYK @ NOP,L,87,59.0,19,7.0,3,18,0.367,0.778,0.189,-9.0,New York Knicks
0022300093,2023-10-28,22023,MIA @ MIN,L,90,42.0,24,6.0,1,14,0.402,0.571,0.316,-16.0,Miami Heat
0022300094,2023-10-28,22023,PHX vs. UTA,W,126,39.0,31,10.0,7,11,0.529,0.929,0.27,22.0,Phoenix Suns
0022300091,2023-10-28,22023,CLE vs. IND,L,113,51.0,29,2.0,6,6,0.434,0.625,0.387,-12.0,Cleveland Cavaliers
0022300093,2023-10-28,22023,MIN vs. MIA,W,106,47.0,30,9.0,3,14,0.512,0.75,0.353,16.0,Minnesota Timberwolves
0022300094,2023-10-28,22023,UTA @ PHX,L,104,45.0,26,6.0,5,18,0.44,0.857,0.324,-22.0,Utah Jazz
0022300092,2023-10-28,22023,PHI @ TOR,W,114,42.0,25,8.0,7,9,0.5,0.857,0.357,7.0,Philadelphia 76ers
0022300088,2023-10-28,22023,CHI @ DET,L,102,33.0,16,10.0,5,8,0.419,0.813,0.393,-16.0,Chicago Bulls
0022300088,2023-10-28,22023,DET vs. CHI,W,118,53.0,29,4.0,4,15,0.523,0.8,0.429,16.0,Detroit Pistons
0022300089,2023-10-28,22023,WAS vs. MEM,W,113,45.0,24,9.0,5,11,0.43,0.773,0.348,7.0,Washington Wizards
0022300090,2023-10-28,22023,NOP vs. NYK,W,96,43.0,20,8.0,5,13,0.46,0.438,0.273,9.0,New Orleans Pelicans
0022300091,2023-10-28,22023,IND @ CLE,W,125,48.0,36,3.0,4,7,0.49,0.824,0.395,12.0,Indiana Pacers
0022300096,2023-10-29,22023,GSW @ HOU,W,106,49.0,27,6.0,6,14,0.432,0.783,0.4,11.0,Golden State Warriors
0022300097,2023-10-29,22023,ATL @ MIL,W,127,46.0,32,15.0,2,17,0.505,0.818,0.405,17.0,Atlanta Hawks
0022300100,2023-10-29,22023,LAL @ SAC,L,127,53.0,27,4.0,4,12,0.439,0.765,0.333,-5.0,Los Angeles Lakers
0022300095,2023-10-29,22023,OKC vs. DEN,L,95,29.0,22,8.0,4,9,0.411,0.833,0.188,-33.0,Oklahoma City Thunder
0022300097,2023-10-29,22023,MIL vs. ATL,L,110,39.0,22,10.0,3,23,0.453,0.8,0.364,-17.0,Milwaukee Bucks
0022300099,2023-10-29,22023,SAS @ LAC,L,83,37.0,21,9.0,6,25,0.375,0.75,0.333,-40.0,San Antonio Spurs
0022300100,2023-10-29,22023,SAC vs. LAL,W,132,47.0,30,6.0,7,10,0.471,0.708,0.354,5.0,Sacramento Kings
0022300098,2023-10-29,22023,POR @ PHI,L,98,42.0,19,10.0,9,15,0.383,0.864,0.226,-28.0,Portland Trail Blazers
0022300099,2023-10-29,22023,LAC vs. SAS,W,123,48.0,23,15.0,5,16,0.516,0.619,0.381,40.0,Los Angeles Clippers
0022300098,2023-10-29,22023,PHI vs. POR,W,126,51.0,28,10.0,17,15,0.488,0.875,0.393,28.0,Philadelphia 76ers
0022300096,2023-10-29,22023,HOU vs. GSW,L,95,42.0,22,7.0,4,7,0.378,0.947,0.273,-11.0,Houston Rockets
0022300095,2023-10-29,22023,DEN @ OKC,W,128,48.0,34,8.0,5,13,0.602,0.846,0.407,33.0,Denver Nuggets
0022300106,2023-10-30,22023,DAL @ MEM,W,125,48.0,24,4.0,7,15,0.5,0.75,0.489,15.0,Dallas Mavericks
0022300110,2023-10-30,22023,UTA @ DEN,L,102,51.0,30,6.0,2,12,0.429,0.467,0.297,-8.0,Utah Jazz
0022300106,2023-10-30,22023,MEM vs. DAL,L,110,44.0,22,9.0,4,12,0.457,0.6,0.378,-15.0,Memphis Grizzlies
0022300109,2023-10-30,22023,DET @ OKC,L,112,41.0,31,6.0,5,16,0.429,0.792,0.536,-12.0,Detroit Pistons
0022300108,2023-10-30,22023,GSW @ NOP,W,130,64.0,28,6.0,7,14,0.52,0.65,0.366,28.0,Golden State Warriors
0022300104,2023-10-30,22023,ATL vs. MIN,W,127,36.0,28,6.0,7,9,0.558,0.944,0.467,14.0,Atlanta Hawks
0022300111,2023-10-30,22023,LAL vs. ORL,W,106,40.0,28,7.0,10,16,0.532,0.778,0.296,3.0,Los Angeles Lakers
0022300110,2023-10-30,22023,DEN vs. UTA,W,110,43.0,32,4.0,8,12,0.56,0.412,0.321,8.0,Denver Nuggets
0022300108,2023-10-30,22023,NOP vs. GSW,L,102,39.0,23,8.0,3,11,0.409,0.615,0.256,-28.0,New Orleans Pelicans
0022300103,2023-10-30,22023,WAS vs. BOS,L,107,40.0,26,12.0,4,15,0.448,0.692,0.306,-19.0,Washington Wizards
0022300109,2023-10-30,22023,OKC vs. DET,W,124,44.0,21,9.0,10,15,0.53,0.821,0.448,12.0,Oklahoma City Thunder
0022300107,2023-10-30,22023,MIL vs. MIA,W,122,43.0,24,8.0,5,14,0.506,0.733,0.324,8.0,Milwaukee Bucks
0022300101,2023-10-30,22023,CHA vs. BKN,L,121,39.0,33,8.0,5,9,0.49,0.95,0.258,-12.0,Charlotte Hornets
0022300103,2023-10-30,22023,BOS @ WAS,W,126,51.0,31,11.0,6,17,0.5,0.714,0.358,19.0,Boston Celtics
0022300102,2023-10-30,22023,IND vs. CHI,L,105,47.0,26,7.0,5,17,0.409,0.84,0.261,-7.0,Indiana Pacers
0022300102,2023-10-30,22023,CHI @ IND,W,112,44.0,19,8.0,6,13,0.46,0.839,0.353,7.0,Chicago Bulls
0022300101,2023-10-30,22023,BKN @ CHA,W,133,46.0,25,4.0,8,13,0.563,0.719,0.364,12.0,Brooklyn Nets
0022300107,2023-10-30,22023,MIA @ MIL,L,114,40.0,27,7.0,2,14,0.477,0.95,0.382,-8.0,Miami Heat
0022300105,2023-10-30,22023,POR @ TOR,W,99,51.0,20,6.0,7,14,0.447,0.8,0.314,8.0,Portland Trail Blazers
0022300105,2023-10-30,22023,TOR vs. POR,L,91,47.0,19,10.0,4,11,0.404,0.733,0.138,-8.0,Toronto Raptors
0022300104,2023-10-30,22023,MIN @ ATL,L,113,38.0,24,5.0,5,10,0.489,0.6,0.485,-14.0,Minnesota Timberwolves
0022300111,2023-10-30,22023,ORL @ LAL,L,103,44.0,28,10.0,3,11,0.4,0.722,0.4,-3.0,Orlando Magic
0022300114,2023-10-31,22023,ORL @ LAC,L,102,40.0,23,9.0,3,16,0.469,0.576,0.233,-16.0,Orlando Magic
0022300112,2023-10-31,22023,NYK @ CLE,W,109,48.0,18,9.0,1,14,0.442,0.8,0.382,18.0,New York Knicks
0022300113,2023-10-31,22023,SAS @ PHX,W,115,37.0,25,10.0,9,12,0.467,0.75,0.378,1.0,San Antonio Spurs
0022300114,2023-10-31,22023,LAC vs. ORL,W,118,44.0,29,10.0,4,16,0.494,0.696,0.452,16.0,Los Angeles Clippers
0022300112,2023-10-31,22023,CLE vs. NYK,L,91,46.0,19,6.0,6,15,0.391,0.75,0.263,-18.0,Cleveland Cavaliers
0022300113,2023-10-31,22023,PHX vs. SAS,L,114,43.0,29,8.0,7,19,0.506,0.8,0.462,-1.0,Phoenix Suns
0022300121,2023-11-01,22023,OKC vs. NOP,L,106,49.0,23,6.0,5,14,0.432,0.92,0.206,-6.0,Oklahoma City Thunder
0022300127,2023-11-01,22023,LAC @ LAL,L,125,46.0,22,12.0,1,13,0.475,0.63,0.412,-5.0,Los Angeles Clippers
0022300120,2023-11-01,22023,CLE @ NYK,W,95,46.0,22,7.0,5,18,0.432,0.95,0.375,6.0,Cleveland Cavaliers
0022300115,2023-11-01,22023,POR @ DET,W,110,44.0,23,10.0,7,17,0.469,0.818,0.35,9.0,Portland Trail Blazers
0022300120,2023-11-01,22023,NYK vs. CLE,L,89,50.0,18,10.0,3,13,0.348,0.667,0.167,-6.0,New York Knicks
0022300126,2023-11-01,22023,SAC @ GSW,L,101,48.0,24,8.0,4,12,0.409,0.783,0.314,-1.0,Sacramento Kings
0022300126,2023-11-01,22023,GSW vs. SAC,W,102,36.0,32,5.0,6,17,0.481,0.867,0.355,1.0,Golden State Warriors
0022300125,2023-11-01,22023,UTA vs. MEM,W,133,50.0,35,7.0,3,21,0.54,0.708,0.512,24.0,Utah Jazz
0022300117,2023-11-01,22023,WAS @ ATL,L,121,35.0,32,14.0,3,11,0.505,0.643,0.25,-9.0,Washington Wizards
0022300123,2023-11-01,22023,DEN @ MIN,L,89,43.0,23,6.0,10,15,0.396,0.7,0.182,-21.0,Denver Nuggets
0022300116,2023-11-01,22023,MIL @ TOR,L,111,29.0,19,9.0,2,12,0.461,0.737,0.382,-19.0,Milwaukee Bucks
0022300122,2023-11-01,22023,CHA @ HOU,L,119,44.0,21,9.0,8,16,0.5,0.72,0.407,-9.0,Charlotte Hornets
0022300118,2023-11-01,22023,BOS vs. IND,W,155,57.0,27,5.0,2,11,0.568,0.964,0.571,51.0,Boston Celtics
0022300124,2023-11-01,22023,CHI @ DAL,L,105,43.0,19,10.0,3,13,0.472,0.909,0.333,-9.0,Chicago Bulls
0022300115,2023-11-01,22023,DET vs. POR,L,101,38.0,24,12.0,4,18,0.444,0.909,0.379,-9.0,Detroit Pistons
0022300117,2023-11-01,22023,ATL vs. WAS,W,130,57.0,26,8.0,3,20,0.5,0.906,0.281,9.0,Atlanta Hawks
0022300118,2023-11-01,22023,IND @ BOS,L,104,31.0,26,6.0,6,9,0.455,0.583,0.135,-51.0,Indiana Pacers
0022300123,2023-11-01,22023,MIN vs. DEN,W,110,47.0,20,9.0,5,13,0.458,0.963,0.381,21.0,Minnesota Timberwolves
0022300119,2023-11-01,22023,BKN @ MIA,W,109,47.0,27,11.0,4,18,0.451,0.731,0.444,4.0,Brooklyn Nets
0022300116,2023-11-01,22023,TOR vs. MIL,W,130,50.0,35,7.0,6,16,0.56,0.929,0.395,19.0,Toronto Raptors
0022300119,2023-11-01,22023,MIA vs. BKN,L,105,46.0,22,10.0,5,16,0.429,0.778,0.342,-4.0,Miami Heat
0022300127,2023-11-01,22023,LAL vs. LAC,W,130,51.0,28,10.0,9,14,0.511,0.75,0.344,5.0,Los Angeles Lakers
0022300125,2023-11-01,22023,MEM @ UTA,L,109,42.0,25,12.0,7,15,0.365,0.781,0.259,-24.0,Memphis Grizzlies
0022300121,2023-11-01,22023,NOP @ OKC,W,110,58.0,23,8.0,5,10,0.392,0.586,0.31,4.0,New Orleans Pelicans
0022300122,2023-11-01,22023,HOU vs. CHA,W,128,38.0,35,10.0,2,17,0.524,0.826,0.568,9.0,Houston Rockets
0022300124,2023-11-01,22023,DAL vs. CHI,W,114,45.0,23,7.0,2,13,0.457,0.714,0.417,9.0,Dallas Mavericks
0022300130,2023-11-02,22023,UTA vs. ORL,L,113,48.0,27,9.0,7,20,0.461,0.731,0.364,-2.0,Utah Jazz
0022300131,2023-11-02,22023,SAS @ PHX,W,132,41.0,37,7.0,5,8,0.52,0.923,0.486,11.0,San Antonio Spurs
0022300128,2023-11-02,22023,PHI vs. TOR,W,114,46.0,21,12.0,3,14,0.457,0.84,0.36,15.0,Philadelphia 76ers
0022300129,2023-11-02,22023,NOP vs. DET,W,125,36.0,27,5.0,7,12,0.488,0.943,0.438,9.0,New Orleans Pelicans
0022300130,2023-11-02,22023,ORL @ UTA,W,115,43.0,27,17.0,9,17,0.459,0.75,0.345,2.0,Orlando Magic
0022300129,2023-11-02,22023,DET @ NOP,L,116,48.0,30,4.0,5,16,0.436,0.808,0.342,-9.0,Detroit Pistons
0022300131,2023-11-02,22023,PHX vs. SAS,L,121,34.0,26,5.0,4,14,0.538,0.731,0.5,-11.0,Phoenix Suns
0022300128,2023-11-02,22023,TOR @ PHI,L,99,41.0,30,4.0,3,19,0.481,0.684,0.357,-15.0,Toronto Raptors
0022300002,2023-11-03,22023,NYK @ MIL,L,105,56.0,18,6.0,1,10,0.396,0.76,0.256,-5.0,New York Knicks
0022300004,2023-11-03,22023,BKN @ CHI,W,109,39.0,32,4.0,4,8,0.458,0.6,0.4,2.0,Brooklyn Nets
0022300006,2023-11-03,22023,DEN vs. DAL,W,125,51.0,33,11.0,6,17,0.527,0.737,0.433,11.0,Denver Nuggets
0022300006,2023-11-03,22023,DAL @ DEN,L,114,34.0,27,12.0,6,15,0.477,0.882,0.405,-11.0,Dallas Mavericks
0022300005,2023-11-03,22023,OKC vs. GSW,L,139,32.0,26,3.0,1,19,0.602,0.8,0.517,-2.0,Oklahoma City Thunder
0022300007,2023-11-03,22023,POR vs. MEM,W,115,50.0,19,12.0,7,14,0.406,0.778,0.281,2.0,Portland Trail Blazers
0022300001,2023-11-03,22023,IND vs. CLE,W,121,40.0,28,7.0,5,18,0.523,0.667,0.484,5.0,Indiana Pacers
0022300003,2023-11-03,22023,WAS @ MIA,L,114,30.0,33,7.0,4,20,0.568,0.529,0.464,-7.0,Washington Wizards
0022300002,2023-11-03,22023,MIL vs. NYK,W,110,41.0,24,6.0,11,14,0.427,0.714,0.513,5.0,Milwaukee Bucks
0022300007,2023-11-03,22023,MEM @ POR,L,113,48.0,29,8.0,10,17,0.49,0.692,0.286,-2.0,Memphis Grizzlies
0022300003,2023-11-03,22023,MIA vs. WAS,W,121,37.0,35,9.0,1,19,0.6,0.857,0.481,7.0,Miami Heat
0022300004,2023-11-03,22023,CHI vs. BKN,L,107,42.0,21,4.0,4,10,0.483,0.714,0.393,-2.0,Chicago Bulls
0022300005,2023-11-03,22023,GSW @ OKC,W,141,38.0,36,9.0,2,15,0.533,0.833,0.45,2.0,Golden State Warriors
0022300001,2023-11-03,22023,CLE @ IND,L,116,35.0,27,10.0,9,13,0.524,0.8,0.286,-5.0,Cleveland Cavaliers
0022300136,2023-11-04,22023,BKN vs. BOS,L,114,42.0,22,4.0,5,5,0.43,0.647,0.327,-10.0,Brooklyn Nets
0022300135,2023-11-04,22023,NOP vs. ATL,L,105,35.0,24,9.0,7,9,0.476,0.81,0.258,-18.0,New Orleans Pelicans
0022300138,2023-11-04,22023,MIN vs. UTA,W,123,43.0,25,10.0,11,10,0.556,0.774,0.375,28.0,Minnesota Timberwolves
0022300135,2023-11-04,22023,ATL @ NOP,W,123,52.0,28,4.0,6,11,0.484,0.792,0.341,18.0,Atlanta Hawks
0022300139,2023-11-04,22023,CHI @ DEN,L,101,37.0,28,7.0,3,11,0.453,0.696,0.269,-22.0,Chicago Bulls
0022300132,2023-11-04,22023,PHI vs. PHX,W,112,51.0,24,5.0,6,17,0.478,0.833,0.367,12.0,Philadelphia 76ers
0022300133,2023-11-04,22023,IND vs. CHA,L,124,36.0,31,7.0,5,14,0.484,0.75,0.489,-1.0,Indiana Pacers
0022300138,2023-11-04,22023,UTA @ MIN,L,95,39.0,20,3.0,7,18,0.385,0.765,0.279,-28.0,Utah Jazz
0022300132,2023-11-04,22023,PHX @ PHI,L,100,42.0,22,11.0,12,10,0.36,0.818,0.257,-12.0,Phoenix Suns
0022300137,2023-11-04,22023,HOU vs. SAC,W,107,53.0,28,4.0,3,11,0.46,0.7,0.361,18.0,Houston Rockets
0022300134,2023-11-04,22023,ORL vs. LAL,W,120,51.0,29,6.0,9,15,0.455,0.842,0.364,19.0,Orlando Magic
0022300136,2023-11-04,22023,BOS @ BKN,W,124,50.0,22,4.0,6,11,0.478,0.852,0.333,10.0,Boston Celtics
0022300139,2023-11-04,22023,DEN vs. CHI,W,123,49.0,31,10.0,4,11,0.519,0.767,0.444,22.0,Denver Nuggets
0022300134,2023-11-04,22023,LAL @ ORL,L,101,40.0,17,6.0,10,17,0.44,0.905,0.267,-19.0,Los Angeles Lakers
0022300137,2023-11-04,22023,SAC @ HOU,L,89,43.0,20,5.0,6,11,0.381,0.737,0.268,-18.0,Sacramento Kings
0022300133,2023-11-04,22023,CHA @ IND,W,125,41.0,23,5.0,10,13,0.534,1.0,0.4,1.0,Charlotte Hornets
0022300141,2023-11-05,22023,TOR @ SAS,W,123,47.0,29,12.0,6,14,0.454,0.615,0.396,7.0,Toronto Raptors
0022300140,2023-11-05,22023,DET vs. PHX,L,106,33.0,25,7.0,6,16,0.494,0.857,0.348,-14.0,Detroit Pistons
0022300144,2023-11-05,22023,MEM @ POR,W,112,49.0,27,6.0,7,16,0.506,0.692,0.406,12.0,Memphis Grizzlies
0022300142,2023-11-05,22023,CLE vs. GSW,W,115,54.0,26,8.0,2,18,0.494,0.786,0.297,11.0,Cleveland Cavaliers
0022300140,2023-11-05,22023,PHX @ DET,W,120,43.0,29,8.0,10,18,0.5,0.897,0.381,14.0,Phoenix Suns
0022300144,2023-11-05,22023,POR vs. MEM,L,100,47.0,23,11.0,5,14,0.389,0.8,0.311,-12.0,Portland Trail Blazers
0022300142,2023-11-05,22023,GSW @ CLE,L,104,44.0,26,10.0,4,13,0.362,0.667,0.39,-11.0,Golden State Warriors
0022300143,2023-11-05,22023,DAL vs. CHA,W,124,47.0,31,3.0,6,10,0.473,0.75,0.333,6.0,Dallas Mavericks
0022300141,2023-11-05,22023,SAS vs. TOR,L,116,46.0,30,7.0,7,17,0.5,0.769,0.313,-7.0,San Antonio Spurs
0022300143,2023-11-05,22023,CHA @ DAL,L,118,43.0,30,5.0,2,8,0.495,0.571,0.267,-6.0,Charlotte Hornets
0022300145,2023-11-06,22023,DET vs. GSW,L,109,39.0,23,8.0,2,14,0.475,0.952,0.433,-11.0,Detroit Pistons
0022300146,2023-11-06,22023,SAS @ IND,L,111,36.0,26,7.0,5,11,0.426,0.767,0.308,-41.0,San Antonio Spurs
0022300155,2023-11-06,22023,ATL @ OKC,L,117,59.0,27,8.0,3,15,0.373,0.844,0.333,-9.0,Atlanta Hawks
0022300152,2023-11-06,22023,CHI vs. UTA,W,130,36.0,26,12.0,3,8,0.516,0.842,0.529,17.0,Chicago Bulls
0022300148,2023-11-06,22023,PHI vs. WAS,W,146,45.0,37,12.0,7,15,0.56,0.889,0.387,18.0,Philadelphia 76ers
0022300149,2023-11-06,22023,MIL @ BKN,W,129,48.0,26,6.0,2,10,0.479,0.875,0.333,4.0,Milwaukee Bucks
0022300146,2023-11-06,22023,IND vs. SAS,W,152,49.0,38,7.0,4,14,0.579,0.957,0.526,41.0,Indiana Pacers
0022300149,2023-11-06,22023,BKN vs. MIL,L,125,46.0,22,2.0,4,8,0.485,0.846,0.356,-4.0,Brooklyn Nets
0022300154,2023-11-06,22023,BOS @ MIN,L,109,45.0,20,13.0,2,16,0.391,0.765,0.282,-5.0,Boston Celtics
0022300156,2023-11-06,22023,NOP @ DEN,L,116,38.0,24,6.0,2,13,0.5,0.867,0.433,-18.0,New Orleans Pelicans
0022300150,2023-11-06,22023,MIA vs. LAL,W,108,44.0,30,11.0,4,17,0.466,0.875,0.324,1.0,Miami Heat
0022300147,2023-11-06,22023,ORL vs. DAL,L,102,38.0,27,6.0,4,20,0.471,0.778,0.296,-15.0,Orlando Magic
0022300151,2023-11-06,22023,LAC @ NYK,L,97,31.0,21,8.0,3,22,0.493,0.875,0.344,-14.0,Los Angeles Clippers
0022300155,2023-11-06,22023,OKC vs. ATL,W,126,49.0,27,7.0,7,13,0.479,0.957,0.4,9.0,Oklahoma City Thunder
0022300150,2023-11-06,22023,LAL @ MIA,L,107,38.0,28,6.0,5,17,0.543,0.786,0.308,-1.0,Los Angeles Lakers
0022300151,2023-11-06,22023,NYK vs. LAC,W,111,48.0,28,13.0,1,19,0.466,0.944,0.387,14.0,New York Knicks
0022300153,2023-11-06,22023,SAC @ HOU,L,97,34.0,22,5.0,2,13,0.444,0.55,0.35,-25.0,Sacramento Kings
0022300152,2023-11-06,22023,UTA @ CHI,L,113,52.0,32,1.0,7,22,0.477,0.882,0.372,-17.0,Utah Jazz
0022300153,2023-11-06,22023,HOU vs. SAC,W,122,39.0,28,8.0,4,10,0.573,0.778,0.484,25.0,Houston Rockets
0022300148,2023-11-06,22023,WAS @ PHI,L,128,38.0,31,6.0,10,19,0.51,0.8,0.412,-18.0,Washington Wizards
0022300145,2023-11-06,22023,GSW @ DET,W,120,44.0,26,8.0,4,11,0.474,0.762,0.293,11.0,Golden State Warriors
0022300156,2023-11-06,22023,DEN vs. NOP,W,134,45.0,37,6.0,5,9,0.537,0.739,0.385,18.0,Denver Nuggets
0022300154,2023-11-06,22023,MIN vs. BOS,W,114,45.0,26,7.0,5,23,0.518,0.52,0.351,5.0,Minnesota Timberwolves
0022300147,2023-11-06,22023,DAL @ ORL,W,117,31.0,21,9.0,6,14,0.5,0.714,0.375,15.0,Dallas Mavericks
0022300165,2023-11-08,22023,MIL vs. DET,W,120,36.0,19,8.0,7,10,0.456,0.844,0.297,2.0,Milwaukee Bucks
0022300160,2023-11-08,22023,LAC @ BKN,L,93,51.0,22,10.0,8,15,0.396,1.0,0.222,-7.0,Los Angeles Clippers
0022300169,2023-11-08,22023,GSW @ DEN,L,105,49.0,21,5.0,0,9,0.43,0.769,0.314,-3.0,Golden State Warriors
0022300165,2023-11-08,22023,DET @ MIL,L,118,53.0,28,2.0,5,17,0.49,0.938,0.241,-2.0,Detroit Pistons
0022300167,2023-11-08,22023,CLE @ OKC,L,120,41.0,26,9.0,5,18,0.506,0.73,0.31,-8.0,Cleveland Cavaliers
0022300167,2023-11-08,22023,OKC vs. CLE,W,128,41.0,23,10.0,8,14,0.512,0.933,0.429,8.0,Oklahoma City Thunder
0022300163,2023-11-08,22023,LAL @ HOU,L,94,34.0,20,7.0,6,9,0.424,0.625,0.28,-34.0,Los Angeles Lakers
0022300161,2023-11-08,22023,SAS @ NYK,L,105,46.0,31,2.0,7,13,0.489,0.615,0.265,-21.0,San Antonio Spurs
0022300157,2023-11-08,22023,WAS @ CHA,W,132,40.0,26,10.0,6,10,0.485,0.8,0.419,16.0,Washington Wizards
0022300162,2023-11-08,22023,CHI vs. PHX,L,115,39.0,30,12.0,7,14,0.438,0.739,0.424,-1.0,Chicago Bulls
0022300164,2023-11-08,22023,MIA @ MEM,W,108,44.0,22,9.0,8,19,0.455,0.844,0.393,6.0,Miami Heat
0022300162,2023-11-08,22023,PHX @ CHI,W,116,54.0,32,7.0,10,21,0.422,0.84,0.396,1.0,Phoenix Suns
0022300170,2023-11-08,22023,POR @ SAC,L,118,36.0,26,10.0,5,18,0.506,0.759,0.364,-3.0,Portland Trail Blazers
0022300159,2023-11-08,22023,BOS @ PHI,L,103,43.0,28,8.0,6,12,0.396,0.842,0.319,-3.0,Boston Celtics
0022300159,2023-11-08,22023,PHI vs. BOS,W,106,56.0,20,7.0,7,12,0.442,0.867,0.265,3.0,Philadelphia 76ers
0022300168,2023-11-08,22023,TOR @ DAL,W,127,50.0,27,10.0,4,11,0.495,0.667,0.306,11.0,Toronto Raptors
0022300170,2023-11-08,22023,SAC vs. POR,W,121,50.0,32,11.0,6,21,0.461,0.737,0.297,3.0,Sacramento Kings
0022300166,2023-11-08,22023,MIN vs. NOP,W,122,48.0,30,9.0,7,16,0.549,0.708,0.405,21.0,Minnesota Timberwolves
0022300163,2023-11-08,22023,HOU vs. LAL,W,128,57.0,26,4.0,4,11,0.548,0.632,0.424,34.0,Houston Rockets
0022300164,2023-11-08,22023,MEM vs. MIA,L,102,38.0,20,10.0,4,13,0.389,0.75,0.297,-6.0,Memphis Grizzlies
0022300169,2023-11-08,22023,DEN vs. GSW,W,108,45.0,24,7.0,4,6,0.446,0.682,0.314,3.0,Denver Nuggets
0022300158,2023-11-08,22023,IND vs. UTA,W,134,46.0,26,14.0,7,11,0.515,0.85,0.317,16.0,Indiana Pacers
0022300158,2023-11-08,22023,UTA @ IND,L,118,47.0,26,3.0,5,21,0.469,0.944,0.407,-16.0,Utah Jazz
0022300161,2023-11-08,22023,NYK vs. SAS,W,126,47.0,28,7.0,0,3,0.46,0.682,0.452,21.0,New York Knicks
0022300157,2023-11-08,22023,CHA vs. WAS,L,116,47.0,17,8.0,5,20,0.519,0.743,0.32,-16.0,Charlotte Hornets
0022300168,2023-11-08,22023,DAL vs. TOR,L,116,38.0,25,4.0,6,15,0.476,0.613,0.415,-11.0,Dallas Mavericks
0022300160,2023-11-08,22023,BKN vs. LAC,W,100,49.0,22,10.0,10,14,0.402,0.846,0.366,7.0,Brooklyn Nets
0022300166,2023-11-08,22023,NOP @ MIN,L,101,40.0,23,6.0,1,17,0.387,0.955,0.286,-21.0,New Orleans Pelicans
0022300171,2023-11-09,22023,MIL @ IND,L,124,41.0,23,6.0,5,14,0.529,0.885,0.333,-2.0,Milwaukee Bucks
0022300171,2023-11-09,22023,IND vs. MIL,W,126,40.0,27,6.0,6,11,0.478,0.9,0.417,2.0,Indiana Pacers
0022300172,2023-11-09,22023,ORL vs. ATL,L,119,47.0,19,12.0,6,19,0.467,0.714,0.37,-1.0,Orlando Magic
0022300172,2023-11-09,22023,ATL @ ORL,W,120,36.0,22,13.0,7,17,0.482,0.767,0.385,1.0,Atlanta Hawks
0022300011,2023-11-10,22023,NOP @ HOU,L,101,49.0,12,6.0,6,18,0.453,0.735,0.32,-3.0,New Orleans Pelicans
0022300009,2023-11-10,22023,WAS vs. CHA,L,117,36.0,28,4.0,6,15,0.489,0.85,0.368,-7.0,Washington Wizards
0022300016,2023-11-10,22023,OKC @ SAC,L,98,38.0,22,9.0,5,16,0.448,0.813,0.233,-7.0,Oklahoma City Thunder
0022300015,2023-11-10,22023,PHX vs. LAL,L,119,52.0,22,9.0,1,13,0.447,0.741,0.405,-3.0,Phoenix Suns
0022300011,2023-11-10,22023,HOU vs. NOP,W,104,42.0,20,9.0,5,9,0.409,0.786,0.286,3.0,Houston Rockets
0022300010,2023-11-10,22023,BKN @ BOS,L,107,46.0,26,0.0,3,10,0.447,0.889,0.405,-14.0,Brooklyn Nets
0022300014,2023-11-10,22023,DAL vs. LAC,W,144,41.0,30,7.0,1,8,0.52,0.885,0.452,18.0,Dallas Mavericks
0022300012,2023-11-10,22023,UTA @ MEM,W,127,38.0,28,10.0,12,19,0.539,0.931,0.486,6.0,Utah Jazz
0022300010,2023-11-10,22023,BOS vs. BKN,W,121,52.0,29,5.0,3,7,0.436,0.714,0.365,14.0,Boston Celtics
0022300016,2023-11-10,22023,SAC vs. OKC,W,105,52.0,28,10.0,9,17,0.418,0.762,0.277,7.0,Sacramento Kings
0022300013,2023-11-10,22023,SAS vs. MIN,L,110,38.0,29,9.0,8,14,0.467,0.632,0.353,-7.0,San Antonio Spurs
0022300012,2023-11-10,22023,MEM vs. UTA,L,121,37.0,23,5.0,5,11,0.455,0.769,0.396,-6.0,Memphis Grizzlies
0022300013,2023-11-10,22023,MIN @ SAS,W,117,51.0,23,6.0,4,18,0.494,0.778,0.37,7.0,Minnesota Timberwolves
0022300009,2023-11-10,22023,CHA @ WAS,W,124,67.0,31,10.0,4,9,0.455,0.643,0.214,7.0,Charlotte Hornets
0022300014,2023-11-10,22023,LAC @ DAL,L,126,47.0,21,7.0,2,14,0.489,0.889,0.296,-18.0,Los Angeles Clippers
0022300015,2023-11-10,22023,LAL @ PHX,W,122,43.0,27,9.0,7,11,0.5,0.765,0.444,3.0,Los Angeles Lakers
0022300008,2023-11-10,22023,PHI @ DET,W,114,46.0,23,13.0,5,8,0.422,0.854,0.321,8.0,Philadelphia 76ers
0022300008,2023-11-10,22023,DET vs. PHI,L,106,48.0,28,3.0,5,16,0.465,0.818,0.286,-8.0,Detroit Pistons
0022300176,2023-11-11,22023,CLE @ GSW,W,118,45.0,23,13.0,3,10,0.43,0.767,0.367,8.0,Cleveland Cavaliers
0022300174,2023-11-11,22023,TOR @ BOS,L,94,37.0,25,8.0,1,8,0.385,0.875,0.27,-23.0,Toronto Raptors
0022300173,2023-11-11,22023,ORL vs. MIL,W,112,43.0,24,9.0,2,13,0.429,0.857,0.385,15.0,Orlando Magic
0022300176,2023-11-11,22023,GSW vs. CLE,L,110,55.0,26,5.0,3,20,0.411,0.767,0.342,-8.0,Golden State Warriors
0022300175,2023-11-11,22023,MIA @ ATL,W,117,39.0,23,10.0,4,15,0.488,0.92,0.316,8.0,Miami Heat
0022300175,2023-11-11,22023,ATL vs. MIA,L,109,48.0,23,6.0,6,21,0.437,0.833,0.391,-8.0,Atlanta Hawks
0022300173,2023-11-11,22023,MIL @ ORL,L,97,36.0,25,9.0,6,19,0.494,0.48,0.31,-15.0,Milwaukee Bucks
0022300174,2023-11-11,22023,BOS vs. TOR,W,117,46.0,30,1.0,4,12,0.547,0.615,0.341,23.0,Boston Celtics
0022300185,2023-11-12,22023,OKC @ PHX,W,111,33.0,23,9.0,8,7,0.488,0.84,0.37,12.0,Oklahoma City Thunder
0022300178,2023-11-12,22023,WAS @ BKN,L,94,42.0,20,14.0,3,12,0.375,0.72,0.244,-8.0,Washington Wizards
0022300184,2023-11-12,22023,SAS vs. MIA,L,113,50.0,35,3.0,6,17,0.462,0.833,0.432,-5.0,San Antonio Spurs
0022300186,2023-11-12,22023,MIN @ GSW,W,116,47.0,27,8.0,6,14,0.524,0.7,0.333,6.0,Minnesota Timberwolves
0022300179,2023-11-12,22023,LAC vs. MEM,L,101,41.0,26,9.0,3,14,0.435,0.652,0.353,-4.0,Los Angeles Clippers
0022300177,2023-11-12,22023,CHA @ NYK,L,107,36.0,21,5.0,4,12,0.468,0.636,0.343,-22.0,Charlotte Hornets
0022300183,2023-11-12,22023,NOP vs. DAL,L,124,54.0,31,2.0,3,18,0.511,0.591,0.472,-12.0,New Orleans Pelicans
0022300181,2023-11-12,22023,DET @ CHI,L,108,49.0,26,4.0,6,16,0.432,0.808,0.344,-11.0,Detroit Pistons
0022300181,2023-11-12,22023,CHI vs. DET,W,119,40.0,22,12.0,6,6,0.484,0.8,0.367,11.0,Chicago Bulls
0022300177,2023-11-12,22023,NYK vs. CHA,W,129,40.0,25,8.0,4,9,0.54,0.667,0.417,22.0,New York Knicks
0022300187,2023-11-12,22023,POR @ LAL,L,110,38.0,29,2.0,8,15,0.5,0.778,0.351,-6.0,Portland Trail Blazers
0022300180,2023-11-12,22023,PHI vs. IND,W,137,54.0,28,5.0,7,11,0.505,0.85,0.424,11.0,Philadelphia 76ers
0022300178,2023-11-12,22023,BKN vs. WAS,W,102,66.0,22,6.0,6,18,0.378,0.8,0.245,8.0,Brooklyn Nets
0022300180,2023-11-12,22023,IND @ PHI,L,126,32.0,31,8.0,9,10,0.522,0.842,0.41,-11.0,Indiana Pacers
0022300182,2023-11-12,22023,DEN @ HOU,L,104,49.0,24,3.0,5,11,0.462,0.786,0.281,-3.0,Denver Nuggets
0022300183,2023-11-12,22023,DAL @ NOP,W,136,42.0,29,7.0,6,6,0.49,0.762,0.377,12.0,Dallas Mavericks
0022300184,2023-11-12,22023,MIA @ SAS,W,118,41.0,26,7.0,3,4,0.438,0.933,0.387,5.0,Miami Heat
0022300182,2023-11-12,22023,HOU vs. DEN,W,107,45.0,20,7.0,4,9,0.425,0.793,0.313,3.0,Houston Rockets
0022300185,2023-11-12,22023,PHX vs. OKC,L,99,51.0,20,4.0,7,17,0.386,0.839,0.31,-12.0,Phoenix Suns
0022300187,2023-11-12,22023,LAL vs. POR,W,116,41.0,27,8.0,4,9,0.488,0.811,0.211,6.0,Los Angeles Lakers
0022300179,2023-11-12,22023,MEM @ LAC,W,105,41.0,25,7.0,6,16,0.42,0.75,0.317,4.0,Memphis Grizzlies
0022300186,2023-11-12,22023,GSW vs. MIN,L,110,51.0,24,9.0,0,14,0.385,0.857,0.279,-6.0,Golden State Warriors
0022300189,2023-11-13,22023,TOR vs. WAS,W,111,48.0,28,11.0,4,16,0.5,0.68,0.2,4.0,Toronto Raptors
0022300188,2023-11-13,22023,NYK @ BOS,L,98,37.0,17,5.0,2,8,0.418,0.708,0.429,-16.0,New York Knicks
0022300191,2023-11-13,22023,SAC vs. CLE,W,132,37.0,32,3.0,4,10,0.59,0.636,0.476,12.0,Sacramento Kings
0022300189,2023-11-13,22023,WAS @ TOR,L,107,38.0,32,11.0,5,22,0.512,0.75,0.462,-4.0,Washington Wizards
0022300190,2023-11-13,22023,MIL vs. CHI,W,118,53.0,23,3.0,5,15,0.472,0.704,0.319,9.0,Milwaukee Bucks
0022300191,2023-11-13,22023,CLE @ SAC,L,120,39.0,24,3.0,1,11,0.495,0.824,0.457,-12.0,Cleveland Cavaliers
0022300190,2023-11-13,22023,CHI @ MIL,L,109,47.0,24,9.0,7,6,0.38,0.905,0.333,-9.0,Chicago Bulls
0022300188,2023-11-13,22023,BOS vs. NYK,W,114,37.0,27,3.0,3,11,0.506,0.938,0.442,16.0,Boston Celtics
0022300021,2023-11-14,22023,OKC vs. SAS,W,123,40.0,34,19.0,6,15,0.517,0.8,0.385,36.0,Oklahoma City Thunder
0022300017,2023-11-14,22023,CHA vs. MIA,L,105,45.0,21,6.0,0,18,0.444,0.818,0.469,-6.0,Charlotte Hornets
0022300018,2023-11-14,22023,DET vs. ATL,L,120,42.0,36,9.0,6,17,0.522,0.696,0.345,-6.0,Detroit Pistons
0022300019,2023-11-14,22023,IND @ PHI,W,132,41.0,32,7.0,5,11,0.516,0.697,0.351,6.0,Indiana Pacers
0022300017,2023-11-14,22023,MIA @ CHA,W,111,42.0,26,12.0,5,7,0.482,0.821,0.258,6.0,Miami Heat
0022300025,2023-11-14,22023,GSW vs. MIN,L,101,46.0,28,11.0,2,19,0.42,0.875,0.333,-3.0,Golden State Warriors
0022300026,2023-11-14,22023,MEM @ LAL,L,107,33.0,28,8.0,9,9,0.368,0.75,0.377,-27.0,Memphis Grizzlies
0022300023,2023-11-14,22023,UTA vs. POR,W,115,52.0,26,11.0,6,12,0.463,0.933,0.302,16.0,Utah Jazz
0022300023,2023-11-14,22023,POR @ UTA,L,99,43.0,23,5.0,6,17,0.42,0.7,0.314,-16.0,Portland Trail Blazers
0022300022,2023-11-14,22023,NOP vs. DAL,W,131,42.0,33,17.0,6,12,0.521,0.731,0.368,21.0,New Orleans Pelicans
0022300024,2023-11-14,22023,LAC @ DEN,L,108,42.0,21,10.0,1,10,0.43,0.875,0.448,-3.0,Los Angeles Clippers
0022300026,2023-11-14,22023,LAL vs. MEM,W,134,54.0,30,4.0,10,18,0.58,0.75,0.629,27.0,Los Angeles Lakers
0022300020,2023-11-14,22023,ORL @ BKN,L,104,37.0,23,9.0,4,14,0.439,0.762,0.348,-20.0,Orlando Magic
0022300018,2023-11-14,22023,ATL @ DET,W,126,41.0,28,9.0,7,14,0.517,0.923,0.364,6.0,Atlanta Hawks
0022300021,2023-11-14,22023,SAS @ OKC,L,87,43.0,24,7.0,6,24,0.387,0.667,0.3,-36.0,San Antonio Spurs
0022300025,2023-11-14,22023,MIN @ GSW,W,104,42.0,24,9.0,5,19,0.444,0.857,0.412,3.0,Minnesota Timberwolves
0022300022,2023-11-14,22023,DAL @ NOP,L,110,45.0,25,4.0,3,20,0.422,0.769,0.333,-21.0,Dallas Mavericks
0022300020,2023-11-14,22023,BKN vs. ORL,W,124,44.0,22,13.0,3,15,0.541,0.65,0.487,20.0,Brooklyn Nets
0022300019,2023-11-14,22023,PHI vs. IND,L,126,38.0,22,5.0,3,16,0.5,0.971,0.273,-6.0,Philadelphia 76ers
0022300024,2023-11-14,22023,DEN vs. LAC,W,111,36.0,26,4.0,2,14,0.534,0.781,0.348,3.0,Denver Nuggets
0022300192,2023-11-15,22023,DAL @ WAS,W,130,46.0,32,6.0,4,10,0.522,0.586,0.405,13.0,Dallas Mavericks
0022300194,2023-11-15,22023,BOS @ PHI,W,117,45.0,23,7.0,8,9,0.477,0.789,0.36,10.0,Boston Celtics
0022300198,2023-11-15,22023,LAL vs. SAC,L,110,43.0,25,12.0,6,23,0.506,0.789,0.379,-15.0,Los Angeles Lakers
0022300197,2023-11-15,22023,MIN @ PHX,L,115,40.0,18,8.0,5,6,0.457,0.929,0.185,-18.0,Minnesota Timberwolves
0022300198,2023-11-15,22023,SAC @ LAL,W,125,45.0,31,20.0,1,15,0.5,0.765,0.364,15.0,Sacramento Kings
0022300193,2023-11-15,22023,NYK @ ATL,W,116,42.0,29,9.0,2,16,0.479,0.909,0.471,2.0,New York Knicks
0022300194,2023-11-15,22023,PHI vs. BOS,L,107,41.0,18,5.0,1,9,0.459,0.818,0.367,-10.0,Philadelphia 76ers
0022300199,2023-11-15,22023,POR vs. CLE,L,95,30.0,24,9.0,3,12,0.374,0.875,0.342,-14.0,Portland Trail Blazers
0022300197,2023-11-15,22023,PHX vs. MIN,W,133,32.0,31,1.0,4,9,0.6,0.933,0.548,18.0,Phoenix Suns
0022300196,2023-11-15,22023,CHI vs. ORL,L,94,53.0,16,7.0,4,19,0.398,0.864,0.273,-2.0,Chicago Bulls
0022300196,2023-11-15,22023,ORL @ CHI,W,96,46.0,20,12.0,3,13,0.39,0.8,0.286,2.0,Orlando Magic
0022300199,2023-11-15,22023,CLE @ POR,W,109,47.0,23,5.0,9,17,0.56,0.762,0.3,14.0,Cleveland Cavaliers
0022300195,2023-11-15,22023,MIL @ TOR,W,128,41.0,25,8.0,9,13,0.518,0.952,0.513,16.0,Milwaukee Bucks
0022300192,2023-11-15,22023,WAS vs. DAL,L,117,46.0,23,6.0,1,12,0.483,0.826,0.333,-13.0,Washington Wizards
0022300193,2023-11-15,22023,ATL vs. NYK,L,114,30.0,28,11.0,6,15,0.547,0.769,0.387,-2.0,Atlanta Hawks
0022300195,2023-11-15,22023,TOR vs. MIL,L,112,55.0,28,10.0,8,14,0.396,0.871,0.273,-16.0,Toronto Raptors
0022300200,2023-11-16,22023,MIA vs. BKN,W,122,32.0,26,8.0,3,9,0.519,0.958,0.429,7.0,Miami Heat
0022300201,2023-11-16,22023,OKC @ GSW,W,128,42.0,31,10.0,3,12,0.506,0.913,0.594,19.0,Oklahoma City Thunder
0022300200,2023-11-16,22023,BKN @ MIA,L,115,40.0,29,5.0,3,14,0.471,0.778,0.389,-7.0,Brooklyn Nets
0022300201,2023-11-16,22023,GSW vs. OKC,L,109,49.0,27,5.0,4,16,0.408,0.789,0.341,-19.0,Golden State Warriors
0022300031,2023-11-17,22023,BOS @ TOR,W,108,44.0,29,5.0,4,10,0.457,0.889,0.348,3.0,Boston Celtics
0022300027,2023-11-17,22023,MIL @ CHA,W,130,49.0,32,4.0,7,13,0.551,0.769,0.489,31.0,Milwaukee Bucks
0022300035,2023-11-17,22023,PHX @ UTA,W,131,36.0,35,5.0,4,8,0.523,0.885,0.545,3.0,Phoenix Suns
0022300027,2023-11-17,22023,CHA vs. MIL,L,99,43.0,18,5.0,2,12,0.407,0.864,0.231,-31.0,Charlotte Hornets
0022300032,2023-11-17,22023,SAS vs. SAC,L,120,42.0,33,7.0,3,15,0.467,0.826,0.417,-9.0,San Antonio Spurs
0022300034,2023-11-17,22023,NOP vs. DEN,W,115,39.0,33,8.0,5,9,0.523,0.524,0.522,5.0,New Orleans Pelicans
0022300032,2023-11-17,22023,SAC @ SAS,W,129,42.0,31,10.0,2,13,0.541,0.792,0.429,9.0,Sacramento Kings
0022300028,2023-11-17,22023,NYK @ WAS,W,120,48.0,26,5.0,6,10,0.495,0.7,0.421,21.0,New York Knicks
0022300030,2023-11-17,22023,CLE vs. DET,W,108,39.0,21,9.0,6,12,0.512,0.714,0.429,8.0,Cleveland Cavaliers
0022300033,2023-11-17,22023,CHI vs. ORL,L,97,34.0,19,10.0,3,16,0.443,0.773,0.345,-6.0,Chicago Bulls
0022300030,2023-11-17,22023,DET @ CLE,L,100,51.0,20,8.0,6,17,0.429,0.867,0.257,-8.0,Detroit Pistons
0022300037,2023-11-17,22023,LAC vs. HOU,W,106,47.0,22,10.0,7,12,0.434,0.7,0.382,6.0,Los Angeles Clippers
0022300033,2023-11-17,22023,ORL @ CHI,W,103,46.0,24,7.0,7,17,0.481,0.696,0.324,6.0,Orlando Magic
0022300028,2023-11-17,22023,WAS vs. NYK,L,99,32.0,25,4.0,4,14,0.451,0.938,0.313,-21.0,Washington Wizards
0022300037,2023-11-17,22023,HOU @ LAC,L,100,47.0,24,6.0,5,16,0.432,0.7,0.323,-6.0,Houston Rockets
0022300029,2023-11-17,22023,ATL vs. PHI,L,116,39.0,24,8.0,4,13,0.449,0.8,0.364,-10.0,Atlanta Hawks
0022300029,2023-11-17,22023,PHI @ ATL,W,126,43.0,32,9.0,4,15,0.489,0.964,0.433,10.0,Philadelphia 76ers
0022300035,2023-11-17,22023,UTA vs. PHX,L,128,39.0,27,3.0,10,8,0.506,0.839,0.444,-3.0,Utah Jazz
0022300034,2023-11-17,22023,DEN @ NOP,L,110,51.0,37,4.0,3,13,0.49,0.5,0.25,-5.0,Denver Nuggets
0022300036,2023-11-17,22023,POR vs. LAL,L,95,48.0,17,11.0,2,18,0.404,0.722,0.27,-13.0,Portland Trail Blazers
0022300031,2023-11-17,22023,TOR vs. BOS,L,105,41.0,29,4.0,1,13,0.483,0.643,0.364,-3.0,Toronto Raptors
0022300036,2023-11-17,22023,LAL @ POR,W,107,44.0,27,11.0,6,18,0.494,0.682,0.414,13.0,Los Angeles Lakers
0022300207,2023-11-18,22023,OKC @ GSW,W,130,47.0,26,8.0,7,10,0.52,0.9,0.348,7.0,Oklahoma City Thunder
0022300206,2023-11-18,22023,MEM @ SAS,W,120,45.0,23,7.0,3,12,0.465,0.806,0.333,12.0,Memphis Grizzlies
0022300207,2023-11-18,22023,GSW vs. OKC,L,123,49.0,33,6.0,4,16,0.454,0.81,0.391,-7.0,Golden State Warriors
0022300203,2023-11-18,22023,NOP vs. MIN,L,120,40.0,27,9.0,5,17,0.512,0.87,0.414,-1.0,New Orleans Pelicans
0022300203,2023-11-18,22023,MIN @ NOP,W,121,33.0,29,6.0,7,14,0.538,0.815,0.419,1.0,Minnesota Timberwolves
0022300205,2023-11-18,22023,DAL @ MIL,L,125,49.0,27,1.0,2,12,0.495,0.7,0.34,-7.0,Dallas Mavericks
0022300204,2023-11-18,22023,CHI vs. MIA,W,102,44.0,24,9.0,6,12,0.444,0.737,0.356,5.0,Chicago Bulls
0022300202,2023-11-18,22023,CHA vs. NYK,L,108,36.0,29,5.0,5,13,0.488,0.846,0.486,-14.0,Charlotte Hornets
0022300204,2023-11-18,22023,MIA @ CHI,L,97,34.0,23,9.0,0,15,0.429,0.826,0.333,-5.0,Miami Heat
0022300205,2023-11-18,22023,MIL vs. DAL,W,132,41.0,29,8.0,3,6,0.521,0.85,0.378,7.0,Milwaukee Bucks
0022300206,2023-11-18,22023,SAS vs. MEM,L,108,40.0,26,5.0,9,15,0.434,0.808,0.375,-12.0,San Antonio Spurs
0022300202,2023-11-18,22023,NYK @ CHA,W,122,47.0,27,7.0,4,12,0.505,0.737,0.432,14.0,New York Knicks
0022300213,2023-11-19,22023,BOS @ MEM,W,102,45.0,20,6.0,10,17,0.455,0.8,0.387,2.0,Boston Celtics
0022300215,2023-11-19,22023,OKC @ POR,W,134,43.0,28,8.0,3,17,0.605,1.0,0.611,43.0,Oklahoma City Thunder
0022300209,2023-11-19,22023,ORL @ IND,W,128,42.0,21,10.0,10,15,0.494,0.833,0.35,12.0,Orlando Magic
0022300210,2023-11-19,22023,CLE vs. DEN,W,121,47.0,30,6.0,5,13,0.549,0.769,0.407,12.0,Cleveland Cavaliers
0022300213,2023-11-19,22023,MEM vs. BOS,L,100,42.0,28,7.0,5,9,0.389,0.9,0.386,-2.0,Memphis Grizzlies
0022300215,2023-11-19,22023,POR vs. OKC,L,91,31.0,21,10.0,2,17,0.4,0.667,0.265,-43.0,Portland Trail Blazers
0022300212,2023-11-19,22023,SAC @ DAL,W,129,48.0,34,9.0,3,12,0.533,0.762,0.425,16.0,Sacramento Kings
0022300208,2023-11-19,22023,BKN vs. PHI,L,99,45.0,24,2.0,8,15,0.469,0.75,0.393,-22.0,Brooklyn Nets
0022300214,2023-11-19,22023,PHX @ UTA,W,140,44.0,36,11.0,13,17,0.49,0.846,0.4,3.0,Phoenix Suns
0022300216,2023-11-19,22023,HOU @ LAL,L,104,34.0,35,7.0,3,18,0.488,0.8,0.378,-1.0,Houston Rockets
0022300208,2023-11-19,22023,PHI @ BKN,W,121,44.0,32,8.0,4,4,0.468,0.944,0.457,22.0,Philadelphia 76ers
0022300212,2023-11-19,22023,DAL vs. SAC,L,113,40.0,23,8.0,2,10,0.466,0.731,0.353,-16.0,Dallas Mavericks
0022300209,2023-11-19,22023,IND vs. ORL,L,116,40.0,24,10.0,7,16,0.442,0.774,0.258,-12.0,Indiana Pacers
0022300210,2023-11-19,22023,DEN @ CLE,L,109,33.0,23,7.0,5,11,0.476,0.739,0.483,-12.0,Denver Nuggets
0022300211,2023-11-19,22023,DET @ TOR,L,113,41.0,25,3.0,3,17,0.47,0.743,0.346,-29.0,Detroit Pistons
0022300211,2023-11-19,22023,TOR vs. DET,W,142,47.0,44,10.0,5,7,0.539,0.621,0.389,29.0,Toronto Raptors
0022300216,2023-11-19,22023,LAL vs. HOU,W,105,42.0,26,13.0,1,17,0.47,0.724,0.207,1.0,Los Angeles Lakers
0022300214,2023-11-19,22023,UTA vs. PHX,L,137,59.0,27,11.0,5,18,0.417,0.813,0.326,-3.0,Utah Jazz
0022300217,2023-11-20,22023,BOS @ CHA,L,118,48.0,19,6.0,8,13,0.433,0.643,0.32,-3.0,Boston Celtics
0022300222,2023-11-20,22023,SAC @ NOP,L,93,36.0,27,4.0,5,13,0.379,0.667,0.244,-36.0,Sacramento Kings
0022300224,2023-11-20,22023,GSW vs. HOU,W,121,43.0,26,3.0,1,8,0.468,0.848,0.488,5.0,Golden State Warriors
0022300224,2023-11-20,22023,HOU @ GSW,L,116,48.0,28,6.0,3,8,0.463,0.789,0.317,-5.0,Houston Rockets
0022300220,2023-11-20,22023,CHI vs. MIA,L,100,36.0,21,2.0,7,11,0.457,0.938,0.297,-18.0,Chicago Bulls
0022300222,2023-11-20,22023,NOP vs. SAC,W,129,55.0,38,8.0,6,10,0.543,0.81,0.429,36.0,New Orleans Pelicans
0022300219,2023-11-20,22023,MIL @ WAS,W,142,55.0,33,3.0,6,13,0.585,0.75,0.379,13.0,Milwaukee Bucks
0022300220,2023-11-20,22023,MIA @ CHI,W,118,43.0,31,7.0,1,8,0.5,0.85,0.486,18.0,Miami Heat
0022300219,2023-11-20,22023,WAS vs. MIL,L,129,26.0,29,6.0,4,4,0.556,0.818,0.345,-13.0,Washington Wizards
0022300221,2023-11-20,22023,NYK @ MIN,L,100,50.0,16,8.0,3,10,0.348,0.794,0.237,-17.0,New York Knicks
0022300218,2023-11-20,22023,DEN @ DET,W,107,43.0,30,7.0,8,14,0.46,0.762,0.393,4.0,Denver Nuggets
0022300217,2023-11-20,22023,CHA vs. BOS,W,121,57.0,29,9.0,7,13,0.442,0.941,0.333,3.0,Charlotte Hornets
0022300223,2023-11-20,22023,SAS vs. LAC,L,99,49.0,23,4.0,7,16,0.433,0.786,0.263,-25.0,San Antonio Spurs
0022300221,2023-11-20,22023,MIN vs. NYK,W,117,44.0,30,7.0,7,13,0.513,0.75,0.324,17.0,Minnesota Timberwolves
0022300218,2023-11-20,22023,DET vs. DEN,L,103,43.0,21,7.0,5,18,0.444,0.923,0.333,-4.0,Detroit Pistons
0022300223,2023-11-20,22023,LAC @ SAS,W,124,51.0,30,15.0,3,7,0.474,0.88,0.333,25.0,Los Angeles Clippers
0022300038,2023-11-21,22023,TOR @ ORL,L,107,38.0,29,6.0,6,23,0.507,0.773,0.5,-19.0,Toronto Raptors
0022300042,2023-11-21,22023,UTA @ LAL,L,99,42.0,25,6.0,3,14,0.388,0.75,0.25,-32.0,Utah Jazz
0022300042,2023-11-21,22023,LAL vs. UTA,W,131,52.0,35,6.0,5,13,0.57,0.815,0.379,32.0,Los Angeles Lakers
0022300039,2023-11-21,22023,ATL vs. IND,L,152,39.0,28,8.0,4,15,0.6,0.821,0.484,-5.0,Atlanta Hawks
0022300039,2023-11-21,22023,IND @ ATL,W,157,29.0,35,7.0,11,13,0.606,0.75,0.489,5.0,Indiana Pacers
0022300041,2023-11-21,22023,PHX vs. POR,W,120,38.0,26,8.0,8,13,0.566,0.964,0.412,13.0,Phoenix Suns
0022300040,2023-11-21,22023,PHI vs. CLE,L,119,44.0,19,12.0,8,14,0.417,0.824,0.314,-3.0,Philadelphia 76ers
0022300041,2023-11-21,22023,POR @ PHX,L,107,30.0,20,8.0,3,13,0.437,0.85,0.452,-13.0,Portland Trail Blazers
0022300040,2023-11-21,22023,CLE @ PHI,W,122,56.0,33,9.0,4,15,0.489,0.84,0.36,3.0,Cleveland Cavaliers
0022300038,2023-11-21,22023,ORL vs. TOR,W,126,40.0,31,12.0,8,12,0.5,0.7,0.387,19.0,Orlando Magic
0022300231,2023-11-22,22023,MEM @ HOU,L,91,46.0,17,3.0,7,9,0.329,0.857,0.219,-20.0,Memphis Grizzlies
0022300238,2023-11-22,22023,DAL @ LAL,W,104,48.0,21,5.0,4,4,0.396,0.75,0.32,3.0,Dallas Mavericks
0022300226,2023-11-22,22023,DEN @ ORL,L,119,42.0,29,6.0,2,10,0.473,0.762,0.429,-5.0,Denver Nuggets
0022300227,2023-11-22,22023,ATL vs. BKN,W,147,58.0,24,10.0,8,14,0.44,0.931,0.367,2.0,Atlanta Hawks
0022300237,2023-11-22,22023,POR vs. UTA,W,121,37.0,31,9.0,6,13,0.511,0.667,0.436,16.0,Portland Trail Blazers
0022300225,2023-11-22,22023,WAS @ CHA,L,114,47.0,26,7.0,3,10,0.454,0.833,0.344,-3.0,Washington Wizards
0022300228,2023-11-22,22023,MIL @ BOS,L,116,47.0,23,9.0,2,9,0.446,0.765,0.382,-3.0,Milwaukee Bucks
0022300234,2023-11-22,22023,CHI @ OKC,L,102,38.0,22,7.0,2,10,0.386,1.0,0.386,-14.0,Chicago Bulls
0022300238,2023-11-22,22023,LAL vs. DAL,L,101,51.0,26,1.0,2,11,0.464,0.632,0.379,-3.0,Los Angeles Lakers
0022300234,2023-11-22,22023,OKC vs. CHI,W,116,45.0,24,4.0,12,12,0.493,0.816,0.379,14.0,Oklahoma City Thunder
0022300229,2023-11-22,22023,MIA @ CLE,W,129,41.0,30,11.0,7,10,0.523,0.81,0.571,33.0,Miami Heat
0022300227,2023-11-22,22023,BKN @ ATL,L,145,59.0,28,8.0,6,16,0.487,0.833,0.429,-2.0,Brooklyn Nets
0022300232,2023-11-22,22023,MIN vs. PHI,W,112,48.0,28,10.0,8,12,0.483,0.667,0.385,13.0,Minnesota Timberwolves
0022300229,2023-11-22,22023,CLE vs. MIA,L,96,34.0,25,5.0,6,19,0.468,0.714,0.467,-33.0,Cleveland Cavaliers
0022300233,2023-11-22,22023,NOP vs. SAC,W,117,48.0,23,10.0,2,10,0.471,0.757,0.233,5.0,New Orleans Pelicans
0022300236,2023-11-22,22023,PHX vs. GSW,W,123,43.0,22,9.0,8,15,0.447,0.846,0.393,8.0,Phoenix Suns
0022300232,2023-11-22,22023,PHI @ MIN,L,99,48.0,21,9.0,12,14,0.391,0.8,0.219,-13.0,Philadelphia 76ers
0022300228,2023-11-22,22023,BOS vs. MIL,W,119,43.0,27,3.0,5,15,0.524,0.824,0.405,3.0,Boston Celtics
0022300226,2023-11-22,22023,ORL vs. DEN,W,124,41.0,27,9.0,7,12,0.543,0.867,0.345,5.0,Orlando Magic
0022300230,2023-11-22,22023,IND vs. TOR,L,131,31.0,33,10.0,6,14,0.549,0.813,0.462,-1.0,Indiana Pacers
0022300235,2023-11-22,22023,LAC @ SAS,W,109,50.0,29,10.0,3,16,0.459,0.759,0.321,7.0,Los Angeles Clippers
0022300235,2023-11-22,22023,SAS vs. LAC,L,102,44.0,26,8.0,6,13,0.385,0.913,0.289,-7.0,San Antonio Spurs
0022300236,2023-11-22,22023,GSW @ PHX,L,115,43.0,29,10.0,3,15,0.478,0.655,0.313,-8.0,Golden State Warriors
0022300233,2023-11-22,22023,SAC @ NOP,L,112,38.0,22,3.0,1,15,0.447,0.829,0.341,-5.0,Sacramento Kings
0022300225,2023-11-22,22023,CHA vs. WAS,W,117,49.0,27,6.0,4,12,0.473,0.714,0.432,3.0,Charlotte Hornets
0022300230,2023-11-22,22023,TOR @ IND,W,132,46.0,26,7.0,3,17,0.533,0.833,0.407,1.0,Toronto Raptors
0022300231,2023-11-22,22023,HOU vs. MEM,W,111,49.0,22,6.0,6,6,0.435,0.85,0.326,20.0,Houston Rockets
0022300237,2023-11-22,22023,UTA @ POR,L,105,44.0,25,7.0,3,21,0.468,0.808,0.323,-16.0,Utah Jazz
0022300050,2023-11-24,22023,MIN vs. SAC,L,111,44.0,25,6.0,9,18,0.439,0.931,0.364,-13.0,Minnesota Timberwolves
0022300043,2023-11-24,22023,BOS @ ORL,L,96,31.0,17,10.0,4,14,0.408,0.73,0.241,-17.0,Boston Celtics
0022300051,2023-11-24,22023,GSW vs. SAS,W,118,41.0,35,7.0,2,24,0.494,0.792,0.452,6.0,Golden State Warriors
0022300047,2023-11-24,22023,IND vs. DET,W,136,40.0,24,7.0,8,8,0.48,0.917,0.421,23.0,Indiana Pacers
0022300043,2023-11-24,22023,ORL vs. BOS,W,113,48.0,23,5.0,3,18,0.506,0.727,0.393,17.0,Orlando Magic
0022300046,2023-11-24,22023,CHI @ TOR,L,108,37.0,20,5.0,2,12,0.512,0.632,0.444,-13.0,Chicago Bulls
0022300045,2023-11-24,22023,MIA @ NYK,L,98,41.0,20,11.0,0,11,0.391,0.952,0.27,-2.0,Miami Heat
0022300047,2023-11-24,22023,DET @ IND,L,113,43.0,22,6.0,11,14,0.478,0.833,0.389,-23.0,Detroit Pistons
0022300051,2023-11-24,22023,SAS @ GSW,L,112,46.0,28,10.0,3,19,0.45,0.833,0.255,-6.0,San Antonio Spurs
0022300049,2023-11-24,22023,MIL vs. WAS,W,131,50.0,28,6.0,6,9,0.522,0.788,0.29,3.0,Milwaukee Bucks
0022300049,2023-11-24,22023,WAS @ MIL,L,128,46.0,29,3.0,4,8,0.48,0.81,0.405,-3.0,Washington Wizards
0022300044,2023-11-24,22023,MEM vs. PHX,L,89,35.0,22,6.0,2,13,0.463,0.6,0.273,-21.0,Memphis Grizzlies
0022300044,2023-11-24,22023,PHX @ MEM,W,110,41.0,22,10.0,6,12,0.513,0.75,0.355,21.0,Phoenix Suns
0022300048,2023-11-24,22023,HOU vs. DEN,W,105,49.0,25,9.0,9,14,0.488,0.867,0.414,19.0,Houston Rockets
0022300052,2023-11-24,22023,LAC vs. NOP,L,106,39.0,27,11.0,8,11,0.457,0.647,0.297,-10.0,Los Angeles Clippers
0022300052,2023-11-24,22023,NOP @ LAC,W,116,50.0,26,6.0,5,15,0.489,0.741,0.417,10.0,New Orleans Pelicans
0022300048,2023-11-24,22023,DEN @ HOU,L,86,46.0,17,8.0,4,15,0.34,0.714,0.233,-19.0,Denver Nuggets
0022300045,2023-11-24,22023,NYK vs. MIA,W,100,46.0,21,7.0,2,18,0.481,0.667,0.345,2.0,New York Knicks
0022300046,2023-11-24,22023,TOR vs. CHI,W,121,40.0,32,8.0,6,14,0.53,0.741,0.333,13.0,Toronto Raptors
0022300050,2023-11-24,22023,SAC @ MIN,W,124,46.0,25,7.0,4,13,0.49,0.818,0.486,13.0,Sacramento Kings
0022300242,2023-11-25,22023,CLE vs. LAL,L,115,37.0,30,13.0,4,14,0.473,0.87,0.321,-6.0,Cleveland Cavaliers
0022300240,2023-11-25,22023,BKN vs. MIA,W,112,42.0,27,11.0,9,11,0.5,0.87,0.389,15.0,Brooklyn Nets
0022300244,2023-11-25,22023,LAC vs. DAL,W,107,57.0,25,2.0,6,12,0.432,0.742,0.276,19.0,Los Angeles Clippers
0022300243,2023-11-25,22023,NOP @ UTA,L,100,42.0,31,15.0,4,13,0.419,0.611,0.306,-5.0,New Orleans Pelicans
0022300242,2023-11-25,22023,LAL @ CLE,W,121,44.0,34,9.0,8,18,0.522,0.857,0.333,6.0,Los Angeles Lakers
0022300239,2023-11-25,22023,OKC vs. PHI,L,123,38.0,29,3.0,3,4,0.439,0.808,0.372,-4.0,Oklahoma City Thunder
0022300241,2023-11-25,22023,ATL @ WAS,W,136,49.0,29,13.0,2,9,0.51,0.7,0.486,28.0,Atlanta Hawks
0022300243,2023-11-25,22023,UTA vs. NOP,W,105,52.0,23,8.0,6,23,0.437,0.824,0.349,5.0,Utah Jazz
0022300240,2023-11-25,22023,MIA @ BKN,L,97,44.0,24,6.0,3,17,0.437,0.769,0.324,-15.0,Miami Heat
0022300239,2023-11-25,22023,PHI @ OKC,W,127,49.0,30,2.0,9,12,0.458,0.822,0.341,4.0,Philadelphia 76ers
0022300241,2023-11-25,22023,WAS vs. ATL,L,108,41.0,33,5.0,6,20,0.489,1.0,0.263,-28.0,Washington Wizards
0022300244,2023-11-25,22023,DAL @ LAC,L,88,37.0,17,6.0,5,9,0.374,0.786,0.237,-19.0,Dallas Mavericks
0022300245,2023-11-26,22023,POR @ MIL,L,102,40.0,21,15.0,4,17,0.407,0.75,0.406,-6.0,Portland Trail Blazers
0022300250,2023-11-26,22023,BKN vs. CHI,W,118,39.0,29,7.0,2,9,0.494,0.733,0.472,9.0,Brooklyn Nets
0022300249,2023-11-26,22023,MEM vs. MIN,L,97,35.0,24,4.0,4,13,0.386,0.704,0.27,-22.0,Memphis Grizzlies
0022300251,2023-11-26,22023,CLE vs. TOR,W,105,49.0,29,2.0,5,14,0.464,0.833,0.323,3.0,Cleveland Cavaliers
0022300248,2023-11-26,22023,ORL vs. CHA,W,130,44.0,33,10.0,3,14,0.54,0.788,0.37,13.0,Orlando Magic
0022300248,2023-11-26,22023,CHA @ ORL,L,117,36.0,27,6.0,7,18,0.53,0.64,0.433,-13.0,Charlotte Hornets
0022300247,2023-11-26,22023,NYK vs. PHX,L,113,38.0,18,7.0,5,6,0.453,0.719,0.414,-3.0,New York Knicks
0022300251,2023-11-26,22023,TOR @ CLE,L,102,50.0,17,9.0,3,12,0.416,0.69,0.25,-3.0,Toronto Raptors
0022300245,2023-11-26,22023,MIL vs. POR,W,108,52.0,19,13.0,11,17,0.393,0.75,0.333,6.0,Milwaukee Bucks
0022300250,2023-11-26,22023,CHI @ BKN,L,109,40.0,21,3.0,2,11,0.482,0.773,0.375,-9.0,Chicago Bulls
0022300246,2023-11-26,22023,ATL @ BOS,L,103,43.0,15,5.0,4,15,0.409,0.632,0.358,-10.0,Atlanta Hawks
0022300252,2023-11-26,22023,DEN vs. SAS,W,132,45.0,38,8.0,3,19,0.562,0.8,0.429,12.0,Denver Nuggets
0022300252,2023-11-26,22023,SAS @ DEN,L,120,35.0,34,10.0,6,15,0.452,0.846,0.378,-12.0,San Antonio Spurs
0022300249,2023-11-26,22023,MIN @ MEM,W,119,42.0,30,5.0,5,14,0.531,0.783,0.441,22.0,Minnesota Timberwolves
0022300246,2023-11-26,22023,BOS vs. ATL,W,113,58.0,24,9.0,3,12,0.442,0.8,0.277,10.0,Boston Celtics
0022300247,2023-11-26,22023,PHX @ NYK,W,116,47.0,27,4.0,11,11,0.462,0.762,0.421,3.0,Phoenix Suns
0022300253,2023-11-27,22023,DET vs. WAS,L,107,49.0,29,7.0,11,16,0.422,0.684,0.211,-19.0,Detroit Pistons
0022300257,2023-11-27,22023,LAC vs. DEN,L,104,49.0,18,6.0,9,13,0.412,0.824,0.3,-9.0,Los Angeles Clippers
0022300254,2023-11-27,22023,IND vs. POR,L,110,42.0,26,10.0,6,20,0.477,0.75,0.242,-4.0,Indiana Pacers
0022300255,2023-11-27,22023,PHI vs. LAL,W,138,48.0,33,11.0,2,5,0.505,0.846,0.478,44.0,Philadelphia 76ers
0022300256,2023-11-27,22023,NOP @ UTA,L,112,48.0,27,5.0,1,8,0.5,0.68,0.318,-2.0,New Orleans Pelicans
0022300257,2023-11-27,22023,DEN @ LAC,W,113,52.0,28,8.0,6,11,0.478,0.536,0.455,9.0,Denver Nuggets
0022300253,2023-11-27,22023,WAS @ DET,W,126,46.0,29,8.0,6,15,0.506,0.929,0.345,19.0,Washington Wizards
0022300254,2023-11-27,22023,POR @ IND,W,114,38.0,20,6.0,4,16,0.471,0.806,0.5,4.0,Portland Trail Blazers
0022300256,2023-11-27,22023,UTA vs. NOP,W,114,43.0,31,6.0,4,10,0.42,0.821,0.354,2.0,Utah Jazz
0022300255,2023-11-27,22023,LAL @ PHI,L,94,32.0,23,3.0,4,17,0.47,0.692,0.25,-44.0,Los Angeles Lakers
0022300054,2023-11-28,22023,TOR @ BKN,L,103,46.0,27,11.0,3,7,0.386,0.632,0.361,-12.0,Toronto Raptors
0022300053,2023-11-28,22023,BOS vs. CHI,W,124,52.0,36,6.0,9,16,0.522,0.75,0.429,27.0,Boston Celtics
0022300059,2023-11-28,22023,DAL vs. HOU,W,121,38.0,25,5.0,4,7,0.472,0.862,0.353,6.0,Dallas Mavericks
0022300058,2023-11-28,22023,OKC @ MIN,L,103,36.0,22,8.0,4,8,0.411,0.783,0.367,-3.0,Oklahoma City Thunder
0022300056,2023-11-28,22023,MIA vs. MIL,L,124,35.0,32,3.0,5,6,0.511,0.667,0.467,-7.0,Miami Heat
0022300058,2023-11-28,22023,MIN vs. OKC,W,106,51.0,18,3.0,9,19,0.423,0.813,0.424,3.0,Minnesota Timberwolves
0022300055,2023-11-28,22023,CLE vs. ATL,W,128,55.0,27,8.0,12,16,0.538,0.882,0.361,23.0,Cleveland Cavaliers
0022300055,2023-11-28,22023,ATL @ CLE,L,105,44.0,21,9.0,3,10,0.347,0.917,0.295,-23.0,Atlanta Hawks
0022300053,2023-11-28,22023,CHI @ BOS,L,97,37.0,25,11.0,7,8,0.433,0.556,0.321,-27.0,Chicago Bulls
0022300057,2023-11-28,22023,CHA @ NYK,L,91,41.0,21,8.0,2,17,0.416,0.571,0.419,-24.0,Charlotte Hornets
0022300060,2023-11-28,22023,SAC vs. GSW,W,124,46.0,25,8.0,7,10,0.451,0.643,0.341,1.0,Sacramento Kings
0022300054,2023-11-28,22023,BKN vs. TOR,W,115,59.0,26,7.0,8,15,0.449,0.846,0.342,12.0,Brooklyn Nets
0022300059,2023-11-28,22023,HOU @ DAL,L,115,40.0,33,2.0,6,12,0.494,0.793,0.276,-6.0,Houston Rockets
0022300057,2023-11-28,22023,NYK vs. CHA,W,115,54.0,21,10.0,7,16,0.466,0.9,0.395,24.0,New York Knicks
0022300060,2023-11-28,22023,GSW @ SAC,L,123,52.0,25,6.0,6,18,0.482,0.867,0.415,-1.0,Golden State Warriors
0022300056,2023-11-28,22023,MIL @ MIA,W,131,45.0,26,3.0,4,9,0.534,0.889,0.371,7.0,Milwaukee Bucks
0022300264,2023-11-29,22023,LAC @ SAC,W,131,37.0,28,8.0,5,4,0.538,0.773,0.5,14.0,Los Angeles Clippers
0022300263,2023-11-29,22023,DEN vs. HOU,W,134,41.0,37,4.0,2,3,0.505,0.731,0.442,10.0,Denver Nuggets
0022300258,2023-11-29,22023,DET vs. LAL,L,107,39.0,28,8.0,3,14,0.412,0.857,0.417,-26.0,Detroit Pistons
0022300260,2023-11-29,22023,TOR vs. PHX,W,112,49.0,25,7.0,5,9,0.452,0.857,0.37,7.0,Toronto Raptors
0022300258,2023-11-29,22023,LAL @ DET,W,133,49.0,28,7.0,10,12,0.511,0.816,0.353,26.0,Los Angeles Lakers
0022300259,2023-11-29,22023,WAS @ ORL,L,120,29.0,28,14.0,3,10,0.471,0.771,0.379,-19.0,Washington Wizards
0022300260,2023-11-29,22023,PHX @ TOR,L,105,47.0,25,3.0,5,9,0.404,0.957,0.269,-7.0,Phoenix Suns
0022300259,2023-11-29,22023,ORL vs. WAS,W,139,44.0,34,5.0,6,18,0.607,0.833,0.63,19.0,Orlando Magic
0022300261,2023-11-29,22023,UTA @ MEM,L,91,39.0,26,8.0,8,17,0.378,0.583,0.41,-14.0,Utah Jazz
0022300263,2023-11-29,22023,HOU @ DEN,L,124,35.0,27,3.0,5,8,0.547,0.737,0.39,-10.0,Houston Rockets
0022300264,2023-11-29,22023,SAC vs. LAC,L,117,47.0,22,1.0,1,14,0.465,0.857,0.317,-14.0,Sacramento Kings
0022300262,2023-11-29,22023,PHI @ NOP,L,114,30.0,28,8.0,7,21,0.519,0.889,0.412,-10.0,Philadelphia 76ers
0022300261,2023-11-29,22023,MEM vs. UTA,W,105,51.0,26,9.0,10,15,0.494,0.75,0.333,14.0,Memphis Grizzlies
0022300262,2023-11-29,22023,NOP vs. PHI,W,124,40.0,33,11.0,4,20,0.538,0.882,0.333,10.0,New Orleans Pelicans
0022300267,2023-11-30,22023,MIA vs. IND,W,142,48.0,25,4.0,1,14,0.558,0.844,0.381,10.0,Miami Heat
0022300271,2023-11-30,22023,OKC vs. LAL,W,133,48.0,29,9.0,6,7,0.532,0.864,0.333,23.0,Oklahoma City Thunder
0022300269,2023-11-30,22023,MIL @ CHI,L,113,43.0,28,12.0,6,20,0.449,0.692,0.333,-7.0,Milwaukee Bucks
0022300272,2023-11-30,22023,SAS vs. ATL,L,135,47.0,34,4.0,7,21,0.539,0.913,0.439,-2.0,San Antonio Spurs
0022300265,2023-11-30,22023,POR @ CLE,W,103,40.0,29,10.0,4,22,0.506,1.0,0.4,8.0,Portland Trail Blazers
0022300266,2023-11-30,22023,CHA @ BKN,W,129,41.0,30,6.0,7,9,0.505,1.0,0.583,1.0,Charlotte Hornets
0022300268,2023-11-30,22023,DET @ NYK,L,112,42.0,22,4.0,3,20,0.531,0.647,0.429,-6.0,Detroit Pistons
0022300272,2023-11-30,22023,ATL @ SAS,W,137,37.0,24,14.0,2,10,0.51,0.862,0.424,2.0,Atlanta Hawks
0022300265,2023-11-30,22023,CLE vs. POR,L,95,35.0,25,12.0,2,17,0.427,1.0,0.219,-8.0,Cleveland Cavaliers
0022300273,2023-11-30,22023,GSW vs. LAC,W,120,47.0,30,3.0,4,7,0.5,0.742,0.385,6.0,Golden State Warriors
0022300270,2023-11-30,22023,MIN vs. UTA,W,101,42.0,29,13.0,7,11,0.438,0.769,0.371,11.0,Minnesota Timberwolves
0022300270,2023-11-30,22023,UTA @ MIN,L,90,51.0,22,6.0,4,19,0.379,0.929,0.324,-11.0,Utah Jazz
0022300267,2023-11-30,22023,IND @ MIA,L,132,34.0,30,11.0,5,9,0.51,0.656,0.256,-10.0,Indiana Pacers
0022300271,2023-11-30,22023,LAL @ OKC,L,110,41.0,24,6.0,2,13,0.444,0.844,0.333,-23.0,Los Angeles Lakers
0022300269,2023-11-30,22023,CHI vs. MIL,W,120,51.0,32,14.0,4,21,0.459,0.773,0.351,7.0,Chicago Bulls
0022300268,2023-11-30,22023,NYK vs. DET,W,118,41.0,25,8.0,3,11,0.466,0.714,0.39,6.0,New York Knicks
0022300273,2023-11-30,22023,LAC @ GSW,L,114,43.0,26,5.0,1,6,0.442,0.75,0.375,-6.0,Los Angeles Clippers
0022300266,2023-11-30,22023,BKN vs. CHA,L,128,52.0,21,6.0,4,9,0.495,0.667,0.389,-1.0,Brooklyn Nets
0022300278,2023-12-01,22023,NOP vs. SAS,W,121,42.0,26,8.0,6,11,0.494,0.931,0.323,15.0,New Orleans Pelicans
0022300277,2023-12-01,22023,DAL vs. MEM,L,94,42.0,27,9.0,5,11,0.37,0.667,0.308,-14.0,Dallas Mavericks
0022300275,2023-12-01,22023,BOS vs. PHI,W,125,46.0,25,10.0,8,20,0.506,0.861,0.485,6.0,Boston Celtics
0022300279,2023-12-01,22023,PHX vs. DEN,L,111,43.0,22,4.0,9,12,0.464,0.923,0.333,-8.0,Phoenix Suns
0022300276,2023-12-01,22023,NYK @ TOR,W,119,43.0,30,6.0,3,12,0.5,0.813,0.444,13.0,New York Knicks
0022300274,2023-12-01,22023,WAS @ ORL,L,125,40.0,25,8.0,5,14,0.506,0.71,0.464,-5.0,Washington Wizards
0022300278,2023-12-01,22023,SAS @ NOP,L,106,39.0,28,5.0,5,19,0.458,0.824,0.41,-15.0,San Antonio Spurs
0022300279,2023-12-01,22023,DEN @ PHX,W,119,32.0,38,8.0,4,9,0.568,0.583,0.375,8.0,Denver Nuggets
0022300276,2023-12-01,22023,TOR vs. NYK,L,106,48.0,32,7.0,6,12,0.44,0.706,0.188,-13.0,Toronto Raptors
0022300277,2023-12-01,22023,MEM @ DAL,W,108,52.0,27,8.0,12,14,0.489,0.818,0.324,14.0,Memphis Grizzlies
0022300275,2023-12-01,22023,PHI @ BOS,L,119,42.0,16,16.0,5,16,0.457,0.739,0.457,-6.0,Philadelphia 76ers
0022300274,2023-12-01,22023,ORL vs. WAS,W,130,44.0,35,6.0,8,14,0.517,0.788,0.387,5.0,Orlando Magic
0022300289,2023-12-02,22023,POR @ UTA,L,113,40.0,17,11.0,5,9,0.4,0.889,0.325,-5.0,Portland Trail Blazers
0022300283,2023-12-02,22023,CLE @ DET,W,110,43.0,25,11.0,1,11,0.494,0.667,0.333,9.0,Cleveland Cavaliers
0022300291,2023-12-02,22023,HOU @ LAL,L,97,54.0,24,5.0,7,16,0.404,0.778,0.355,-10.0,Houston Rockets
0022300281,2023-12-02,22023,MIN @ CHA,W,123,41.0,26,5.0,3,11,0.512,0.867,0.355,6.0,Minnesota Timberwolves
0022300288,2023-12-02,22023,PHX vs. MEM,W,116,44.0,24,10.0,5,16,0.434,0.814,0.346,7.0,Phoenix Suns
0022300288,2023-12-02,22023,MEM @ PHX,L,109,40.0,14,9.0,8,15,0.453,0.917,0.29,-7.0,Memphis Grizzlies
0022300290,2023-12-02,22023,SAC vs. DEN,W,123,47.0,33,7.0,5,11,0.485,0.733,0.471,6.0,Sacramento Kings
0022300285,2023-12-02,22023,CHI vs. NOP,W,124,41.0,32,6.0,8,13,0.545,0.733,0.425,6.0,Chicago Bulls
0022300280,2023-12-02,22023,LAC vs. GSW,W,113,40.0,31,5.0,6,11,0.489,0.857,0.333,1.0,Los Angeles Clippers
0022300282,2023-12-02,22023,BKN vs. ORL,W,129,57.0,31,4.0,8,11,0.505,0.742,0.412,28.0,Brooklyn Nets
0022300284,2023-12-02,22023,IND @ MIA,W,144,32.0,35,4.0,8,9,0.659,0.8,0.5,15.0,Indiana Pacers
0022300291,2023-12-02,22023,LAL vs. HOU,W,107,48.0,24,11.0,7,9,0.449,0.704,0.296,10.0,Los Angeles Lakers
0022300285,2023-12-02,22023,NOP @ CHI,L,118,39.0,20,10.0,1,12,0.5,0.8,0.32,-6.0,New Orleans Pelicans
0022300282,2023-12-02,22023,ORL @ BKN,L,101,37.0,24,3.0,5,11,0.398,0.815,0.31,-28.0,Orlando Magic
0022300287,2023-12-02,22023,OKC @ DAL,W,126,50.0,24,8.0,5,12,0.44,0.818,0.455,6.0,Oklahoma City Thunder
0022300280,2023-12-02,22023,GSW @ LAC,L,112,42.0,31,5.0,4,13,0.442,0.792,0.395,-1.0,Golden State Warriors
0022300286,2023-12-02,22023,MIL vs. ATL,W,132,44.0,33,5.0,6,15,0.596,0.8,0.424,11.0,Milwaukee Bucks
0022300290,2023-12-02,22023,DEN @ SAC,L,117,46.0,35,9.0,7,10,0.495,0.65,0.24,-6.0,Denver Nuggets
0022300284,2023-12-02,22023,MIA vs. IND,L,129,28.0,27,3.0,1,10,0.539,0.875,0.48,-15.0,Miami Heat
0022300283,2023-12-02,22023,DET vs. CLE,L,101,49.0,24,9.0,3,16,0.47,0.652,0.267,-9.0,Detroit Pistons
0022300281,2023-12-02,22023,CHA vs. MIN,L,117,36.0,29,6.0,4,8,0.484,0.895,0.48,-6.0,Charlotte Hornets
0022300286,2023-12-02,22023,ATL @ MIL,L,121,40.0,23,11.0,4,11,0.446,0.762,0.395,-11.0,Atlanta Hawks
0022300289,2023-12-02,22023,UTA vs. POR,W,118,56.0,27,5.0,11,17,0.489,0.792,0.206,5.0,Utah Jazz
0022300287,2023-12-02,22023,DAL vs. OKC,L,120,47.0,26,5.0,12,15,0.448,0.657,0.365,-6.0,Dallas Mavericks
0022301202,2023-12-04,22023,IND vs. BOS,W,122,41.0,28,8.0,4,6,0.457,0.81,0.475,10.0,Indiana Pacers
0022301204,2023-12-04,22023,SAC vs. NOP,L,117,38.0,29,8.0,2,13,0.447,0.818,0.341,-10.0,Sacramento Kings
0022301202,2023-12-04,22023,BOS @ IND,L,112,56.0,27,5.0,9,17,0.474,0.667,0.293,-10.0,Boston Celtics
0022301204,2023-12-04,22023,NOP @ SAC,W,127,42.0,29,12.0,7,12,0.54,0.826,0.452,10.0,New Orleans Pelicans
0022301203,2023-12-05,22023,LAL vs. PHX,W,106,45.0,24,11.0,2,9,0.373,0.84,0.3,3.0,Los Angeles Lakers
0022301201,2023-12-05,22023,NYK @ MIL,L,122,36.0,27,8.0,4,16,0.494,0.879,0.304,-24.0,New York Knicks
0022301201,2023-12-05,22023,MIL vs. NYK,W,146,37.0,32,12.0,6,12,0.604,0.684,0.605,24.0,Milwaukee Bucks
0022301203,2023-12-05,22023,PHX @ LAL,L,103,44.0,25,8.0,5,20,0.493,0.81,0.48,-3.0,Phoenix Suns
0022301209,2023-12-06,22023,ATL vs. BKN,L,113,49.0,25,5.0,4,12,0.447,0.944,0.343,-1.0,Atlanta Hawks
0022301213,2023-12-06,22023,DAL vs. UTA,W,147,47.0,37,11.0,5,7,0.554,0.684,0.449,50.0,Dallas Mavericks
0022301209,2023-12-06,22023,BKN @ ATL,W,114,45.0,24,7.0,6,12,0.457,0.708,0.407,1.0,Brooklyn Nets
0022301207,2023-12-06,22023,TOR vs. MIA,L,103,46.0,29,3.0,8,14,0.43,0.882,0.378,-9.0,Toronto Raptors
0022301205,2023-12-06,22023,ORL @ CLE,L,111,36.0,22,10.0,6,11,0.488,0.73,0.087,-10.0,Orlando Magic
0022301213,2023-12-06,22023,UTA @ DAL,L,97,43.0,22,6.0,3,19,0.402,0.833,0.364,-50.0,Utah Jazz
0022301212,2023-12-06,22023,HOU vs. OKC,W,110,53.0,28,6.0,5,19,0.482,0.682,0.455,9.0,Houston Rockets
0022301206,2023-12-06,22023,MEM @ DET,W,116,46.0,26,10.0,8,14,0.516,0.786,0.423,14.0,Memphis Grizzlies
0022301211,2023-12-06,22023,CHA @ CHI,L,100,42.0,25,9.0,9,16,0.433,1.0,0.27,-11.0,Charlotte Hornets
0022301215,2023-12-06,22023,DEN @ LAC,L,102,46.0,29,7.0,5,11,0.418,0.889,0.387,-9.0,Denver Nuggets
0022301208,2023-12-06,22023,PHI @ WAS,W,131,43.0,29,7.0,2,11,0.511,0.853,0.296,5.0,Philadelphia 76ers
0022301210,2023-12-06,22023,SAS @ MIN,L,94,49.0,23,7.0,4,11,0.376,0.667,0.222,-8.0,San Antonio Spurs
0022301210,2023-12-06,22023,MIN vs. SAS,W,102,55.0,20,4.0,10,14,0.414,0.857,0.3,8.0,Minnesota Timberwolves
0022301207,2023-12-06,22023,MIA @ TOR,W,112,44.0,33,5.0,4,7,0.461,0.842,0.368,9.0,Miami Heat
0022301206,2023-12-06,22023,DET vs. MEM,L,102,42.0,30,9.0,6,16,0.451,1.0,0.314,-14.0,Detroit Pistons
0022301211,2023-12-06,22023,CHI vs. CHA,W,111,57.0,23,6.0,6,16,0.422,0.793,0.48,11.0,Chicago Bulls
0022301208,2023-12-06,22023,WAS vs. PHI,L,126,32.0,39,8.0,6,11,0.565,1.0,0.4,-5.0,Washington Wizards
0022301214,2023-12-06,22023,GSW vs. POR,W,110,50.0,20,4.0,3,17,0.419,0.848,0.294,4.0,Golden State Warriors
0022301205,2023-12-06,22023,CLE vs. ORL,W,121,45.0,29,5.0,2,15,0.535,0.75,0.412,10.0,Cleveland Cavaliers
0022301214,2023-12-06,22023,POR @ GSW,L,106,40.0,22,8.0,3,10,0.411,0.75,0.348,-4.0,Portland Trail Blazers
0022301215,2023-12-06,22023,LAC vs. DEN,W,111,51.0,21,7.0,9,11,0.46,0.76,0.444,9.0,Los Angeles Clippers
0022301212,2023-12-06,22023,OKC @ HOU,L,101,30.0,22,14.0,10,8,0.425,0.792,0.276,-9.0,Oklahoma City Thunder
0022301230,2023-12-07,22023,LAL vs. NOP,W,133,59.0,31,6.0,4,14,0.547,0.759,0.486,44.0,Los Angeles Lakers
0022301229,2023-12-07,22023,MIL vs. IND,L,119,46.0,19,3.0,9,12,0.448,0.75,0.364,-9.0,Milwaukee Bucks
0022301229,2023-12-07,22023,IND @ MIL,W,128,51.0,30,9.0,8,9,0.49,0.84,0.212,9.0,Indiana Pacers
0022301230,2023-12-07,22023,NOP @ LAL,L,89,42.0,22,7.0,5,12,0.358,0.7,0.226,-44.0,New Orleans Pelicans
0022301220,2023-12-08,22023,MIA vs. CLE,L,99,37.0,23,5.0,5,18,0.43,0.667,0.357,-12.0,Miami Heat
0022301218,2023-12-08,22023,ATL @ PHI,L,114,55.0,20,3.0,4,13,0.394,0.905,0.333,-11.0,Atlanta Hawks
0022301216,2023-12-08,22023,TOR @ CHA,L,116,42.0,32,7.0,2,14,0.505,0.762,0.188,-3.0,Toronto Raptors
0022301220,2023-12-08,22023,CLE @ MIA,W,111,51.0,21,13.0,2,13,0.46,0.654,0.368,12.0,Cleveland Cavaliers
0022301216,2023-12-08,22023,CHA vs. TOR,W,119,31.0,30,7.0,4,15,0.557,0.9,0.52,3.0,Charlotte Hornets
0022301226,2023-12-08,22023,DAL @ POR,W,125,42.0,26,8.0,5,15,0.516,0.864,0.308,13.0,Dallas Mavericks
0022301227,2023-12-08,22023,BOS vs. NYK,W,133,34.0,24,8.0,5,7,0.527,0.857,0.404,10.0,Boston Celtics
0022301221,2023-12-08,22023,MIN @ MEM,W,127,54.0,30,4.0,8,13,0.5,0.923,0.395,24.0,Minnesota Timberwolves
0022301221,2023-12-08,22023,MEM vs. MIN,L,103,28.0,24,7.0,4,9,0.43,0.737,0.429,-24.0,Memphis Grizzlies
0022301225,2023-12-08,22023,UTA vs. LAC,L,103,40.0,23,10.0,10,13,0.452,0.75,0.29,-14.0,Utah Jazz
0022301218,2023-12-08,22023,PHI vs. ATL,W,125,48.0,24,6.0,8,10,0.483,0.811,0.367,11.0,Philadelphia 76ers
0022301226,2023-12-08,22023,POR vs. DAL,L,112,48.0,20,9.0,1,15,0.371,0.889,0.34,-13.0,Portland Trail Blazers
0022301219,2023-12-08,22023,BKN vs. WAS,W,124,55.0,27,8.0,8,10,0.481,0.778,0.303,27.0,Brooklyn Nets
0022301225,2023-12-08,22023,LAC @ UTA,W,117,40.0,23,8.0,9,12,0.489,0.762,0.441,14.0,Los Angeles Clippers
0022301224,2023-12-08,22023,HOU @ DEN,W,114,47.0,21,3.0,3,9,0.427,0.738,0.333,8.0,Houston Rockets
0022301228,2023-12-08,22023,PHX vs. SAC,L,106,40.0,26,8.0,5,11,0.482,0.652,0.344,-8.0,Phoenix Suns
0022301228,2023-12-08,22023,SAC @ PHX,W,114,50.0,25,7.0,0,12,0.457,0.8,0.359,8.0,Sacramento Kings
0022301223,2023-12-08,22023,CHI @ SAS,W,121,56.0,27,9.0,2,7,0.461,0.583,0.464,9.0,Chicago Bulls
0022301222,2023-12-08,22023,OKC vs. GSW,W,138,39.0,15,17.0,7,9,0.52,0.861,0.172,2.0,Oklahoma City Thunder
0022301217,2023-12-08,22023,DET @ ORL,L,91,38.0,17,3.0,2,15,0.42,0.708,0.2,-32.0,Detroit Pistons
0022301222,2023-12-08,22023,GSW @ OKC,L,136,60.0,29,3.0,2,28,0.471,0.826,0.396,-2.0,Golden State Warriors
0022301219,2023-12-08,22023,WAS @ BKN,L,97,41.0,19,4.0,7,16,0.418,0.714,0.182,-27.0,Washington Wizards
0022301227,2023-12-08,22023,NYK @ BOS,L,123,44.0,28,4.0,3,13,0.5,0.741,0.405,-10.0,New York Knicks
0022301223,2023-12-08,22023,SAS vs. CHI,L,112,44.0,35,4.0,9,12,0.47,0.85,0.405,-9.0,San Antonio Spurs
0022301224,2023-12-08,22023,DEN vs. HOU,L,106,47.0,22,4.0,5,10,0.422,0.741,0.357,-8.0,Denver Nuggets
0022301217,2023-12-08,22023,ORL vs. DET,W,123,45.0,26,5.0,4,9,0.551,0.789,0.385,32.0,Orlando Magic
0022300296,2023-12-11,22023,DEN @ ATL,W,129,49.0,29,9.0,8,16,0.534,0.793,0.414,7.0,Denver Nuggets
0022300299,2023-12-11,22023,DAL @ MEM,W,120,43.0,27,8.0,9,17,0.5,0.895,0.425,7.0,Dallas Mavericks
0022300294,2023-12-11,22023,CLE @ ORL,L,94,48.0,15,10.0,3,14,0.353,0.758,0.225,-10.0,Cleveland Cavaliers
0022300301,2023-12-11,22023,NOP vs. MIN,W,121,47.0,27,7.0,7,13,0.488,0.775,0.37,14.0,New Orleans Pelicans
0022300293,2023-12-11,22023,IND @ DET,W,131,43.0,33,8.0,5,18,0.565,0.737,0.419,8.0,Indiana Pacers
0022300301,2023-12-11,22023,MIN @ NOP,L,107,47.0,26,5.0,3,11,0.44,0.737,0.361,-14.0,Minnesota Timberwolves
0022300294,2023-12-11,22023,ORL vs. CLE,W,104,43.0,22,7.0,8,12,0.464,0.76,0.269,10.0,Orlando Magic
0022300303,2023-12-11,22023,BKN @ SAC,L,118,41.0,24,4.0,6,13,0.477,0.952,0.483,-13.0,Brooklyn Nets
0022300298,2023-12-11,22023,SAS @ HOU,L,82,51.0,20,9.0,5,17,0.356,0.682,0.122,-11.0,San Antonio Spurs
0022300297,2023-12-11,22023,NYK vs. TOR,W,136,42.0,36,5.0,3,15,0.605,0.652,0.586,6.0,New York Knicks
0022300297,2023-12-11,22023,TOR @ NYK,L,130,38.0,32,12.0,0,10,0.49,0.733,0.359,-6.0,Toronto Raptors
0022300298,2023-12-11,22023,HOU vs. SAS,W,93,60.0,20,7.0,2,16,0.344,0.85,0.308,11.0,Houston Rockets
0022300303,2023-12-11,22023,SAC vs. BKN,W,131,43.0,38,4.0,3,13,0.511,0.714,0.556,13.0,Sacramento Kings
0022300302,2023-12-11,22023,OKC vs. UTA,W,134,39.0,35,9.0,7,12,0.521,0.941,0.474,14.0,Oklahoma City Thunder
0022300293,2023-12-11,22023,DET vs. IND,L,123,30.0,26,11.0,4,14,0.556,0.767,0.345,-8.0,Detroit Pistons
0022300292,2023-12-11,22023,CHA vs. MIA,L,114,31.0,31,3.0,2,10,0.476,0.773,0.415,-2.0,Charlotte Hornets
0022300302,2023-12-11,22023,UTA @ OKC,L,120,41.0,32,9.0,9,15,0.478,0.952,0.316,-14.0,Utah Jazz
0022300295,2023-12-11,22023,WAS @ PHI,L,101,44.0,21,5.0,2,22,0.424,0.645,0.29,-45.0,Washington Wizards
0022300299,2023-12-11,22023,MEM vs. DAL,L,113,38.0,26,9.0,5,17,0.461,0.813,0.409,-7.0,Memphis Grizzlies
0022300292,2023-12-11,22023,MIA @ CHA,W,116,43.0,31,7.0,3,10,0.481,0.794,0.429,2.0,Miami Heat
0022300296,2023-12-11,22023,ATL vs. DEN,L,122,35.0,25,9.0,2,10,0.458,0.944,0.386,-7.0,Atlanta Hawks
0022300300,2023-12-11,22023,CHI @ MIL,L,129,51.0,25,3.0,4,6,0.412,0.8,0.441,-4.0,Chicago Bulls
0022300304,2023-12-11,22023,POR @ LAC,L,127,36.0,25,5.0,4,12,0.478,0.846,0.475,-5.0,Portland Trail Blazers
0022300300,2023-12-11,22023,MIL vs. CHI,W,133,48.0,34,5.0,4,11,0.512,0.811,0.405,4.0,Milwaukee Bucks
0022300295,2023-12-11,22023,PHI vs. WAS,W,146,47.0,37,14.0,6,13,0.547,0.88,0.435,45.0,Philadelphia 76ers
0022300304,2023-12-11,22023,LAC vs. POR,W,132,35.0,33,7.0,9,9,0.551,0.955,0.382,5.0,Los Angeles Clippers
0022300309,2023-12-12,22023,SAC @ LAC,L,99,38.0,27,8.0,2,14,0.419,0.708,0.27,-20.0,Sacramento Kings
0022300308,2023-12-12,22023,GSW @ PHX,L,116,51.0,26,9.0,1,15,0.446,0.667,0.348,-3.0,Golden State Warriors
0022300307,2023-12-12,22023,CHI vs. DEN,L,106,41.0,26,6.0,9,12,0.419,0.913,0.325,-7.4,Chicago Bulls
0022300307,2023-12-12,22023,DEN @ CHI,W,114,46.0,28,4.0,4,10,0.47,0.688,0.467,8.0,Denver Nuggets
0022300308,2023-12-12,22023,PHX vs. GSW,W,119,41.0,27,8.0,7,14,0.452,0.853,0.359,3.0,Phoenix Suns
0022300306,2023-12-12,22023,LAL @ DAL,L,125,40.0,34,4.0,4,15,0.538,0.667,0.517,-2.0,Los Angeles Lakers
0022300309,2023-12-12,22023,LAC vs. SAC,W,119,49.0,21,7.0,2,15,0.524,0.952,0.379,20.0,Los Angeles Clippers
0022300305,2023-12-12,22023,CLE @ BOS,L,113,35.0,27,6.0,4,12,0.478,0.667,0.422,-7.0,Cleveland Cavaliers
0022300306,2023-12-12,22023,DAL vs. LAL,W,127,36.0,28,7.0,5,10,0.494,0.857,0.488,2.0,Dallas Mavericks
0022300305,2023-12-12,22023,BOS vs. CLE,W,120,45.0,23,9.0,9,13,0.452,1.0,0.409,7.0,Boston Celtics
0022300317,2023-12-13,22023,BKN @ PHX,W,116,36.0,24,9.0,4,7,0.461,0.792,0.366,4.0,Brooklyn Nets
0022300310,2023-12-13,22023,PHI @ DET,W,129,53.0,28,6.0,4,10,0.517,0.824,0.367,18.0,Philadelphia 76ers
0022300312,2023-12-13,22023,CHA @ MIA,L,104,31.0,27,11.0,5,21,0.532,0.909,0.387,-11.0,Charlotte Hornets
0022300318,2023-12-13,22023,NYK @ UTA,L,113,46.0,21,10.0,4,8,0.436,0.688,0.231,-4.0,New York Knicks
0022300311,2023-12-13,22023,NOP @ WAS,W,142,46.0,30,11.0,3,9,0.521,0.867,0.471,20.0,New Orleans Pelicans
0022300314,2023-12-13,22023,HOU vs. MEM,W,117,58.0,23,6.0,3,19,0.453,0.73,0.375,13.0,Houston Rockets
0022300315,2023-12-13,22023,MIL vs. IND,W,140,43.0,27,8.0,8,15,0.539,0.771,0.259,14.0,Milwaukee Bucks
0022300313,2023-12-13,22023,ATL @ TOR,L,128,42.0,32,9.0,8,7,0.48,0.737,0.439,-7.0,Atlanta Hawks
0022300313,2023-12-13,22023,TOR vs. ATL,W,135,47.0,39,3.0,9,14,0.575,0.708,0.529,7.0,Toronto Raptors
0022300317,2023-12-13,22023,PHX vs. BKN,L,112,49.0,28,5.0,4,12,0.476,0.852,0.321,-4.0,Phoenix Suns
0022300315,2023-12-13,22023,IND @ MIL,L,126,45.0,30,7.0,6,18,0.45,0.781,0.306,-14.0,Indiana Pacers
0022300310,2023-12-13,22023,DET vs. PHI,L,111,35.0,24,6.0,3,9,0.443,0.767,0.303,-18.0,Detroit Pistons
0022300318,2023-12-13,22023,UTA vs. NYK,W,117,53.0,31,5.0,4,15,0.439,0.714,0.381,4.0,Utah Jazz
0022300312,2023-12-13,22023,MIA vs. CHA,W,115,47.0,29,10.0,3,22,0.477,0.947,0.5,11.0,Miami Heat
0022300316,2023-12-13,22023,LAL @ SAS,W,122,46.0,31,14.0,4,16,0.538,0.588,0.4,3.0,Los Angeles Lakers
0022300311,2023-12-13,22023,WAS vs. NOP,L,122,33.0,28,7.0,6,15,0.512,0.792,0.432,-20.0,Washington Wizards
0022300314,2023-12-13,22023,MEM @ HOU,L,104,39.0,25,7.0,4,11,0.427,0.706,0.263,-13.0,Memphis Grizzlies
0022300316,2023-12-13,22023,SAS vs. LAL,L,119,46.0,28,8.0,6,17,0.469,0.722,0.432,-3.0,San Antonio Spurs
0022300320,2023-12-14,22023,CHI @ MIA,W,124,43.0,32,8.0,2,5,0.484,0.667,0.389,8.0,Chicago Bulls
0022300320,2023-12-14,22023,MIA vs. CHI,L,116,42.0,26,2.0,1,10,0.463,0.771,0.441,-8.0,Miami Heat
0022300325,2023-12-14,22023,GSW @ LAC,L,113,43.0,22,8.0,2,11,0.435,0.895,0.356,-8.0,Golden State Warriors
0022300323,2023-12-14,22023,POR vs. UTA,L,114,49.0,30,9.0,4,11,0.417,0.667,0.356,-8.0,Portland Trail Blazers
0022300322,2023-12-14,22023,DEN vs. BKN,W,124,48.0,31,13.0,6,8,0.475,0.857,0.333,23.0,Denver Nuggets
0022300324,2023-12-14,22023,OKC @ SAC,L,123,44.0,26,8.0,7,13,0.431,0.889,0.306,-5.0,Oklahoma City Thunder
0022300324,2023-12-14,22023,SAC vs. OKC,W,128,47.0,32,6.0,4,17,0.495,0.762,0.4,4.8,Sacramento Kings
0022300319,2023-12-14,22023,CLE @ BOS,L,107,39.0,21,7.0,1,16,0.482,0.941,0.333,-9.0,Cleveland Cavaliers
0022300321,2023-12-14,22023,MIN @ DAL,W,119,45.0,30,9.0,4,15,0.5,0.68,0.452,18.0,Minnesota Timberwolves
0022300325,2023-12-14,22023,LAC vs. GSW,W,121,40.0,27,6.0,9,13,0.506,0.867,0.406,8.0,Los Angeles Clippers
0022300323,2023-12-14,22023,UTA @ POR,W,122,45.0,27,9.0,9,11,0.533,0.929,0.333,8.0,Utah Jazz
0022300322,2023-12-14,22023,BKN @ DEN,L,101,53.0,28,5.0,4,16,0.411,0.75,0.267,-23.0,Brooklyn Nets
0022300321,2023-12-14,22023,DAL vs. MIN,L,101,34.0,21,6.0,2,15,0.47,0.889,0.219,-18.0,Dallas Mavericks
0022300319,2023-12-14,22023,BOS vs. CLE,W,116,44.0,22,7.0,8,13,0.506,0.85,0.361,9.0,Boston Celtics
0022300328,2023-12-15,22023,WAS vs. IND,W,137,47.0,36,7.0,8,17,0.565,0.769,0.481,14.0,Washington Wizards
0022300328,2023-12-15,22023,IND @ WAS,L,123,41.0,35,7.0,8,15,0.449,0.75,0.375,-14.0,Indiana Pacers
0022300329,2023-12-15,22023,ORL @ BOS,L,111,45.0,25,5.0,2,21,0.483,0.722,0.4,-17.0,Orlando Magic
0022300331,2023-12-15,22023,LAL @ SAS,L,115,43.0,32,5.0,5,6,0.483,0.643,0.306,-14.0,Los Angeles Lakers
0022300327,2023-12-15,22023,DET @ PHI,L,92,42.0,19,3.0,7,21,0.432,0.783,0.19,-32.0,Detroit Pistons
0022300331,2023-12-15,22023,SAS vs. LAL,W,129,45.0,35,5.0,5,8,0.495,0.895,0.429,14.0,San Antonio Spurs
0022300332,2023-12-15,22023,MEM vs. HOU,L,96,48.0,19,4.0,8,17,0.402,0.733,0.275,-7.0,Memphis Grizzlies
0022300333,2023-12-15,22023,NYK @ PHX,W,139,38.0,28,9.0,5,11,0.598,0.857,0.586,17.0,New York Knicks
0022300333,2023-12-15,22023,PHX vs. NYK,L,122,33.0,30,4.0,3,11,0.522,0.81,0.393,-17.0,Phoenix Suns
0022300330,2023-12-15,22023,TOR vs. ATL,L,104,32.0,30,8.0,6,14,0.519,0.56,0.323,-21.0,Toronto Raptors
0022300326,2023-12-15,22023,CHA vs. NOP,L,107,39.0,18,7.0,4,8,0.446,0.762,0.29,-5.0,Charlotte Hornets
0022300329,2023-12-15,22023,BOS vs. ORL,W,128,34.0,31,14.0,7,10,0.522,0.7,0.429,17.0,Boston Celtics
0022300330,2023-12-15,22023,ATL @ TOR,W,125,55.0,34,4.0,4,12,0.515,0.833,0.39,21.0,Atlanta Hawks
0022300332,2023-12-15,22023,HOU @ MEM,W,103,51.0,18,10.0,10,11,0.364,0.875,0.379,7.0,Houston Rockets
0022300327,2023-12-15,22023,PHI vs. DET,W,124,54.0,24,17.0,8,11,0.418,0.903,0.378,32.0,Philadelphia 76ers
0022300326,2023-12-15,22023,NOP @ CHA,W,112,49.0,24,4.0,5,15,0.475,0.844,0.333,5.0,New Orleans Pelicans
0022300342,2023-12-16,22023,SAC vs. UTA,W,125,45.0,36,6.0,2,14,0.541,0.733,0.489,21.0,Sacramento Kings
0022300340,2023-12-16,22023,DEN vs. OKC,L,117,46.0,30,5.0,0,9,0.452,0.875,0.375,-1.0,Denver Nuggets
0022300338,2023-12-16,22023,IND @ MIN,L,109,40.0,25,10.0,6,13,0.5,0.813,0.286,-18.0,Indiana Pacers
0022300337,2023-12-16,22023,MIA vs. CHI,W,118,31.0,26,7.0,2,10,0.518,0.76,0.371,2.0,Miami Heat
0022300335,2023-12-16,22023,PHI @ CHA,W,135,45.0,30,10.0,6,10,0.602,0.882,0.452,53.0,Philadelphia 76ers
0022300341,2023-12-16,22023,POR vs. DAL,L,120,44.0,17,8.0,2,11,0.5,0.864,0.219,-11.0,Portland Trail Blazers
0022300334,2023-12-16,22023,DET @ MIL,L,114,36.0,25,10.0,4,8,0.448,0.846,0.214,-32.0,Detroit Pistons
0022300342,2023-12-16,22023,UTA @ SAC,L,104,37.0,28,8.0,3,12,0.442,0.762,0.324,-21.0,Utah Jazz
0022300341,2023-12-16,22023,DAL @ POR,W,131,47.0,27,7.0,2,12,0.495,0.905,0.34,11.0,Dallas Mavericks
0022300335,2023-12-16,22023,CHA vs. PHI,L,82,36.0,15,3.0,4,11,0.363,0.818,0.2,-53.0,Charlotte Hornets
0022300337,2023-12-16,22023,CHI @ MIA,L,116,40.0,25,8.0,4,14,0.481,0.897,0.421,-2.0,Chicago Bulls
0022300339,2023-12-16,22023,GSW vs. BKN,W,124,42.0,29,7.0,5,14,0.484,0.95,0.531,4.0,Golden State Warriors
0022300336,2023-12-16,22023,CLE vs. ATL,W,127,49.0,32,8.0,3,10,0.485,0.867,0.381,8.0,Cleveland Cavaliers
0022300340,2023-12-16,22023,OKC @ DEN,W,118,40.0,22,4.0,9,10,0.512,0.833,0.333,1.0,Oklahoma City Thunder
0022300338,2023-12-16,22023,MIN vs. IND,W,127,36.0,33,10.0,4,15,0.558,0.813,0.6,18.0,Minnesota Timberwolves
0022300339,2023-12-16,22023,BKN @ GSW,L,120,42.0,31,6.0,8,16,0.484,0.867,0.395,-4.0,Brooklyn Nets
0022300336,2023-12-16,22023,ATL @ CLE,L,119,34.0,21,5.0,4,11,0.482,0.88,0.417,-8.0,Atlanta Hawks
0022300343,2023-12-16,22023,NYK @ LAC,L,122,39.0,20,7.0,4,10,0.468,0.885,0.314,-22.0,New York Knicks
0022300343,2023-12-16,22023,LAC vs. NYK,W,144,42.0,36,8.0,6,8,0.568,0.824,0.485,22.0,Los Angeles Clippers
0022300334,2023-12-16,22023,MIL vs. DET,W,146,49.0,24,5.0,8,14,0.568,0.844,0.452,32.0,Milwaukee Bucks
0022300345,2023-12-17,22023,NOP @ SAS,W,146,51.0,38,11.0,3,13,0.561,0.636,0.524,36.0,New Orleans Pelicans
0022300345,2023-12-17,22023,SAS vs. NOP,L,110,39.0,29,6.0,6,13,0.426,0.714,0.357,-36.0,San Antonio Spurs
0022300344,2023-12-17,22023,ORL @ BOS,L,97,43.0,18,7.0,4,8,0.382,0.75,0.306,-17.0,Orlando Magic
0022300347,2023-12-17,22023,PHX vs. WAS,W,112,54.0,29,8.0,6,17,0.456,0.767,0.226,4.0,Phoenix Suns
0022300346,2023-12-17,22023,MIL vs. HOU,W,128,46.0,25,4.0,1,15,0.5,0.781,0.361,9.0,Milwaukee Bucks
0022300348,2023-12-17,22023,POR vs. GSW,L,114,37.0,23,10.0,4,13,0.471,0.913,0.371,-4.0,Portland Trail Blazers
0022300348,2023-12-17,22023,GSW @ POR,W,118,43.0,31,10.0,4,14,0.529,0.684,0.342,4.0,Golden State Warriors
0022300346,2023-12-17,22023,HOU @ MIL,L,119,31.0,26,8.0,4,9,0.529,0.857,0.407,-9.0,Houston Rockets
0022300347,2023-12-17,22023,WAS @ PHX,L,108,44.0,24,8.0,6,10,0.411,0.8,0.304,-4.0,Washington Wizards
0022300344,2023-12-17,22023,BOS vs. ORL,W,114,55.0,18,4.0,10,14,0.474,0.875,0.472,17.0,Boston Celtics
0022300357,2023-12-18,22023,BKN @ UTA,L,108,36.0,25,4.0,9,13,0.433,0.7,0.41,-17.0,Brooklyn Nets
0022300353,2023-12-18,22023,MIN @ MIA,W,112,45.0,27,10.0,9,13,0.494,0.895,0.379,4.0,Minnesota Timberwolves
0022300355,2023-12-18,22023,MEM @ OKC,L,97,45.0,25,6.0,3,22,0.353,0.857,0.352,-19.0,Memphis Grizzlies
0022300357,2023-12-18,22023,UTA vs. BKN,W,125,51.0,30,6.0,8,14,0.495,0.875,0.412,17.0,Utah Jazz
0022300349,2023-12-18,22023,CLE vs. HOU,W,135,38.0,29,7.0,8,11,0.485,0.647,0.396,5.0,Cleveland Cavaliers
0022300351,2023-12-18,22023,PHI vs. CHI,L,104,44.0,23,8.0,8,12,0.432,0.895,0.344,-4.0,Philadelphia 76ers
0022300356,2023-12-18,22023,DAL @ DEN,L,104,43.0,19,2.0,0,11,0.446,0.474,0.342,-26.0,Dallas Mavericks
0022300358,2023-12-18,22023,SAC vs. WAS,W,143,42.0,35,8.0,5,7,0.53,0.769,0.395,12.0,Sacramento Kings
0022300350,2023-12-18,22023,LAC @ IND,W,151,46.0,26,4.0,9,11,0.571,0.87,0.5,24.0,Los Angeles Clippers
0022300359,2023-12-18,22023,LAL vs. NYK,L,109,41.0,29,9.0,3,10,0.424,0.923,0.317,-5.0,Los Angeles Lakers
0022300352,2023-12-18,22023,ATL vs. DET,W,130,40.0,25,6.0,10,17,0.541,0.815,0.444,6.0,Atlanta Hawks
0022300351,2023-12-18,22023,CHI @ PHI,W,108,45.0,24,7.0,9,10,0.472,0.8,0.414,4.0,Chicago Bulls
0022300358,2023-12-18,22023,WAS @ SAC,L,131,39.0,26,3.0,6,11,0.518,0.833,0.474,-12.0,Washington Wizards
0022300353,2023-12-18,22023,MIA vs. MIN,L,108,40.0,27,10.0,4,15,0.471,0.833,0.367,-4.0,Miami Heat
0022300355,2023-12-18,22023,OKC vs. MEM,W,116,53.0,31,11.0,10,12,0.457,0.913,0.306,19.0,Oklahoma City Thunder
0022300349,2023-12-18,22023,HOU @ CLE,L,130,47.0,34,9.0,5,13,0.461,0.889,0.364,-5.0,Houston Rockets
0022300350,2023-12-18,22023,IND vs. LAC,L,127,34.0,38,6.0,7,11,0.516,0.81,0.364,-24.0,Indiana Pacers
0022300354,2023-12-18,22023,TOR vs. CHA,W,114,51.0,30,4.0,4,17,0.512,0.818,0.276,15.0,Toronto Raptors
0022300354,2023-12-18,22023,CHA @ TOR,L,99,36.0,18,8.0,6,12,0.438,1.0,0.25,-15.0,Charlotte Hornets
0022300352,2023-12-18,22023,DET @ ATL,L,124,36.0,23,7.0,3,13,0.511,0.704,0.409,-6.0,Detroit Pistons
0022300356,2023-12-18,22023,DEN vs. DAL,W,130,46.0,29,7.0,4,8,0.563,0.818,0.538,26.0,Denver Nuggets
0022300359,2023-12-18,22023,NYK @ LAL,W,114,52.0,21,5.0,6,15,0.477,0.87,0.333,5.0,New York Knicks
0022300360,2023-12-19,22023,NOP vs. MEM,L,113,39.0,23,4.0,3,11,0.471,0.917,0.44,-2.0,New Orleans Pelicans
0022300362,2023-12-19,22023,BOS @ GSW,L,126,55.0,28,6.0,5,8,0.412,0.882,0.293,-6.0,Boston Celtics
0022300361,2023-12-19,22023,MIL vs. SAS,W,132,47.0,34,11.0,7,6,0.472,0.778,0.367,13.0,Milwaukee Bucks
0022300363,2023-12-19,22023,POR vs. PHX,W,109,42.0,23,8.0,4,15,0.448,0.895,0.5,5.0,Portland Trail Blazers
0022300360,2023-12-19,22023,MEM @ NOP,W,115,42.0,19,5.0,7,17,0.5,0.793,0.323,2.0,Memphis Grizzlies
0022300361,2023-12-19,22023,SAS @ MIL,L,119,52.0,27,4.0,4,16,0.479,0.857,0.3,-13.0,San Antonio Spurs
0022300363,2023-12-19,22023,PHX @ POR,L,104,47.0,23,10.0,6,13,0.447,0.714,0.217,-5.0,Phoenix Suns
0022300362,2023-12-19,22023,GSW vs. BOS,W,132,59.0,29,4.0,5,10,0.459,0.857,0.4,6.0,Golden State Warriors
0022300364,2023-12-20,22023,UTA @ CLE,L,116,38.0,24,5.0,6,16,0.513,0.821,0.433,-8.0,Utah Jazz
0022300370,2023-12-20,22023,LAL @ CHI,L,108,40.0,27,7.0,7,13,0.447,0.8,0.324,-16.0,Los Angeles Lakers
0022300366,2023-12-20,22023,MIA @ ORL,W,115,39.0,25,6.0,2,11,0.482,0.833,0.517,9.0,Miami Heat
0022300364,2023-12-20,22023,CLE vs. UTA,W,124,44.0,34,8.0,3,11,0.469,0.688,0.451,8.0,Cleveland Cavaliers
0022300370,2023-12-20,22023,CHI vs. LAL,W,124,48.0,25,7.0,6,15,0.545,0.909,0.529,16.0,Chicago Bulls
0022300365,2023-12-20,22023,CHA @ IND,L,113,37.0,23,6.0,0,10,0.474,0.789,0.258,-31.0,Charlotte Hornets
0022300371,2023-12-20,22023,HOU vs. ATL,L,127,37.0,25,4.0,6,8,0.494,1.0,0.471,-7.0,Houston Rockets
0022300365,2023-12-20,22023,IND vs. CHA,W,144,38.0,37,6.0,8,13,0.613,0.933,0.462,31.0,Indiana Pacers
0022300368,2023-12-20,22023,NYK @ BKN,W,121,54.0,24,8.0,7,11,0.463,0.8,0.394,19.0,New York Knicks
0022300366,2023-12-20,22023,ORL vs. MIA,L,106,49.0,29,8.0,5,11,0.461,0.789,0.25,-9.0,Orlando Magic
0022300369,2023-12-20,22023,DEN @ TOR,W,113,46.0,29,9.0,9,8,0.5,0.429,0.364,9.0,Denver Nuggets
0022300371,2023-12-20,22023,ATL @ HOU,W,134,44.0,31,4.0,3,9,0.516,0.821,0.425,7.0,Atlanta Hawks
0022300372,2023-12-20,22023,LAC @ DAL,W,120,44.0,27,6.0,4,12,0.558,0.92,0.355,9.0,Los Angeles Clippers
0022300367,2023-12-20,22023,MIN @ PHI,L,113,39.0,22,4.0,2,18,0.512,0.833,0.36,-14.0,Minnesota Timberwolves
0022300373,2023-12-20,22023,BOS @ SAC,W,144,50.0,35,6.0,10,9,0.554,0.833,0.524,25.0,Boston Celtics
0022300369,2023-12-20,22023,TOR vs. DEN,L,104,41.0,26,3.0,5,11,0.478,0.692,0.333,-9.0,Toronto Raptors
0022300372,2023-12-20,22023,DAL vs. LAC,L,111,36.0,23,8.0,3,6,0.429,0.704,0.326,-9.0,Dallas Mavericks
0022300368,2023-12-20,22023,BKN vs. NYK,L,102,49.0,25,6.0,9,11,0.366,0.765,0.319,-19.0,Brooklyn Nets
0022300373,2023-12-20,22023,SAC vs. BOS,L,119,37.0,29,4.0,8,7,0.473,0.522,0.477,-25.0,Sacramento Kings
0022300367,2023-12-20,22023,PHI vs. MIN,W,127,36.0,20,9.0,3,12,0.536,0.906,0.364,14.0,Philadelphia 76ers
0022300379,2023-12-21,22023,LAC @ OKC,L,115,40.0,23,9.0,5,15,0.473,0.833,0.395,-19.0,Los Angeles Clippers
0022300378,2023-12-21,22023,MIL vs. ORL,W,118,51.0,26,3.0,6,13,0.422,0.886,0.297,4.0,Milwaukee Bucks
0022300379,2023-12-21,22023,OKC vs. LAC,W,134,38.0,35,9.0,5,11,0.586,0.889,0.471,19.0,Oklahoma City Thunder
0022300378,2023-12-21,22023,ORL @ MIL,L,114,45.0,26,6.0,9,7,0.455,0.696,0.242,-4.0,Orlando Magic
0022300374,2023-12-21,22023,UTA @ DET,W,119,44.0,26,15.0,7,12,0.457,0.917,0.367,8.0,Utah Jazz
0022300375,2023-12-21,22023,NOP @ CLE,W,123,40.0,32,7.0,4,9,0.547,0.875,0.429,19.0,New Orleans Pelicans
0022300376,2023-12-21,22023,CHI vs. SAS,W,114,36.0,24,11.0,5,11,0.544,0.818,0.25,19.0,Chicago Bulls
0022300380,2023-12-21,22023,MIN vs. LAL,W,118,40.0,32,13.0,7,14,0.483,0.8,0.389,7.0,Minnesota Timberwolves
0022300376,2023-12-21,22023,SAS @ CHI,L,95,41.0,24,6.0,7,19,0.457,0.688,0.333,-19.0,San Antonio Spurs
0022300377,2023-12-21,22023,IND @ MEM,L,103,39.0,28,12.0,9,16,0.422,0.818,0.346,-13.0,Indiana Pacers
0022300381,2023-12-21,22023,POR vs. WAS,L,117,51.0,24,7.0,6,15,0.453,0.739,0.467,-1.0,Portland Trail Blazers
0022300377,2023-12-21,22023,MEM vs. IND,W,116,41.0,27,8.0,7,18,0.512,0.667,0.457,13.0,Memphis Grizzlies
0022300381,2023-12-21,22023,WAS @ POR,W,118,37.0,26,9.0,6,11,0.5,0.688,0.4,1.0,Washington Wizards
0022300375,2023-12-21,22023,CLE vs. NOP,L,104,35.0,34,4.0,3,11,0.471,0.625,0.386,-19.0,Cleveland Cavaliers
0022300374,2023-12-21,22023,DET vs. UTA,L,111,41.0,24,6.0,9,20,0.5,0.842,0.29,-8.0,Detroit Pistons
0022300380,2023-12-21,22023,LAL @ MIN,L,111,38.0,21,6.0,6,17,0.494,0.792,0.417,-7.0,Los Angeles Lakers
0022300387,2023-12-22,22023,PHX @ SAC,L,105,45.0,19,8.0,4,15,0.443,0.786,0.2,-15.0,Phoenix Suns
0022300384,2023-12-22,22023,ATL @ MIA,L,113,43.0,29,9.0,2,13,0.438,0.714,0.352,-9.0,Atlanta Hawks
0022300385,2023-12-22,22023,DAL @ HOU,L,96,47.0,18,10.0,1,11,0.347,0.731,0.175,-26.0,Dallas Mavericks
0022300383,2023-12-22,22023,DEN @ BKN,W,122,41.0,29,6.0,5,6,0.517,0.84,0.423,5.0,Denver Nuggets
0022300386,2023-12-22,22023,GSW vs. WAS,W,129,57.0,33,5.0,2,12,0.485,0.85,0.4,11.0,Golden State Warriors
0022300384,2023-12-22,22023,MIA vs. ATL,W,122,48.0,21,7.0,2,17,0.465,0.833,0.436,9.0,Miami Heat
0022300386,2023-12-22,22023,WAS @ GSW,L,118,39.0,25,7.0,4,9,0.454,0.792,0.314,-11.0,Washington Wizards
0022300383,2023-12-22,22023,BKN vs. DEN,L,117,45.0,32,4.0,7,10,0.483,0.692,0.394,-5.0,Brooklyn Nets
0022300382,2023-12-22,22023,TOR @ PHI,L,111,46.0,30,9.0,6,12,0.448,0.857,0.273,-10.0,Toronto Raptors
0022300387,2023-12-22,22023,SAC vs. PHX,W,120,37.0,32,7.0,7,12,0.53,0.769,0.316,15.0,Sacramento Kings
0022300385,2023-12-22,22023,HOU vs. DAL,W,122,63.0,21,7.0,3,16,0.484,0.826,0.289,26.0,Houston Rockets
0022300382,2023-12-22,22023,PHI vs. TOR,W,121,38.0,34,6.0,6,13,0.53,0.905,0.452,10.0,Philadelphia 76ers
0022300399,2023-12-23,22023,POR @ GSW,L,106,30.0,26,13.0,3,11,0.452,0.68,0.371,-20.0,Portland Trail Blazers
0022300399,2023-12-23,22023,GSW vs. POR,W,126,49.0,38,8.0,2,16,0.578,0.833,0.303,20.0,Golden State Warriors
0022300388,2023-12-23,22023,MIL @ NYK,W,130,53.0,25,4.0,2,14,0.527,0.783,0.5,19.0,Milwaukee Bucks
0022300396,2023-12-23,22023,CHI vs. CLE,L,95,37.0,23,6.0,5,12,0.438,0.895,0.229,-14.0,Chicago Bulls
0022300396,2023-12-23,22023,CLE @ CHI,W,109,48.0,28,7.0,4,12,0.443,0.731,0.267,14.0,Cleveland Cavaliers
0022300390,2023-12-23,22023,DEN @ CHA,W,102,48.0,25,11.0,13,14,0.433,0.857,0.4,7.0,Denver Nuggets
0022300398,2023-12-23,22023,SAS @ DAL,L,119,42.0,32,9.0,3,10,0.449,0.708,0.311,-25.0,San Antonio Spurs
0022300395,2023-12-23,22023,TOR vs. UTA,L,119,39.0,35,7.0,5,11,0.479,0.842,0.406,-7.0,Toronto Raptors
0022300392,2023-12-23,22023,HOU @ NOP,W,106,44.0,21,9.0,2,11,0.427,0.771,0.31,2.0,Houston Rockets
0022300400,2023-12-23,22023,SAC vs. MIN,L,98,40.0,23,10.0,2,11,0.435,0.762,0.242,-12.0,Sacramento Kings
0022300388,2023-12-23,22023,NYK vs. MIL,L,111,41.0,17,5.0,2,11,0.441,0.952,0.31,-19.0,New York Knicks
0022300394,2023-12-23,22023,BKN vs. DET,W,126,38.0,32,10.0,3,10,0.523,0.813,0.417,11.0,Brooklyn Nets
0022300393,2023-12-23,22023,MEM @ ATL,W,125,51.0,29,6.0,7,11,0.515,0.636,0.333,6.0,Memphis Grizzlies
0022300391,2023-12-23,22023,IND vs. ORL,L,110,33.0,27,7.0,6,15,0.524,0.692,0.441,-7.0,Indiana Pacers
0022300400,2023-12-23,22023,MIN @ SAC,W,110,43.0,31,9.0,5,12,0.506,0.857,0.303,12.0,Minnesota Timberwolves
0022300392,2023-12-23,22023,NOP vs. HOU,L,104,46.0,21,9.0,7,16,0.463,0.69,0.258,-2.0,New Orleans Pelicans
0022300393,2023-12-23,22023,ATL vs. MEM,L,119,41.0,28,8.0,5,10,0.469,0.8,0.302,-6.0,Atlanta Hawks
0022300389,2023-12-23,22023,BOS @ LAC,W,145,51.0,33,4.0,5,9,0.521,0.786,0.472,37.0,Boston Celtics
0022300394,2023-12-23,22023,DET @ BKN,L,115,36.0,26,5.0,3,13,0.494,0.759,0.429,-11.0,Detroit Pistons
0022300390,2023-12-23,22023,CHA vs. DEN,L,95,47.0,23,8.0,11,17,0.386,0.826,0.286,-7.0,Charlotte Hornets
0022300389,2023-12-23,22023,LAC vs. BOS,L,108,34.0,25,4.0,4,10,0.461,1.0,0.324,-37.0,Los Angeles Clippers
0022300398,2023-12-23,22023,DAL vs. SAS,W,144,52.0,26,7.0,6,12,0.52,0.81,0.511,25.0,Dallas Mavericks
0022300395,2023-12-23,22023,UTA @ TOR,W,126,41.0,35,7.0,5,11,0.527,0.929,0.447,7.0,Utah Jazz
0022300391,2023-12-23,22023,ORL @ IND,W,117,39.0,22,9.0,5,13,0.534,0.805,0.333,7.0,Orlando Magic
0022300397,2023-12-23,22023,LAL @ OKC,W,129,44.0,37,7.0,7,9,0.522,0.826,0.5,9.0,Los Angeles Lakers
0022300397,2023-12-23,22023,OKC vs. LAL,L,120,42.0,24,6.0,7,9,0.484,0.789,0.317,-9.0,Oklahoma City Thunder
0022300404,2023-12-25,22023,PHI @ MIA,L,113,36.0,23,11.0,4,7,0.426,0.64,0.378,-6.0,Philadelphia 76ers
0022300405,2023-12-25,22023,PHX vs. DAL,L,114,47.0,28,5.0,2,15,0.444,0.8,0.341,-14.0,Phoenix Suns
0022300401,2023-12-25,22023,NYK vs. MIL,W,129,41.0,27,7.0,4,11,0.543,0.808,0.308,7.0,New York Knicks
0022300404,2023-12-25,22023,MIA vs. PHI,W,119,56.0,27,5.0,7,14,0.476,0.771,0.375,6.0,Miami Heat
0022300401,2023-12-25,22023,MIL @ NYK,L,122,44.0,26,7.0,4,11,0.474,0.792,0.31,-7.0,Milwaukee Bucks
0022300403,2023-12-25,22023,LAL vs. BOS,L,115,43.0,24,4.0,1,12,0.478,0.762,0.406,-11.0,Los Angeles Lakers
0022300402,2023-12-25,22023,DEN vs. GSW,W,120,43.0,25,6.0,4,14,0.488,0.813,0.412,6.0,Denver Nuggets
0022300405,2023-12-25,22023,DAL @ PHX,W,128,38.0,28,7.0,6,11,0.536,0.733,0.364,14.0,Dallas Mavericks
0022300402,2023-12-25,22023,GSW @ DEN,L,114,39.0,23,7.0,3,13,0.46,0.87,0.35,-6.0,Golden State Warriors
0022300403,2023-12-25,22023,BOS @ LAL,W,126,44.0,31,8.0,7,8,0.505,0.75,0.31,11.0,Boston Celtics
0022300413,2023-12-26,22023,POR vs. SAC,W,130,46.0,28,5.0,5,7,0.5,0.8,0.4,17.0,Portland Trail Blazers
0022300410,2023-12-26,22023,NOP vs. MEM,L,115,46.0,18,12.0,6,14,0.433,0.636,0.323,-1.0,New Orleans Pelicans
0022300409,2023-12-26,22023,IND @ HOU,W,123,45.0,28,5.0,7,20,0.524,0.857,0.442,6.0,Indiana Pacers
0022300411,2023-12-26,22023,MIN @ OKC,L,106,34.0,22,8.0,1,21,0.466,0.813,0.444,-23.0,Minnesota Timberwolves
0022300408,2023-12-26,22023,CHI vs. ATL,W,118,48.0,23,10.0,2,8,0.457,0.871,0.28,5.0,Chicago Bulls
0022300406,2023-12-26,22023,BKN @ DET,W,118,42.0,22,6.0,7,9,0.5,0.628,0.409,6.0,Brooklyn Nets
0022300412,2023-12-26,22023,UTA @ SAS,W,130,53.0,34,4.0,7,14,0.495,0.909,0.372,12.0,Utah Jazz
0022300411,2023-12-26,22023,OKC vs. MIN,W,129,29.0,35,9.0,7,11,0.605,0.813,0.462,23.0,Oklahoma City Thunder
0022300412,2023-12-26,22023,SAS vs. UTA,L,118,43.0,36,8.0,8,9,0.449,0.667,0.457,-12.0,San Antonio Spurs
0022300413,2023-12-26,22023,SAC @ POR,L,113,40.0,25,5.0,7,10,0.484,0.813,0.238,-17.0,Sacramento Kings
0022300407,2023-12-26,22023,WAS vs. ORL,L,119,47.0,27,10.0,8,20,0.494,0.81,0.381,-8.0,Washington Wizards
0022300409,2023-12-26,22023,HOU vs. IND,L,117,44.0,19,15.0,2,10,0.485,0.818,0.208,-6.0,Houston Rockets
0022300407,2023-12-26,22023,ORL @ WAS,W,127,40.0,30,11.0,5,16,0.527,0.68,0.462,8.0,Orlando Magic
0022300414,2023-12-26,22023,CHA @ LAC,L,104,42.0,31,8.0,6,11,0.462,0.75,0.207,-9.0,Charlotte Hornets
0022300408,2023-12-26,22023,ATL @ CHI,L,113,40.0,24,6.0,3,15,0.461,0.857,0.289,-5.0,Atlanta Hawks
0022300410,2023-12-26,22023,MEM @ NOP,W,116,50.0,24,10.0,17,17,0.433,0.844,0.239,1.0,Memphis Grizzlies
0022300406,2023-12-26,22023,DET vs. BKN,L,112,52.0,20,6.0,4,13,0.444,0.719,0.36,-6.0,Detroit Pistons
0022300414,2023-12-26,22023,LAC vs. CHA,W,113,45.0,24,7.0,3,13,0.471,0.76,0.412,9.0,Los Angeles Clippers
0022300415,2023-12-27,22023,PHI @ ORL,W,112,48.0,14,10.0,8,10,0.469,0.706,0.357,20.0,Philadelphia 76ers
0022300418,2023-12-27,22023,PHX @ HOU,W,129,44.0,28,4.0,11,19,0.573,0.808,0.424,16.0,Phoenix Suns
0022300416,2023-12-27,22023,WAS vs. TOR,L,102,34.0,25,11.0,3,16,0.467,0.667,0.242,-30.0,Washington Wizards
0022300419,2023-12-27,22023,OKC vs. NYK,W,129,27.0,20,6.0,10,4,0.544,0.773,0.438,9.0,Oklahoma City Thunder
0022300417,2023-12-27,22023,BKN vs. MIL,L,122,47.0,29,7.0,2,9,0.446,0.862,0.219,-22.0,Brooklyn Nets
0022300415,2023-12-27,22023,ORL vs. PHI,L,92,43.0,17,5.0,11,16,0.392,0.875,0.273,-20.0,Orlando Magic
0022300416,2023-12-27,22023,TOR @ WAS,W,132,53.0,43,12.0,5,17,0.571,0.684,0.395,30.0,Toronto Raptors
0022300420,2023-12-27,22023,DAL vs. CLE,L,110,37.0,21,12.0,7,10,0.443,0.846,0.27,-3.0,Dallas Mavericks
0022300420,2023-12-27,22023,CLE @ DAL,W,113,57.0,33,7.0,4,16,0.435,0.696,0.395,3.0,Cleveland Cavaliers
0022300417,2023-12-27,22023,MIL @ BKN,W,144,41.0,41,6.0,8,10,0.584,0.739,0.451,22.0,Milwaukee Bucks
0022300418,2023-12-27,22023,HOU vs. PHX,L,113,33.0,20,11.0,3,9,0.417,0.727,0.415,-16.0,Houston Rockets
0022300419,2023-12-27,22023,NYK @ OKC,L,120,40.0,24,2.0,2,18,0.5,0.8,0.412,-9.0,New York Knicks
0022300422,2023-12-28,22023,CHI vs. IND,L,104,47.0,19,7.0,4,7,0.412,0.773,0.259,-16.0,Chicago Bulls
0022300421,2023-12-28,22023,BOS vs. DET,W,128,43.0,25,10.0,4,12,0.485,0.84,0.282,6.0,Boston Celtics
0022300424,2023-12-28,22023,UTA @ NOP,L,105,42.0,27,5.0,3,18,0.424,0.84,0.308,-7.0,Utah Jazz
0022300423,2023-12-28,22023,DAL @ MIN,L,110,39.0,29,9.0,3,16,0.444,0.842,0.424,-8.0,Dallas Mavericks
0022300425,2023-12-28,22023,MEM @ DEN,L,105,36.0,23,8.0,5,11,0.416,0.72,0.371,-37.0,Memphis Grizzlies
0022300427,2023-12-28,22023,SAS @ POR,W,118,42.0,33,9.0,10,11,0.482,0.929,0.278,13.0,San Antonio Spurs
0022300421,2023-12-28,22023,DET @ BOS,L,122,57.0,27,7.0,4,18,0.475,0.632,0.326,-6.0,Detroit Pistons
0022300422,2023-12-28,22023,IND @ CHI,W,120,47.0,30,6.0,9,13,0.506,0.682,0.452,16.0,Indiana Pacers
0022300425,2023-12-28,22023,DEN vs. MEM,W,142,53.0,43,6.0,7,11,0.573,0.857,0.488,37.0,Denver Nuggets
0022300424,2023-12-28,22023,NOP vs. UTA,W,112,35.0,27,10.0,7,14,0.549,0.8,0.37,7.0,New Orleans Pelicans
0022300428,2023-12-28,22023,LAL vs. CHA,W,133,42.0,41,11.0,7,11,0.536,1.0,0.5,21.0,Los Angeles Lakers
0022300426,2023-12-28,22023,GSW vs. MIA,L,102,43.0,27,4.0,7,13,0.42,0.8,0.242,-12.0,Golden State Warriors
0022300423,2023-12-28,22023,MIN vs. DAL,W,118,38.0,23,9.0,10,22,0.514,0.735,0.515,8.0,Minnesota Timberwolves
0022300427,2023-12-28,22023,POR vs. SAS,L,105,57.0,16,6.0,4,13,0.347,0.75,0.306,-13.0,Portland Trail Blazers
0022300426,2023-12-28,22023,MIA @ GSW,W,114,44.0,26,6.0,1,7,0.484,0.727,0.323,12.0,Miami Heat
0022300428,2023-12-28,22023,CHA @ LAL,L,112,43.0,29,5.0,5,19,0.471,0.607,0.455,-21.0,Charlotte Hornets
0022300431,2023-12-29,22023,SAC @ ATL,W,117,38.0,35,9.0,3,12,0.517,0.533,0.378,7.0,Sacramento Kings
0022300433,2023-12-29,22023,CLE vs. MIL,L,111,37.0,28,11.0,7,8,0.476,0.778,0.14,-8.0,Cleveland Cavaliers
0022300438,2023-12-29,22023,MEM @ LAC,L,106,33.0,29,10.0,4,12,0.437,0.85,0.325,-11.0,Memphis Grizzlies
0022300435,2023-12-29,22023,DEN vs. OKC,L,93,36.0,30,6.0,5,16,0.424,0.733,0.27,-26.0,Denver Nuggets
0022300431,2023-12-29,22023,ATL vs. SAC,L,110,51.0,29,9.0,4,15,0.394,0.84,0.349,-7.0,Atlanta Hawks
0022300434,2023-12-29,22023,HOU vs. PHI,L,127,42.0,30,8.0,6,16,0.538,0.714,0.467,-4.0,Houston Rockets
0022300433,2023-12-29,22023,MIL @ CLE,W,119,43.0,26,5.0,6,17,0.513,0.893,0.414,8.0,Milwaukee Bucks
0022300438,2023-12-29,22023,LAC vs. MEM,W,117,54.0,28,3.0,6,17,0.494,0.8,0.282,11.0,Los Angeles Clippers
0022300432,2023-12-29,22023,BOS vs. TOR,W,120,52.0,29,3.0,6,16,0.489,0.85,0.436,2.0,Boston Celtics
0022300432,2023-12-29,22023,TOR @ BOS,L,118,38.0,29,10.0,6,4,0.463,0.65,0.386,-2.0,Toronto Raptors
0022300435,2023-12-29,22023,OKC @ DEN,W,119,51.0,29,10.0,8,11,0.505,0.938,0.343,26.0,Oklahoma City Thunder
0022300436,2023-12-29,22023,CHA @ PHX,L,119,26.0,32,5.0,3,6,0.478,1.0,0.5,-14.0,Charlotte Hornets
0022300437,2023-12-29,22023,SAS @ POR,L,128,42.0,31,9.0,3,14,0.511,0.72,0.424,-6.0,San Antonio Spurs
0022300436,2023-12-29,22023,PHX vs. CHA,W,133,39.0,34,3.0,11,14,0.622,0.958,0.6,14.0,Phoenix Suns
0022300429,2023-12-29,22023,ORL vs. NYK,W,117,49.0,24,10.0,6,15,0.449,0.75,0.212,9.0,Orlando Magic
0022300434,2023-12-29,22023,PHI @ HOU,W,131,30.0,22,10.0,5,10,0.523,0.879,0.364,4.0,Philadelphia 76ers
0022300430,2023-12-29,22023,BKN @ WAS,L,104,54.0,24,5.0,4,10,0.429,0.63,0.321,-6.0,Brooklyn Nets
0022300429,2023-12-29,22023,NYK @ ORL,L,108,40.0,22,8.0,4,16,0.442,0.897,0.2,-9.0,New York Knicks
0022300430,2023-12-29,22023,WAS vs. BKN,W,110,43.0,28,5.0,5,6,0.505,0.429,0.395,6.0,Washington Wizards
0022300437,2023-12-29,22023,POR vs. SAS,W,134,43.0,28,8.0,6,14,0.505,0.815,0.593,6.0,Portland Trail Blazers
0022300443,2023-12-30,22023,LAL @ MIN,L,106,39.0,23,12.0,4,10,0.42,0.781,0.292,-2.0,Los Angeles Lakers
0022300443,2023-12-30,22023,MIN vs. LAL,W,108,45.0,24,8.0,8,19,0.5,0.833,0.353,2.0,Minnesota Timberwolves
0022300441,2023-12-30,22023,NYK @ IND,L,126,42.0,24,12.0,2,13,0.474,0.704,0.459,-14.0,New York Knicks
0022300442,2023-12-30,22023,CHI vs. PHI,W,105,53.0,21,5.0,5,16,0.506,0.6,0.28,13.0,Chicago Bulls
0022300444,2023-12-30,22023,GSW vs. DAL,L,122,47.0,32,8.0,3,10,0.456,0.692,0.396,-10.0,Golden State Warriors
0022300441,2023-12-30,22023,IND vs. NYK,W,140,34.0,40,6.0,7,16,0.588,0.81,0.535,14.0,Indiana Pacers
0022300440,2023-12-30,22023,DET vs. TOR,W,129,41.0,29,4.0,4,11,0.5,0.875,0.429,2.0,Detroit Pistons
0022300440,2023-12-30,22023,TOR @ DET,L,127,33.0,26,9.0,5,7,0.505,0.821,0.5,-2.0,Toronto Raptors
0022300442,2023-12-30,22023,PHI @ CHI,L,92,36.0,24,12.0,5,7,0.391,0.733,0.237,-13.0,Philadelphia 76ers
0022300439,2023-12-30,22023,MIA @ UTA,L,109,46.0,20,8.0,8,16,0.436,0.8,0.29,-8.0,Miami Heat
0022300439,2023-12-30,22023,UTA vs. MIA,W,117,43.0,29,8.0,6,10,0.462,0.714,0.268,8.0,Utah Jazz
0022300444,2023-12-30,22023,DAL @ GSW,W,132,43.0,25,5.0,2,9,0.557,0.818,0.4,10.0,Dallas Mavericks
0022300449,2023-12-31,22023,MEM vs. SAC,L,92,34.0,20,4.0,1,8,0.366,0.714,0.3,-31.0,Memphis Grizzlies
0022300446,2023-12-31,22023,NOP vs. LAL,W,129,47.0,33,9.0,6,11,0.517,0.815,0.5,20.0,New Orleans Pelicans
0022300448,2023-12-31,22023,SAS vs. BOS,L,101,39.0,28,6.0,1,12,0.426,0.75,0.267,-33.0,San Antonio Spurs
0022300450,2023-12-31,22023,ORL @ PHX,L,107,45.0,22,2.0,4,15,0.467,0.917,0.324,-5.0,Orlando Magic
0022300446,2023-12-31,22023,LAL @ NOP,L,109,35.0,26,8.0,10,13,0.476,0.84,0.313,-20.0,Los Angeles Lakers
0022300447,2023-12-31,22023,OKC vs. BKN,W,124,46.0,31,1.0,6,13,0.542,0.8,0.545,16.0,Oklahoma City Thunder
0022300445,2023-12-31,22023,WAS vs. ATL,L,126,42.0,35,5.0,9,9,0.469,0.81,0.321,-4.0,Washington Wizards
0022300445,2023-12-31,22023,ATL @ WAS,W,130,58.0,27,5.0,3,12,0.495,0.649,0.375,4.0,Atlanta Hawks
0022300450,2023-12-31,22023,PHX vs. ORL,W,112,35.0,21,11.0,4,6,0.5,0.842,0.296,5.0,Phoenix Suns
0022300449,2023-12-31,22023,SAC @ MEM,W,123,59.0,28,2.0,4,12,0.511,0.765,0.485,31.0,Sacramento Kings
0022300448,2023-12-31,22023,BOS @ SAS,W,134,57.0,29,6.0,7,10,0.537,0.773,0.357,33.0,Boston Celtics
0022300447,2023-12-31,22023,BKN @ OKC,L,108,47.0,26,9.0,2,6,0.38,0.645,0.261,-16.0,Brooklyn Nets
0022300454,2024-01-01,22023,MIL vs. IND,L,113,46.0,27,4.0,8,11,0.441,0.808,0.25,-9.0,Milwaukee Bucks
0022300453,2024-01-01,22023,HOU vs. DET,W,136,39.0,34,11.0,1,9,0.56,0.792,0.429,23.0,Houston Rockets
0022300458,2024-01-01,22023,LAC vs. MIA,W,121,37.0,25,10.0,3,15,0.588,0.929,0.483,17.0,Los Angeles Clippers
0022300457,2024-01-01,22023,UTA vs. DAL,W,127,53.0,37,9.0,6,12,0.51,0.944,0.273,37.0,Utah Jazz
0022300456,2024-01-01,22023,POR @ PHX,L,88,36.0,21,6.0,10,18,0.413,0.737,0.267,-21.0,Portland Trail Blazers
0022300454,2024-01-01,22023,IND @ MIL,W,122,52.0,23,7.0,5,7,0.443,0.816,0.143,9.0,Indiana Pacers
0022300451,2024-01-01,22023,MIN @ NYK,L,106,34.0,19,6.0,4,13,0.474,0.793,0.393,-6.0,Minnesota Timberwolves
0022300452,2024-01-01,22023,TOR vs. CLE,W,124,47.0,25,5.0,4,11,0.483,0.725,0.367,3.0,Toronto Raptors
0022300451,2024-01-01,22023,NYK vs. MIN,W,112,49.0,23,7.0,4,13,0.438,0.786,0.353,6.0,New York Knicks
0022300452,2024-01-01,22023,CLE @ TOR,L,121,43.0,25,9.0,2,9,0.483,0.885,0.333,-3.0,Cleveland Cavaliers
0022300455,2024-01-01,22023,CHA @ DEN,L,93,45.0,24,4.0,5,12,0.419,0.688,0.385,-18.0,Charlotte Hornets
0022300457,2024-01-01,22023,DAL @ UTA,L,90,41.0,28,6.0,5,16,0.398,0.5,0.275,-37.0,Dallas Mavericks
0022300453,2024-01-01,22023,DET @ HOU,L,113,37.0,27,3.0,4,17,0.482,0.741,0.448,-23.0,Detroit Pistons
0022300458,2024-01-01,22023,MIA @ LAC,L,104,35.0,24,7.0,3,13,0.422,0.793,0.324,-17.0,Miami Heat
0022300456,2024-01-01,22023,PHX vs. POR,W,109,47.0,24,10.0,5,16,0.475,0.667,0.379,21.0,Phoenix Suns
0022300455,2024-01-01,22023,DEN vs. CHA,W,111,44.0,27,9.0,9,10,0.494,0.778,0.395,18.0,Denver Nuggets
0022300462,2024-01-02,22023,BOS @ OKC,L,123,47.0,33,7.0,10,14,0.457,0.828,0.375,-4.0,Boston Celtics
0022300460,2024-01-02,22023,SAS @ MEM,L,98,40.0,21,6.0,8,14,0.424,0.696,0.323,-8.0,San Antonio Spurs
0022300459,2024-01-02,22023,PHI vs. CHI,W,110,43.0,28,9.0,6,17,0.475,0.733,0.4,13.0,Philadelphia 76ers
0022300463,2024-01-02,22023,ORL @ GSW,L,115,41.0,19,8.0,4,17,0.446,0.826,0.389,-6.0,Orlando Magic
0022300459,2024-01-02,22023,CHI @ PHI,L,97,51.0,17,9.0,7,18,0.385,0.696,0.189,-13.0,Chicago Bulls
0022300461,2024-01-02,22023,BKN @ NOP,L,85,43.0,26,7.0,4,12,0.357,0.5,0.256,-27.0,Brooklyn Nets
0022300462,2024-01-02,22023,OKC vs. BOS,W,127,38.0,34,7.0,10,10,0.527,0.765,0.45,4.0,Oklahoma City Thunder
0022300461,2024-01-02,22023,NOP vs. BKN,W,112,53.0,23,10.0,9,16,0.466,0.778,0.41,27.0,New Orleans Pelicans
0022300460,2024-01-02,22023,MEM vs. SAS,W,106,46.0,24,5.0,8,15,0.463,0.8,0.316,8.0,Memphis Grizzlies
0022300464,2024-01-02,22023,SAC vs. CHA,L,104,48.0,23,8.0,2,20,0.435,0.588,0.389,-7.0,Sacramento Kings
0022300464,2024-01-02,22023,CHA @ SAC,W,111,35.0,23,8.0,10,14,0.512,0.789,0.353,7.0,Charlotte Hornets
0022300463,2024-01-02,22023,GSW vs. ORL,W,121,36.0,23,9.0,6,12,0.538,0.649,0.371,6.0,Golden State Warriors
0022300476,2024-01-03,22023,ORL @ SAC,L,135,39.0,33,10.0,7,20,0.489,0.815,0.568,-3.0,Orlando Magic
0022300467,2024-01-03,22023,OKC @ ATL,L,138,37.0,30,10.0,1,13,0.549,0.769,0.5,-3.0,Oklahoma City Thunder
0022300470,2024-01-03,22023,TOR @ MEM,W,116,46.0,25,5.0,6,12,0.482,0.815,0.462,5.0,Toronto Raptors
0022300471,2024-01-03,22023,MIN vs. NOP,L,106,28.0,26,7.0,6,11,0.451,0.815,0.323,-11.0,Minnesota Timberwolves
0022300465,2024-01-03,22023,WAS @ CLE,L,101,36.0,22,8.0,5,8,0.416,0.455,0.343,-39.0,Washington Wizards
0022300467,2024-01-03,22023,ATL vs. OKC,W,141,49.0,30,8.0,5,11,0.505,0.939,0.359,3.0,Atlanta Hawks
0022300474,2024-01-03,22023,UTA vs. DET,W,154,43.0,28,11.0,8,12,0.515,0.914,0.5,6.0,Utah Jazz
0022300474,2024-01-03,22023,DET @ UTA,L,148,48.0,33,5.0,3,17,0.533,0.773,0.463,-6.0,Detroit Pistons
0022300472,2024-01-03,22023,DAL vs. POR,W,126,43.0,25,12.0,7,11,0.5,0.707,0.433,29.0,Dallas Mavericks
0022300470,2024-01-03,22023,MEM vs. TOR,L,111,43.0,25,7.0,5,10,0.426,0.842,0.357,-5.0,Memphis Grizzlies
0022300475,2024-01-03,22023,MIA @ LAL,W,110,39.0,30,14.0,3,8,0.441,0.706,0.381,14.0,Miami Heat
0022300469,2024-01-03,22023,BKN @ HOU,L,101,50.0,25,11.0,6,8,0.387,0.615,0.295,-11.0,Brooklyn Nets
0022300475,2024-01-03,22023,LAL vs. MIA,L,96,50.0,29,3.0,6,21,0.422,0.917,0.133,-14.0,Los Angeles Lakers
0022300476,2024-01-03,22023,SAC vs. ORL,W,138,58.0,36,9.0,3,17,0.486,0.677,0.375,3.0,Sacramento Kings
0022300471,2024-01-03,22023,NOP @ MIN,W,117,41.0,30,7.0,5,12,0.556,0.882,0.462,11.0,New Orleans Pelicans
0022300468,2024-01-03,22023,NYK vs. CHI,W,116,52.0,29,6.0,7,15,0.517,0.818,0.395,16.0,New York Knicks
0022300469,2024-01-03,22023,HOU vs. BKN,W,112,48.0,27,5.0,4,16,0.487,0.704,0.487,11.0,Houston Rockets
0022300468,2024-01-03,22023,CHI @ NYK,L,100,39.0,24,9.0,7,11,0.416,0.813,0.406,-16.0,Chicago Bulls
0022300466,2024-01-03,22023,MIL @ IND,L,130,42.0,30,6.0,4,13,0.5,0.75,0.378,-12.0,Milwaukee Bucks
0022300465,2024-01-03,22023,CLE vs. WAS,W,140,62.0,37,5.0,8,8,0.535,0.75,0.476,39.0,Cleveland Cavaliers
0022300472,2024-01-03,22023,POR @ DAL,L,97,46.0,23,4.0,3,22,0.391,0.727,0.325,-29.0,Portland Trail Blazers
0022300473,2024-01-03,22023,PHX vs. LAC,L,122,32.0,23,9.0,2,16,0.532,0.885,0.429,-10.0,Phoenix Suns
0022300473,2024-01-03,22023,LAC @ PHX,W,131,36.0,25,9.0,5,12,0.553,0.906,0.529,10.0,Los Angeles Clippers
0022300466,2024-01-03,22023,IND vs. MIL,W,142,44.0,34,7.0,5,10,0.556,0.824,0.4,12.0,Indiana Pacers
0022300477,2024-01-04,22023,SAS vs. MIL,L,121,42.0,31,10.0,8,11,0.484,0.882,0.35,-4.0,San Antonio Spurs
0022300478,2024-01-04,22023,GSW vs. DEN,L,127,33.0,35,4.0,3,8,0.544,0.875,0.417,-3.0,Golden State Warriors
0022300477,2024-01-04,22023,MIL @ SAS,W,125,42.0,27,5.0,5,14,0.533,0.789,0.353,4.0,Milwaukee Bucks
0022300478,2024-01-04,22023,DEN @ GSW,W,130,36.0,28,7.0,4,7,0.565,0.862,0.346,3.0,Denver Nuggets
0022300479,2024-01-05,22023,BOS vs. UTA,W,126,56.0,24,9.0,8,12,0.433,0.861,0.347,29.0,Boston Celtics
0022300483,2024-01-05,22023,NYK @ PHI,W,128,49.0,27,7.0,7,11,0.483,0.96,0.439,36.0,New York Knicks
0022300489,2024-01-05,22023,MIA @ PHX,L,97,44.0,26,5.0,2,15,0.41,0.864,0.27,-16.0,Miami Heat
0022300485,2024-01-05,22023,HOU vs. MIN,L,95,38.0,18,7.0,2,15,0.4,0.733,0.375,-27.0,Houston Rockets
0022300488,2024-01-05,22023,ORL @ DEN,W,122,40.0,25,9.0,3,14,0.5,0.676,0.472,2.0,Orlando Magic
0022300491,2024-01-05,22023,MEM @ LAL,W,127,44.0,33,8.0,4,17,0.537,0.8,0.511,14.0,Memphis Grizzlies
0022300487,2024-01-05,22023,DAL vs. POR,W,139,52.0,35,11.0,8,17,0.583,0.667,0.447,36.0,Dallas Mavericks
0022300484,2024-01-05,22023,CHI vs. CHA,W,104,41.0,29,7.0,6,14,0.541,0.824,0.357,13.0,Chicago Bulls
0022300490,2024-01-05,22023,DET @ GSW,L,109,40.0,25,8.0,9,11,0.449,0.8,0.295,-4.0,Detroit Pistons
0022300479,2024-01-05,22023,UTA @ BOS,L,97,57.0,23,11.0,2,18,0.362,0.676,0.176,-29.0,Utah Jazz
0022300480,2024-01-05,22023,ATL @ IND,L,116,39.0,21,6.0,3,14,0.43,0.867,0.238,-34.0,Atlanta Hawks
0022300480,2024-01-05,22023,IND vs. ATL,W,150,39.0,50,12.0,3,14,0.638,0.846,0.487,34.0,Indiana Pacers
0022300482,2024-01-05,22023,WAS @ CLE,L,90,31.0,19,12.0,8,16,0.417,0.733,0.3,-24.0,Washington Wizards
0022300486,2024-01-05,22023,NOP vs. LAC,L,95,43.0,22,9.0,5,9,0.359,0.739,0.414,-16.0,New Orleans Pelicans
0022300486,2024-01-05,22023,LAC @ NOP,W,111,50.0,28,6.0,7,14,0.488,0.8,0.417,16.0,Los Angeles Clippers
0022300492,2024-01-05,22023,TOR @ SAC,L,130,37.0,31,5.0,10,14,0.54,0.852,0.351,-5.0,Toronto Raptors
0022300481,2024-01-05,22023,BKN vs. OKC,W,124,51.0,25,9.0,3,15,0.451,0.848,0.359,9.0,Brooklyn Nets
0022300490,2024-01-05,22023,GSW vs. DET,W,113,45.0,24,3.0,5,16,0.463,0.84,0.421,4.0,Golden State Warriors
0022300487,2024-01-05,22023,POR @ DAL,L,103,42.0,27,9.0,3,18,0.411,0.706,0.325,-36.0,Portland Trail Blazers
0022300481,2024-01-05,22023,OKC @ BKN,L,115,36.0,29,8.0,5,13,0.536,0.667,0.29,-9.0,Oklahoma City Thunder
0022300489,2024-01-05,22023,PHX vs. MIA,W,113,44.0,30,13.0,5,9,0.506,0.647,0.4,16.0,Phoenix Suns
0022300488,2024-01-05,22023,DEN vs. ORL,L,120,38.0,28,8.0,1,13,0.505,0.789,0.273,-2.0,Denver Nuggets
0022300483,2024-01-05,22023,PHI vs. NYK,L,92,38.0,22,8.0,9,14,0.407,0.741,0.261,-36.0,Philadelphia 76ers
0022300484,2024-01-05,22023,CHA @ CHI,L,91,42.0,20,7.0,1,11,0.404,0.75,0.294,-13.0,Charlotte Hornets
0022300485,2024-01-05,22023,MIN @ HOU,W,122,52.0,31,12.0,7,14,0.523,0.8,0.424,27.0,Minnesota Timberwolves
0022300491,2024-01-05,22023,LAL vs. MEM,L,113,35.0,26,13.0,3,13,0.494,0.704,0.357,-14.0,Los Angeles Lakers
0022300492,2024-01-05,22023,SAC vs. TOR,W,135,42.0,35,4.0,1,14,0.52,0.667,0.553,5.0,Sacramento Kings
0022300482,2024-01-05,22023,CLE vs. WAS,W,114,52.0,31,9.0,1,23,0.532,0.696,0.485,24.0,Cleveland Cavaliers
0022300493,2024-01-06,22023,BOS @ IND,W,118,56.0,26,6.0,6,17,0.511,0.526,0.39,17.0,Boston Celtics
0022300495,2024-01-06,22023,UTA @ PHI,W,120,48.0,30,4.0,4,23,0.575,0.833,0.267,11.0,Utah Jazz
0022300494,2024-01-06,22023,WAS vs. NYK,L,105,45.0,33,5.0,3,20,0.471,0.6,0.351,-16.0,Washington Wizards
0022300496,2024-01-06,22023,HOU vs. MIL,W,112,46.0,22,7.0,2,10,0.434,0.844,0.382,4.0,Houston Rockets
0022300495,2024-01-06,22023,PHI vs. UTA,L,109,34.0,30,12.0,6,6,0.404,0.783,0.184,-11.0,Philadelphia 76ers
0022300493,2024-01-06,22023,IND vs. BOS,L,101,38.0,23,12.0,2,9,0.413,0.773,0.19,-17.0,Indiana Pacers
0022300496,2024-01-06,22023,MIL @ HOU,L,108,41.0,20,7.0,4,11,0.461,0.69,0.265,-4.0,Milwaukee Bucks
0022300494,2024-01-06,22023,NYK @ WAS,W,121,45.0,27,9.0,2,14,0.494,0.875,0.389,16.0,New York Knicks
0022300497,2024-01-07,22023,SAS @ CLE,L,115,40.0,22,10.0,6,11,0.477,0.864,0.378,-2.0,San Antonio Spurs
0022300503,2024-01-07,22023,PHX vs. MEM,L,115,50.0,29,5.0,6,12,0.451,0.682,0.286,-4.2,Phoenix Suns
0022300499,2024-01-07,22023,ORL vs. ATL,W,117,57.0,25,8.0,3,11,0.439,0.636,0.415,7.0,Orlando Magic
0022300500,2024-01-07,22023,SAC vs. NOP,L,100,25.0,28,9.0,2,9,0.418,0.75,0.333,-33.0,Sacramento Kings
0022300500,2024-01-07,22023,NOP @ SAC,W,133,51.0,35,2.0,9,16,0.61,0.875,0.543,33.0,New Orleans Pelicans
0022300504,2024-01-07,22023,GSW vs. TOR,L,118,43.0,30,5.0,4,10,0.45,0.933,0.304,-15.0,Golden State Warriors
0022300505,2024-01-07,22023,LAL vs. LAC,W,106,40.0,23,9.0,6,19,0.512,0.688,0.379,3.0,Los Angeles Lakers
0022300501,2024-01-07,22023,MIN @ DAL,L,108,51.0,22,6.0,4,13,0.436,0.619,0.317,-7.0,Minnesota Timberwolves
0022300504,2024-01-07,22023,TOR @ GSW,W,133,45.0,38,7.0,6,7,0.585,0.571,0.455,15.0,Toronto Raptors
0022300499,2024-01-07,22023,ATL @ ORL,L,110,50.0,21,9.0,10,12,0.462,0.586,0.3,-7.0,Atlanta Hawks
0022300502,2024-01-07,22023,DEN vs. DET,W,131,38.0,35,6.0,10,12,0.588,0.871,0.37,17.0,Denver Nuggets
0022300498,2024-01-07,22023,BKN vs. POR,L,127,44.0,29,7.0,7,15,0.505,0.84,0.378,-7.0,Brooklyn Nets
0022300505,2024-01-07,22023,LAC @ LAL,L,103,40.0,21,12.0,5,14,0.396,0.895,0.378,-3.0,Los Angeles Clippers
0022300497,2024-01-07,22023,CLE vs. SAS,W,117,44.0,27,6.0,3,16,0.489,0.714,0.372,2.0,Cleveland Cavaliers
0022300503,2024-01-07,22023,MEM @ PHX,W,121,54.0,29,7.0,8,17,0.443,0.75,0.347,6.0,Memphis Grizzlies
0022300501,2024-01-07,22023,DAL vs. MIN,W,115,44.0,20,7.0,8,11,0.453,0.7,0.375,7.0,Dallas Mavericks
0022300498,2024-01-07,22023,POR @ BKN,W,134,38.0,21,5.0,5,9,0.474,0.8,0.526,7.0,Portland Trail Blazers
0022300502,2024-01-07,22023,DET @ DEN,L,114,37.0,28,6.0,0,11,0.472,0.7,0.375,-17.0,Detroit Pistons
0022300511,2024-01-08,22023,PHX @ LAC,L,111,25.0,17,6.0,4,14,0.494,0.862,0.333,-27.6,Phoenix Suns
0022300508,2024-01-08,22023,WAS vs. OKC,L,128,38.0,32,7.0,5,14,0.494,0.862,0.469,-8.0,Washington Wizards
0022300506,2024-01-08,22023,CHI @ CHA,W,119,51.0,27,7.0,7,13,0.489,0.833,0.346,7.0,Chicago Bulls
0022300507,2024-01-08,22023,BOS @ IND,L,131,42.0,26,3.0,8,15,0.522,0.69,0.486,-2.0,Boston Celtics
0022300511,2024-01-08,22023,LAC vs. PHX,W,138,44.0,32,11.0,3,12,0.624,0.739,0.517,27.0,Los Angeles Clippers
0022300508,2024-01-08,22023,OKC @ WAS,W,136,40.0,37,11.0,7,14,0.591,0.75,0.5,8.0,Oklahoma City Thunder
0022300509,2024-01-08,22023,HOU @ MIA,L,113,42.0,20,8.0,4,12,0.42,0.893,0.341,-7.0,Houston Rockets
0022300509,2024-01-08,22023,MIA vs. HOU,W,120,45.0,30,6.0,5,11,0.5,0.719,0.417,7.0,Miami Heat
0022300507,2024-01-08,22023,IND vs. BOS,W,133,39.0,29,6.0,7,13,0.527,0.818,0.475,2.0,Indiana Pacers
0022300506,2024-01-08,22023,CHA vs. CHI,L,112,44.0,26,3.0,7,12,0.426,0.882,0.405,-7.0,Charlotte Hornets
0022300510,2024-01-08,22023,MIL vs. UTA,L,116,38.0,31,6.0,6,9,0.447,0.789,0.472,-16.0,Milwaukee Bucks
0022300510,2024-01-08,22023,UTA @ MIL,W,132,47.0,33,6.0,8,10,0.522,0.818,0.455,16.0,Utah Jazz
0022300514,2024-01-09,22023,NYK vs. POR,W,112,55.0,26,11.0,4,14,0.416,0.87,0.375,28.0,New York Knicks
0022300515,2024-01-09,22023,DAL vs. MEM,L,103,33.0,20,9.0,4,12,0.439,0.815,0.333,-17.0,Dallas Mavericks
0022300513,2024-01-09,22023,MIN @ ORL,W,113,48.0,34,8.0,4,18,0.538,0.789,0.4,21.0,Minnesota Timberwolves
0022300516,2024-01-09,22023,LAL vs. TOR,W,132,39.0,34,6.0,4,15,0.543,0.778,0.444,1.0,Los Angeles Lakers
0022300516,2024-01-09,22023,TOR @ LAL,L,131,37.0,34,8.0,4,12,0.564,0.615,0.486,-1.0,Toronto Raptors
0022300515,2024-01-09,22023,MEM @ DAL,W,120,54.0,27,7.0,3,16,0.484,0.857,0.378,17.0,Memphis Grizzlies
0022300514,2024-01-09,22023,POR @ NYK,L,84,43.0,19,8.0,7,15,0.384,0.667,0.207,-28.0,Portland Trail Blazers
0022300512,2024-01-09,22023,SAC @ DET,W,131,44.0,39,8.0,6,17,0.574,0.714,0.394,21.0,Sacramento Kings
0022300513,2024-01-09,22023,ORL vs. MIN,L,92,46.0,20,13.0,5,12,0.362,0.611,0.31,-21.0,Orlando Magic
0022300512,2024-01-09,22023,DET vs. SAC,L,110,40.0,27,12.0,2,21,0.471,0.762,0.378,-21.0,Detroit Pistons
0022300524,2024-01-10,22023,UTA vs. DEN,W,124,40.0,34,12.0,8,16,0.554,0.826,0.394,13.0,Utah Jazz
0022300522,2024-01-10,22023,OKC @ MIA,W,128,42.0,36,4.0,4,12,0.593,0.75,0.424,8.0,Oklahoma City Thunder
0022300526,2024-01-10,22023,LAC vs. TOR,W,126,36.0,34,6.0,5,7,0.527,1.0,0.441,6.0,Los Angeles Clippers
0022300525,2024-01-10,22023,NOP @ GSW,W,141,47.0,37,11.0,7,11,0.574,0.737,0.475,36.0,New Orleans Pelicans
0022300521,2024-01-10,22023,PHI @ ATL,L,132,51.0,26,8.0,9,11,0.451,0.848,0.353,-7.0,Philadelphia 76ers
0022300519,2024-01-10,22023,DET vs. SAS,L,108,43.0,33,4.0,3,10,0.458,0.769,0.313,-22.0,Detroit Pistons
0022300519,2024-01-10,22023,SAS @ DET,W,130,46.0,36,7.0,4,5,0.521,0.852,0.333,22.0,San Antonio Spurs
0022300520,2024-01-10,22023,IND vs. WAS,W,112,54.0,31,7.0,6,13,0.446,0.917,0.32,8.0,Indiana Pacers
0022300518,2024-01-10,22023,CHA vs. SAC,L,98,36.0,17,2.0,3,8,0.402,0.75,0.421,-25.0,Charlotte Hornets
0022300525,2024-01-10,22023,GSW vs. NOP,L,105,43.0,24,4.0,4,17,0.438,0.833,0.308,-36.0,Golden State Warriors
0022300524,2024-01-10,22023,DEN @ UTA,L,111,34.0,26,11.0,4,16,0.457,0.857,0.394,-13.0,Denver Nuggets
0022300523,2024-01-10,22023,HOU @ CHI,L,119,50.0,29,9.0,4,14,0.475,0.6,0.244,-5.0,Houston Rockets
0022300523,2024-01-10,22023,CHI vs. HOU,W,124,46.0,31,9.0,4,14,0.442,0.84,0.404,5.0,Chicago Bulls
0022300517,2024-01-10,22023,BOS vs. MIN,W,127,46.0,21,5.0,4,8,0.433,0.968,0.404,7.0,Boston Celtics
0022300517,2024-01-10,22023,MIN @ BOS,L,120,47.0,22,4.0,6,9,0.463,0.9,0.412,-7.0,Minnesota Timberwolves
0022300521,2024-01-10,22023,ATL vs. PHI,W,139,55.0,32,6.0,8,12,0.471,0.738,0.353,7.0,Atlanta Hawks
0022300520,2024-01-10,22023,WAS @ IND,L,104,46.0,24,8.0,8,13,0.432,0.7,0.226,-8.0,Washington Wizards
0022300526,2024-01-10,22023,TOR @ LAC,L,120,37.0,31,4.0,2,14,0.548,0.889,0.4,-6.0,Toronto Raptors
0022300518,2024-01-10,22023,SAC @ CHA,W,123,53.0,24,2.0,8,9,0.517,0.783,0.371,25.0,Sacramento Kings
0022300522,2024-01-10,22023,MIA vs. OKC,L,120,38.0,25,8.0,3,10,0.461,0.821,0.417,-8.0,Miami Heat
0022300529,2024-01-11,22023,POR @ OKC,L,77,42.0,16,8.0,8,9,0.277,0.625,0.224,-62.0,Portland Trail Blazers
0022300531,2024-01-11,22023,PHX @ LAL,W,127,46.0,23,12.0,3,12,0.495,0.913,0.359,18.0,Phoenix Suns
0022300528,2024-01-11,22023,BOS @ MIL,L,102,31.0,22,5.0,5,6,0.374,0.833,0.257,-33.0,Boston Celtics
0022300529,2024-01-11,22023,OKC vs. POR,W,139,59.0,41,6.0,8,12,0.57,0.864,0.4,62.0,Oklahoma City Thunder
0022300530,2024-01-11,22023,NYK @ DAL,L,124,45.0,27,7.0,2,14,0.494,0.786,0.333,-4.0,New York Knicks
0022300531,2024-01-11,22023,LAL vs. PHX,L,109,37.0,33,8.0,4,18,0.5,0.64,0.382,-18.0,Los Angeles Lakers
0022300530,2024-01-11,22023,DAL vs. NYK,W,128,38.0,27,6.0,2,10,0.5,0.767,0.415,4.0,Dallas Mavericks
0022300528,2024-01-11,22023,MIL vs. BOS,W,135,54.0,34,3.0,6,9,0.565,0.813,0.429,33.0,Milwaukee Bucks
0022300527,2024-01-11,22023,BKN @ CLE,L,102,41.0,18,5.0,4,16,0.451,0.714,0.296,-9.0,Brooklyn Nets
0022300527,2024-01-11,22023,CLE vs. BKN,W,111,47.0,16,11.0,6,11,0.39,0.791,0.295,9.0,Cleveland Cavaliers
0022300534,2024-01-12,22023,HOU @ DET,W,112,41.0,21,8.0,5,9,0.456,0.88,0.267,2.0,Houston Rockets
0022300537,2024-01-12,22023,MEM vs. LAC,L,119,46.0,30,5.0,4,9,0.432,0.704,0.409,-9.0,Memphis Grizzlies
0022300536,2024-01-12,22023,CHI vs. GSW,L,131,36.0,31,1.0,3,12,0.581,0.813,0.45,-9.0,Chicago Bulls
0022300534,2024-01-12,22023,DET vs. HOU,L,110,46.0,32,6.0,9,14,0.5,0.625,0.343,-2.0,Detroit Pistons
0022300539,2024-01-12,22023,NOP @ DEN,L,113,35.0,30,9.0,3,8,0.472,0.727,0.394,-12.0,New Orleans Pelicans
0022300532,2024-01-12,22023,SAC @ PHI,L,93,54.0,20,6.0,4,16,0.337,0.808,0.211,-19.0,Sacramento Kings
0022300532,2024-01-12,22023,PHI vs. SAC,W,112,46.0,23,11.0,9,13,0.43,0.944,0.429,19.0,Philadelphia 76ers
0022300535,2024-01-12,22023,MIA vs. ORL,W,99,41.0,23,6.0,1,16,0.446,0.85,0.308,3.0,Miami Heat
0022300541,2024-01-12,22023,SAS vs. CHA,W,135,45.0,31,9.0,7,14,0.517,0.794,0.474,36.0,San Antonio Spurs
0022300533,2024-01-12,22023,IND @ ATL,W,126,45.0,41,12.0,9,25,0.671,0.75,0.611,18.0,Indiana Pacers
0022300536,2024-01-12,22023,GSW @ CHI,W,140,44.0,39,7.0,4,3,0.521,0.733,0.426,9.0,Golden State Warriors
0022300539,2024-01-12,22023,DEN vs. NOP,W,125,48.0,30,5.0,4,15,0.556,0.733,0.424,12.0,Denver Nuggets
0022300538,2024-01-12,22023,POR @ MIN,L,93,38.0,18,8.0,5,19,0.39,0.676,0.357,-23.0,Portland Trail Blazers
0022300538,2024-01-12,22023,MIN vs. POR,W,116,45.0,35,14.0,5,15,0.55,0.708,0.355,23.0,Minnesota Timberwolves
0022300537,2024-01-12,22023,LAC @ MEM,W,128,43.0,22,9.0,7,12,0.551,0.75,0.484,9.0,Los Angeles Clippers
0022300533,2024-01-12,22023,ATL vs. IND,L,108,28.0,25,14.0,2,14,0.449,0.739,0.367,-18.0,Atlanta Hawks
0022300535,2024-01-12,22023,ORL @ MIA,L,96,38.0,26,10.0,8,11,0.439,0.6,0.3,-3.0,Orlando Magic
0022300541,2024-01-12,22023,CHA @ SAS,L,99,44.0,22,11.0,3,19,0.36,0.893,0.294,-36.0,Charlotte Hornets
0022300540,2024-01-12,22023,TOR @ UTA,L,113,31.0,25,5.0,8,13,0.432,0.703,0.5,-32.0,Toronto Raptors
0022300540,2024-01-12,22023,UTA vs. TOR,W,145,56.0,34,7.0,8,13,0.559,0.769,0.488,32.0,Utah Jazz
0022300545,2024-01-13,22023,GSW @ MIL,L,118,41.0,23,5.0,4,7,0.48,0.643,0.417,-11.0,Golden State Warriors
0022300549,2024-01-13,22023,UTA vs. LAL,W,132,52.0,28,7.0,5,10,0.452,0.923,0.324,7.0,Utah Jazz
0022300544,2024-01-13,22023,NYK @ MEM,W,106,56.0,25,11.0,11,22,0.482,0.684,0.342,12.0,New York Knicks
0022300548,2024-01-13,22023,SAS vs. CHI,L,116,47.0,26,7.0,4,8,0.411,0.87,0.391,-6.0,San Antonio Spurs
0022300546,2024-01-13,22023,OKC vs. ORL,W,112,46.0,23,9.0,4,8,0.457,0.857,0.222,12.0,Oklahoma City Thunder
0022300546,2024-01-13,22023,ORL @ OKC,L,100,50.0,21,5.0,8,15,0.464,0.625,0.2,-12.0,Orlando Magic
0022300542,2024-01-13,22023,BOS vs. HOU,W,145,50.0,26,7.0,8,11,0.537,0.76,0.511,32.0,Boston Celtics
0022300542,2024-01-13,22023,HOU @ BOS,L,113,50.0,20,10.0,3,12,0.404,0.867,0.233,-32.0,Houston Rockets
0022300545,2024-01-13,22023,MIL vs. GSW,W,129,50.0,33,6.0,5,12,0.543,0.824,0.419,11.0,Milwaukee Bucks
0022300543,2024-01-13,22023,WAS @ ATL,W,127,54.0,32,10.0,9,12,0.485,0.808,0.375,28.0,Washington Wizards
0022300547,2024-01-13,22023,DAL vs. NOP,L,108,34.0,23,6.0,1,12,0.451,0.95,0.366,-10.0,Dallas Mavericks
0022300548,2024-01-13,22023,CHI @ SAS,W,122,47.0,31,5.0,8,9,0.511,0.75,0.441,6.0,Chicago Bulls
0022300544,2024-01-13,22023,MEM vs. NYK,L,94,35.0,27,14.0,6,12,0.414,0.867,0.237,-12.0,Memphis Grizzlies
0022300549,2024-01-13,22023,LAL @ UTA,L,125,40.0,30,6.0,8,12,0.5,0.833,0.448,-7.0,Los Angeles Lakers
0022300547,2024-01-13,22023,NOP @ DAL,W,118,44.0,29,7.0,4,10,0.494,0.757,0.4,10.0,New Orleans Pelicans
0022300543,2024-01-13,22023,ATL vs. WAS,L,99,50.0,21,9.0,7,14,0.344,0.727,0.275,-28.0,Atlanta Hawks
0022300553,2024-01-14,22023,LAC @ MIN,L,105,34.0,28,9.0,4,11,0.434,0.889,0.436,-4.0,Los Angeles Clippers
0022300552,2024-01-14,22023,MIL vs. SAC,W,143,40.0,31,5.0,3,13,0.522,0.844,0.465,1.0,Milwaukee Bucks
0022300550,2024-01-14,22023,IND @ DEN,L,109,37.0,28,11.0,1,13,0.467,0.682,0.276,-8.0,Indiana Pacers
0022300553,2024-01-14,22023,MIN vs. LAC,W,109,41.0,25,8.0,5,17,0.567,0.645,0.5,4.0,Minnesota Timberwolves
0022300551,2024-01-14,22023,MIA vs. CHA,W,104,44.0,27,6.0,6,14,0.494,0.813,0.44,17.0,Miami Heat
0022300550,2024-01-14,22023,DEN vs. IND,W,117,40.0,31,8.0,3,21,0.648,0.652,0.5,8.0,Denver Nuggets
0022300551,2024-01-14,22023,CHA @ MIA,L,87,50.0,17,5.0,3,13,0.347,0.733,0.244,-17.0,Charlotte Hornets
0022300554,2024-01-14,22023,POR vs. PHX,L,116,36.0,23,8.0,1,13,0.449,0.727,0.476,-11.0,Portland Trail Blazers
0022300552,2024-01-14,22023,SAC @ MIL,L,142,47.0,34,6.0,2,9,0.524,0.75,0.415,-1.0,Sacramento Kings
0022300554,2024-01-14,22023,PHX @ POR,W,127,41.0,27,7.0,5,12,0.605,0.815,0.464,11.0,Phoenix Suns
0022300561,2024-01-15,22023,CHI @ CLE,L,91,43.0,21,8.0,6,18,0.422,0.75,0.281,-18.0,Chicago Bulls
0022300557,2024-01-15,22023,NYK vs. ORL,L,94,41.0,20,3.0,3,9,0.398,0.682,0.325,-4.0,New York Knicks
0022300565,2024-01-15,22023,OKC @ LAL,L,105,40.0,23,11.0,6,11,0.417,0.909,0.306,-7.0,Oklahoma City Thunder
0022300563,2024-01-15,22023,BOS @ TOR,W,105,53.0,20,3.0,7,12,0.402,0.92,0.41,9.0,Boston Celtics
0022300558,2024-01-15,22023,WAS vs. DET,L,117,33.0,30,8.0,7,8,0.463,0.909,0.463,-12.0,Washington Wizards
0022300555,2024-01-15,22023,HOU @ PHI,L,115,46.0,21,7.0,9,13,0.5,0.594,0.296,-9.0,Houston Rockets
0022300559,2024-01-15,22023,SAS @ ATL,L,99,44.0,27,10.0,8,17,0.4,0.706,0.262,-10.0,San Antonio Spurs
0022300560,2024-01-15,22023,GSW @ MEM,L,107,45.0,28,4.0,6,19,0.489,0.9,0.323,-9.0,Golden State Warriors
0022300562,2024-01-15,22023,BKN vs. MIA,L,95,50.0,26,9.0,9,8,0.343,0.938,0.218,-1.0,Brooklyn Nets
0022300562,2024-01-15,22023,MIA @ BKN,W,96,54.0,22,6.0,4,12,0.379,0.88,0.258,1.0,Miami Heat
0022300560,2024-01-15,22023,MEM vs. GSW,W,116,42.0,24,13.0,10,11,0.372,0.8,0.37,9.0,Memphis Grizzlies
0022300556,2024-01-15,22023,DAL vs. NOP,W,125,42.0,24,4.0,6,11,0.459,0.829,0.419,5.0,Dallas Mavericks
0022300563,2024-01-15,22023,TOR vs. BOS,L,96,52.0,25,6.0,2,7,0.4,0.762,0.125,-9.0,Toronto Raptors
0022300559,2024-01-15,22023,ATL vs. SAS,W,109,57.0,24,8.0,6,16,0.43,0.762,0.342,10.0,Atlanta Hawks
0022300556,2024-01-15,22023,NOP @ DAL,L,120,37.0,21,9.0,2,9,0.506,0.756,0.304,-5.0,New Orleans Pelicans
0022300561,2024-01-15,22023,CLE vs. CHI,W,109,48.0,28,9.0,3,11,0.411,1.0,0.351,18.0,Cleveland Cavaliers
0022300557,2024-01-15,22023,ORL @ NYK,W,98,46.0,26,2.0,3,7,0.447,0.667,0.276,4.0,Orlando Magic
0022300555,2024-01-15,22023,PHI vs. HOU,W,124,41.0,25,8.0,4,10,0.482,0.853,0.484,9.0,Philadelphia 76ers
0022300564,2024-01-15,22023,UTA vs. IND,W,132,46.0,29,5.0,8,14,0.556,0.886,0.44,27.0,Utah Jazz
0022300565,2024-01-15,22023,LAL vs. OKC,W,112,44.0,30,7.0,9,17,0.524,0.889,0.333,7.0,Los Angeles Lakers
0022300564,2024-01-15,22023,IND @ UTA,L,105,43.0,27,9.0,4,13,0.4,0.8,0.29,-27.0,Indiana Pacers
0022300558,2024-01-15,22023,DET @ WAS,W,129,52.0,30,4.0,10,15,0.556,0.739,0.387,12.0,Detroit Pistons
0022300568,2024-01-16,22023,OKC @ LAC,L,117,35.0,30,5.0,5,12,0.506,0.85,0.471,-11.0,Oklahoma City Thunder
0022300566,2024-01-16,22023,PHI vs. DEN,W,126,32.0,27,6.0,7,8,0.566,0.735,0.484,5.0,Philadelphia 76ers
0022300566,2024-01-16,22023,DEN @ PHI,L,121,46.0,23,4.0,3,10,0.506,0.76,0.414,-5.0,Denver Nuggets
0022300567,2024-01-16,22023,PHX vs. SAC,W,119,46.0,32,7.0,6,16,0.494,0.9,0.459,2.0,Phoenix Suns
0022300568,2024-01-16,22023,LAC vs. OKC,W,128,39.0,30,5.0,10,9,0.54,0.609,0.465,11.0,Los Angeles Clippers
0022300567,2024-01-16,22023,SAC @ PHX,L,117,31.0,34,7.0,4,14,0.5,0.583,0.45,-2.0,Sacramento Kings
0022300570,2024-01-17,22023,ORL @ ATL,L,104,40.0,18,16.0,8,13,0.443,0.727,0.286,-2.0,Orlando Magic
0022300577,2024-01-17,22023,LAL vs. DAL,W,127,45.0,33,8.0,1,10,0.538,0.708,0.429,17.0,Los Angeles Lakers
0022300573,2024-01-17,22023,NYK vs. HOU,W,109,51.0,24,6.0,5,12,0.448,0.818,0.351,15.0,New York Knicks
0022300574,2024-01-17,22023,TOR vs. MIA,W,121,45.0,34,9.0,4,10,0.511,0.611,0.526,24.0,Toronto Raptors
0022300571,2024-01-17,22023,SAS @ BOS,L,98,41.0,26,5.0,3,10,0.419,0.813,0.206,-19.0,San Antonio Spurs
0022300572,2024-01-17,22023,MIL @ CLE,L,95,36.0,19,6.0,6,10,0.4,0.7,0.286,-40.0,Milwaukee Bucks
0022300575,2024-01-17,22023,CHA @ NOP,L,112,41.0,29,7.0,8,13,0.433,0.833,0.422,-20.0,Charlotte Hornets
0022300573,2024-01-17,22023,HOU @ NYK,L,94,38.0,23,6.0,9,10,0.417,0.842,0.267,-15.0,Houston Rockets
0022300571,2024-01-17,22023,BOS vs. SAS,W,117,54.0,22,5.0,6,12,0.467,0.789,0.474,19.0,Boston Celtics
0022300569,2024-01-17,22023,MIN @ DET,W,124,42.0,32,7.0,5,9,0.505,0.714,0.5,7.0,Minnesota Timberwolves
0022300577,2024-01-17,22023,DAL @ LAL,L,110,43.0,26,4.0,5,15,0.462,0.833,0.275,-17.0,Dallas Mavericks
0022300574,2024-01-17,22023,MIA @ TOR,L,97,37.0,24,4.0,5,14,0.456,0.75,0.214,-24.0,Miami Heat
0022300578,2024-01-17,22023,BKN @ POR,L,103,33.0,28,9.0,3,10,0.479,0.667,0.395,-2.0,Brooklyn Nets
0022300569,2024-01-17,22023,DET vs. MIN,L,117,40.0,30,4.0,7,12,0.517,0.684,0.387,-7.0,Detroit Pistons
0022300572,2024-01-17,22023,CLE vs. MIL,W,135,55.0,36,5.0,3,10,0.591,0.684,0.429,40.0,Cleveland Cavaliers
0022300570,2024-01-17,22023,ATL vs. ORL,W,106,41.0,21,8.0,2,23,0.513,0.909,0.32,2.0,Atlanta Hawks
0022300578,2024-01-17,22023,POR vs. BKN,W,105,41.0,21,2.0,2,9,0.488,0.857,0.333,2.0,Portland Trail Blazers
0022300575,2024-01-17,22023,NOP vs. CHA,W,132,50.0,32,11.0,3,12,0.5,0.826,0.532,20.0,New Orleans Pelicans
0022300580,2024-01-18,22023,CHI @ TOR,W,116,42.0,30,7.0,5,10,0.527,0.824,0.25,6.0,Chicago Bulls
0022300579,2024-01-18,22023,NYK vs. WAS,W,113,47.0,22,6.0,5,17,0.453,0.846,0.342,4.0,New York Knicks
0022300582,2024-01-18,22023,MIN vs. MEM,W,118,39.0,30,8.0,9,14,0.549,0.762,0.429,15.0,Minnesota Timberwolves
0022300581,2024-01-18,22023,UTA vs. OKC,L,129,38.0,33,7.0,4,14,0.483,0.833,0.406,-5.0,Utah Jazz
0022300580,2024-01-18,22023,TOR vs. CHI,L,110,38.0,31,7.0,5,14,0.506,0.8,0.263,-6.0,Toronto Raptors
0022300582,2024-01-18,22023,MEM @ MIN,L,103,34.0,22,9.0,4,14,0.459,0.647,0.412,-15.0,Memphis Grizzlies
0022300583,2024-01-18,22023,IND @ SAC,W,126,34.0,33,5.0,6,11,0.551,0.789,0.394,5.0,Indiana Pacers
0022300579,2024-01-18,22023,WAS @ NYK,L,109,46.0,31,9.0,4,12,0.456,0.773,0.323,-4.0,Washington Wizards
0022300581,2024-01-18,22023,OKC @ UTA,W,134,38.0,36,8.0,10,15,0.558,0.857,0.438,5.0,Oklahoma City Thunder
0022300583,2024-01-18,22023,SAC vs. IND,L,121,38.0,27,7.0,6,11,0.518,0.563,0.405,-5.0,Sacramento Kings
0022300591,2024-01-19,22023,LAL vs. BKN,L,112,44.0,31,7.0,3,14,0.444,0.833,0.364,-18.0,Los Angeles Lakers
0022300587,2024-01-19,22023,ATL @ MIA,W,109,38.0,23,6.0,2,13,0.46,0.824,0.429,1.0,Atlanta Hawks
0022300591,2024-01-19,22023,BKN @ LAL,W,130,41.0,31,10.0,4,8,0.526,0.786,0.404,18.0,Brooklyn Nets
0022300584,2024-01-19,22023,CHA vs. SAS,W,124,40.0,25,9.0,4,17,0.56,0.875,0.552,4.0,Charlotte Hornets
0022300590,2024-01-19,22023,IND @ POR,L,115,37.0,34,3.0,6,13,0.429,0.68,0.426,-3.0,Indiana Pacers
0022300585,2024-01-19,22023,PHI @ ORL,W,124,42.0,23,11.0,5,7,0.483,0.931,0.433,15.0,Philadelphia 76ers
0022300585,2024-01-19,22023,ORL vs. PHI,L,109,36.0,24,3.0,5,16,0.474,0.926,0.435,-15.0,Orlando Magic
0022300588,2024-01-19,22023,PHX @ NOP,W,123,48.0,32,7.0,3,8,0.495,0.762,0.366,14.0,Phoenix Suns
0022300586,2024-01-19,22023,DEN @ BOS,W,102,47.0,20,0.0,3,9,0.519,0.769,0.258,2.0,Denver Nuggets
0022300586,2024-01-19,22023,BOS vs. DEN,L,100,38.0,21,5.0,2,2,0.427,0.714,0.318,-2.0,Boston Celtics
0022300584,2024-01-19,22023,SAS @ CHA,L,120,34.0,36,9.0,3,13,0.56,0.647,0.469,-4.0,San Antonio Spurs
0022300590,2024-01-19,22023,POR vs. IND,W,118,47.0,18,3.0,11,9,0.5,0.857,0.333,3.0,Portland Trail Blazers
0022300587,2024-01-19,22023,MIA vs. ATL,L,108,44.0,21,7.0,2,16,0.463,0.909,0.387,-1.0,Miami Heat
0022300588,2024-01-19,22023,NOP vs. PHX,L,109,42.0,27,4.0,5,11,0.441,0.739,0.238,-14.0,New Orleans Pelicans
0022300599,2024-01-20,22023,MIN vs. OKC,L,97,50.0,22,4.0,7,21,0.413,0.724,0.378,-5.0,Minnesota Timberwolves
0022300598,2024-01-20,22023,HOU vs. UTA,W,127,56.0,27,11.0,10,7,0.427,0.636,0.333,1.0,Houston Rockets
0022300596,2024-01-20,22023,TOR @ NYK,L,100,31.0,29,10.0,5,10,0.413,0.565,0.324,-26.0,Toronto Raptors
0022300592,2024-01-20,22023,DET vs. MIL,L,135,40.0,30,6.0,2,8,0.468,0.813,0.568,-6.0,Detroit Pistons
0022300593,2024-01-20,22023,CHA vs. PHI,L,89,47.0,23,2.0,7,16,0.412,0.714,0.243,-8.0,Charlotte Hornets
0022300592,2024-01-20,22023,MIL @ DET,W,141,49.0,30,6.0,6,10,0.553,0.714,0.375,6.0,Milwaukee Bucks
0022300597,2024-01-20,22023,CHI vs. MEM,W,125,52.0,32,11.0,5,11,0.516,0.81,0.424,29.0,Chicago Bulls
0022300597,2024-01-20,22023,MEM @ CHI,L,96,32.0,28,6.0,4,15,0.427,0.826,0.31,-29.0,Memphis Grizzlies
0022300594,2024-01-20,22023,WAS vs. SAS,L,127,46.0,28,10.0,4,11,0.476,0.87,0.31,-4.0,Washington Wizards
0022300595,2024-01-20,22023,CLE @ ATL,W,116,49.0,32,7.0,6,13,0.506,0.875,0.372,21.0,Cleveland Cavaliers
0022300596,2024-01-20,22023,NYK vs. TOR,W,126,61.0,27,4.0,7,21,0.545,0.8,0.359,26.0,New York Knicks
0022300598,2024-01-20,22023,UTA @ HOU,L,126,59.0,28,4.0,8,17,0.457,0.773,0.302,-1.0,Utah Jazz
0022300599,2024-01-20,22023,OKC @ MIN,W,102,37.0,21,12.0,4,8,0.395,0.857,0.333,5.0,Oklahoma City Thunder
0022300594,2024-01-20,22023,SAS @ WAS,W,131,49.0,38,6.0,10,17,0.531,0.739,0.387,4.0,San Antonio Spurs
0022300595,2024-01-20,22023,ATL vs. CLE,L,95,45.0,25,5.0,4,11,0.398,0.667,0.289,-21.0,Atlanta Hawks
0022300593,2024-01-20,22023,PHI @ CHA,W,97,46.0,21,7.0,6,10,0.424,0.833,0.2,8.0,Philadelphia 76ers
0022300602,2024-01-21,22023,DEN @ WAS,W,113,50.0,29,9.0,11,13,0.489,0.679,0.364,9.0,Denver Nuggets
0022300600,2024-01-21,22023,LAC vs. BKN,W,125,45.0,26,6.0,5,10,0.506,0.848,0.5,11.0,Los Angeles Clippers
0022300602,2024-01-21,22023,WAS vs. DEN,L,104,40.0,31,6.0,9,13,0.429,0.818,0.296,-9.0,Washington Wizards
0022300604,2024-01-21,22023,PHX vs. IND,W,117,44.0,25,7.0,5,16,0.573,0.833,0.32,7.0,Phoenix Suns
0022300600,2024-01-21,22023,BKN @ LAC,L,114,36.0,29,6.0,5,12,0.489,0.75,0.359,-11.0,Brooklyn Nets
0022300603,2024-01-21,22023,BOS @ HOU,W,116,55.0,31,10.0,12,16,0.439,0.722,0.362,9.0,Boston Celtics
0022300605,2024-01-21,22023,POR @ LAL,L,110,35.0,24,7.0,5,12,0.467,0.85,0.31,-24.0,Portland Trail Blazers
0022300601,2024-01-21,22023,ORL vs. MIA,W,105,44.0,21,5.0,5,14,0.474,0.786,0.321,18.0,Orlando Magic
0022300604,2024-01-21,22023,IND @ PHX,L,110,40.0,28,9.0,4,11,0.436,0.609,0.452,-7.0,Indiana Pacers
0022300605,2024-01-21,22023,LAL vs. POR,W,134,45.0,28,9.0,6,12,0.547,0.931,0.394,24.0,Los Angeles Lakers
0022300601,2024-01-21,22023,MIA @ ORL,L,87,36.0,22,9.0,1,14,0.375,0.833,0.324,-18.0,Miami Heat
0022300603,2024-01-21,22023,HOU vs. BOS,L,107,49.0,26,9.0,3,15,0.436,0.682,0.286,-9.0,Houston Rockets
0022300609,2024-01-22,22023,MEM @ TOR,W,108,47.0,30,11.0,8,15,0.463,0.583,0.382,8.0,Memphis Grizzlies
0022300612,2024-01-22,22023,PHX vs. CHI,W,115,39.0,32,5.0,5,7,0.518,0.765,0.412,2.0,Phoenix Suns
0022300609,2024-01-22,22023,TOR vs. MEM,L,100,47.0,31,7.0,8,17,0.443,0.957,0.348,-8.0,Toronto Raptors
0022300606,2024-01-22,22023,DET vs. MIL,L,113,42.0,25,4.0,9,10,0.449,0.793,0.333,-9.0,Detroit Pistons
0022300610,2024-01-22,22023,MIN vs. CHA,L,125,36.0,34,4.0,1,13,0.524,0.76,0.439,-3.0,Minnesota Timberwolves
0022300611,2024-01-22,22023,BOS @ DAL,W,119,44.0,26,7.0,8,6,0.466,0.733,0.326,9.0,Boston Celtics
0022300606,2024-01-22,22023,MIL @ DET,W,122,49.0,26,7.0,8,9,0.447,0.824,0.256,9.0,Milwaukee Bucks
0022300613,2024-01-22,22023,ATL @ SAC,L,107,50.0,19,2.0,7,12,0.387,0.778,0.35,-15.0,Atlanta Hawks
0022300607,2024-01-22,22023,CLE @ ORL,W,126,39.0,29,10.0,4,9,0.563,0.727,0.526,27.0,Cleveland Cavaliers
0022300611,2024-01-22,22023,DAL vs. BOS,L,110,48.0,24,4.0,4,10,0.443,0.714,0.35,-9.0,Dallas Mavericks
0022300610,2024-01-22,22023,CHA @ MIN,W,128,35.0,30,8.0,4,10,0.568,0.778,0.378,3.0,Charlotte Hornets
0022300608,2024-01-22,22023,PHI vs. SAS,W,133,48.0,28,5.0,3,4,0.495,0.8,0.25,10.0,Philadelphia 76ers
0022300608,2024-01-22,22023,SAS @ PHI,L,123,43.0,29,3.0,3,8,0.462,0.889,0.317,-10.0,San Antonio Spurs
0022300612,2024-01-22,22023,CHI @ PHX,L,113,47.0,25,6.0,4,10,0.484,0.643,0.378,-2.0,Chicago Bulls
0022300613,2024-01-22,22023,SAC vs. ATL,W,122,51.0,22,8.0,2,8,0.462,0.889,0.316,15.0,Sacramento Kings
0022300607,2024-01-22,22023,ORL vs. CLE,L,99,34.0,25,7.0,0,15,0.459,0.667,0.379,-27.0,Orlando Magic
0022300618,2024-01-23,22023,LAC vs. LAL,W,127,36.0,33,8.0,5,14,0.591,0.75,0.519,11.0,Los Angeles Clippers
0022300616,2024-01-23,22023,NOP vs. UTA,W,153,57.0,41,5.0,4,9,0.577,0.667,0.5,29.0,New Orleans Pelicans
0022300614,2024-01-23,22023,DEN @ IND,W,114,42.0,22,5.0,9,10,0.5,0.882,0.333,5.0,Denver Nuggets
0022300615,2024-01-23,22023,BKN vs. NYK,L,103,40.0,29,7.0,5,13,0.442,0.8,0.357,-5.0,Brooklyn Nets
0022300618,2024-01-23,22023,LAL @ LAC,L,116,41.0,27,9.0,8,15,0.489,0.682,0.344,-11.0,Los Angeles Lakers
0022300614,2024-01-23,22023,IND vs. DEN,L,109,38.0,24,4.0,1,10,0.494,0.857,0.238,-5.0,Indiana Pacers
0022300617,2024-01-23,22023,OKC vs. POR,W,111,43.0,23,9.0,10,12,0.483,0.643,0.304,2.0,Oklahoma City Thunder
0022300616,2024-01-23,22023,UTA @ NOP,L,124,38.0,27,4.0,8,8,0.467,0.813,0.333,-29.0,Utah Jazz
0022300617,2024-01-23,22023,POR @ OKC,L,109,46.0,27,6.0,6,19,0.43,0.81,0.462,-2.0,Portland Trail Blazers
0022300615,2024-01-23,22023,NYK @ BKN,W,108,42.0,21,8.0,8,13,0.465,0.947,0.345,5.0,New York Knicks
0022300623,2024-01-24,22023,HOU vs. POR,L,131,37.0,29,8.0,6,8,0.532,0.864,0.333,-6.0,Houston Rockets
0022300620,2024-01-24,22023,WAS vs. MIN,L,107,49.0,31,2.0,3,21,0.481,0.793,0.417,-11.0,Washington Wizards
0022300624,2024-01-24,22023,CLE @ MIL,L,116,39.0,26,5.0,2,12,0.505,0.733,0.342,-10.0,Cleveland Cavaliers
0022300626,2024-01-24,22023,ATL @ GSW,L,112,45.0,30,7.0,2,10,0.415,0.769,0.326,-22.0,Atlanta Hawks
0022300624,2024-01-24,22023,MIL vs. CLE,W,126,46.0,24,9.0,3,11,0.5,0.893,0.379,10.0,Milwaukee Bucks
0022300619,2024-01-24,22023,CHA @ DET,L,106,48.0,27,5.0,5,11,0.437,0.789,0.395,-7.0,Charlotte Hornets
0022300623,2024-01-24,22023,POR @ HOU,W,137,48.0,31,6.0,4,12,0.51,0.917,0.429,6.0,Portland Trail Blazers
0022300625,2024-01-24,22023,DAL vs. PHX,L,109,33.0,25,4.0,3,14,0.461,0.556,0.395,-23.0,Dallas Mavericks
0022300621,2024-01-24,22023,MIA vs. MEM,L,96,44.0,21,9.0,9,17,0.402,0.76,0.324,-9.0,Miami Heat
0022300619,2024-01-24,22023,DET vs. CHA,W,113,44.0,26,4.0,0,11,0.5,0.6,0.395,7.0,Detroit Pistons
0022300622,2024-01-24,22023,SAS vs. OKC,L,114,38.0,30,7.0,11,18,0.5,0.76,0.281,-26.0,San Antonio Spurs
0022300621,2024-01-24,22023,MEM @ MIA,W,105,44.0,30,8.0,6,18,0.45,0.842,0.472,9.0,Memphis Grizzlies
0022300620,2024-01-24,22023,MIN @ WAS,W,118,48.0,26,8.0,7,7,0.42,0.862,0.281,11.0,Minnesota Timberwolves
0022300625,2024-01-24,22023,PHX @ DAL,W,132,49.0,30,10.0,4,15,0.6,0.727,0.412,23.0,Phoenix Suns
0022300626,2024-01-24,22023,GSW vs. ATL,W,134,49.0,26,6.0,9,10,0.56,0.727,0.485,22.0,Golden State Warriors
0022300622,2024-01-24,22023,OKC @ SAS,W,140,47.0,36,11.0,8,15,0.563,0.875,0.45,26.0,Oklahoma City Thunder
0022300630,2024-01-25,22023,MIA vs. BOS,L,110,31.0,25,7.0,1,4,0.447,0.769,0.381,-33.0,Miami Heat
0022300629,2024-01-25,22023,BKN vs. MIN,L,94,32.0,22,7.0,3,13,0.455,0.875,0.303,-2.0,Brooklyn Nets
0022300627,2024-01-25,22023,IND vs. PHI,W,134,55.0,35,6.0,8,21,0.57,0.762,0.429,12.0,Indiana Pacers
0022300628,2024-01-25,22023,UTA @ WAS,W,123,52.0,34,6.0,2,15,0.515,0.833,0.419,15.0,Utah Jazz
0022300631,2024-01-25,22023,NYK vs. DEN,W,122,44.0,26,12.0,3,8,0.529,0.85,0.395,38.0,New York Knicks
0022300633,2024-01-25,22023,LAL vs. CHI,W,141,30.0,35,10.0,4,12,0.609,0.75,0.645,9.0,Los Angeles Lakers
0022300629,2024-01-25,22023,MIN @ BKN,W,96,38.0,24,6.0,4,14,0.493,0.75,0.476,2.0,Minnesota Timberwolves
0022300632,2024-01-25,22023,GSW vs. SAC,L,133,33.0,30,7.0,3,13,0.558,0.783,0.514,-1.0,Golden State Warriors
0022300632,2024-01-25,22023,SAC @ GSW,W,134,34.0,33,8.0,5,10,0.527,0.842,0.458,1.0,Sacramento Kings
0022300633,2024-01-25,22023,CHI @ LAL,L,132,39.0,27,7.0,6,16,0.534,0.897,0.324,-9.0,Chicago Bulls
0022300628,2024-01-25,22023,WAS vs. UTA,L,108,35.0,33,11.0,7,11,0.489,0.75,0.233,-15.0,Washington Wizards
0022300630,2024-01-25,22023,BOS @ MIA,W,143,47.0,36,4.0,5,11,0.638,0.95,0.55,33.0,Boston Celtics
0022300631,2024-01-25,22023,DEN @ NYK,L,84,40.0,20,2.0,2,19,0.405,0.846,0.192,-38.0,Denver Nuggets
0022300627,2024-01-25,22023,PHI @ IND,L,122,31.0,24,13.0,6,12,0.483,0.721,0.241,-12.0,Philadelphia 76ers
0022300634,2024-01-26,22023,ATL vs. DAL,L,143,36.0,32,7.0,2,7,0.526,0.867,0.441,-5.0,Atlanta Hawks
0022300641,2024-01-26,22023,POR @ SAS,L,100,37.0,23,11.0,3,13,0.422,0.737,0.27,-16.0,Portland Trail Blazers
0022300640,2024-01-26,22023,OKC @ NOP,W,107,45.0,22,11.0,5,11,0.477,0.929,0.303,24.0,Oklahoma City Thunder
0022300637,2024-01-26,22023,LAC @ TOR,W,127,50.0,29,6.0,7,10,0.505,0.917,0.281,20.0,Los Angeles Clippers
0022300636,2024-01-26,22023,IND vs. PHX,W,133,48.0,34,8.0,3,12,0.532,0.6,0.308,2.0,Indiana Pacers
0022300635,2024-01-26,22023,HOU @ CHA,W,138,53.0,34,7.0,10,12,0.562,0.806,0.394,34.0,Houston Rockets
0022300639,2024-01-26,22023,CLE @ MIL,W,112,51.0,20,7.0,8,13,0.413,0.71,0.389,12.0,Cleveland Cavaliers
0022300639,2024-01-26,22023,MIL vs. CLE,L,100,51.0,21,6.0,4,18,0.402,0.708,0.382,-12.0,Milwaukee Bucks
0022300640,2024-01-26,22023,NOP vs. OKC,L,83,41.0,24,9.0,5,20,0.39,0.714,0.25,-24.0,New Orleans Pelicans
0022300634,2024-01-26,22023,DAL @ ATL,W,148,37.0,28,3.0,5,13,0.6,0.844,0.543,5.0,Dallas Mavericks
0022300641,2024-01-26,22023,SAS vs. POR,W,116,59.0,30,12.0,5,17,0.457,0.846,0.294,16.0,San Antonio Spurs
0022300637,2024-01-26,22023,TOR vs. LAC,L,107,45.0,26,6.0,3,11,0.458,0.591,0.188,-20.0,Toronto Raptors
0022300636,2024-01-26,22023,PHX @ IND,L,131,38.0,24,8.0,5,20,0.573,0.889,0.433,-2.0,Phoenix Suns
0022300638,2024-01-26,22023,ORL @ MEM,L,106,40.0,21,8.0,4,11,0.469,0.724,0.265,-1.0,Orlando Magic
0022300635,2024-01-26,22023,CHA vs. HOU,L,104,32.0,20,6.0,7,13,0.412,0.781,0.31,-34.0,Charlotte Hornets
0022300638,2024-01-26,22023,MEM vs. ORL,W,107,43.0,30,9.0,7,13,0.467,0.615,0.366,1.0,Memphis Grizzlies
0022300642,2024-01-27,22023,WAS @ DET,W,118,50.0,26,10.0,4,9,0.45,0.81,0.324,14.0,Washington Wizards
0022300649,2024-01-27,22023,MIN @ SAS,L,112,32.0,30,9.0,6,13,0.57,0.533,0.538,-1.0,Minnesota Timberwolves
0022300643,2024-01-27,22023,MIA @ NYK,L,109,38.0,26,6.0,4,8,0.466,0.813,0.378,-16.0,Miami Heat
0022300645,2024-01-27,22023,BKN vs. HOU,W,106,40.0,24,11.0,6,19,0.486,0.595,0.353,2.0,Brooklyn Nets
0022300647,2024-01-27,22023,UTA @ CHA,W,134,49.0,38,6.0,6,13,0.559,0.765,0.415,12.0,Utah Jazz
0022300644,2024-01-27,22023,PHI @ DEN,L,105,39.0,25,5.0,6,11,0.531,0.813,0.273,-6.0,Philadelphia 76ers
0022300645,2024-01-27,22023,HOU @ BKN,L,104,55.0,20,6.0,3,17,0.394,0.87,0.27,-2.0,Houston Rockets
0022300651,2024-01-27,22023,SAC @ DAL,W,120,39.0,27,4.0,10,13,0.538,0.767,0.367,5.0,Sacramento Kings
0022300642,2024-01-27,22023,DET vs. WAS,L,104,45.0,22,2.0,8,17,0.435,0.778,0.281,-14.0,Detroit Pistons
0022300643,2024-01-27,22023,NYK vs. MIA,W,125,46.0,25,6.0,3,7,0.517,0.692,0.515,16.0,New York Knicks
0022300649,2024-01-27,22023,SAS vs. MIN,W,113,39.0,35,7.0,7,15,0.548,0.533,0.433,1.0,San Antonio Spurs
0022300646,2024-01-27,22023,BOS vs. LAC,L,96,52.0,21,2.0,9,11,0.36,0.875,0.25,-19.0,Boston Celtics
0022300648,2024-01-27,22023,NOP @ MIL,L,117,43.0,20,5.0,3,14,0.471,0.778,0.391,-24.0,New Orleans Pelicans
0022300650,2024-01-27,22023,GSW vs. LAL,L,144,50.0,37,11.0,3,17,0.462,0.688,0.397,-1.0,Golden State Warriors
0022300647,2024-01-27,22023,CHA vs. UTA,L,122,35.0,35,7.0,6,10,0.511,0.714,0.406,-12.0,Charlotte Hornets
0022300646,2024-01-27,22023,LAC @ BOS,W,115,58.0,28,8.0,8,7,0.441,0.833,0.25,19.0,Los Angeles Clippers
0022300644,2024-01-27,22023,DEN vs. PHI,W,111,44.0,25,5.0,3,7,0.451,0.632,0.351,6.0,Denver Nuggets
0022300650,2024-01-27,22023,LAL @ GSW,W,145,55.0,33,9.0,5,19,0.485,0.884,0.333,1.0,Los Angeles Lakers
0022300648,2024-01-27,22023,MIL vs. NOP,W,141,45.0,30,12.0,0,9,0.56,0.76,0.444,24.0,Milwaukee Bucks
0022300651,2024-01-27,22023,DAL vs. SAC,L,115,43.0,35,7.0,2,10,0.439,0.722,0.348,-5.0,Dallas Mavericks
0022300653,2024-01-28,22023,TOR @ ATL,L,125,46.0,29,12.0,3,14,0.461,0.875,0.484,-1.0,Toronto Raptors
0022300654,2024-01-28,22023,OKC @ DET,L,104,43.0,17,7.0,5,10,0.478,0.667,0.286,-16.0,Oklahoma City Thunder
0022300652,2024-01-28,22023,IND vs. MEM,W,116,44.0,31,8.0,6,10,0.489,0.938,0.371,6.0,Indiana Pacers
0022300652,2024-01-28,22023,MEM @ IND,L,110,45.0,20,5.0,7,13,0.463,0.742,0.367,-6.0,Memphis Grizzlies
0022300653,2024-01-28,22023,ATL vs. TOR,W,126,51.0,27,7.0,4,14,0.463,0.8,0.222,1.0,Atlanta Hawks
0022300656,2024-01-28,22023,POR vs. CHI,L,96,48.0,22,2.0,5,13,0.405,0.897,0.182,-8.0,Portland Trail Blazers
0022300656,2024-01-28,22023,CHI @ POR,W,104,40.0,27,7.0,10,4,0.467,0.706,0.25,8.0,Chicago Bulls
0022300654,2024-01-28,22023,DET vs. OKC,W,120,53.0,27,6.0,2,9,0.495,0.789,0.423,16.0,Detroit Pistons
0022300655,2024-01-28,22023,ORL vs. PHX,W,113,40.0,30,12.0,7,7,0.446,0.731,0.333,15.0,Orlando Magic
0022300655,2024-01-28,22023,PHX @ ORL,L,98,39.0,19,4.0,5,22,0.562,0.571,0.286,-15.0,Phoenix Suns
0022300664,2024-01-29,22023,MIN @ OKC,W,107,45.0,21,7.0,2,13,0.482,0.867,0.483,6.0,Minnesota Timberwolves
0022300668,2024-01-29,22023,POR vs. PHI,W,130,39.0,29,7.0,5,13,0.548,0.897,0.429,26.0,Portland Trail Blazers
0022300668,2024-01-29,22023,PHI @ POR,L,104,34.0,17,6.0,5,14,0.446,0.893,0.172,-26.0,Philadelphia 76ers
0022300663,2024-01-29,22023,SAC @ MEM,W,103,51.0,24,10.0,1,19,0.512,0.6,0.289,9.0,Sacramento Kings
0022300662,2024-01-29,22023,HOU vs. LAL,W,135,56.0,36,10.0,2,15,0.531,0.76,0.333,16.0,Houston Rockets
0022300657,2024-01-29,22023,NYK @ CHA,W,113,42.0,25,5.0,3,9,0.524,0.813,0.324,21.0,New York Knicks
0022300664,2024-01-29,22023,OKC vs. MIN,L,101,38.0,21,5.0,7,12,0.443,0.773,0.4,-6.0,Oklahoma City Thunder
0022300666,2024-01-29,22023,ORL @ DAL,L,129,35.0,27,7.0,1,11,0.511,0.75,0.474,-2.0,Orlando Magic
0022300661,2024-01-29,22023,MIA vs. PHX,L,105,44.0,20,5.0,5,11,0.393,1.0,0.389,-13.0,Miami Heat
0022300666,2024-01-29,22023,DAL vs. ORL,W,131,35.0,27,6.0,2,15,0.623,0.744,0.481,2.0,Dallas Mavericks
0022300663,2024-01-29,22023,MEM vs. SAC,L,94,37.0,22,11.0,1,14,0.375,0.75,0.361,-9.0,Memphis Grizzlies
0022300661,2024-01-29,22023,PHX @ MIA,W,118,47.0,30,8.0,8,7,0.489,0.706,0.35,13.0,Phoenix Suns
0022300659,2024-01-29,22023,BOS vs. NOP,W,118,40.0,27,7.0,5,11,0.506,0.75,0.37,6.0,Boston Celtics
0022300658,2024-01-29,22023,CLE vs. LAC,W,118,46.0,28,6.0,3,13,0.488,0.808,0.325,10.0,Cleveland Cavaliers
0022300665,2024-01-29,22023,WAS @ SAS,W,118,45.0,32,9.0,8,18,0.535,0.708,0.36,5.0,Washington Wizards
0022300662,2024-01-29,22023,LAL @ HOU,L,119,35.0,26,10.0,6,12,0.495,0.615,0.371,-16.0,Los Angeles Lakers
0022300665,2024-01-29,22023,SAS vs. WAS,L,113,36.0,31,10.0,7,14,0.467,0.882,0.4,-5.0,San Antonio Spurs
0022300660,2024-01-29,22023,BKN vs. UTA,W,147,50.0,41,12.0,9,8,0.514,0.947,0.467,33.0,Brooklyn Nets
0022300659,2024-01-29,22023,NOP @ BOS,L,112,40.0,21,7.0,6,12,0.505,0.769,0.286,-6.0,New Orleans Pelicans
0022300660,2024-01-29,22023,UTA @ BKN,L,114,44.0,23,3.0,7,17,0.453,0.794,0.333,-33.0,Utah Jazz
0022300667,2024-01-29,22023,DEN vs. MIL,W,113,47.0,29,7.0,4,8,0.484,0.875,0.222,6.0,Denver Nuggets
0022300658,2024-01-29,22023,LAC @ CLE,L,108,37.0,28,8.0,3,12,0.475,0.75,0.324,-10.0,Los Angeles Clippers
0022300657,2024-01-29,22023,CHA vs. NYK,L,92,41.0,23,4.0,6,13,0.457,0.5,0.344,-21.0,Charlotte Hornets
0022300667,2024-01-29,22023,MIL @ DEN,L,107,40.0,24,3.0,7,12,0.429,0.76,0.4,-6.0,Milwaukee Bucks
0022300669,2024-01-30,22023,ATL vs. LAL,W,138,46.0,32,10.0,2,12,0.525,0.889,0.421,16.0,Atlanta Hawks
0022300672,2024-01-30,22023,CHI vs. TOR,L,107,33.0,21,9.0,9,17,0.507,0.741,0.344,-11.0,Chicago Bulls
0022300672,2024-01-30,22023,TOR @ CHI,W,118,38.0,34,10.0,4,19,0.518,0.9,0.483,11.0,Toronto Raptors
0022300669,2024-01-30,22023,LAL @ ATL,L,122,37.0,28,12.0,3,14,0.533,0.56,0.364,-16.0,Los Angeles Lakers
0022300671,2024-01-30,22023,NYK vs. UTA,W,118,45.0,29,9.0,7,5,0.468,0.944,0.382,15.0,New York Knicks
0022300671,2024-01-30,22023,UTA @ NYK,L,103,43.0,23,3.0,5,14,0.453,0.765,0.333,-15.0,Utah Jazz
0022300673,2024-01-30,22023,PHI @ GSW,L,107,39.0,11,14.0,2,16,0.459,0.762,0.433,-12.0,Philadelphia 76ers
0022300670,2024-01-30,22023,IND @ BOS,L,124,50.0,33,4.0,2,7,0.463,0.8,0.308,-5.0,Indiana Pacers
0022300670,2024-01-30,22023,BOS vs. IND,W,129,40.0,25,6.0,9,10,0.54,0.818,0.472,5.0,Boston Celtics
0022300673,2024-01-30,22023,GSW vs. PHI,W,119,42.0,32,6.0,6,16,0.557,0.895,0.438,12.0,Golden State Warriors
0022300681,2024-01-31,22023,SAS vs. ORL,L,98,41.0,24,9.0,9,17,0.45,0.708,0.29,-10.0,San Antonio Spurs
0022300675,2024-01-31,22023,DET @ CLE,L,121,35.0,27,8.0,3,17,0.556,0.789,0.516,-7.0,Detroit Pistons
0022300676,2024-01-31,22023,LAC @ WAS,W,125,52.0,25,9.0,7,8,0.47,0.864,0.4,16.0,Los Angeles Clippers
0022300674,2024-01-31,22023,CHA vs. CHI,L,110,40.0,25,4.0,6,9,0.444,0.824,0.348,-7.0,Charlotte Hornets
0022300683,2024-01-31,22023,MIL @ POR,L,116,39.0,27,7.0,5,13,0.489,0.722,0.289,-3.0,Milwaukee Bucks
0022300679,2024-01-31,22023,NOP @ HOU,W,110,56.0,20,3.0,6,16,0.5,0.708,0.324,11.0,New Orleans Pelicans
0022300677,2024-01-31,22023,PHX @ BKN,W,136,42.0,35,5.0,6,15,0.62,0.75,0.5,16.0,Phoenix Suns
0022300677,2024-01-31,22023,BKN vs. PHX,L,120,27.0,28,11.0,1,11,0.5,0.769,0.41,-16.0,Brooklyn Nets
0022300682,2024-01-31,22023,OKC vs. DEN,W,105,53.0,24,2.0,9,11,0.425,0.8,0.423,5.0,Oklahoma City Thunder
0022300678,2024-01-31,22023,MIA vs. SAC,W,115,49.0,38,3.0,2,8,0.5,0.783,0.464,9.0,Miami Heat
0022300676,2024-01-31,22023,WAS vs. LAC,L,109,45.0,19,4.0,10,13,0.464,0.667,0.31,-16.0,Washington Wizards
0022300681,2024-01-31,22023,ORL @ SAS,W,108,45.0,29,10.0,5,15,0.477,0.826,0.35,10.0,Orlando Magic
0022300682,2024-01-31,22023,DEN @ OKC,L,100,47.0,21,7.0,9,8,0.398,0.688,0.405,-5.0,Denver Nuggets
0022300675,2024-01-31,22023,CLE vs. DET,W,128,33.0,26,13.0,5,9,0.528,0.957,0.343,7.0,Cleveland Cavaliers
0022300683,2024-01-31,22023,POR vs. MIL,W,119,39.0,26,9.0,1,11,0.533,1.0,0.429,3.0,Portland Trail Blazers
0022300679,2024-01-31,22023,HOU vs. NOP,L,99,29.0,19,11.0,2,5,0.402,0.941,0.295,-11.0,Houston Rockets
0022300674,2024-01-31,22023,CHI @ CHA,W,117,44.0,28,4.0,7,9,0.517,0.727,0.379,7.0,Chicago Bulls
0022300680,2024-01-31,22023,MIN vs. DAL,W,121,45.0,31,6.0,4,10,0.563,0.6,0.433,34.0,Minnesota Timberwolves
0022300680,2024-01-31,22023,DAL @ MIN,L,87,31.0,18,4.0,4,16,0.408,0.731,0.207,-34.0,Dallas Mavericks
0022300678,2024-01-31,22023,SAC @ MIA,L,106,44.0,26,6.0,3,9,0.441,0.667,0.3,-9.0,Sacramento Kings
0022300685,2024-02-01,22023,NYK vs. IND,W,109,60.0,15,8.0,7,10,0.398,0.76,0.211,4.0,New York Knicks
0022300686,2024-02-01,22023,UTA vs. PHI,L,124,43.0,36,3.0,9,9,0.517,0.88,0.333,-3.0,Utah Jazz
0022300684,2024-02-01,22023,LAL @ BOS,W,114,52.0,30,11.0,2,7,0.404,0.731,0.528,9.0,Los Angeles Lakers
0022300687,2024-02-01,22023,CLE @ MEM,W,108,48.0,26,6.0,8,14,0.477,0.667,0.4,7.0,Cleveland Cavaliers
0022300684,2024-02-01,22023,BOS vs. LAL,L,105,54.0,30,4.0,12,15,0.423,1.0,0.333,-9.0,Boston Celtics
0022300686,2024-02-01,22023,PHI @ UTA,W,127,40.0,27,6.0,11,4,0.5,0.905,0.438,3.0,Philadelphia 76ers
0022300685,2024-02-01,22023,IND @ NYK,L,105,44.0,21,9.0,9,13,0.452,0.615,0.394,-4.0,Indiana Pacers
0022300687,2024-02-01,22023,MEM vs. CLE,L,101,43.0,25,9.0,12,12,0.411,0.882,0.316,-7.0,Memphis Grizzlies
0022300690,2024-02-02,22023,ATL vs. PHX,W,129,43.0,29,7.0,4,9,0.516,0.778,0.386,9.0,Atlanta Hawks
0022300693,2024-02-02,22023,GSW @ MEM,W,121,46.0,32,7.0,8,14,0.554,0.818,0.379,20.0,Golden State Warriors
0022300696,2024-02-02,22023,SAS vs. NOP,L,113,55.0,35,6.0,10,18,0.479,0.611,0.256,-1.0,San Antonio Spurs
0022300697,2024-02-02,22023,DEN vs. POR,W,120,48.0,34,3.0,6,11,0.505,0.941,0.333,12.0,Denver Nuggets
0022300689,2024-02-02,22023,WAS vs. MIA,L,102,43.0,28,5.0,4,8,0.411,0.81,0.262,-8.0,Washington Wizards
0022300694,2024-02-02,22023,MIN vs. ORL,L,106,38.0,24,8.0,5,17,0.463,0.9,0.316,-2.0,Minnesota Timberwolves
0022300691,2024-02-02,22023,IND vs. SAC,L,122,39.0,23,13.0,3,22,0.541,0.833,0.345,-11.0,Indiana Pacers
0022300688,2024-02-02,22023,DET vs. LAC,L,125,38.0,28,5.0,3,16,0.506,0.75,0.425,-11.0,Detroit Pistons
0022300693,2024-02-02,22023,MEM vs. GSW,L,101,37.0,30,7.0,4,13,0.402,0.708,0.304,-20.0,Memphis Grizzlies
0022300697,2024-02-02,22023,POR @ DEN,L,108,37.0,14,7.0,4,8,0.463,0.8,0.357,-12.0,Portland Trail Blazers
0022300692,2024-02-02,22023,TOR @ HOU,L,106,37.0,17,11.0,5,14,0.44,0.75,0.333,-29.0,Toronto Raptors
0022300694,2024-02-02,22023,ORL @ MIN,W,108,42.0,24,11.0,4,13,0.459,0.808,0.36,2.0,Orlando Magic
0022300688,2024-02-02,22023,LAC @ DET,W,136,36.0,31,12.0,5,9,0.596,0.842,0.483,11.0,Los Angeles Clippers
0022300695,2024-02-02,22023,CHA @ OKC,L,106,35.0,22,12.0,4,14,0.446,0.714,0.452,-20.0,Charlotte Hornets
0022300692,2024-02-02,22023,HOU vs. TOR,W,135,49.0,30,9.0,3,14,0.591,0.824,0.355,29.0,Houston Rockets
0022300696,2024-02-02,22023,NOP @ SAS,W,114,39.0,29,14.0,3,9,0.484,0.714,0.269,1.0,New Orleans Pelicans
0022300690,2024-02-02,22023,PHX @ ATL,L,120,38.0,31,6.0,5,16,0.534,0.857,0.378,-9.0,Phoenix Suns
0022300691,2024-02-02,22023,SAC @ IND,W,133,38.0,26,15.0,3,16,0.567,0.643,0.382,11.0,Sacramento Kings
0022300695,2024-02-02,22023,OKC vs. CHA,W,126,44.0,31,10.0,10,16,0.587,0.778,0.472,20.0,Oklahoma City Thunder
0022300689,2024-02-02,22023,MIA @ WAS,W,110,59.0,24,4.0,1,12,0.432,0.771,0.226,8.0,Miami Heat
0022300698,2024-02-03,22023,BKN @ PHI,W,136,53.0,35,3.0,5,10,0.516,0.783,0.392,15.0,Brooklyn Nets
0022300703,2024-02-03,22023,SAS vs. CLE,L,101,54.0,23,6.0,6,11,0.367,0.81,0.3,-16.0,San Antonio Spurs
0022300702,2024-02-03,22023,DAL vs. MIL,L,117,42.0,22,9.0,1,21,0.494,0.913,0.41,-12.0,Dallas Mavericks
0022300700,2024-02-03,22023,CHI vs. SAC,L,115,47.0,24,13.0,3,16,0.462,0.909,0.324,-8.0,Chicago Bulls
0022300700,2024-02-03,22023,SAC @ CHI,W,123,40.0,33,12.0,1,16,0.5,0.828,0.385,8.0,Sacramento Kings
0022300701,2024-02-03,22023,NYK vs. LAL,L,105,51.0,21,1.0,4,7,0.41,0.867,0.286,-8.0,New York Knicks
0022300699,2024-02-03,22023,GSW @ ATL,L,134,57.0,26,4.0,7,14,0.446,0.8,0.321,-7.0,Golden State Warriors
0022300703,2024-02-03,22023,CLE @ SAS,W,117,51.0,31,6.0,4,9,0.474,0.923,0.295,16.0,Cleveland Cavaliers
0022300701,2024-02-03,22023,LAL @ NYK,W,113,38.0,28,4.0,11,5,0.488,0.852,0.387,8.0,Los Angeles Lakers
0022300702,2024-02-03,22023,MIL @ DAL,W,129,36.0,34,13.0,2,11,0.568,0.68,0.4,12.0,Milwaukee Bucks
0022300698,2024-02-03,22023,PHI vs. BKN,L,121,44.0,26,7.0,1,5,0.458,0.778,0.414,-15.0,Philadelphia 76ers
0022300699,2024-02-03,22023,ATL vs. GSW,W,141,57.0,27,5.0,4,8,0.482,0.773,0.326,7.0,Atlanta Hawks
0022300705,2024-02-04,22023,WAS vs. PHX,L,112,35.0,32,11.0,4,18,0.49,0.647,0.219,-28.0,Washington Wizards
0022300708,2024-02-04,22023,MIA vs. LAC,L,95,45.0,24,9.0,0,10,0.418,0.917,0.267,-8.0,Miami Heat
0022300704,2024-02-04,22023,ORL @ DET,W,111,37.0,22,7.0,3,10,0.536,0.733,0.417,12.0,Orlando Magic
0022300706,2024-02-04,22023,BOS vs. MEM,W,131,57.0,30,12.0,4,10,0.485,0.889,0.373,40.0,Boston Celtics
0022300705,2024-02-04,22023,PHX @ WAS,W,140,42.0,33,13.0,6,17,0.614,0.808,0.44,28.0,Phoenix Suns
0022300709,2024-02-04,22023,HOU @ MIN,L,90,41.0,20,10.0,7,11,0.352,0.667,0.333,-21.0,Houston Rockets
0022300711,2024-02-04,22023,MIL @ UTA,L,108,32.0,27,8.0,3,11,0.464,0.6,0.366,-15.0,Milwaukee Bucks
0022300709,2024-02-04,22023,MIN vs. HOU,W,111,58.0,21,6.0,11,15,0.444,0.741,0.367,21.0,Minnesota Timberwolves
0022300707,2024-02-04,22023,CHA vs. IND,L,99,43.0,18,6.0,5,10,0.398,0.84,0.276,-16.0,Charlotte Hornets
0022300708,2024-02-04,22023,LAC @ MIA,W,103,48.0,23,6.0,5,15,0.442,0.864,0.41,8.0,Los Angeles Clippers
0022300712,2024-02-04,22023,DEN vs. POR,W,112,42.0,26,8.0,6,8,0.488,0.842,0.429,9.0,Denver Nuggets
0022300711,2024-02-04,22023,UTA vs. MIL,W,123,52.0,31,3.0,3,16,0.483,0.833,0.386,15.0,Utah Jazz
0022300704,2024-02-04,22023,DET vs. ORL,L,99,36.0,22,6.0,5,15,0.45,0.864,0.258,-12.0,Detroit Pistons
0022300712,2024-02-04,22023,POR @ DEN,L,103,42.0,29,6.0,3,13,0.459,0.933,0.355,-9.0,Portland Trail Blazers
0022300706,2024-02-04,22023,MEM @ BOS,L,91,46.0,19,5.0,3,20,0.38,0.833,0.289,-40.0,Memphis Grizzlies
0022300710,2024-02-04,22023,OKC vs. TOR,W,135,45.0,40,6.0,8,10,0.473,1.0,0.365,8.0,Oklahoma City Thunder
0022300707,2024-02-04,22023,IND @ CHA,W,115,49.0,34,5.0,4,11,0.489,0.778,0.333,16.0,Indiana Pacers
0022300710,2024-02-04,22023,TOR @ OKC,L,127,48.0,38,6.0,5,11,0.475,0.81,0.4,-8.0,Toronto Raptors
0022300714,2024-02-05,22023,SAC @ CLE,L,110,40.0,28,5.0,1,12,0.462,0.583,0.386,-26.0,Sacramento Kings
0022300716,2024-02-05,22023,ATL vs. LAC,L,144,39.0,35,5.0,4,11,0.537,0.815,0.513,-5.0,Atlanta Hawks
0022300717,2024-02-05,22023,GSW @ BKN,W,109,60.0,24,7.0,8,13,0.462,0.826,0.182,11.0,Golden State Warriors
0022300713,2024-02-05,22023,CHA vs. LAL,L,118,34.0,26,9.0,1,9,0.49,0.786,0.406,-6.0,Charlotte Hornets
0022300715,2024-02-05,22023,PHI vs. DAL,L,102,51.0,20,8.0,5,11,0.43,0.7,0.276,-16.0,Philadelphia 76ers
0022300716,2024-02-05,22023,LAC @ ATL,W,149,36.0,32,8.0,5,7,0.584,0.774,0.6,5.0,Los Angeles Clippers
0022300718,2024-02-05,22023,TOR @ NOP,L,100,38.0,27,4.0,6,18,0.476,0.667,0.323,-38.0,Toronto Raptors
0022300715,2024-02-05,22023,DAL @ PHI,W,118,44.0,28,6.0,4,9,0.483,0.739,0.395,16.0,Dallas Mavericks
0022300717,2024-02-05,22023,BKN vs. GSW,L,98,38.0,23,7.0,12,10,0.382,0.773,0.31,-11.0,Brooklyn Nets
0022300713,2024-02-05,22023,LAL @ CHA,W,124,48.0,36,5.0,6,16,0.562,0.842,0.235,6.0,Los Angeles Lakers
0022300714,2024-02-05,22023,CLE vs. SAC,W,136,45.0,36,10.0,5,8,0.58,0.647,0.561,26.0,Cleveland Cavaliers
0022300718,2024-02-05,22023,NOP vs. TOR,W,138,51.0,36,11.0,5,7,0.51,1.0,0.422,38.0,New Orleans Pelicans
0022300719,2024-02-06,22023,IND vs. HOU,W,132,25.0,35,7.0,7,12,0.628,0.643,0.469,3.0,Indiana Pacers
0022300725,2024-02-06,22023,MIL @ PHX,L,106,44.0,23,10.0,4,12,0.433,0.6,0.325,-8.0,Milwaukee Bucks
0022300724,2024-02-06,22023,UTA vs. OKC,W,124,48.0,29,9.0,8,17,0.517,0.9,0.4,7.0,Utah Jazz
0022300721,2024-02-06,22023,ORL @ MIA,L,95,39.0,25,7.0,3,18,0.438,0.714,0.286,-26.0,Orlando Magic
0022300721,2024-02-06,22023,MIA vs. ORL,W,121,45.0,31,10.0,3,13,0.54,0.778,0.361,26.0,Miami Heat
0022300724,2024-02-06,22023,OKC @ UTA,L,117,32.0,26,9.0,9,11,0.478,0.667,0.514,-7.0,Oklahoma City Thunder
0022300722,2024-02-06,22023,MEM @ NYK,L,113,35.0,33,4.0,5,18,0.513,0.625,0.568,-10.0,Memphis Grizzlies
0022300723,2024-02-06,22023,CHI vs. MIN,W,129,48.0,24,9.0,16,14,0.484,0.844,0.4,6.0,Chicago Bulls
0022300725,2024-02-06,22023,PHX vs. MIL,W,114,49.0,17,8.0,5,13,0.506,0.667,0.286,8.0,Phoenix Suns
0022300720,2024-02-06,22023,BKN vs. DAL,L,107,43.0,33,6.0,5,10,0.451,0.867,0.364,-12.0,Brooklyn Nets
0022300719,2024-02-06,22023,HOU @ IND,L,129,48.0,26,5.0,3,15,0.515,0.739,0.48,-3.0,Houston Rockets
0022300720,2024-02-06,22023,DAL @ BKN,W,119,45.0,25,7.0,3,10,0.505,0.615,0.442,12.0,Dallas Mavericks
0022300722,2024-02-06,22023,NYK vs. MEM,W,123,37.0,28,12.0,5,10,0.558,0.8,0.407,10.0,New York Knicks
0022300723,2024-02-06,22023,MIN @ CHI,L,123,42.0,28,6.0,5,13,0.457,0.731,0.444,-6.0,Minnesota Timberwolves
0022300727,2024-02-07,22023,PHI vs. GSW,L,104,40.0,21,7.0,8,14,0.418,1.0,0.25,-23.0,Philadelphia 76ers
0022300732,2024-02-07,22023,DET @ SAC,W,133,48.0,32,2.0,2,11,0.56,1.0,0.548,13.0,Detroit Pistons
0022300732,2024-02-07,22023,SAC vs. DET,L,120,33.0,31,7.0,6,4,0.474,0.682,0.341,-13.0,Sacramento Kings
0022300731,2024-02-07,22023,NOP @ LAC,W,117,38.0,30,13.0,5,12,0.534,0.688,0.375,11.0,New Orleans Pelicans
0022300728,2024-02-07,22023,CLE @ WAS,W,114,46.0,25,4.0,5,14,0.489,0.727,0.343,8.0,Cleveland Cavaliers
0022300726,2024-02-07,22023,TOR @ CHA,W,123,41.0,30,5.0,3,9,0.531,0.833,0.515,6.0,Toronto Raptors
0022300729,2024-02-07,22023,BOS vs. ATL,W,125,45.0,33,6.0,9,14,0.527,0.909,0.347,8.0,Boston Celtics
0022300727,2024-02-07,22023,GSW @ PHI,W,127,52.0,30,7.0,8,12,0.5,0.773,0.421,23.0,Golden State Warriors
0022300728,2024-02-07,22023,WAS vs. CLE,L,106,47.0,27,10.0,5,15,0.447,0.667,0.4,-8.0,Washington Wizards
0022300731,2024-02-07,22023,LAC vs. NOP,L,106,37.0,23,7.0,2,19,0.462,0.846,0.375,-11.0,Los Angeles Clippers
0022300726,2024-02-07,22023,CHA vs. TOR,L,117,38.0,27,6.0,2,10,0.489,0.65,0.41,-6.0,Charlotte Hornets
0022300729,2024-02-07,22023,ATL @ BOS,L,117,49.0,24,8.0,2,9,0.422,0.9,0.317,-8.0,Atlanta Hawks
0022300730,2024-02-07,22023,MIA vs. SAS,W,116,45.0,29,8.0,2,10,0.494,0.783,0.316,12.0,Miami Heat
0022300730,2024-02-07,22023,SAS @ MIA,L,104,46.0,30,6.0,2,14,0.456,0.588,0.324,-12.0,San Antonio Spurs
0022300740,2024-02-08,22023,DEN @ LAL,W,114,50.0,33,4.0,6,12,0.485,0.857,0.438,8.0,Denver Nuggets
0022300738,2024-02-08,22023,MIL vs. MIN,L,105,35.0,35,6.0,3,13,0.494,0.688,0.424,-24.0,Milwaukee Bucks
0022300741,2024-02-08,22023,POR vs. DET,L,122,38.0,29,9.0,7,15,0.461,0.879,0.367,-6.0,Portland Trail Blazers
0022300735,2024-02-08,22023,BKN vs. CLE,L,95,34.0,22,9.0,3,12,0.398,0.786,0.4,-23.0,Brooklyn Nets
0022300739,2024-02-08,22023,PHX vs. UTA,W,129,37.0,37,10.0,7,12,0.591,0.688,0.483,14.0,Phoenix Suns
0022300737,2024-02-08,22023,MEM vs. CHI,L,110,34.0,26,8.0,4,9,0.462,0.615,0.391,-8.0,Memphis Grizzlies
0022300740,2024-02-08,22023,LAL vs. DEN,L,106,39.0,27,12.0,10,7,0.461,0.727,0.32,-8.0,Los Angeles Lakers
0022300735,2024-02-08,22023,CLE @ BKN,W,118,48.0,26,8.0,13,15,0.538,1.0,0.405,23.0,Cleveland Cavaliers
0022300733,2024-02-08,22023,IND vs. GSW,L,109,30.0,31,11.0,6,14,0.481,0.704,0.387,-22.0,Indiana Pacers
0022300741,2024-02-08,22023,DET @ POR,W,128,45.0,26,3.0,7,16,0.484,0.71,0.593,6.0,Detroit Pistons
0022300738,2024-02-08,22023,MIN @ MIL,W,129,43.0,34,8.0,3,8,0.552,0.75,0.512,24.0,Minnesota Timberwolves
0022300737,2024-02-08,22023,CHI @ MEM,W,118,46.0,24,3.0,4,14,0.544,0.909,0.462,8.0,Chicago Bulls
0022300733,2024-02-08,22023,GSW @ IND,W,131,49.0,33,7.0,7,17,0.559,0.769,0.531,22.0,Golden State Warriors
0022300734,2024-02-08,22023,ORL vs. SAS,W,127,39.0,34,11.0,5,16,0.598,0.65,0.593,16.0,Orlando Magic
0022300736,2024-02-08,22023,DAL @ NYK,W,122,40.0,30,7.0,6,8,0.524,0.783,0.429,14.0,Dallas Mavericks
0022300739,2024-02-08,22023,UTA @ PHX,L,115,52.0,28,7.0,7,15,0.436,0.677,0.343,-14.0,Utah Jazz
0022300736,2024-02-08,22023,NYK vs. DAL,L,108,46.0,27,5.0,2,14,0.447,0.909,0.378,-14.0,New York Knicks
0022300734,2024-02-08,22023,SAS @ ORL,L,111,27.0,29,7.0,5,14,0.519,0.941,0.314,-16.0,San Antonio Spurs
0022300743,2024-02-09,22023,WAS @ BOS,L,129,39.0,32,8.0,1,12,0.474,0.905,0.426,-4.0,Washington Wizards
0022300745,2024-02-09,22023,CHA @ MIL,L,84,48.0,17,2.0,2,13,0.342,0.793,0.241,-36.0,Charlotte Hornets
0022300744,2024-02-09,22023,TOR vs. HOU,W,107,41.0,24,14.0,8,11,0.421,0.895,0.303,3.0,Toronto Raptors
0022300746,2024-02-09,22023,DEN @ SAC,L,106,35.0,26,9.0,5,20,0.463,0.714,0.345,-29.0,Denver Nuggets
0022300743,2024-02-09,22023,BOS vs. WAS,W,133,49.0,25,9.0,5,13,0.522,0.929,0.324,4.0,Boston Celtics
0022300745,2024-02-09,22023,MIL vs. CHA,W,120,53.0,26,8.0,5,5,0.436,0.833,0.346,36.0,Milwaukee Bucks
0022300747,2024-02-09,22023,LAL vs. NOP,W,139,32.0,32,5.0,5,7,0.557,0.844,0.452,17.0,Los Angeles Lakers
0022300742,2024-02-09,22023,PHI vs. ATL,L,121,49.0,24,7.0,6,9,0.429,0.759,0.333,-6.0,Philadelphia 76ers
0022300746,2024-02-09,22023,SAC vs. DEN,W,135,42.0,32,11.0,1,16,0.586,0.889,0.5,29.0,Sacramento Kings
0022300744,2024-02-09,22023,HOU @ TOR,L,104,48.0,22,5.0,3,21,0.447,0.813,0.395,-3.0,Houston Rockets
0022300747,2024-02-09,22023,NOP @ LAL,L,122,41.0,28,5.0,7,13,0.517,0.826,0.379,-17.0,New Orleans Pelicans
0022300742,2024-02-09,22023,ATL @ PHI,W,127,40.0,31,4.0,9,13,0.519,0.818,0.444,6.0,Atlanta Hawks
0022300755,2024-02-10,22023,IND @ NYK,W,125,41.0,30,4.0,3,15,0.61,0.579,0.483,14.0,Indiana Pacers
0022300748,2024-02-10,22023,OKC @ DAL,L,111,40.0,23,5.0,4,10,0.388,0.857,0.362,-35.0,Oklahoma City Thunder
0022300751,2024-02-10,22023,CHA vs. MEM,W,115,43.0,30,8.0,4,19,0.573,0.714,0.516,9.0,Charlotte Hornets
0022300752,2024-02-10,22023,ORL vs. CHI,W,114,48.0,23,4.0,6,15,0.466,0.731,0.333,6.0,Orlando Magic
0022300758,2024-02-10,22023,POR vs. NOP,L,84,42.0,19,7.0,4,17,0.434,0.706,0.286,-9.0,Portland Trail Blazers
0022300758,2024-02-10,22023,NOP @ POR,W,93,36.0,27,9.0,6,12,0.474,0.688,0.37,9.0,New Orleans Pelicans
0022300756,2024-02-10,22023,TOR vs. CLE,L,95,40.0,22,7.0,3,11,0.402,0.696,0.29,-24.0,Toronto Raptors
0022300757,2024-02-10,22023,PHX @ GSW,L,112,42.0,28,9.0,8,14,0.457,0.938,0.324,-1.0,Phoenix Suns
0022300755,2024-02-10,22023,NYK vs. IND,L,111,32.0,16,7.0,4,9,0.476,0.913,0.313,-14.0,New York Knicks
0022300752,2024-02-10,22023,CHI @ ORL,L,108,43.0,21,10.0,6,8,0.434,0.714,0.324,-6.0,Chicago Bulls
0022300750,2024-02-10,22023,BKN vs. SAS,W,123,41.0,31,8.0,7,11,0.563,0.727,0.5,20.0,Brooklyn Nets
0022300753,2024-02-10,22023,PHI @ WAS,W,119,48.0,28,8.0,4,11,0.48,0.652,0.296,6.0,Philadelphia 76ers
0022300754,2024-02-10,22023,HOU @ ATL,L,113,58.0,22,6.0,6,17,0.44,0.632,0.302,-9.0,Houston Rockets
0022300751,2024-02-10,22023,MEM @ CHA,L,106,32.0,33,12.0,5,12,0.467,0.5,0.364,-9.0,Memphis Grizzlies
0022300749,2024-02-10,22023,LAC vs. DET,W,112,35.0,20,9.0,6,11,0.451,0.962,0.333,6.0,Los Angeles Clippers
0022300750,2024-02-10,22023,SAS @ BKN,L,103,41.0,20,5.0,3,14,0.396,0.952,0.324,-20.0,San Antonio Spurs
0022300754,2024-02-10,22023,ATL vs. HOU,W,122,41.0,25,7.0,8,11,0.455,0.757,0.341,9.0,Atlanta Hawks
0022300749,2024-02-10,22023,DET @ LAC,L,106,57.0,27,7.0,2,14,0.441,1.0,0.3,-6.0,Detroit Pistons
0022300756,2024-02-10,22023,CLE @ TOR,W,119,47.0,36,5.0,4,10,0.522,0.692,0.341,24.0,Cleveland Cavaliers
0022300748,2024-02-10,22023,DAL vs. OKC,W,146,54.0,30,8.0,3,12,0.582,0.758,0.395,35.0,Dallas Mavericks
0022300753,2024-02-10,22023,WAS vs. PHI,L,113,39.0,28,7.0,8,15,0.488,0.762,0.371,-6.0,Washington Wizards
0022300757,2024-02-10,22023,GSW vs. PHX,W,113,52.0,33,6.0,2,13,0.446,0.545,0.415,1.0,Golden State Warriors
0022300759,2024-02-11,22023,BOS @ MIA,W,110,42.0,27,1.0,9,9,0.506,0.706,0.41,4.0,Boston Celtics
0022300760,2024-02-11,22023,OKC vs. SAC,W,127,36.0,30,8.0,9,9,0.541,0.815,0.481,14.0,Oklahoma City Thunder
0022300760,2024-02-11,22023,SAC @ OKC,L,113,40.0,32,5.0,5,18,0.489,0.692,0.381,-14.0,Sacramento Kings
0022300759,2024-02-11,22023,MIA vs. BOS,L,106,45.0,21,4.0,2,7,0.412,0.933,0.3,-4.0,Miami Heat
0022300769,2024-02-12,22023,GSW @ UTA,W,129,51.0,31,8.0,4,13,0.48,0.765,0.455,22.0,Golden State Warriors
0022300768,2024-02-12,22023,WAS @ DAL,L,104,52.0,27,9.0,7,15,0.415,0.6,0.219,-8.0,Washington Wizards
0022300765,2024-02-12,22023,HOU vs. NYK,W,105,39.0,22,12.0,3,11,0.45,0.697,0.385,2.0,Houston Rockets
0022300766,2024-02-12,22023,NOP @ MEM,W,96,49.0,21,12.0,4,17,0.41,0.792,0.371,9.0,New Orleans Pelicans
0022300770,2024-02-12,22023,MIN @ LAC,W,121,41.0,33,9.0,7,11,0.535,0.947,0.324,21.0,Minnesota Timberwolves
0022300765,2024-02-12,22023,NYK @ HOU,L,103,51.0,19,4.0,4,16,0.457,0.583,0.333,-2.0,New York Knicks
0022300767,2024-02-12,22023,MIL vs. DEN,W,112,51.0,30,8.0,6,12,0.5,0.667,0.471,17.0,Milwaukee Bucks
0022300764,2024-02-12,22023,SAS @ TOR,W,122,46.0,37,12.0,13,17,0.529,0.826,0.367,23.0,San Antonio Spurs
0022300766,2024-02-12,22023,MEM vs. NOP,L,87,36.0,28,7.0,8,17,0.42,0.875,0.273,-9.0,Memphis Grizzlies
0022300769,2024-02-12,22023,UTA vs. GSW,L,107,44.0,23,8.0,7,17,0.446,0.875,0.344,-22.0,Utah Jazz
0022300762,2024-02-12,22023,PHI @ CLE,W,123,42.0,25,5.0,4,10,0.545,0.842,0.423,2.0,Philadelphia 76ers
0022300768,2024-02-12,22023,DAL vs. WAS,W,112,56.0,27,7.0,12,16,0.448,0.654,0.25,8.0,Dallas Mavericks
0022300763,2024-02-12,22023,ATL vs. CHI,L,126,49.0,33,4.0,3,11,0.468,0.828,0.326,-10.0,Atlanta Hawks
0022300762,2024-02-12,22023,CLE vs. PHI,L,121,43.0,33,6.0,8,10,0.478,0.8,0.351,-2.0,Cleveland Cavaliers
0022300763,2024-02-12,22023,CHI @ ATL,W,136,43.0,29,6.0,2,6,0.554,0.724,0.464,10.0,Chicago Bulls
0022300770,2024-02-12,22023,LAC vs. MIN,L,100,36.0,20,6.0,3,13,0.405,0.885,0.321,-21.0,Los Angeles Clippers
0022300767,2024-02-12,22023,DEN @ MIL,L,95,48.0,24,7.0,2,13,0.383,0.706,0.275,-17.0,Denver Nuggets
0022300764,2024-02-12,22023,TOR vs. SAS,L,99,47.0,25,11.0,4,19,0.398,0.813,0.258,-23.0,Toronto Raptors
0022300761,2024-02-12,22023,IND @ CHA,L,102,32.0,31,9.0,3,11,0.506,0.625,0.267,-9.0,Indiana Pacers
0022300761,2024-02-12,22023,CHA vs. IND,W,111,46.0,27,5.0,3,16,0.537,0.813,0.294,9.0,Charlotte Hornets
0022300774,2024-02-13,22023,SAC @ PHX,L,125,50.0,27,8.0,6,13,0.516,0.75,0.29,-5.0,Sacramento Kings
0022300776,2024-02-13,22023,DET @ LAL,L,111,50.0,30,8.0,2,10,0.417,0.765,0.286,-14.0,Detroit Pistons
0022300775,2024-02-13,22023,POR vs. MIN,L,109,44.0,26,5.0,1,16,0.448,0.8,0.379,-12.0,Portland Trail Blazers
0022300773,2024-02-13,22023,MIA @ MIL,W,123,47.0,34,10.0,3,14,0.517,0.778,0.475,26.0,Miami Heat
0022300771,2024-02-13,22023,BKN vs. BOS,L,110,37.0,28,6.0,3,12,0.494,0.654,0.455,-8.0,Brooklyn Nets
0022300775,2024-02-13,22023,MIN @ POR,W,121,41.0,24,8.0,9,12,0.464,0.882,0.394,12.0,Minnesota Timberwolves
0022300772,2024-02-13,22023,ORL vs. OKC,L,113,48.0,29,6.0,3,16,0.451,0.8,0.306,-14.0,Orlando Magic
0022300773,2024-02-13,22023,MIL vs. MIA,L,97,38.0,24,8.0,4,18,0.446,0.909,0.333,-26.0,Milwaukee Bucks
0022300771,2024-02-13,22023,BOS @ BKN,W,118,39.0,31,6.0,1,13,0.518,0.739,0.405,8.0,Boston Celtics
0022300776,2024-02-13,22023,LAL vs. DET,W,125,47.0,32,6.0,11,15,0.512,0.833,0.4,14.0,Los Angeles Lakers
0022300772,2024-02-13,22023,OKC @ ORL,W,127,31.0,28,9.0,8,11,0.548,0.917,0.406,14.0,Oklahoma City Thunder
0022300774,2024-02-13,22023,PHX vs. SAC,W,130,39.0,29,11.0,6,12,0.518,0.806,0.419,5.0,Phoenix Suns
0022300786,2024-02-14,22023,DEN vs. SAC,L,98,45.0,27,6.0,5,12,0.393,0.864,0.346,-4.0,Denver Nuggets
0022300788,2024-02-14,22023,UTA vs. LAL,L,122,44.0,29,5.0,7,13,0.485,0.769,0.311,-16.0,Utah Jazz
0022300789,2024-02-14,22023,LAC @ GSW,W,130,48.0,28,6.0,4,12,0.5,0.784,0.342,5.0,Los Angeles Clippers
0022300782,2024-02-14,22023,IND @ TOR,W,127,39.0,32,9.0,9,8,0.485,0.696,0.415,2.0,Indiana Pacers
0022300777,2024-02-14,22023,CHA vs. ATL,W,122,46.0,27,7.0,4,12,0.494,0.95,0.405,23.0,Charlotte Hornets
0022300781,2024-02-14,22023,CLE vs. CHI,W,108,36.0,31,6.0,2,8,0.482,0.762,0.324,3.0,Cleveland Cavaliers
0022300778,2024-02-14,22023,NYK @ ORL,L,100,34.0,15,8.0,0,10,0.417,0.792,0.379,-18.0,New York Knicks
0022300781,2024-02-14,22023,CHI @ CLE,L,105,44.0,18,5.0,3,14,0.458,0.882,0.424,-3.0,Chicago Bulls
0022300787,2024-02-14,22023,DET @ PHX,L,100,48.0,26,14.0,5,19,0.384,0.636,0.27,-16.0,Detroit Pistons
0022300779,2024-02-14,22023,MIA @ PHI,W,109,43.0,27,10.0,1,13,0.477,0.933,0.314,5.0,Miami Heat
0022300777,2024-02-14,22023,ATL @ CHA,L,99,45.0,23,5.0,6,16,0.404,0.9,0.237,-23.0,Atlanta Hawks
0022300785,2024-02-14,22023,DAL vs. SAS,W,116,55.0,28,6.0,10,15,0.533,0.7,0.367,23.0,Dallas Mavericks
0022300785,2024-02-14,22023,SAS @ DAL,L,93,44.0,29,8.0,7,11,0.36,0.733,0.25,-23.0,San Antonio Spurs
0022300784,2024-02-14,22023,WAS @ NOP,L,126,42.0,35,7.0,3,19,0.478,0.85,0.467,-7.0,Washington Wizards
0022300779,2024-02-14,22023,PHI vs. MIA,L,104,39.0,29,3.0,1,14,0.477,0.75,0.286,-5.0,Philadelphia 76ers
0022300787,2024-02-14,22023,PHX vs. DET,W,116,54.0,28,15.0,11,23,0.455,0.818,0.323,16.0,Phoenix Suns
0022300789,2024-02-14,22023,GSW vs. LAC,L,125,47.0,34,7.0,2,9,0.456,0.722,0.383,-5.0,Golden State Warriors
0022300786,2024-02-14,22023,SAC @ DEN,W,102,48.0,21,7.0,5,14,0.438,0.789,0.273,4.0,Sacramento Kings
0022300780,2024-02-14,22023,BKN @ BOS,L,86,31.0,27,5.0,1,11,0.383,0.933,0.323,-50.0,Brooklyn Nets
0022300783,2024-02-14,22023,MEM vs. HOU,W,121,46.0,27,8.0,11,11,0.494,0.683,0.429,8.0,Memphis Grizzlies
0022300788,2024-02-14,22023,LAL @ UTA,W,138,37.0,34,8.0,4,9,0.571,0.833,0.452,16.0,Los Angeles Lakers
0022300784,2024-02-14,22023,NOP vs. WAS,W,133,39.0,36,14.0,6,10,0.562,0.793,0.313,7.0,New Orleans Pelicans
0022300780,2024-02-14,22023,BOS vs. BKN,W,136,51.0,32,6.0,5,8,0.571,0.833,0.489,50.0,Boston Celtics
0022300778,2024-02-14,22023,ORL vs. NYK,W,118,34.0,25,7.0,7,12,0.632,0.909,0.462,18.0,Orlando Magic
0022300783,2024-02-14,22023,HOU @ MEM,L,113,56.0,20,9.0,4,9,0.412,0.643,0.306,-8.0,Houston Rockets
0022300782,2024-02-14,22023,TOR vs. IND,L,125,56.0,30,6.0,7,15,0.51,0.731,0.231,-2.0,Toronto Raptors
0022300790,2024-02-15,22023,MEM vs. MIL,W,113,40.0,30,9.0,3,16,0.53,0.632,0.5,3.0,Memphis Grizzlies
0022300790,2024-02-15,22023,MIL @ MEM,L,110,44.0,24,10.0,5,13,0.467,0.75,0.25,-3.0,Milwaukee Bucks
0022300576,2024-02-15,22023,UTA vs. GSW,L,137,48.0,33,10.0,3,16,0.462,0.906,0.449,-3.0,Utah Jazz
0022300576,2024-02-15,22023,GSW @ UTA,W,140,41.0,42,8.0,6,13,0.533,0.786,0.476,3.0,Golden State Warriors
0022300791,2024-02-15,22023,POR vs. MIN,L,91,35.0,18,8.0,5,15,0.373,0.7,0.276,-37.0,Portland Trail Blazers
0022300791,2024-02-15,22023,MIN @ POR,W,128,52.0,24,8.0,5,13,0.517,0.926,0.367,37.0,Minnesota Timberwolves
0022300803,2024-02-22,22023,SAS @ SAC,L,122,42.0,37,9.0,5,8,0.51,0.688,0.44,-5.0,San Antonio Spurs
0022300802,2024-02-22,22023,GSW vs. LAL,W,128,48.0,32,6.0,4,9,0.467,0.857,0.39,18.0,Golden State Warriors
0022300794,2024-02-22,22023,NYK @ PHI,W,110,45.0,24,11.0,6,15,0.481,0.704,0.441,14.0,New York Knicks
0022300801,2024-02-22,22023,CHA @ UTA,W,115,42.0,28,11.0,3,9,0.435,0.682,0.476,8.0,Charlotte Hornets
0022300798,2024-02-22,22023,HOU @ NOP,L,105,44.0,27,6.0,5,22,0.439,0.643,0.366,-22.0,Houston Rockets
0022300803,2024-02-22,22023,SAC vs. SAS,W,127,42.0,29,5.0,6,10,0.559,0.714,0.394,5.0,Sacramento Kings
0022300801,2024-02-22,22023,UTA vs. CHA,L,107,54.0,26,3.0,2,19,0.43,0.889,0.231,-8.0,Utah Jazz
0022300795,2024-02-22,22023,BKN @ TOR,L,93,39.0,19,7.0,2,19,0.413,0.727,0.297,-28.0,Brooklyn Nets
0022300793,2024-02-22,22023,DET @ IND,L,115,41.0,27,6.0,4,15,0.528,0.5,0.4,-14.0,Detroit Pistons
0022300792,2024-02-22,22023,ORL @ CLE,W,116,33.0,26,8.0,3,13,0.512,0.889,0.56,7.0,Orlando Magic
0022300792,2024-02-22,22023,CLE vs. ORL,L,109,33.0,31,8.0,5,17,0.557,0.808,0.455,-7.0,Cleveland Cavaliers
0022300800,2024-02-22,22023,DEN vs. WAS,W,130,60.0,41,11.0,11,16,0.554,0.733,0.226,20.0,Denver Nuggets
0022300796,2024-02-22,22023,DAL vs. PHX,W,123,39.0,24,10.0,5,10,0.478,0.857,0.432,10.0,Dallas Mavericks
0022300800,2024-02-22,22023,WAS @ DEN,L,110,40.0,30,14.0,1,14,0.385,0.565,0.447,-20.0,Washington Wizards
0022300802,2024-02-22,22023,LAL @ GSW,L,110,41.0,28,5.0,9,11,0.489,0.667,0.286,-18.0,Los Angeles Lakers
0022300795,2024-02-22,22023,TOR vs. BKN,W,121,45.0,24,10.0,6,10,0.488,0.833,0.452,28.0,Toronto Raptors
0022300797,2024-02-22,22023,BOS @ CHI,W,129,36.0,27,10.0,11,13,0.542,0.762,0.489,17.0,Boston Celtics
0022300793,2024-02-22,22023,IND vs. DET,W,129,42.0,36,10.0,5,13,0.532,0.842,0.433,14.0,Indiana Pacers
0022300799,2024-02-22,22023,LAC @ OKC,L,107,42.0,27,6.0,2,14,0.452,0.846,0.375,-22.0,Los Angeles Clippers
0022300794,2024-02-22,22023,PHI vs. NYK,L,96,38.0,23,7.0,3,18,0.44,0.857,0.345,-14.0,Philadelphia 76ers
0022300798,2024-02-22,22023,NOP vs. HOU,W,127,43.0,35,16.0,6,13,0.521,0.611,0.39,22.0,New Orleans Pelicans
0022300796,2024-02-22,22023,PHX @ DAL,L,113,41.0,20,7.0,4,16,0.482,0.75,0.417,-10.0,Phoenix Suns
0022300799,2024-02-22,22023,OKC vs. LAC,W,129,44.0,24,9.0,11,12,0.556,0.706,0.486,22.0,Oklahoma City Thunder
0022300797,2024-02-22,22023,CHI vs. BOS,L,112,45.0,30,6.0,2,13,0.468,0.875,0.357,-17.0,Chicago Bulls
0022300810,2024-02-23,22023,MIA @ NOP,W,106,46.0,20,6.0,11,14,0.463,0.68,0.448,11.0,Miami Heat
0022300813,2024-02-23,22023,LAL vs. SAS,W,123,46.0,28,7.0,4,12,0.516,0.778,0.407,5.0,Los Angeles Lakers
0022300804,2024-02-23,22023,ATL vs. TOR,L,121,54.0,27,5.0,4,9,0.434,0.708,0.308,-2.0,Atlanta Hawks
0022300805,2024-02-23,22023,CLE @ PHI,L,97,43.0,24,5.0,8,10,0.425,0.677,0.296,-7.0,Cleveland Cavaliers
0022300811,2024-02-23,22023,GSW vs. CHA,W,97,53.0,28,7.0,7,21,0.427,0.8,0.31,13.0,Golden State Warriors
0022300808,2024-02-23,22023,MIL @ MIN,W,112,47.0,24,10.0,4,10,0.471,0.68,0.351,5.0,Milwaukee Bucks
0022300812,2024-02-23,22023,DEN @ POR,W,127,45.0,38,8.0,6,12,0.588,0.636,0.394,15.0,Denver Nuggets
0022300805,2024-02-23,22023,PHI vs. CLE,W,104,51.0,20,6.0,7,9,0.444,0.8,0.414,7.0,Philadelphia 76ers
0022300804,2024-02-23,22023,TOR @ ATL,W,123,47.0,37,3.0,7,11,0.49,1.0,0.385,2.0,Toronto Raptors
0022300809,2024-02-23,22023,WAS @ OKC,L,106,43.0,20,10.0,3,14,0.394,0.714,0.237,-41.0,Washington Wizards
0022300809,2024-02-23,22023,OKC vs. WAS,W,147,56.0,30,5.0,9,15,0.598,0.81,0.5,41.0,Oklahoma City Thunder
0022300806,2024-02-23,22023,HOU vs. PHX,W,114,54.0,25,8.0,5,14,0.398,0.735,0.333,4.0,Houston Rockets
0022300808,2024-02-23,22023,MIN vs. MIL,L,107,52.0,23,8.0,4,13,0.439,0.615,0.371,-5.0,Minnesota Timberwolves
0022300813,2024-02-23,22023,SAS @ LAL,L,118,47.0,33,9.0,7,14,0.438,0.826,0.395,-5.0,San Antonio Spurs
0022300811,2024-02-23,22023,CHA @ GSW,L,84,43.0,21,13.0,6,18,0.364,0.818,0.282,-13.0,Charlotte Hornets
0022300812,2024-02-23,22023,POR vs. DEN,L,112,45.0,25,11.0,2,10,0.455,0.667,0.32,-15.0,Portland Trail Blazers
0022300806,2024-02-23,22023,PHX @ HOU,L,110,58.0,23,10.0,8,10,0.4,0.771,0.226,-4.0,Phoenix Suns
0022300810,2024-02-23,22023,NOP vs. MIA,L,95,54.0,20,6.0,7,11,0.375,0.769,0.219,-11.0,New Orleans Pelicans
0022300807,2024-02-23,22023,LAC @ MEM,W,101,51.0,20,7.0,2,20,0.44,0.882,0.375,6.0,Los Angeles Clippers
0022300807,2024-02-23,22023,MEM vs. LAC,L,95,41.0,26,12.0,3,12,0.418,0.688,0.229,-6.0,Memphis Grizzlies
0022300814,2024-02-24,22023,ORL @ DET,W,112,46.0,25,9.0,9,10,0.494,0.667,0.5,3.0,Orlando Magic
0022300815,2024-02-24,22023,MIN vs. BKN,W,101,51.0,22,6.0,9,12,0.429,0.739,0.316,15.0,Minnesota Timberwolves
0022300816,2024-02-24,22023,BOS @ NYK,W,116,36.0,27,8.0,4,7,0.568,0.75,0.429,14.0,Boston Celtics
0022300815,2024-02-24,22023,BKN @ MIN,L,86,56.0,20,7.0,2,11,0.337,0.909,0.171,-15.0,Brooklyn Nets
0022300816,2024-02-24,22023,NYK vs. BOS,L,102,39.0,21,1.0,3,13,0.451,0.938,0.342,-14.0,New York Knicks
0022300814,2024-02-24,22023,DET vs. ORL,L,109,36.0,29,7.0,7,12,0.506,0.692,0.452,-3.0,Detroit Pistons
0022300827,2024-02-25,22023,LAC vs. SAC,L,107,39.0,23,7.0,2,15,0.488,0.95,0.296,-16.0,Los Angeles Clippers
0022300822,2024-02-25,22023,HOU vs. OKC,L,110,50.0,18,6.0,7,18,0.409,0.783,0.39,-13.0,Houston Rockets
0022300826,2024-02-25,22023,POR vs. CHA,L,80,56.0,14,11.0,4,15,0.347,0.688,0.094,-13.0,Portland Trail Blazers
0022300823,2024-02-25,22023,NOP vs. CHI,L,106,49.0,25,5.0,7,19,0.455,0.714,0.39,-8.0,New Orleans Pelicans
0022300825,2024-02-25,22023,UTA vs. SAS,W,128,38.0,36,13.0,8,17,0.511,0.864,0.486,19.0,Utah Jazz
0022300817,2024-02-25,22023,PHI vs. MIL,L,98,41.0,24,12.0,5,10,0.371,0.909,0.348,-21.0,Philadelphia 76ers
0022300820,2024-02-25,22023,WAS vs. CLE,L,105,40.0,29,6.0,2,9,0.444,0.722,0.3,-9.0,Washington Wizards
0022300821,2024-02-25,22023,ORL @ ATL,L,92,51.0,23,7.0,9,18,0.417,0.444,0.368,-17.0,Orlando Magic
0022300817,2024-02-25,22023,MIL @ PHI,W,119,47.0,32,6.0,10,18,0.544,0.833,0.486,21.0,Milwaukee Bucks
0022300818,2024-02-25,22023,PHX vs. LAL,W,123,51.0,32,6.0,9,12,0.473,0.947,0.425,10.0,Phoenix Suns
0022300823,2024-02-25,22023,CHI @ NOP,W,114,49.0,29,12.0,0,9,0.432,0.905,0.325,8.0,Chicago Bulls
0022300824,2024-02-25,22023,DEN @ GSW,W,119,45.0,29,10.0,5,10,0.489,0.846,0.344,16.0,Denver Nuggets
0022300822,2024-02-25,22023,OKC @ HOU,W,123,48.0,30,12.0,8,9,0.474,0.933,0.486,13.0,Oklahoma City Thunder
0022300821,2024-02-25,22023,ATL vs. ORL,W,109,44.0,31,10.0,3,9,0.456,0.882,0.414,17.0,Atlanta Hawks
0022300827,2024-02-25,22023,SAC @ LAC,W,123,41.0,29,10.0,1,10,0.495,0.818,0.405,16.0,Sacramento Kings
0022300824,2024-02-25,22023,GSW vs. DEN,L,103,42.0,27,5.0,3,17,0.432,0.759,0.324,-16.0,Golden State Warriors
0022300826,2024-02-25,22023,CHA @ POR,W,93,41.0,24,12.0,6,14,0.493,0.706,0.292,13.0,Charlotte Hornets
0022300819,2024-02-25,22023,DAL @ IND,L,111,38.0,15,9.0,4,15,0.471,0.714,0.452,-22.0,Dallas Mavericks
0022300818,2024-02-25,22023,LAL @ PHX,L,113,34.0,28,7.0,4,10,0.522,0.5,0.429,-10.0,Los Angeles Lakers
0022300825,2024-02-25,22023,SAS @ UTA,L,109,46.0,34,8.0,11,20,0.462,0.632,0.419,-19.0,San Antonio Spurs
0022300820,2024-02-25,22023,CLE @ WAS,W,114,47.0,35,6.0,6,10,0.506,0.741,0.313,9.0,Cleveland Cavaliers
0022300819,2024-02-25,22023,IND vs. DAL,W,133,46.0,38,12.0,0,12,0.559,0.882,0.389,22.0,Indiana Pacers
0022300828,2024-02-26,22023,DET @ NYK,L,111,42.0,25,9.0,6,17,0.481,0.808,0.467,-2.0,Detroit Pistons
0022300828,2024-02-26,22023,NYK vs. DET,W,113,44.0,31,9.0,4,14,0.446,0.762,0.385,2.0,New York Knicks
0022300831,2024-02-26,22023,MIA @ SAC,W,121,39.0,27,12.0,3,11,0.517,0.8,0.367,11.0,Miami Heat
0022300830,2024-02-26,22023,BKN @ MEM,W,111,46.0,32,5.0,5,8,0.489,0.571,0.357,25.0,Brooklyn Nets
0022300829,2024-02-26,22023,TOR @ IND,W,130,45.0,35,4.0,7,11,0.552,0.706,0.429,8.0,Toronto Raptors
0022300830,2024-02-26,22023,MEM vs. BKN,L,86,40.0,16,6.0,4,14,0.387,0.808,0.269,-25.0,Memphis Grizzlies
0022300829,2024-02-26,22023,IND vs. TOR,L,122,43.0,27,8.0,5,10,0.46,0.739,0.31,-8.0,Indiana Pacers
0022300831,2024-02-26,22023,SAC vs. MIA,L,110,41.0,30,10.0,5,15,0.529,0.583,0.406,-11.0,Sacramento Kings
0022300841,2024-02-27,22023,HOU @ OKC,L,95,46.0,22,5.0,8,15,0.389,0.667,0.231,-17.0,Houston Rockets
0022300837,2024-02-27,22023,NYK vs. NOP,L,92,38.0,27,6.0,5,11,0.373,0.696,0.304,-23.0,New York Knicks
0022300836,2024-02-27,22023,BOS vs. PHI,W,117,56.0,21,7.0,9,14,0.527,0.919,0.227,18.0,Boston Celtics
0022300840,2024-02-27,22023,CHA @ MIL,L,85,37.0,24,6.0,2,13,0.37,0.824,0.275,-38.0,Charlotte Hornets
0022300842,2024-02-27,22023,MIA @ POR,W,106,34.0,29,8.0,8,18,0.529,0.692,0.538,10.0,Miami Heat
0022300840,2024-02-27,22023,MIL vs. CHA,W,123,51.0,29,7.0,3,9,0.517,0.833,0.4,38.0,Milwaukee Bucks
0022300833,2024-02-27,22023,BKN @ ORL,L,81,35.0,18,10.0,1,20,0.392,0.786,0.258,-27.0,Brooklyn Nets
0022300834,2024-02-27,22023,WAS vs. GSW,L,112,41.0,34,5.0,5,20,0.495,0.8,0.343,-11.0,Washington Wizards
0022300839,2024-02-27,22023,CHI vs. DET,L,95,39.0,22,11.0,3,6,0.398,0.833,0.069,-10.0,Chicago Bulls
0022300839,2024-02-27,22023,DET @ CHI,W,105,47.0,22,3.0,8,18,0.493,0.739,0.378,10.0,Detroit Pistons
0022300832,2024-02-27,22023,CLE vs. DAL,W,121,47.0,35,2.0,4,16,0.53,0.722,0.5,2.0,Cleveland Cavaliers
0022300837,2024-02-27,22023,NOP @ NYK,W,115,44.0,23,4.0,5,14,0.506,0.826,0.529,23.0,New Orleans Pelicans
0022300838,2024-02-27,22023,MIN vs. SAS,W,114,46.0,28,16.0,8,14,0.462,0.882,0.419,9.0,Minnesota Timberwolves
0022300832,2024-02-27,22023,DAL @ CLE,L,119,36.0,23,11.0,6,5,0.527,0.6,0.424,-2.0,Dallas Mavericks
0022300841,2024-02-27,22023,OKC vs. HOU,W,112,55.0,19,7.0,8,13,0.473,0.778,0.37,17.0,Oklahoma City Thunder
0022300834,2024-02-27,22023,GSW @ WAS,W,123,44.0,39,12.0,6,18,0.5,0.727,0.457,11.0,Golden State Warriors
0022300838,2024-02-27,22023,SAS @ MIN,L,105,41.0,28,9.0,7,22,0.476,0.733,0.39,-9.0,San Antonio Spurs
0022300842,2024-02-27,22023,POR vs. MIA,L,96,40.0,24,9.0,4,17,0.407,0.842,0.323,-10.0,Portland Trail Blazers
0022300833,2024-02-27,22023,ORL vs. BKN,W,108,38.0,20,14.0,2,17,0.527,0.84,0.36,27.0,Orlando Magic
0022300835,2024-02-27,22023,UTA @ ATL,L,97,43.0,24,11.0,4,17,0.372,0.842,0.289,-27.0,Utah Jazz
0022300836,2024-02-27,22023,PHI @ BOS,L,99,28.0,20,6.0,5,9,0.394,0.917,0.333,-18.0,Philadelphia 76ers
0022300835,2024-02-27,22023,ATL vs. UTA,W,124,55.0,27,8.0,8,17,0.495,0.87,0.375,27.0,Atlanta Hawks
0022300844,2024-02-28,22023,DAL @ TOR,W,136,50.0,32,7.0,10,14,0.542,0.81,0.349,11.0,Dallas Mavericks
0022300843,2024-02-28,22023,NOP @ IND,L,114,40.0,26,2.0,4,10,0.467,0.826,0.379,-9.0,New Orleans Pelicans
0022300845,2024-02-28,22023,MEM @ MIN,L,101,50.0,23,8.0,5,14,0.387,0.9,0.297,-9.0,Memphis Grizzlies
0022300848,2024-02-28,22023,LAC vs. LAL,L,112,36.0,29,10.0,1,12,0.506,0.75,0.27,-4.0,Los Angeles Clippers
0022300846,2024-02-28,22023,CHI vs. CLE,W,132,74.0,29,6.0,8,16,0.4,0.816,0.351,9.0,Chicago Bulls
0022300847,2024-02-28,22023,SAC @ DEN,L,96,43.0,28,8.0,5,14,0.4,0.615,0.343,-21.0,Sacramento Kings
0022300847,2024-02-28,22023,DEN vs. SAC,W,117,43.0,35,10.0,6,15,0.535,0.909,0.429,21.0,Denver Nuggets
0022300848,2024-02-28,22023,LAL @ LAC,W,116,39.0,28,6.0,5,15,0.547,0.8,0.389,4.0,Los Angeles Lakers
0022300843,2024-02-28,22023,IND vs. NOP,W,123,50.0,34,5.0,9,8,0.49,1.0,0.368,9.0,Indiana Pacers
0022300845,2024-02-28,22023,MIN vs. MEM,W,110,39.0,29,4.0,13,13,0.494,0.818,0.4,9.0,Minnesota Timberwolves
0022300846,2024-02-28,22023,CLE @ CHI,L,123,39.0,37,7.0,11,12,0.433,0.579,0.407,-9.0,Cleveland Cavaliers
0022300844,2024-02-28,22023,TOR vs. DAL,L,125,44.0,34,11.0,3,11,0.469,0.667,0.371,-11.0,Toronto Raptors
0022300852,2024-02-29,22023,NYK vs. GSW,L,99,56.0,23,7.0,3,12,0.368,0.708,0.308,-11.0,New York Knicks
0022300856,2024-02-29,22023,WAS @ LAL,L,131,45.0,35,6.0,6,15,0.51,0.833,0.415,-3.0,Washington Wizards
0022300853,2024-02-29,22023,OKC @ SAS,L,118,37.0,20,6.0,2,10,0.494,0.955,0.29,-14.0,Oklahoma City Thunder
0022300852,2024-02-29,22023,GSW @ NYK,W,110,53.0,26,8.0,5,11,0.449,0.5,0.318,11.0,Golden State Warriors
0022300850,2024-02-29,22023,ORL vs. UTA,W,115,45.0,27,9.0,6,15,0.545,0.677,0.333,8.0,Orlando Magic
0022300849,2024-02-29,22023,MIL @ CHA,W,111,44.0,21,9.0,3,7,0.453,0.85,0.41,12.0,Milwaukee Bucks
0022300854,2024-02-29,22023,HOU @ PHX,L,105,58.0,14,8.0,5,12,0.333,0.903,0.244,-5.0,Houston Rockets
0022300849,2024-02-29,22023,CHA vs. MIL,L,99,42.0,24,3.0,3,13,0.439,0.75,0.308,-12.0,Charlotte Hornets
0022300851,2024-02-29,22023,ATL @ BKN,L,97,39.0,18,3.0,8,11,0.43,0.714,0.286,-27.0,Atlanta Hawks
0022300850,2024-02-29,22023,UTA @ ORL,L,107,37.0,25,8.0,1,13,0.425,0.821,0.432,-8.0,Utah Jazz
0022300854,2024-02-29,22023,PHX vs. HOU,W,110,51.0,20,6.0,6,14,0.404,0.676,0.351,5.0,Phoenix Suns
0022300851,2024-02-29,22023,BKN vs. ATL,W,124,43.0,30,6.0,4,9,0.511,0.769,0.478,27.0,Brooklyn Nets
0022300855,2024-02-29,22023,DEN vs. MIA,W,103,41.0,22,10.0,8,15,0.429,0.905,0.353,6.0,Denver Nuggets
0022300855,2024-02-29,22023,MIA @ DEN,L,97,45.0,21,10.0,1,14,0.422,0.833,0.269,-6.0,Miami Heat
0022300853,2024-02-29,22023,SAS vs. OKC,W,132,45.0,39,6.0,8,11,0.527,0.85,0.487,14.0,San Antonio Spurs
0022300856,2024-02-29,22023,LAL vs. WAS,W,134,45.0,30,6.0,6,11,0.525,0.833,0.348,3.0,Los Angeles Lakers
0022300859,2024-03-01,22023,BOS vs. DAL,W,138,47.0,33,4.0,8,9,0.553,1.0,0.488,28.0,Boston Celtics
0022300861,2024-03-01,22023,MEM vs. POR,L,92,30.0,15,6.0,8,21,0.443,0.591,0.375,-30.0,Memphis Grizzlies
0022300859,2024-03-01,22023,DAL @ BOS,L,110,42.0,20,4.0,4,7,0.468,0.722,0.265,-28.0,Dallas Mavericks
0022300860,2024-03-01,22023,GSW @ TOR,W,120,56.0,26,10.0,5,14,0.449,0.778,0.409,15.0,Golden State Warriors
0022300860,2024-03-01,22023,TOR vs. GSW,L,105,47.0,31,9.0,2,14,0.432,0.647,0.267,-15.0,Toronto Raptors
0022300858,2024-03-01,22023,PHI vs. CHA,W,121,48.0,38,5.0,7,7,0.479,0.909,0.432,7.0,Philadelphia 76ers
0022300861,2024-03-01,22023,POR @ MEM,W,122,46.0,31,13.0,8,14,0.522,0.813,0.419,30.0,Portland Trail Blazers
0022300865,2024-03-01,22023,WAS @ LAC,L,115,39.0,29,5.0,3,9,0.469,0.733,0.353,-25.0,Washington Wizards
0022300857,2024-03-01,22023,DET vs. CLE,L,100,42.0,24,10.0,7,8,0.371,0.857,0.278,-10.0,Detroit Pistons
0022300858,2024-03-01,22023,CHA @ PHI,L,114,32.0,24,5.0,6,5,0.512,0.824,0.424,-7.0,Charlotte Hornets
0022300864,2024-03-01,22023,MIL @ CHI,W,113,49.0,22,7.0,4,7,0.43,0.75,0.326,16.0,Milwaukee Bucks
0022300857,2024-03-01,22023,CLE @ DET,W,110,53.0,25,7.0,6,15,0.398,0.867,0.439,10.0,Cleveland Cavaliers
0022300863,2024-03-01,22023,IND @ NOP,L,102,44.0,25,9.0,8,16,0.421,0.667,0.313,-27.0,Indiana Pacers
0022300865,2024-03-01,22023,LAC vs. WAS,W,140,49.0,32,5.0,7,8,0.574,0.76,0.406,25.0,Los Angeles Clippers
0022300863,2024-03-01,22023,NOP vs. IND,W,129,47.0,25,9.0,4,17,0.558,0.692,0.469,27.0,New Orleans Pelicans
0022300864,2024-03-01,22023,CHI vs. MIL,L,97,44.0,25,4.0,2,12,0.419,0.875,0.407,-16.0,Chicago Bulls
0022300862,2024-03-01,22023,SAC @ MIN,W,124,45.0,29,8.0,6,7,0.5,0.542,0.379,4.0,Sacramento Kings
0022300862,2024-03-01,22023,MIN vs. SAC,L,120,44.0,29,4.0,5,12,0.494,0.75,0.387,-4.0,Minnesota Timberwolves
0022300870,2024-03-02,22023,HOU @ PHX,W,118,49.0,27,13.0,3,12,0.438,0.692,0.381,9.0,Houston Rockets
0022300869,2024-03-02,22023,DEN @ LAL,W,124,47.0,34,5.0,7,10,0.587,0.714,0.423,10.0,Denver Nuggets
0022300866,2024-03-02,22023,BKN vs. ATL,W,114,45.0,28,6.0,8,10,0.466,0.773,0.469,12.0,Brooklyn Nets
0022300868,2024-03-02,22023,MEM vs. POR,L,100,45.0,21,15.0,9,22,0.361,0.758,0.375,-7.0,Memphis Grizzlies
0022300870,2024-03-02,22023,PHX vs. HOU,L,109,47.0,23,6.0,6,19,0.459,0.759,0.31,-9.0,Phoenix Suns
0022300866,2024-03-02,22023,ATL @ BKN,L,102,42.0,23,4.0,4,11,0.425,0.739,0.324,-12.0,Atlanta Hawks
0022300869,2024-03-02,22023,LAL vs. DEN,L,114,31.0,33,5.0,4,7,0.528,0.727,0.414,-10.0,Los Angeles Lakers
0022300868,2024-03-02,22023,POR @ MEM,W,107,50.0,23,8.0,5,22,0.424,0.75,0.314,7.0,Portland Trail Blazers
0022300867,2024-03-02,22023,UTA @ MIA,L,120,42.0,24,3.0,5,10,0.483,0.846,0.4,-6.0,Utah Jazz
0022300867,2024-03-02,22023,MIA vs. UTA,W,126,34.0,33,6.0,6,6,0.523,0.84,0.382,6.0,Miami Heat
0022300878,2024-03-03,22023,PHX vs. OKC,L,110,50.0,26,2.0,7,21,0.44,0.889,0.359,-8.0,Phoenix Suns
0022300871,2024-03-03,22023,DAL vs. PHI,L,116,45.0,20,6.0,2,17,0.465,0.87,0.39,-4.0,Dallas Mavericks
0022300872,2024-03-03,22023,BOS vs. GSW,W,140,51.0,35,10.0,5,7,0.552,0.818,0.51,52.0,Boston Celtics
0022300871,2024-03-03,22023,PHI @ DAL,W,120,42.0,26,10.0,5,8,0.455,0.935,0.297,4.0,Philadelphia 76ers
0022300875,2024-03-03,22023,TOR vs. CHA,W,111,45.0,27,8.0,6,14,0.462,0.778,0.342,5.0,Toronto Raptors
0022300872,2024-03-03,22023,GSW @ BOS,L,88,46.0,24,2.0,3,17,0.391,0.692,0.171,-52.0,Golden State Warriors
0022300877,2024-03-03,22023,IND @ SAS,L,105,42.0,20,9.0,4,10,0.441,0.81,0.2,-12.0,Indiana Pacers
0022300874,2024-03-03,22023,ORL vs. DET,W,113,48.0,24,7.0,6,20,0.597,0.8,0.304,22.0,Orlando Magic
0022300878,2024-03-03,22023,OKC @ PHX,W,118,41.0,21,16.0,8,5,0.48,0.733,0.29,8.0,Oklahoma City Thunder
0022300875,2024-03-03,22023,CHA @ TOR,L,106,45.0,24,8.0,6,16,0.467,0.75,0.296,-5.0,Charlotte Hornets
0022300877,2024-03-03,22023,SAS vs. IND,W,117,45.0,33,6.0,8,14,0.541,0.789,0.4,12.0,San Antonio Spurs
0022300873,2024-03-03,22023,LAC @ MIN,W,89,40.0,17,7.0,5,9,0.376,0.882,0.294,1.0,Los Angeles Clippers
0022300874,2024-03-03,22023,DET @ ORL,L,91,28.0,25,11.0,2,12,0.384,0.85,0.222,-22.0,Detroit Pistons
0022300876,2024-03-03,22023,CLE vs. NYK,L,98,39.0,31,7.0,5,10,0.448,0.375,0.386,-9.0,Cleveland Cavaliers
0022300873,2024-03-03,22023,MIN vs. LAC,L,88,54.0,24,4.0,7,15,0.388,0.944,0.273,-1.0,Minnesota Timberwolves
0022300876,2024-03-03,22023,NYK @ CLE,W,107,47.0,32,8.0,9,9,0.488,0.7,0.41,9.0,New York Knicks
0022300883,2024-03-04,22023,CHI @ SAC,W,113,32.0,28,9.0,2,9,0.5,0.818,0.344,4.0,Chicago Bulls
0022300880,2024-03-04,22023,LAC @ MIL,L,106,38.0,25,9.0,3,13,0.44,0.64,0.4,-7.0,Los Angeles Clippers
0022300882,2024-03-04,22023,WAS @ UTA,L,115,43.0,26,6.0,3,15,0.426,0.826,0.421,-12.0,Washington Wizards
0022300881,2024-03-04,22023,MIN vs. POR,W,119,40.0,28,9.0,7,11,0.506,0.757,0.393,5.0,Minnesota Timberwolves
0022300884,2024-03-04,22023,LAL vs. OKC,W,116,55.0,29,8.0,7,20,0.513,0.72,0.471,12.0,Los Angeles Lakers
0022300883,2024-03-04,22023,SAC vs. CHI,L,109,51.0,29,6.0,6,17,0.446,0.889,0.297,-4.0,Sacramento Kings
0022300881,2024-03-04,22023,POR @ MIN,L,114,41.0,28,5.0,3,13,0.489,0.727,0.41,-5.0,Portland Trail Blazers
0022300879,2024-03-04,22023,BKN vs. MEM,L,102,33.0,27,10.0,6,13,0.443,0.567,0.357,-4.0,Brooklyn Nets
0022300879,2024-03-04,22023,MEM @ BKN,W,106,50.0,26,6.0,3,18,0.463,0.818,0.324,4.0,Memphis Grizzlies
0022300880,2024-03-04,22023,MIL vs. LAC,W,113,46.0,20,8.0,3,11,0.474,0.857,0.395,7.0,Milwaukee Bucks
0022300882,2024-03-04,22023,UTA vs. WAS,W,127,51.0,29,6.0,9,11,0.485,0.867,0.4,12.0,Utah Jazz
0022300884,2024-03-04,22023,OKC @ LAL,L,104,38.0,22,12.0,7,10,0.394,0.938,0.385,-12.0,Oklahoma City Thunder
0022300891,2024-03-05,22023,SAS @ HOU,L,101,50.0,24,1.0,10,18,0.437,0.813,0.333,-13.0,San Antonio Spurs
0022300885,2024-03-05,22023,ORL @ CHA,W,101,41.0,23,9.0,1,17,0.541,0.533,0.371,12.0,Orlando Magic
0022300889,2024-03-05,22023,NYK vs. ATL,L,100,40.0,27,8.0,6,11,0.384,0.727,0.308,-16.0,New York Knicks
0022300887,2024-03-05,22023,PHI @ BKN,L,107,38.0,25,6.0,2,12,0.488,0.789,0.429,-5.0,Philadelphia 76ers
0022300893,2024-03-05,22023,PHX @ DEN,W,117,52.0,32,9.0,7,9,0.438,0.818,0.441,10.0,Phoenix Suns
0022300888,2024-03-05,22023,DET @ MIA,L,110,42.0,26,5.0,3,10,0.438,0.909,0.286,-8.0,Detroit Pistons
0022300890,2024-03-05,22023,NOP @ TOR,W,139,62.0,38,9.0,5,11,0.505,0.818,0.49,41.0,New Orleans Pelicans
0022300885,2024-03-05,22023,CHA vs. ORL,L,89,31.0,19,7.0,1,19,0.458,1.0,0.364,-12.0,Charlotte Hornets
0022300892,2024-03-05,22023,DAL vs. IND,L,120,41.0,23,5.0,6,9,0.484,0.81,0.333,-17.0,Dallas Mavericks
0022300886,2024-03-05,22023,CLE vs. BOS,W,105,42.0,28,11.0,3,8,0.433,0.636,0.476,1.0,Cleveland Cavaliers
0022300887,2024-03-05,22023,BKN vs. PHI,W,112,44.0,25,4.0,7,12,0.488,0.75,0.4,5.0,Brooklyn Nets
0022300890,2024-03-05,22023,TOR vs. NOP,L,98,45.0,21,6.0,7,11,0.387,0.591,0.295,-41.0,Toronto Raptors
0022300893,2024-03-05,22023,DEN vs. PHX,L,107,51.0,25,6.0,6,14,0.427,0.714,0.375,-10.0,Denver Nuggets
0022300891,2024-03-05,22023,HOU vs. SAS,W,114,51.0,23,15.0,5,5,0.467,0.636,0.265,13.0,Houston Rockets
0022300886,2024-03-05,22023,BOS @ CLE,L,104,53.0,24,6.0,9,13,0.419,0.917,0.395,-1.0,Boston Celtics
0022300889,2024-03-05,22023,ATL @ NYK,W,116,51.0,26,6.0,5,14,0.506,0.783,0.323,16.0,Atlanta Hawks
0022300892,2024-03-05,22023,IND @ DAL,W,137,43.0,34,3.0,2,8,0.538,0.792,0.462,17.0,Indiana Pacers
0022300888,2024-03-05,22023,MIA vs. DET,W,118,42.0,27,7.0,5,9,0.494,0.87,0.452,8.0,Miami Heat
0022300899,2024-03-06,22023,MIL @ GSW,L,90,36.0,19,8.0,5,15,0.382,0.733,0.282,-35.0,Milwaukee Bucks
0022300898,2024-03-06,22023,UTA vs. CHI,L,117,45.0,28,4.0,7,10,0.458,0.875,0.319,-2.0,Utah Jazz
0022300895,2024-03-06,22023,CLE @ ATL,L,101,42.0,27,5.0,4,13,0.438,0.765,0.227,-11.0,Cleveland Cavaliers
0022300897,2024-03-06,22023,HOU vs. LAC,L,116,38.0,33,6.0,2,8,0.479,0.588,0.432,-6.0,Houston Rockets
0022300894,2024-03-06,22023,ORL @ WAS,W,119,42.0,21,4.0,5,15,0.543,0.905,0.462,10.0,Orlando Magic
0022300898,2024-03-06,22023,CHI @ UTA,W,119,39.0,29,7.0,4,7,0.5,0.8,0.436,2.0,Chicago Bulls
0022300896,2024-03-06,22023,PHI vs. MEM,L,109,47.0,25,11.0,9,11,0.382,0.857,0.371,-6.0,Philadelphia 76ers
0022300900,2024-03-06,22023,POR vs. OKC,L,120,32.0,27,10.0,2,17,0.506,0.889,0.412,-8.0,Portland Trail Blazers
0022300900,2024-03-06,22023,OKC @ POR,W,128,39.0,23,10.0,5,18,0.581,0.846,0.409,8.0,Oklahoma City Thunder
0022300894,2024-03-06,22023,WAS vs. ORL,L,109,35.0,26,7.0,4,9,0.455,0.85,0.316,-10.0,Washington Wizards
0022300897,2024-03-06,22023,LAC @ HOU,W,122,41.0,19,5.0,8,9,0.55,0.846,0.414,6.0,Los Angeles Clippers
0022300901,2024-03-06,22023,SAC @ LAL,W,130,46.0,32,8.0,2,13,0.557,0.833,0.387,10.0,Sacramento Kings
0022300895,2024-03-06,22023,ATL vs. CLE,W,112,42.0,27,7.0,3,9,0.512,0.75,0.367,11.0,Atlanta Hawks
0022300896,2024-03-06,22023,MEM @ PHI,W,115,54.0,21,3.0,15,15,0.451,0.87,0.351,6.0,Memphis Grizzlies
0022300901,2024-03-06,22023,LAL vs. SAC,L,120,34.0,25,4.0,5,14,0.519,0.84,0.469,-10.0,Los Angeles Lakers
0022300899,2024-03-06,22023,GSW vs. MIL,W,125,50.0,37,10.0,13,14,0.56,0.571,0.487,35.0,Golden State Warriors
0022300907,2024-03-07,22023,GSW vs. CHI,L,122,48.0,31,8.0,2,11,0.454,0.821,0.262,-3.0,Golden State Warriors
0022300905,2024-03-07,22023,TOR @ PHX,L,113,36.0,30,5.0,2,9,0.457,0.733,0.364,-7.0,Toronto Raptors
0022300902,2024-03-07,22023,BKN @ DET,L,112,28.0,24,12.0,4,14,0.488,0.722,0.415,-6.0,Brooklyn Nets
0022300904,2024-03-07,22023,MIA @ DAL,L,108,37.0,30,7.0,2,10,0.488,0.647,0.447,-6.0,Miami Heat
0022300903,2024-03-07,22023,MIN @ IND,W,113,48.0,23,9.0,6,9,0.469,0.737,0.28,2.0,Minnesota Timberwolves
0022300905,2024-03-07,22023,PHX vs. TOR,W,120,49.0,29,6.0,6,14,0.512,0.85,0.429,7.0,Phoenix Suns
0022300908,2024-03-07,22023,SAC vs. SAS,W,131,46.0,31,8.0,3,13,0.51,0.944,0.313,2.0,Sacramento Kings
0022300906,2024-03-07,22023,BOS @ DEN,L,109,47.0,24,6.0,3,12,0.451,0.64,0.289,-6.0,Boston Celtics
0022300904,2024-03-07,22023,DAL vs. MIA,W,114,45.0,27,5.0,6,9,0.46,0.783,0.39,6.0,Dallas Mavericks
0022300908,2024-03-07,22023,SAS @ SAC,L,129,37.0,39,8.0,4,12,0.505,1.0,0.485,-2.0,San Antonio Spurs
0022300907,2024-03-07,22023,CHI @ GSW,W,125,40.0,29,6.0,5,14,0.529,0.739,0.444,3.0,Chicago Bulls
0022300903,2024-03-07,22023,IND vs. MIN,L,111,39.0,26,5.0,10,15,0.512,0.739,0.385,-2.0,Indiana Pacers
0022300906,2024-03-07,22023,DEN vs. BOS,W,115,45.0,27,10.0,4,7,0.5,0.955,0.19,6.0,Denver Nuggets
0022300902,2024-03-07,22023,DET vs. BKN,W,118,50.0,24,7.0,4,22,0.524,0.952,0.4,6.0,Detroit Pistons
0022300910,2024-03-08,22023,CHA @ WAS,L,100,48.0,18,6.0,5,7,0.4,0.733,0.214,-12.0,Charlotte Hornets
0022300909,2024-03-08,22023,NOP @ PHI,W,103,48.0,22,7.0,10,12,0.443,0.957,0.355,8.0,New Orleans Pelicans
0022300913,2024-03-08,22023,ATL @ MEM,W,99,47.0,21,9.0,5,14,0.425,0.667,0.429,7.0,Atlanta Hawks
0022300916,2024-03-08,22023,HOU @ POR,W,123,47.0,33,12.0,10,7,0.479,0.731,0.378,16.0,Houston Rockets
0022300915,2024-03-08,22023,MIL @ LAL,L,122,43.0,28,3.0,2,6,0.495,0.824,0.39,-1.0,Milwaukee Bucks
0022300911,2024-03-08,22023,MIN @ CLE,L,104,45.0,25,5.0,5,12,0.415,0.818,0.267,-9.0,Minnesota Timberwolves
0022300911,2024-03-08,22023,CLE vs. MIN,W,113,46.0,27,7.0,8,12,0.432,0.722,0.324,9.0,Cleveland Cavaliers
0022300914,2024-03-08,22023,OKC vs. MIA,W,107,45.0,28,5.0,8,9,0.472,0.846,0.316,7.0,Oklahoma City Thunder
0022300910,2024-03-08,22023,WAS vs. CHA,W,112,54.0,25,5.0,11,11,0.494,0.87,0.182,12.0,Washington Wizards
0022300915,2024-03-08,22023,LAL vs. MIL,W,123,38.0,27,2.0,7,5,0.522,0.684,0.471,1.0,Los Angeles Lakers
0022300914,2024-03-08,22023,MIA @ OKC,L,100,43.0,24,6.0,5,10,0.463,0.722,0.379,-7.0,Miami Heat
0022300913,2024-03-08,22023,MEM vs. ATL,L,92,38.0,21,10.0,11,13,0.405,0.733,0.385,-7.0,Memphis Grizzlies
0022300912,2024-03-08,22023,NYK vs. ORL,W,98,43.0,20,7.0,10,15,0.481,0.75,0.485,24.0,New York Knicks
0022300912,2024-03-08,22023,ORL @ NYK,L,74,37.0,12,7.0,10,13,0.342,0.7,0.231,-24.0,Orlando Magic
0022300909,2024-03-08,22023,PHI vs. NOP,L,95,42.0,21,8.0,7,10,0.398,0.8,0.243,-8.0,Philadelphia 76ers
0022300916,2024-03-08,22023,POR vs. HOU,L,107,49.0,22,5.0,5,17,0.416,0.68,0.457,-16.0,Portland Trail Blazers
0022300921,2024-03-09,22023,GSW vs. SAS,L,113,39.0,26,9.0,7,12,0.466,0.724,0.333,-13.0,Golden State Warriors
0022300919,2024-03-09,22023,DET vs. DAL,L,124,56.0,27,8.0,4,19,0.455,0.84,0.351,-18.0,Detroit Pistons
0022300922,2024-03-09,22023,DEN vs. UTA,W,142,32.0,40,8.0,10,13,0.663,0.813,0.594,21.0,Denver Nuggets
0022300917,2024-03-09,22023,CHI @ LAC,L,102,38.0,27,7.0,3,12,0.43,0.789,0.371,-10.0,Chicago Bulls
0022300919,2024-03-09,22023,DAL @ DET,W,142,36.0,29,13.0,8,14,0.554,0.813,0.368,18.0,Dallas Mavericks
0022300918,2024-03-09,22023,BKN @ CHA,L,99,41.0,22,4.0,2,15,0.4,0.765,0.333,-11.0,Brooklyn Nets
0022300923,2024-03-09,22023,TOR @ POR,L,118,43.0,29,9.0,6,20,0.473,0.842,0.372,-10.0,Toronto Raptors
0022300923,2024-03-09,22023,POR vs. TOR,W,128,52.0,31,10.0,3,14,0.476,0.933,0.4,10.0,Portland Trail Blazers
0022300921,2024-03-09,22023,SAS @ GSW,W,126,49.0,34,6.0,6,12,0.512,0.75,0.515,13.0,San Antonio Spurs
0022300918,2024-03-09,22023,CHA vs. BKN,W,110,45.0,26,9.0,3,16,0.543,0.733,0.367,11.0,Charlotte Hornets
0022300920,2024-03-09,22023,BOS @ PHX,W,117,43.0,29,7.0,4,12,0.489,0.769,0.385,10.0,Boston Celtics
0022300922,2024-03-09,22023,UTA @ DEN,L,121,36.0,22,7.0,2,15,0.5,0.76,0.308,-21.0,Utah Jazz
0022300917,2024-03-09,22023,LAC vs. CHI,W,112,45.0,29,7.0,6,13,0.5,0.889,0.343,10.0,Los Angeles Clippers
0022300920,2024-03-09,22023,PHX vs. BOS,L,107,41.0,21,6.0,1,14,0.506,0.625,0.29,-10.0,Phoenix Suns
0022300928,2024-03-10,22023,ORL vs. IND,L,97,46.0,18,7.0,3,12,0.375,0.759,0.25,-14.0,Orlando Magic
0022300925,2024-03-10,22023,NOP @ ATL,W,116,43.0,32,8.0,7,12,0.573,0.727,0.519,13.0,New Orleans Pelicans
0022300927,2024-03-10,22023,NYK vs. PHI,L,73,50.0,19,9.0,5,19,0.325,0.75,0.225,-6.0,New York Knicks
0022300929,2024-03-10,22023,HOU @ SAC,W,112,42.0,23,8.0,1,12,0.464,0.815,0.414,8.0,Houston Rockets
0022300924,2024-03-10,22023,MIL @ LAC,W,124,41.0,28,5.0,6,7,0.494,0.778,0.447,7.0,Milwaukee Bucks
0022300932,2024-03-10,22023,LAL vs. MIN,W,120,56.0,29,9.0,4,19,0.53,0.759,0.417,11.0,Los Angeles Lakers
0022300927,2024-03-10,22023,PHI @ NYK,W,79,47.0,20,9.0,5,13,0.388,0.571,0.3,6.0,Philadelphia 76ers
0022300929,2024-03-10,22023,SAC vs. HOU,L,104,44.0,24,10.0,5,12,0.453,0.87,0.188,-8.0,Sacramento Kings
0022300924,2024-03-10,22023,LAC vs. MIL,L,117,52.0,30,3.0,9,10,0.452,0.9,0.298,-7.0,Los Angeles Clippers
0022300928,2024-03-10,22023,IND @ ORL,W,111,46.0,20,5.0,10,12,0.487,0.818,0.348,14.0,Indiana Pacers
0022300931,2024-03-10,22023,MEM @ OKC,L,93,39.0,21,8.0,4,16,0.41,0.667,0.333,-31.0,Memphis Grizzlies
0022300926,2024-03-10,22023,MIA vs. WAS,L,108,51.0,20,9.0,6,13,0.453,0.667,0.303,-2.0,Miami Heat
0022300931,2024-03-10,22023,OKC vs. MEM,W,124,46.0,36,8.0,6,10,0.527,1.0,0.447,31.0,Oklahoma City Thunder
0022300932,2024-03-10,22023,MIN @ LAL,L,109,38.0,27,8.0,6,11,0.423,0.846,0.348,-11.0,Minnesota Timberwolves
0022300930,2024-03-10,22023,CLE vs. BKN,L,101,31.0,25,8.0,4,12,0.487,0.65,0.438,-19.0,Cleveland Cavaliers
0022300926,2024-03-10,22023,WAS @ MIA,W,110,40.0,35,5.0,5,15,0.481,0.727,0.41,2.0,Washington Wizards
0022300925,2024-03-10,22023,ATL vs. NOP,L,103,41.0,28,6.0,4,11,0.418,0.769,0.37,-13.0,Atlanta Hawks
0022300930,2024-03-10,22023,BKN @ CLE,W,120,40.0,33,7.0,3,12,0.532,0.9,0.514,19.0,Brooklyn Nets
0022300937,2024-03-11,22023,DEN vs. TOR,W,125,42.0,36,8.0,8,9,0.547,0.611,0.345,6.0,Denver Nuggets
0022300937,2024-03-11,22023,TOR @ DEN,L,119,42.0,30,6.0,4,11,0.505,0.824,0.367,-6.0,Toronto Raptors
0022300935,2024-03-11,22023,CHI vs. DAL,L,92,43.0,19,6.0,2,13,0.393,0.682,0.206,-35.0,Chicago Bulls
0022300933,2024-03-11,22023,CHA @ DET,L,97,40.0,27,7.0,2,12,0.386,0.696,0.325,-17.0,Charlotte Hornets
0022300933,2024-03-11,22023,DET vs. CHA,W,114,51.0,26,8.0,5,12,0.477,0.917,0.238,17.0,Detroit Pistons
0022300936,2024-03-11,22023,SAS vs. GSW,L,102,50.0,27,6.0,10,15,0.419,0.667,0.378,-10.0,San Antonio Spurs
0022300934,2024-03-11,22023,CLE vs. PHX,L,111,37.0,30,9.0,0,12,0.476,0.842,0.326,-6.0,Cleveland Cavaliers
0022300936,2024-03-11,22023,GSW @ SAS,W,112,45.0,28,7.0,4,13,0.495,0.667,0.444,10.0,Golden State Warriors
0022300935,2024-03-11,22023,DAL @ CHI,W,127,49.0,33,10.0,6,6,0.548,0.8,0.317,35.0,Dallas Mavericks
0022300938,2024-03-11,22023,POR vs. BOS,L,99,38.0,23,3.0,5,11,0.448,1.0,0.357,-22.0,Portland Trail Blazers
0022300934,2024-03-11,22023,PHX @ CLE,W,117,42.0,23,8.0,6,14,0.548,0.684,0.375,6.0,Phoenix Suns
0022300938,2024-03-11,22023,BOS @ POR,W,121,45.0,34,7.0,10,3,0.49,0.667,0.375,22.0,Boston Celtics
0022300942,2024-03-12,22023,SAS vs. HOU,L,101,42.0,30,9.0,5,13,0.476,0.857,0.306,-2.0,San Antonio Spurs
0022300944,2024-03-12,22023,LAC vs. MIN,L,100,34.0,22,7.0,4,18,0.472,0.84,0.367,-18.0,Los Angeles Clippers
0022300939,2024-03-12,22023,PHI @ NYK,L,79,31.0,17,7.0,4,8,0.375,0.688,0.242,-27.0,Philadelphia 76ers
0022300940,2024-03-12,22023,MEM vs. WAS,W,109,53.0,27,8.0,7,17,0.447,0.81,0.242,12.0,Memphis Grizzlies
0022300943,2024-03-12,22023,UTA vs. BOS,L,107,38.0,23,4.0,7,10,0.477,0.909,0.469,-16.0,Utah Jazz
0022300944,2024-03-12,22023,MIN @ LAC,W,118,48.0,26,11.0,6,9,0.511,0.714,0.364,18.0,Minnesota Timberwolves
0022300945,2024-03-12,22023,SAC vs. MIL,W,129,51.0,34,11.0,1,8,0.533,0.813,0.45,35.0,Sacramento Kings
0022300940,2024-03-12,22023,WAS @ MEM,L,97,28.0,26,9.0,3,13,0.451,0.75,0.306,-12.0,Washington Wizards
0022300945,2024-03-12,22023,MIL @ SAC,L,94,44.0,23,3.0,2,13,0.366,0.771,0.179,-35.0,Milwaukee Bucks
0022300942,2024-03-12,22023,HOU @ SAS,W,103,36.0,21,10.0,5,12,0.463,0.905,0.313,2.0,Houston Rockets
0022300941,2024-03-12,22023,OKC vs. IND,L,111,50.0,24,5.0,4,12,0.434,0.733,0.378,-10.0,Oklahoma City Thunder
0022300943,2024-03-12,22023,BOS @ UTA,W,123,46.0,25,5.0,8,8,0.467,0.895,0.408,16.0,Boston Celtics
0022300941,2024-03-12,22023,IND @ OKC,W,121,43.0,34,8.0,10,9,0.539,0.842,0.321,10.0,Indiana Pacers
0022300939,2024-03-12,22023,NYK vs. PHI,W,106,51.0,32,4.0,4,12,0.506,0.8,0.35,27.0,New York Knicks
0022300946,2024-03-13,22023,TOR @ DET,L,104,37.0,32,13.0,8,11,0.441,0.684,0.25,-9.0,Toronto Raptors
0022300949,2024-03-13,22023,DEN @ MIA,W,100,41.0,24,4.0,2,9,0.488,0.692,0.333,12.0,Denver Nuggets
0022300953,2024-03-13,22023,POR vs. ATL,W,106,49.0,24,7.0,5,18,0.463,0.833,0.333,4.0,Portland Trail Blazers
0022300952,2024-03-13,22023,GSW @ DAL,L,99,42.0,19,9.0,3,15,0.402,0.842,0.321,-10.0,Golden State Warriors
0022300948,2024-03-13,22023,IND vs. CHI,L,129,47.0,30,4.0,6,8,0.465,0.821,0.311,-3.0,Indiana Pacers
0022300954,2024-03-13,22023,SAC vs. LAL,W,120,44.0,30,11.0,2,12,0.523,0.75,0.463,13.0,Sacramento Kings
0022300948,2024-03-13,22023,CHI @ IND,W,132,48.0,22,6.0,5,11,0.522,0.813,0.357,3.0,Chicago Bulls
0022300947,2024-03-13,22023,BKN @ ORL,L,106,32.0,21,7.0,4,13,0.469,0.852,0.269,-8.0,Brooklyn Nets
0022300952,2024-03-13,22023,DAL vs. GSW,W,109,42.0,30,6.0,13,16,0.537,0.789,0.222,10.0,Dallas Mavericks
0022300949,2024-03-13,22023,MIA vs. DEN,L,88,42.0,18,5.0,2,8,0.425,0.833,0.238,-12.0,Miami Heat
0022300947,2024-03-13,22023,ORL vs. BKN,W,114,34.0,29,6.0,6,12,0.519,0.769,0.438,8.0,Orlando Magic
0022300946,2024-03-13,22023,DET vs. TOR,W,113,58.0,27,7.0,7,21,0.443,0.774,0.367,9.0,Detroit Pistons
0022300950,2024-03-13,22023,MEM vs. CHA,L,98,46.0,24,12.0,5,21,0.424,0.909,0.4,-12.0,Memphis Grizzlies
0022300951,2024-03-13,22023,CLE @ NOP,W,116,46.0,38,4.0,4,9,0.511,0.667,0.444,21.0,Cleveland Cavaliers
0022300950,2024-03-13,22023,CHA @ MEM,W,110,35.0,26,12.0,7,20,0.537,0.692,0.361,12.0,Charlotte Hornets
0022300954,2024-03-13,22023,LAL @ SAC,L,107,38.0,25,8.0,2,14,0.487,0.773,0.438,-13.0,Los Angeles Lakers
0022300951,2024-03-13,22023,NOP vs. CLE,L,95,43.0,22,7.0,6,11,0.438,0.808,0.182,-21.0,New Orleans Pelicans
0022300953,2024-03-13,22023,ATL @ POR,L,102,38.0,19,11.0,6,14,0.432,0.667,0.359,-4.0,Atlanta Hawks
0022300955,2024-03-14,22023,BOS vs. PHX,W,127,33.0,31,12.0,5,8,0.528,0.727,0.5,15.0,Boston Celtics
0022300959,2024-03-14,22023,DAL @ OKC,L,119,40.0,25,6.0,2,19,0.512,0.808,0.414,-7.0,Dallas Mavericks
0022300955,2024-03-14,22023,PHX @ BOS,L,112,51.0,27,4.0,3,13,0.475,0.7,0.355,-15.0,Phoenix Suns
0022300956,2024-03-14,22023,CHI vs. LAC,L,111,36.0,28,4.0,2,13,0.477,0.813,0.457,-15.0,Chicago Bulls
0022300956,2024-03-14,22023,LAC @ CHI,W,126,35.0,32,9.0,2,9,0.6,0.714,0.5,15.0,Los Angeles Clippers
0022300958,2024-03-14,22023,MIL vs. PHI,W,114,37.0,29,6.0,4,14,0.542,0.833,0.444,9.0,Milwaukee Bucks
0022300958,2024-03-14,22023,PHI @ MIL,L,105,30.0,20,6.0,4,11,0.494,0.714,0.486,-9.0,Philadelphia 76ers
0022300959,2024-03-14,22023,OKC vs. DAL,W,126,34.0,28,10.0,7,13,0.523,0.87,0.41,7.0,Oklahoma City Thunder
0022300960,2024-03-14,22023,NYK @ POR,W,105,50.0,16,11.0,1,12,0.437,0.885,0.207,12.0,New York Knicks
0022300960,2024-03-14,22023,POR vs. NYK,L,93,45.0,19,10.0,2,17,0.405,0.875,0.333,-12.0,Portland Trail Blazers
0022300957,2024-03-14,22023,HOU vs. WAS,W,135,47.0,24,7.0,1,17,0.586,0.875,0.429,16.0,Houston Rockets
0022300957,2024-03-14,22023,WAS @ HOU,L,119,32.0,29,11.0,2,13,0.495,0.789,0.316,-16.0,Washington Wizards
0022300964,2024-03-15,22023,LAC @ NOP,L,104,37.0,18,6.0,8,12,0.481,0.947,0.364,-8.0,Los Angeles Clippers
0022300966,2024-03-15,22023,ATL @ UTA,L,122,41.0,32,7.0,5,9,0.446,0.741,0.513,-2.0,Atlanta Hawks
0022300964,2024-03-15,22023,NOP vs. LAC,W,112,40.0,28,8.0,2,8,0.483,0.75,0.371,8.0,New Orleans Pelicans
0022300965,2024-03-15,22023,DEN @ SAS,W,117,40.0,37,13.0,5,12,0.551,0.75,0.4,11.0,Denver Nuggets
0022300966,2024-03-15,22023,UTA vs. ATL,W,124,49.0,24,6.0,7,11,0.511,0.9,0.389,2.0,Utah Jazz
0022300963,2024-03-15,22023,TOR vs. ORL,L,103,40.0,24,11.0,4,15,0.469,0.65,0.412,-10.0,Toronto Raptors
0022300963,2024-03-15,22023,ORL @ TOR,W,113,39.0,25,7.0,4,14,0.5,0.864,0.452,10.0,Orlando Magic
0022300961,2024-03-15,22023,PHX @ CHA,W,107,57.0,31,3.0,3,10,0.46,0.8,0.289,11.0,Phoenix Suns
0022300961,2024-03-15,22023,CHA vs. PHX,L,96,48.0,20,6.0,3,4,0.372,0.741,0.162,-11.0,Charlotte Hornets
0022300962,2024-03-15,22023,MIA @ DET,W,108,44.0,23,14.0,6,8,0.473,0.714,0.206,13.0,Miami Heat
0022300962,2024-03-15,22023,DET vs. MIA,L,95,48.0,27,5.0,2,17,0.429,0.867,0.263,-13.0,Detroit Pistons
0022300965,2024-03-15,22023,SAS vs. DEN,L,106,44.0,23,6.0,4,16,0.457,0.778,0.379,-11.0,San Antonio Spurs
0022300968,2024-03-16,22023,IND vs. BKN,W,121,50.0,21,13.0,4,10,0.476,0.938,0.2,21.0,Indiana Pacers
0022300969,2024-03-16,22023,PHI vs. CHA,W,109,41.0,25,9.0,4,15,0.444,0.96,0.317,11.0,Philadelphia 76ers
0022300968,2024-03-16,22023,BKN @ IND,L,100,45.0,18,8.0,3,20,0.429,0.774,0.4,-21.0,Brooklyn Nets
0022300971,2024-03-16,22023,CHI vs. WAS,W,127,51.0,33,9.0,4,15,0.576,0.724,0.333,29.0,Chicago Bulls
0022300975,2024-03-16,22023,NYK @ SAC,W,98,52.0,19,8.0,9,14,0.43,0.813,0.282,7.0,New York Knicks
0022300967,2024-03-16,22023,CLE @ HOU,L,103,45.0,22,6.0,7,15,0.451,0.85,0.316,-14.0,Cleveland Cavaliers
0022300972,2024-03-16,22023,OKC @ MEM,W,118,45.0,25,7.0,8,11,0.517,0.762,0.343,6.0,Oklahoma City Thunder
0022300971,2024-03-16,22023,WAS @ CHI,L,98,32.0,27,12.0,7,15,0.429,0.591,0.406,-29.0,Washington Wizards
0022300969,2024-03-16,22023,CHA @ PHI,L,98,40.0,21,11.0,4,16,0.451,0.778,0.323,-11.0,Charlotte Hornets
0022300973,2024-03-16,22023,GSW @ LAL,W,128,45.0,38,3.0,4,7,0.526,0.8,0.412,7.0,Golden State Warriors
0022300970,2024-03-16,22023,NOP vs. POR,W,126,39.0,36,8.0,5,9,0.536,0.9,0.394,19.0,New Orleans Pelicans
0022300967,2024-03-16,22023,HOU vs. CLE,W,117,48.0,28,9.0,7,9,0.48,0.667,0.357,14.0,Houston Rockets
0022300974,2024-03-16,22023,MIN @ UTA,W,119,44.0,31,8.0,6,8,0.473,0.8,0.463,19.0,Minnesota Timberwolves
0022300975,2024-03-16,22023,SAC vs. NYK,L,91,42.0,22,7.0,5,12,0.353,0.808,0.27,-7.0,Sacramento Kings
0022300973,2024-03-16,22023,LAL vs. GSW,L,121,39.0,32,3.0,4,9,0.511,0.833,0.353,-7.0,Los Angeles Lakers
0022300970,2024-03-16,22023,POR @ NOP,L,107,36.0,23,3.0,7,19,0.5,0.917,0.364,-19.0,Portland Trail Blazers
0022300974,2024-03-16,22023,UTA vs. MIN,L,100,51.0,23,4.0,5,15,0.458,0.857,0.231,-19.0,Utah Jazz
0022300972,2024-03-16,22023,MEM vs. OKC,L,112,36.0,34,7.0,4,14,0.457,0.769,0.409,-6.0,Memphis Grizzlies
0022300981,2024-03-17,22023,SAS vs. BKN,W,122,50.0,30,6.0,10,17,0.465,0.913,0.243,7.0,San Antonio Spurs
0022300978,2024-03-17,22023,DEN @ DAL,L,105,37.0,26,7.0,6,7,0.44,0.864,0.429,-2.0,Denver Nuggets
0022300977,2024-03-17,22023,DET vs. MIA,L,101,44.0,24,4.0,7,12,0.458,0.786,0.389,-3.0,Detroit Pistons
0022300981,2024-03-17,22023,BKN @ SAS,L,115,48.0,29,13.0,5,12,0.461,0.684,0.258,-7.0,Brooklyn Nets
0022300979,2024-03-17,22023,TOR @ ORL,L,96,37.0,23,7.0,3,18,0.44,0.933,0.258,-15.0,Toronto Raptors
0022300980,2024-03-17,22023,WAS vs. BOS,L,104,40.0,24,3.0,5,16,0.461,0.857,0.294,-26.0,Washington Wizards
0022300979,2024-03-17,22023,ORL vs. TOR,W,111,39.0,22,7.0,4,13,0.506,0.7,0.306,15.0,Orlando Magic
0022300982,2024-03-17,22023,LAC vs. ATL,L,93,40.0,17,10.0,5,15,0.378,0.897,0.306,-17.0,Los Angeles Clippers
0022300977,2024-03-17,22023,MIA @ DET,W,104,47.0,24,7.0,2,9,0.449,0.75,0.343,3.0,Miami Heat
0022300978,2024-03-17,22023,DAL vs. DEN,W,107,60.0,22,5.0,5,11,0.42,0.667,0.257,2.0,Dallas Mavericks
0022300976,2024-03-17,22023,PHX @ MIL,L,129,39.0,36,7.0,5,12,0.586,0.867,0.424,-11.0,Phoenix Suns
0022300980,2024-03-17,22023,BOS @ WAS,W,130,43.0,30,9.0,6,14,0.494,0.833,0.48,26.0,Boston Celtics
0022300982,2024-03-17,22023,ATL @ LAC,W,110,45.0,32,10.0,7,14,0.488,0.917,0.5,17.0,Atlanta Hawks
0022300976,2024-03-17,22023,MIL vs. PHX,W,140,35.0,35,11.0,2,10,0.543,1.0,0.585,11.0,Milwaukee Bucks
0022300988,2024-03-18,22023,NYK @ GSW,W,119,44.0,29,6.0,1,10,0.484,0.85,0.378,7.0,New York Knicks
0022300985,2024-03-18,22023,PHI vs. MIA,W,98,46.0,23,7.0,12,12,0.435,0.917,0.361,7.0,Philadelphia 76ers
0022300986,2024-03-18,22023,CHI vs. POR,W,110,40.0,26,9.0,5,9,0.441,0.81,0.333,3.0,Chicago Bulls
0022300985,2024-03-18,22023,MIA @ PHI,L,91,49.0,23,8.0,3,15,0.393,0.643,0.364,-7.0,Miami Heat
0022300989,2024-03-18,22023,MEM @ SAC,L,111,49.0,22,13.0,7,12,0.378,0.8,0.342,-10.0,Memphis Grizzlies
0022300987,2024-03-18,22023,MIN @ UTA,W,114,35.0,27,9.0,9,9,0.484,0.833,0.39,10.0,Minnesota Timberwolves
0022300990,2024-03-18,22023,ATL @ LAL,L,105,42.0,32,8.0,5,9,0.429,0.8,0.22,-31.0,Atlanta Hawks
0022300984,2024-03-18,22023,DET @ BOS,L,94,43.0,21,6.0,3,12,0.429,0.867,0.31,-25.0,Detroit Pistons
0022300983,2024-03-18,22023,IND vs. CLE,L,103,45.0,28,8.0,3,11,0.462,0.625,0.237,-5.0,Indiana Pacers
0022300984,2024-03-18,22023,BOS vs. DET,W,119,53.0,30,8.0,8,9,0.453,0.846,0.449,25.0,Boston Celtics
0022300988,2024-03-18,22023,GSW vs. NYK,L,112,39.0,29,7.0,5,13,0.477,0.778,0.389,-7.0,Golden State Warriors
0022300987,2024-03-18,22023,UTA vs. MIN,L,104,47.0,25,6.0,3,17,0.464,0.857,0.438,-10.0,Utah Jazz
0022300989,2024-03-18,22023,SAC vs. MEM,W,121,59.0,30,7.0,10,17,0.447,0.813,0.314,10.0,Sacramento Kings
0022300983,2024-03-18,22023,CLE @ IND,W,108,39.0,27,8.0,4,14,0.475,0.714,0.375,5.0,Cleveland Cavaliers
0022300990,2024-03-18,22023,LAL vs. ATL,W,136,48.0,39,6.0,4,8,0.578,0.85,0.417,31.0,Los Angeles Lakers
0022300986,2024-03-18,22023,POR @ CHI,L,107,43.0,21,7.0,5,13,0.455,0.76,0.286,-3.0,Portland Trail Blazers
0022300994,2024-03-19,22023,DAL @ SAS,W,113,40.0,31,6.0,3,9,0.484,0.882,0.333,6.0,Dallas Mavericks
0022300991,2024-03-19,22023,ORL vs. CHA,W,112,41.0,32,10.0,6,16,0.543,0.923,0.353,20.0,Orlando Magic
0022300994,2024-03-19,22023,SAS vs. DAL,L,107,48.0,31,6.0,10,15,0.438,0.714,0.359,-6.0,San Antonio Spurs
0022300993,2024-03-19,22023,BKN vs. NOP,L,91,42.0,19,6.0,4,13,0.369,0.773,0.3,-13.0,Brooklyn Nets
0022300995,2024-03-19,22023,DEN @ MIN,W,115,49.0,26,5.0,1,17,0.519,0.773,0.519,3.0,Denver Nuggets
0022300993,2024-03-19,22023,NOP @ BKN,W,104,48.0,29,7.0,5,13,0.506,0.769,0.294,13.0,New Orleans Pelicans
0022300992,2024-03-19,22023,HOU @ WAS,W,137,47.0,25,6.0,11,7,0.516,0.833,0.333,23.0,Houston Rockets
0022300995,2024-03-19,22023,MIN vs. DEN,L,112,37.0,25,10.0,7,7,0.477,0.696,0.343,-3.0,Minnesota Timberwolves
0022300992,2024-03-19,22023,WAS vs. HOU,L,114,44.0,24,6.0,2,10,0.429,0.75,0.385,-23.0,Washington Wizards
0022300991,2024-03-19,22023,CHA @ ORL,L,92,30.0,19,8.0,1,17,0.481,0.778,0.31,-20.0,Charlotte Hornets
0022301000,2024-03-20,22023,UTA @ OKC,L,107,47.0,20,6.0,5,15,0.444,0.944,0.278,-12.0,Utah Jazz
0022301002,2024-03-20,22023,PHI @ PHX,L,102,40.0,33,12.0,7,9,0.432,0.389,0.351,-13.0,Philadelphia 76ers
0022301001,2024-03-20,22023,MEM @ GSW,L,116,45.0,29,4.0,3,10,0.438,0.778,0.367,-21.0,Memphis Grizzlies
0022300996,2024-03-20,22023,CLE vs. MIA,L,104,37.0,30,3.0,2,11,0.467,0.864,0.357,-3.0,Cleveland Cavaliers
0022301003,2024-03-20,22023,LAC @ POR,W,116,42.0,29,15.0,7,11,0.523,0.867,0.419,13.0,Los Angeles Clippers
0022300999,2024-03-20,22023,TOR vs. SAC,L,89,31.0,21,11.0,3,21,0.413,0.722,0.323,-34.0,Toronto Raptors
0022300996,2024-03-20,22023,MIA @ CLE,W,107,37.0,19,7.0,2,7,0.458,0.947,0.361,3.0,Miami Heat
0022300999,2024-03-20,22023,SAC @ TOR,W,123,53.0,32,14.0,6,15,0.516,0.833,0.3,34.0,Sacramento Kings
0022301003,2024-03-20,22023,POR vs. LAC,L,103,38.0,21,6.0,4,17,0.481,0.667,0.441,-13.0,Portland Trail Blazers
0022300997,2024-03-20,22023,DET vs. IND,L,103,46.0,23,8.0,1,15,0.411,0.8,0.217,-19.0,Detroit Pistons
0022301000,2024-03-20,22023,OKC vs. UTA,W,119,45.0,29,10.0,7,10,0.489,0.793,0.294,12.0,Oklahoma City Thunder
0022301001,2024-03-20,22023,GSW vs. MEM,W,137,48.0,43,6.0,5,6,0.58,0.333,0.487,21.0,Golden State Warriors
0022300998,2024-03-20,22023,MIL @ BOS,L,119,41.0,20,3.0,6,14,0.536,0.857,0.486,-3.0,Milwaukee Bucks
0022300998,2024-03-20,22023,BOS vs. MIL,W,122,37.0,25,6.0,5,9,0.471,0.828,0.45,3.0,Boston Celtics
0022301002,2024-03-20,22023,PHX vs. PHI,W,115,55.0,34,7.0,12,23,0.5,0.75,0.487,13.0,Phoenix Suns
0022300997,2024-03-20,22023,IND @ DET,W,122,40.0,38,13.0,6,12,0.568,0.611,0.379,19.0,Indiana Pacers
0022301008,2024-03-21,22023,UTA @ DAL,L,97,38.0,29,6.0,3,18,0.458,0.895,0.133,-16.0,Utah Jazz
0022301007,2024-03-21,22023,MIL vs. BKN,W,115,40.0,27,5.0,4,10,0.473,0.867,0.39,7.0,Milwaukee Bucks
0022301006,2024-03-21,22023,HOU vs. CHI,W,127,49.0,27,7.0,6,14,0.505,0.8,0.378,10.0,Houston Rockets
0022301010,2024-03-21,22023,PHX vs. ATL,W,128,38.0,28,4.0,11,17,0.554,0.889,0.537,13.0,Phoenix Suns
0022301004,2024-03-21,22023,ORL vs. NOP,W,121,40.0,33,12.0,4,14,0.547,0.684,0.389,15.0,Orlando Magic
0022301005,2024-03-21,22023,SAC @ WAS,L,102,37.0,21,12.0,7,15,0.43,0.895,0.282,-7.0,Sacramento Kings
0022301007,2024-03-21,22023,BKN @ MIL,L,108,49.0,29,7.0,1,14,0.446,0.813,0.295,-7.0,Brooklyn Nets
0022301008,2024-03-21,22023,DAL vs. UTA,W,113,43.0,33,12.0,3,13,0.5,0.607,0.313,16.0,Dallas Mavericks
0022301005,2024-03-21,22023,WAS vs. SAC,W,109,45.0,20,9.0,3,19,0.506,0.739,0.4,7.0,Washington Wizards
0022301009,2024-03-21,22023,NYK @ DEN,L,100,31.0,28,6.0,6,9,0.481,0.765,0.355,-13.0,New York Knicks
0022301010,2024-03-21,22023,ATL @ PHX,L,115,36.0,27,11.0,3,8,0.44,0.793,0.343,-13.0,Atlanta Hawks
0022301006,2024-03-21,22023,CHI @ HOU,L,117,43.0,23,8.0,3,11,0.452,0.84,0.387,-10.0,Chicago Bulls
0022301004,2024-03-21,22023,NOP @ ORL,L,106,33.0,24,11.0,1,18,0.538,0.762,0.3,-15.0,New Orleans Pelicans
0022301009,2024-03-21,22023,DEN vs. NYK,W,113,42.0,31,5.0,4,9,0.536,0.85,0.3,13.0,Denver Nuggets
0022301015,2024-03-22,22023,SAS vs. MEM,L,97,56.0,24,12.0,7,16,0.389,0.696,0.184,-2.0,San Antonio Spurs
0022301015,2024-03-22,22023,MEM @ SAS,W,99,51.0,18,10.0,4,17,0.402,0.677,0.353,2.0,Memphis Grizzlies
0022301017,2024-03-22,22023,LAC @ POR,W,125,40.0,26,8.0,8,17,0.571,0.852,0.424,8.0,Los Angeles Clippers
0022301017,2024-03-22,22023,POR vs. LAC,L,117,41.0,29,11.0,1,10,0.484,0.6,0.364,-8.0,Portland Trail Blazers
0022301018,2024-03-22,22023,LAL vs. PHI,W,101,54.0,22,1.0,7,21,0.438,0.758,0.387,7.0,Los Angeles Lakers
0022301013,2024-03-22,22023,NOP @ MIA,W,111,56.0,25,3.0,2,12,0.512,0.75,0.5,23.0,New Orleans Pelicans
0022301013,2024-03-22,22023,MIA vs. NOP,L,88,34.0,22,3.0,4,4,0.36,0.867,0.277,-23.0,Miami Heat
0022301011,2024-03-22,22023,DET vs. BOS,L,102,42.0,25,4.0,1,18,0.506,0.692,0.29,-27.0,Detroit Pistons
0022301011,2024-03-22,22023,BOS @ DET,W,129,35.0,31,9.0,5,7,0.528,0.704,0.356,27.0,Boston Celtics
0022301016,2024-03-22,22023,IND @ GSW,W,123,50.0,32,8.0,10,11,0.485,0.75,0.417,12.0,Indiana Pacers
0022301012,2024-03-22,22023,TOR vs. OKC,L,103,36.0,34,12.0,3,27,0.526,0.706,0.367,-20.0,Toronto Raptors
0022301014,2024-03-22,22023,MIN vs. CLE,W,104,46.0,27,9.0,5,11,0.482,0.5,0.519,13.0,Minnesota Timberwolves
0022301012,2024-03-22,22023,OKC @ TOR,W,123,46.0,27,17.0,5,15,0.505,0.789,0.375,20.0,Oklahoma City Thunder
0022301018,2024-03-22,22023,PHI @ LAL,L,94,42.0,20,13.0,7,8,0.344,0.833,0.216,-7.0,Philadelphia 76ers
0022301016,2024-03-22,22023,GSW vs. IND,L,111,64.0,24,6.0,6,14,0.406,0.688,0.292,-12.0,Golden State Warriors
0022301014,2024-03-22,22023,CLE @ MIN,L,91,41.0,22,6.0,5,12,0.42,0.842,0.241,-13.0,Cleveland Cavaliers
0022301021,2024-03-23,22023,CHA @ ATL,L,91,39.0,25,3.0,4,13,0.417,0.714,0.282,-41.0,Charlotte Hornets
0022301026,2024-03-23,22023,DEN @ POR,W,114,49.0,25,8.0,9,13,0.451,0.727,0.333,3.0,Denver Nuggets
0022301026,2024-03-23,22023,POR vs. DEN,L,111,45.0,27,8.0,8,15,0.462,0.882,0.357,-3.0,Portland Trail Blazers
0022301020,2024-03-23,22023,SAC @ ORL,W,109,42.0,26,6.0,5,7,0.437,0.857,0.375,2.0,Sacramento Kings
0022301020,2024-03-23,22023,ORL vs. SAC,L,107,49.0,27,5.0,3,13,0.477,0.722,0.286,-2.0,Orlando Magic
0022301023,2024-03-23,22023,CHI vs. BOS,L,113,29.0,36,7.0,3,7,0.573,0.909,0.375,-11.0,Chicago Bulls
0022301024,2024-03-23,22023,HOU vs. UTA,W,147,44.0,31,7.0,3,9,0.557,0.857,0.551,28.0,Houston Rockets
0022301024,2024-03-23,22023,UTA @ HOU,L,119,40.0,24,2.0,4,10,0.449,0.848,0.297,-28.0,Utah Jazz
0022301025,2024-03-23,22023,SAS vs. PHX,L,106,34.0,27,6.0,6,15,0.471,0.81,0.273,-25.0,San Antonio Spurs
0022301019,2024-03-23,22023,NYK vs. BKN,W,105,47.0,25,10.0,4,9,0.433,0.5,0.375,12.0,New York Knicks
0022301019,2024-03-23,22023,BKN @ NYK,L,93,41.0,26,5.0,6,15,0.447,0.867,0.353,-12.0,Brooklyn Nets
0022301022,2024-03-23,22023,WAS vs. TOR,W,112,55.0,28,7.0,8,17,0.478,0.684,0.314,3.0,Washington Wizards
0022301023,2024-03-23,22023,BOS @ CHI,W,124,41.0,28,5.0,3,12,0.512,0.882,0.438,11.0,Boston Celtics
0022301021,2024-03-23,22023,ATL vs. CHA,W,132,43.0,40,9.0,5,8,0.556,0.857,0.476,41.0,Atlanta Hawks
0022301025,2024-03-23,22023,PHX @ SAS,W,131,39.0,38,11.0,5,8,0.596,0.8,0.458,25.0,Phoenix Suns
0022301022,2024-03-23,22023,TOR @ WAS,L,109,42.0,27,9.0,7,12,0.426,0.808,0.242,-3.0,Toronto Raptors
0022301030,2024-03-24,22023,MIL vs. OKC,W,118,57.0,33,7.0,5,16,0.533,0.643,0.324,25.0,Milwaukee Bucks
0022301028,2024-03-24,22023,LAC vs. PHI,L,107,37.0,27,2.0,9,13,0.482,0.944,0.357,-14.0,Los Angeles Clippers
0022301031,2024-03-24,22023,MIN vs. GSW,W,114,44.0,30,9.0,5,15,0.476,0.722,0.525,4.0,Minnesota Timberwolves
0022301029,2024-03-24,22023,CLE @ MIA,L,84,30.0,24,3.0,3,17,0.417,0.75,0.31,-37.0,Cleveland Cavaliers
0022301030,2024-03-24,22023,OKC @ MIL,L,93,37.0,20,9.0,1,12,0.371,0.773,0.233,-25.0,Oklahoma City Thunder
0022301032,2024-03-24,22023,IND @ LAL,L,145,40.0,39,6.0,4,11,0.551,0.563,0.5,-5.0,Indiana Pacers
0022301027,2024-03-24,22023,DET vs. NOP,L,101,46.0,20,4.0,5,16,0.405,0.813,0.268,-13.0,Detroit Pistons
0022301027,2024-03-24,22023,NOP @ DET,W,114,41.0,27,8.0,7,10,0.506,0.677,0.324,13.0,New Orleans Pelicans
0022301028,2024-03-24,22023,PHI @ LAC,W,121,37.0,32,7.0,10,8,0.533,0.778,0.486,14.0,Philadelphia 76ers
0022301029,2024-03-24,22023,MIA vs. CLE,W,121,44.0,29,13.0,0,9,0.518,0.87,0.395,37.0,Miami Heat
0022301031,2024-03-24,22023,GSW @ MIN,L,110,41.0,23,8.0,3,12,0.447,0.769,0.389,-4.0,Golden State Warriors
0022301032,2024-03-24,22023,LAL vs. IND,W,150,41.0,28,6.0,7,10,0.562,0.884,0.48,5.0,Los Angeles Lakers
0022301036,2024-03-25,22023,BKN @ TOR,W,96,50.0,20,3.0,4,18,0.457,0.722,0.231,8.0,Brooklyn Nets
0022301043,2024-03-25,22023,LAC vs. IND,L,116,36.0,26,4.0,4,8,0.541,0.818,0.3,-17.0,Los Angeles Clippers
0022301042,2024-03-25,22023,PHI @ SAC,L,96,47.0,18,2.0,4,15,0.415,0.85,0.324,-12.0,Philadelphia 76ers
0022301040,2024-03-25,22023,DEN vs. MEM,W,128,50.0,38,10.0,7,15,0.533,0.944,0.469,25.0,Denver Nuggets
0022301037,2024-03-25,22023,CHI vs. WAS,L,105,46.0,27,9.0,8,11,0.414,0.821,0.286,-2.0,Chicago Bulls
0022301041,2024-03-25,22023,UTA vs. DAL,L,105,46.0,28,6.0,3,12,0.425,0.818,0.333,-10.0,Utah Jazz
0022301039,2024-03-25,22023,SAS vs. PHX,W,104,40.0,23,10.0,1,7,0.44,0.842,0.258,2.0,San Antonio Spurs
0022301038,2024-03-25,22023,HOU vs. POR,W,110,45.0,19,7.0,7,8,0.398,0.96,0.308,18.0,Houston Rockets
0022301040,2024-03-25,22023,MEM @ DEN,L,103,40.0,25,9.0,9,14,0.394,0.667,0.25,-25.0,Memphis Grizzlies
0022301041,2024-03-25,22023,DAL @ UTA,W,115,47.0,31,9.0,7,6,0.478,0.833,0.286,10.0,Dallas Mavericks
0022301037,2024-03-25,22023,WAS @ CHI,W,107,52.0,32,8.0,5,13,0.402,0.833,0.286,2.0,Washington Wizards
0022301035,2024-03-25,22023,NYK vs. DET,W,124,52.0,30,6.0,6,13,0.506,0.682,0.413,25.0,New York Knicks
0022301034,2024-03-25,22023,ATL vs. BOS,W,120,44.0,30,5.0,3,13,0.529,0.588,0.5,2.0,Atlanta Hawks
0022301034,2024-03-25,22023,BOS @ ATL,L,118,38.0,21,7.0,8,7,0.495,0.684,0.289,-2.0,Boston Celtics
0022301043,2024-03-25,22023,IND @ LAC,W,133,34.0,28,7.0,3,8,0.581,0.727,0.607,17.0,Indiana Pacers
0022301039,2024-03-25,22023,PHX @ SAS,L,102,47.0,28,5.0,7,14,0.506,0.571,0.357,-2.0,Phoenix Suns
0022301033,2024-03-25,22023,CLE vs. CHA,W,115,47.0,41,4.0,3,12,0.535,0.6,0.415,23.0,Cleveland Cavaliers
0022301033,2024-03-25,22023,CHA @ CLE,L,92,33.0,22,5.0,4,11,0.425,0.833,0.321,-23.0,Charlotte Hornets
0022301042,2024-03-25,22023,SAC vs. PHI,W,108,40.0,25,6.0,6,7,0.442,0.786,0.263,12.0,Sacramento Kings
0022301038,2024-03-25,22023,POR @ HOU,L,92,44.0,14,5.0,6,16,0.414,0.867,0.212,-18.0,Portland Trail Blazers
0022301035,2024-03-25,22023,DET @ NYK,L,99,37.0,22,8.0,5,12,0.386,0.955,0.294,-25.0,Detroit Pistons
0022301036,2024-03-25,22023,TOR vs. BKN,L,88,30.0,23,10.0,2,10,0.435,0.75,0.185,-8.0,Toronto Raptors
0022301047,2024-03-26,22023,DAL @ SAC,W,132,49.0,34,10.0,4,9,0.554,0.615,0.564,36.0,Dallas Mavericks
0022301047,2024-03-26,22023,SAC vs. DAL,L,96,42.0,27,6.0,5,13,0.389,0.789,0.367,-36.0,Sacramento Kings
0022301044,2024-03-26,22023,GSW @ MIA,W,113,43.0,31,6.0,5,10,0.553,0.6,0.342,21.0,Golden State Warriors
0022301046,2024-03-26,22023,OKC @ NOP,W,119,45.0,28,5.0,3,12,0.535,0.857,0.441,7.0,Oklahoma City Thunder
0022301044,2024-03-26,22023,MIA vs. GSW,L,92,39.0,24,3.0,2,8,0.402,0.769,0.242,-21.0,Miami Heat
0022301045,2024-03-26,22023,LAL @ MIL,W,128,69.0,30,4.0,8,17,0.389,0.938,0.318,4.0,Los Angeles Lakers
0022301045,2024-03-26,22023,MIL vs. LAL,L,124,61.0,37,9.0,5,14,0.412,0.647,0.294,-4.0,Milwaukee Bucks
0022301046,2024-03-26,22023,NOP vs. OKC,L,112,37.0,26,7.0,2,9,0.453,0.87,0.368,-7.0,New Orleans Pelicans
0022301048,2024-03-27,22023,CLE @ CHA,L,111,32.0,33,7.0,1,13,0.494,0.571,0.432,-7.0,Cleveland Cavaliers
0022301054,2024-03-27,22023,CHI vs. IND,W,125,54.0,28,7.0,5,7,0.5,0.833,0.444,26.0,Chicago Bulls
0022301058,2024-03-27,22023,UTA vs. SAS,L,111,36.0,25,8.0,4,21,0.47,0.909,0.371,-7.0,Utah Jazz
0022301055,2024-03-27,22023,MEM vs. LAL,L,124,39.0,30,10.0,3,14,0.474,0.789,0.395,-12.0,Memphis Grizzlies
0022301051,2024-03-27,22023,ATL vs. POR,W,120,41.0,23,12.0,9,16,0.518,0.8,0.39,14.0,Atlanta Hawks
0022301050,2024-03-27,22023,BKN @ WAS,W,122,45.0,24,8.0,9,8,0.48,0.783,0.303,3.0,Brooklyn Nets
0022301055,2024-03-27,22023,LAL @ MEM,W,136,43.0,31,5.0,4,15,0.556,0.8,0.545,12.0,Los Angeles Lakers
0022301053,2024-03-27,22023,TOR vs. NYK,L,101,28.0,31,7.0,4,18,0.464,0.923,0.355,-44.0,Toronto Raptors
0022301049,2024-03-27,22023,GSW @ ORL,W,101,52.0,26,5.0,5,12,0.444,0.846,0.294,8.0,Golden State Warriors
0022301059,2024-03-27,22023,PHX @ DEN,W,104,51.0,29,3.0,7,16,0.47,0.909,0.485,7.0,Phoenix Suns
0022301054,2024-03-27,22023,IND @ CHI,L,99,40.0,25,3.0,4,13,0.4,0.783,0.31,-26.0,Indiana Pacers
0022301050,2024-03-27,22023,WAS vs. BKN,L,119,44.0,26,4.0,4,13,0.505,0.765,0.412,-3.0,Washington Wizards
0022301049,2024-03-27,22023,ORL vs. GSW,L,93,39.0,25,10.0,5,10,0.424,0.524,0.313,-8.0,Orlando Magic
0022301058,2024-03-27,22023,SAS @ UTA,W,118,41.0,40,9.0,7,21,0.512,0.667,0.485,7.0,San Antonio Spurs
0022301057,2024-03-27,22023,OKC vs. HOU,L,126,49.0,26,7.0,7,19,0.49,0.75,0.368,-6.0,Oklahoma City Thunder
0022301059,2024-03-27,22023,DEN vs. PHX,L,97,38.0,24,9.0,4,8,0.432,0.917,0.25,-7.0,Denver Nuggets
0022301056,2024-03-27,22023,MIN vs. DET,W,106,40.0,28,8.0,3,12,0.512,0.688,0.306,15.0,Minnesota Timberwolves
0022301052,2024-03-27,22023,LAC @ PHI,W,108,43.0,28,8.0,5,6,0.444,0.7,0.389,1.0,Los Angeles Clippers
0022301051,2024-03-27,22023,POR @ ATL,L,106,33.0,35,8.0,2,18,0.506,0.6,0.452,-14.0,Portland Trail Blazers
0022301057,2024-03-27,22023,HOU @ OKC,W,132,50.0,25,10.0,3,16,0.481,0.739,0.349,6.0,Houston Rockets
0022301052,2024-03-27,22023,PHI vs. LAC,L,107,51.0,17,3.0,11,12,0.476,0.842,0.394,-1.0,Philadelphia 76ers
0022301056,2024-03-27,22023,DET @ MIN,L,91,41.0,15,9.0,1,12,0.383,0.8,0.281,-15.0,Detroit Pistons
0022301048,2024-03-27,22023,CHA vs. CLE,W,118,38.0,30,8.0,2,15,0.579,0.773,0.394,7.0,Charlotte Hornets
0022301053,2024-03-27,22023,NYK @ TOR,W,145,42.0,37,7.0,8,11,0.585,0.813,0.5,44.0,New York Knicks
0022301061,2024-03-28,22023,MIL @ NOP,L,100,46.0,21,1.0,4,14,0.463,0.526,0.359,-7.0,Milwaukee Bucks
0022301061,2024-03-28,22023,NOP vs. MIL,W,107,48.0,22,11.0,5,6,0.396,0.794,0.25,7.0,New Orleans Pelicans
0022301060,2024-03-28,22023,ATL vs. BOS,W,123,53.0,24,5.0,5,11,0.49,0.6,0.341,1.0,Atlanta Hawks
0022301060,2024-03-28,22023,BOS @ ATL,L,122,43.0,28,7.0,6,12,0.479,0.857,0.389,-1.0,Boston Celtics
0022301065,2024-03-29,22023,DET @ WAS,W,96,47.0,19,9.0,5,13,0.416,0.8,0.25,9.0,Detroit Pistons
0022301066,2024-03-29,22023,CHI @ BKN,L,108,44.0,24,3.0,6,12,0.507,0.793,0.3,-17.0,Chicago Bulls
0022301069,2024-03-29,22023,OKC vs. PHX,W,128,38.0,33,7.0,7,10,0.563,1.0,0.533,25.0,Oklahoma City Thunder
0022301065,2024-03-29,22023,WAS vs. DET,L,87,47.0,22,2.0,4,18,0.409,0.75,0.273,-9.0,Washington Wizards
0022301068,2024-03-29,22023,POR @ MIA,L,82,43.0,20,4.0,2,23,0.402,0.636,0.167,-60.0,Portland Trail Blazers
0022301072,2024-03-29,22023,UTA vs. HOU,L,100,51.0,23,4.0,9,20,0.463,0.947,0.258,-1.0,Utah Jazz
0022301069,2024-03-29,22023,PHX @ OKC,L,103,39.0,26,6.0,6,14,0.448,0.8,0.317,-25.0,Phoenix Suns
0022301062,2024-03-29,22023,CHA vs. GSW,L,97,41.0,23,4.0,2,11,0.405,0.708,0.261,-18.0,Charlotte Hornets
0022301071,2024-03-29,22023,DEN vs. MIN,L,98,46.0,29,6.0,1,12,0.398,0.741,0.286,-13.0,Denver Nuggets
0022301063,2024-03-29,22023,LAL @ IND,L,90,48.0,24,3.0,3,16,0.407,0.833,0.167,-19.0,Los Angeles Lakers
0022301066,2024-03-29,22023,BKN vs. CHI,W,125,43.0,26,9.0,3,6,0.473,0.636,0.568,17.0,Brooklyn Nets
0022301073,2024-03-29,22023,SAC vs. DAL,L,103,45.0,24,9.0,1,10,0.435,0.667,0.469,-4.0,Sacramento Kings
0022301062,2024-03-29,22023,GSW @ CHA,W,115,50.0,35,7.0,5,12,0.539,0.889,0.344,18.0,Golden State Warriors
0022301063,2024-03-29,22023,IND vs. LAL,W,109,46.0,27,8.0,6,8,0.483,0.929,0.323,19.0,Indiana Pacers
0022301068,2024-03-29,22023,MIA vs. POR,W,142,44.0,41,17.0,4,8,0.587,0.722,0.538,60.0,Miami Heat
0022301073,2024-03-29,22023,DAL @ SAC,W,107,42.0,24,4.0,6,10,0.473,0.667,0.429,4.0,Dallas Mavericks
0022301070,2024-03-29,22023,SAS vs. NYK,W,130,46.0,34,3.0,2,15,0.537,0.813,0.4,4.0,San Antonio Spurs
0022301067,2024-03-29,22023,PHI @ CLE,L,114,42.0,28,6.0,7,9,0.447,0.824,0.4,-3.0,Philadelphia 76ers
0022301064,2024-03-29,22023,ORL vs. LAC,L,97,38.0,20,10.0,8,14,0.442,0.733,0.345,-3.0,Orlando Magic
0022301072,2024-03-29,22023,HOU @ UTA,W,101,45.0,19,10.0,6,10,0.385,0.643,0.31,1.0,Houston Rockets
0022301070,2024-03-29,22023,NYK @ SAS,L,126,50.0,24,10.0,1,11,0.464,0.833,0.378,-4.0,New York Knicks
0022301064,2024-03-29,22023,LAC @ ORL,W,100,41.0,19,11.0,4,16,0.482,0.833,0.333,3.0,Los Angeles Clippers
0022301067,2024-03-29,22023,CLE vs. PHI,W,117,37.0,34,4.0,3,13,0.549,0.846,0.432,3.0,Cleveland Cavaliers
0022301071,2024-03-29,22023,MIN @ DEN,W,111,39.0,28,6.0,7,7,0.514,0.703,0.321,13.0,Minnesota Timberwolves
0022301074,2024-03-30,22023,NOP vs. BOS,L,92,41.0,22,9.0,3,9,0.395,0.611,0.371,-12.0,New Orleans Pelicans
0022301076,2024-03-30,22023,MIL @ ATL,W,122,40.0,27,7.0,5,10,0.551,0.8,0.286,9.0,Milwaukee Bucks
0022301075,2024-03-30,22023,ORL vs. MEM,W,118,43.0,28,8.0,8,15,0.487,0.87,0.5,30.0,Orlando Magic
0022301076,2024-03-30,22023,ATL vs. MIL,L,113,39.0,24,5.0,3,11,0.457,0.833,0.4,-9.0,Atlanta Hawks
0022301074,2024-03-30,22023,BOS @ NOP,W,104,51.0,27,7.0,7,12,0.476,0.917,0.405,12.0,Boston Celtics
0022301075,2024-03-30,22023,MEM @ ORL,L,88,45.0,25,11.0,7,19,0.36,0.824,0.333,-30.0,Memphis Grizzlies
0022301085,2024-03-31,22023,GSW @ SAS,W,117,41.0,34,15.0,3,15,0.489,0.846,0.41,4.0,Golden State Warriors
0022301078,2024-03-31,22023,LAL @ BKN,W,116,50.0,24,8.0,6,19,0.545,0.773,0.375,12.0,Los Angeles Lakers
0022301083,2024-03-31,22023,HOU vs. DAL,L,107,43.0,22,9.0,3,10,0.424,0.842,0.342,-18.0,Houston Rockets
0022301078,2024-03-31,22023,BKN vs. LAL,L,104,38.0,19,12.0,3,12,0.424,0.737,0.333,-12.0,Brooklyn Nets
0022301080,2024-03-31,22023,PHI @ TOR,W,135,39.0,28,6.0,10,15,0.59,0.813,0.558,15.0,Philadelphia 76ers
0022301086,2024-03-31,22023,SAC vs. UTA,W,127,44.0,34,8.0,6,15,0.536,0.739,0.5,21.0,Sacramento Kings
0022301079,2024-03-31,22023,LAC @ CHA,W,130,41.0,28,4.0,5,8,0.573,0.882,0.483,12.0,Los Angeles Clippers
0022301079,2024-03-31,22023,CHA vs. LAC,L,118,31.0,32,3.0,2,9,0.5,0.636,0.442,-12.0,Charlotte Hornets
0022301077,2024-03-31,22023,CLE @ DEN,L,101,28.0,26,10.0,4,15,0.463,0.81,0.32,-29.0,Cleveland Cavaliers
0022301080,2024-03-31,22023,TOR vs. PHI,L,120,30.0,31,10.0,2,12,0.522,0.75,0.367,-15.0,Toronto Raptors
0022301081,2024-03-31,22023,MIA @ WAS,W,119,42.0,22,11.0,8,13,0.494,0.862,0.389,12.0,Miami Heat
0022301082,2024-03-31,22023,NYK vs. OKC,L,112,46.0,24,8.0,3,10,0.413,0.676,0.302,-1.0,New York Knicks
0022301084,2024-03-31,22023,MIN vs. CHI,L,101,37.0,28,12.0,5,13,0.469,0.667,0.297,-8.0,Minnesota Timberwolves
0022301083,2024-03-31,22023,DAL @ HOU,W,125,47.0,24,7.0,8,13,0.516,0.556,0.511,18.0,Dallas Mavericks
0022301086,2024-03-31,22023,UTA @ SAC,L,106,33.0,22,6.0,4,12,0.41,0.786,0.39,-21.0,Utah Jazz
0022301085,2024-03-31,22023,SAS vs. GSW,L,113,45.0,31,7.0,5,19,0.449,0.889,0.395,-4.0,San Antonio Spurs
0022301084,2024-03-31,22023,CHI @ MIN,W,109,43.0,30,11.0,3,16,0.525,0.667,0.586,8.0,Chicago Bulls
0022301081,2024-03-31,22023,WAS vs. MIA,L,107,42.0,27,6.0,1,15,0.455,0.762,0.289,-12.0,Washington Wizards
0022301077,2024-03-31,22023,DEN vs. CLE,W,130,51.0,36,7.0,4,16,0.575,0.692,0.636,29.0,Denver Nuggets
0022301082,2024-03-31,22023,OKC @ NYK,W,113,43.0,29,6.0,8,12,0.537,0.5,0.382,1.0,Oklahoma City Thunder
0022301087,2024-04-01,22023,BOS @ CHA,W,118,51.0,28,3.0,3,10,0.483,0.813,0.358,14.0,Boston Celtics
0022301090,2024-04-01,22023,ORL vs. POR,W,104,43.0,26,4.0,6,15,0.474,0.778,0.344,1.0,Orlando Magic
0022301092,2024-04-01,22023,NOP vs. PHX,L,111,37.0,29,10.0,1,9,0.472,0.667,0.407,-13.0,New Orleans Pelicans
0022301088,2024-04-01,22023,DET vs. MEM,L,108,41.0,22,7.0,9,14,0.506,0.773,0.393,-2.0,Detroit Pistons
0022301091,2024-04-01,22023,CHI vs. ATL,L,101,51.0,17,8.0,2,8,0.394,0.833,0.25,-12.0,Chicago Bulls
0022301088,2024-04-01,22023,MEM @ DET,W,110,44.0,28,11.0,9,12,0.44,0.826,0.333,2.0,Memphis Grizzlies
0022301089,2024-04-01,22023,BKN @ IND,L,111,43.0,20,3.0,4,15,0.471,0.679,0.385,-22.0,Brooklyn Nets
0022301092,2024-04-01,22023,PHX @ NOP,W,124,49.0,29,7.0,6,12,0.494,0.8,0.383,13.0,Phoenix Suns
0022301091,2024-04-01,22023,ATL @ CHI,W,113,45.0,29,4.0,5,14,0.5,0.667,0.475,12.0,Atlanta Hawks
0022301087,2024-04-01,22023,CHA vs. BOS,L,104,40.0,28,3.0,2,6,0.451,0.818,0.351,-14.0,Charlotte Hornets
0022301089,2024-04-01,22023,IND vs. BKN,W,133,47.0,35,6.0,9,9,0.515,0.824,0.419,22.0,Indiana Pacers
0022301090,2024-04-01,22023,POR @ ORL,L,103,44.0,28,9.0,3,9,0.444,0.8,0.355,-1.0,Portland Trail Blazers
0022301101,2024-04-02,22023,SAC vs. LAC,W,109,56.0,29,10.0,6,10,0.424,0.76,0.286,14.0,Sacramento Kings
0022301095,2024-04-02,22023,WAS vs. MIL,W,117,44.0,26,9.0,2,10,0.505,0.824,0.237,4.0,Washington Wizards
0022301101,2024-04-02,22023,LAC @ SAC,L,95,38.0,18,6.0,1,15,0.408,0.815,0.407,-14.0,Los Angeles Clippers
0022301100,2024-04-02,22023,CLE @ UTA,W,129,41.0,38,10.0,6,13,0.541,0.875,0.41,16.0,Cleveland Cavaliers
0022301099,2024-04-02,22023,SAS @ DEN,L,105,59.0,33,4.0,12,7,0.4,0.5,0.295,-5.0,San Antonio Spurs
0022300589,2024-04-02,22023,DAL @ GSW,L,100,42.0,27,8.0,7,15,0.438,0.636,0.375,-4.0,Dallas Mavericks
0022301095,2024-04-02,22023,MIL @ WAS,L,113,57.0,31,8.0,6,12,0.437,0.667,0.229,-4.0,Milwaukee Bucks
0022301094,2024-04-02,22023,TOR vs. LAL,L,111,40.0,25,11.0,6,17,0.483,0.714,0.313,-17.0,Toronto Raptors
0022301098,2024-04-02,22023,MIN vs. HOU,W,113,39.0,29,12.0,5,17,0.532,0.909,0.423,7.0,Minnesota Timberwolves
0022301093,2024-04-02,22023,OKC @ PHI,L,105,43.0,30,10.0,9,14,0.425,0.818,0.333,-4.0,Oklahoma City Thunder
0022301099,2024-04-02,22023,DEN vs. SAS,W,110,52.0,28,5.0,10,8,0.439,0.813,0.324,5.0,Denver Nuggets
0022301098,2024-04-02,22023,HOU @ MIN,L,106,37.0,23,10.0,0,14,0.446,0.714,0.292,-7.0,Houston Rockets
0022301094,2024-04-02,22023,LAL @ TOR,W,128,47.0,38,6.0,8,14,0.515,0.5,0.439,17.0,Los Angeles Lakers
0022301093,2024-04-02,22023,PHI vs. OKC,W,109,42.0,27,8.0,4,16,0.462,0.92,0.467,4.0,Philadelphia 76ers
0022300589,2024-04-02,22023,GSW vs. DAL,W,104,52.0,29,9.0,4,17,0.456,1.0,0.469,4.0,Golden State Warriors
0022301096,2024-04-02,22023,MIA vs. NYK,W,109,39.0,24,5.0,4,17,0.486,0.952,0.447,10.0,Miami Heat
0022301100,2024-04-02,22023,UTA vs. CLE,L,113,33.0,26,7.0,3,19,0.482,0.833,0.432,-16.0,Utah Jazz
0022301096,2024-04-02,22023,NYK @ MIA,L,99,30.0,25,11.0,2,14,0.461,0.81,0.353,-10.0,New York Knicks
0022301105,2024-04-03,22023,OKC @ BOS,L,100,31.0,21,8.0,5,13,0.432,0.893,0.208,-35.0,Oklahoma City Thunder
0022301103,2024-04-03,22023,LAL @ WAS,W,125,49.0,21,10.0,4,16,0.505,0.862,0.286,5.0,Los Angeles Lakers
0022301110,2024-04-03,22023,PHX vs. CLE,W,122,43.0,32,11.0,2,15,0.506,0.941,0.545,21.0,Phoenix Suns
0022301104,2024-04-03,22023,ATL vs. DET,W,121,48.0,36,9.0,8,16,0.544,0.667,0.342,8.0,Atlanta Hawks
0022301106,2024-04-03,22023,IND @ BKN,L,111,45.0,27,8.0,9,9,0.447,0.818,0.263,-4.0,Indiana Pacers
0022301107,2024-04-03,22023,MIL vs. MEM,L,101,44.0,26,5.0,10,11,0.4,0.583,0.409,-10.0,Milwaukee Bucks
0022301105,2024-04-03,22023,BOS vs. OKC,W,135,46.0,33,7.0,10,10,0.543,0.947,0.425,35.0,Boston Celtics
0022301109,2024-04-03,22023,ORL @ NOP,W,117,39.0,27,9.0,2,13,0.513,0.733,0.406,9.0,Orlando Magic
0022301110,2024-04-03,22023,CLE @ PHX,L,101,37.0,28,9.0,4,15,0.47,0.842,0.269,-21.0,Cleveland Cavaliers
0022301107,2024-04-03,22023,MEM @ MIL,W,111,54.0,25,5.0,8,8,0.505,0.706,0.304,10.0,Memphis Grizzlies
0022301104,2024-04-03,22023,DET @ ATL,L,113,37.0,24,14.0,3,10,0.457,0.81,0.333,-8.0,Detroit Pistons
0022301103,2024-04-03,22023,WAS vs. LAL,L,120,39.0,26,11.0,4,18,0.495,0.923,0.429,-5.0,Washington Wizards
0022301108,2024-04-03,22023,TOR @ MIN,L,85,48.0,19,4.0,6,20,0.367,0.857,0.233,-48.0,Toronto Raptors
0022301108,2024-04-03,22023,MIN vs. TOR,W,133,50.0,37,13.0,9,9,0.51,0.682,0.465,48.0,Minnesota Timberwolves
0022301109,2024-04-03,22023,NOP vs. ORL,L,108,35.0,21,9.0,1,14,0.474,0.857,0.414,-9.0,New Orleans Pelicans
0022301102,2024-04-03,22023,POR @ CHA,W,89,55.0,19,4.0,2,15,0.398,0.667,0.269,3.0,Portland Trail Blazers
0022301102,2024-04-03,22023,CHA vs. POR,L,86,36.0,22,10.0,8,9,0.41,0.773,0.161,-3.0,Charlotte Hornets
0022301106,2024-04-03,22023,BKN vs. IND,W,115,50.0,22,4.0,8,13,0.483,0.704,0.375,4.0,Brooklyn Nets
0022301112,2024-04-04,22023,NYK vs. SAC,W,120,39.0,34,9.0,2,11,0.55,0.69,0.429,11.0,New York Knicks
0022301124,2024-04-04,22023,DAL vs. ATL,W,109,53.0,20,7.0,7,14,0.404,0.882,0.367,14.0,Dallas Mavericks
0022301111,2024-04-04,22023,MIA vs. PHI,L,105,51.0,24,8.0,4,15,0.415,0.875,0.302,-4.0,Miami Heat
0022301114,2024-04-04,22023,DEN @ LAC,L,100,51.0,27,3.0,4,13,0.434,0.68,0.314,-2.0,Denver Nuggets
0022301112,2024-04-04,22023,SAC @ NYK,L,109,35.0,26,6.0,3,16,0.488,0.583,0.429,-11.0,Sacramento Kings
0022301124,2024-04-04,22023,ATL @ DAL,L,95,56.0,21,7.0,2,21,0.4,0.667,0.342,-14.0,Atlanta Hawks
0022301111,2024-04-04,22023,PHI @ MIA,W,109,41.0,28,11.0,7,11,0.467,0.818,0.35,4.0,Philadelphia 76ers
0022301113,2024-04-04,22023,GSW @ HOU,W,133,43.0,29,6.0,2,18,0.588,0.88,0.486,23.0,Golden State Warriors
0022301114,2024-04-04,22023,LAC vs. DEN,W,102,48.0,22,10.0,2,6,0.378,0.844,0.212,2.0,Los Angeles Clippers
0022301113,2024-04-04,22023,HOU vs. GSW,L,110,29.0,23,11.0,1,12,0.419,0.867,0.3,-23.0,Houston Rockets
0022301123,2024-04-05,22023,NOP vs. SAS,L,109,41.0,28,11.0,2,17,0.512,1.0,0.31,-2.0,New Orleans Pelicans
0022301117,2024-04-05,22023,POR @ WAS,W,108,55.0,29,7.0,5,12,0.436,0.708,0.31,6.0,Portland Trail Blazers
0022301119,2024-04-05,22023,CHI vs. NYK,W,108,57.0,27,11.0,5,16,0.473,0.813,0.304,8.0,Chicago Bulls
0022301119,2024-04-05,22023,NYK @ CHI,L,100,38.0,22,9.0,2,17,0.434,0.75,0.345,-8.0,New York Knicks
0022301125,2024-04-05,22023,MIN @ PHX,L,87,44.0,23,9.0,6,18,0.388,0.786,0.345,-10.0,Minnesota Timberwolves
0022301125,2024-04-05,22023,PHX vs. MIN,W,97,49.0,29,12.0,3,18,0.434,0.759,0.346,10.0,Phoenix Suns
0022301122,2024-04-05,22023,TOR @ MIL,W,117,47.0,24,9.0,3,16,0.456,0.861,0.389,6.0,Toronto Raptors
0022301121,2024-04-05,22023,MEM vs. DET,W,108,49.0,24,13.0,7,20,0.467,0.875,0.323,18.0,Memphis Grizzlies
0022301115,2024-04-05,22023,ORL @ CHA,L,115,37.0,24,9.0,3,10,0.447,0.846,0.237,-9.0,Orlando Magic
0022301097,2024-04-05,22023,DAL vs. GSW,W,108,41.0,30,9.0,9,17,0.476,0.762,0.353,2.0,Dallas Mavericks
0022301121,2024-04-05,22023,DET @ MEM,L,90,38.0,22,13.0,4,17,0.405,0.75,0.267,-18.0,Detroit Pistons
0022301126,2024-04-05,22023,UTA @ LAC,L,102,43.0,20,11.0,4,15,0.385,0.793,0.3,-29.0,Utah Jazz
0022301120,2024-04-05,22023,HOU vs. MIA,L,104,45.0,25,7.0,2,9,0.378,0.88,0.318,-15.0,Houston Rockets
0022301115,2024-04-05,22023,CHA vs. ORL,W,124,36.0,29,6.0,4,18,0.597,1.0,0.5,9.0,Charlotte Hornets
0022301118,2024-04-05,22023,SAC @ BOS,L,100,54.0,21,4.0,3,7,0.384,0.538,0.333,-1.0,Sacramento Kings
0022301117,2024-04-05,22023,WAS vs. POR,L,102,45.0,24,9.0,5,9,0.432,0.7,0.152,-6.0,Washington Wizards
0022301118,2024-04-05,22023,BOS vs. SAC,W,101,51.0,25,6.0,4,7,0.427,0.722,0.273,1.0,Boston Celtics
0022301116,2024-04-05,22023,OKC @ IND,L,112,39.0,24,8.0,6,15,0.488,0.833,0.267,-14.0,Oklahoma City Thunder
0022301097,2024-04-05,22023,GSW @ DAL,L,106,44.0,27,12.0,5,15,0.441,0.667,0.343,-2.0,Golden State Warriors
0022301116,2024-04-05,22023,IND vs. OKC,W,126,39.0,30,8.0,5,13,0.523,0.905,0.429,14.0,Indiana Pacers
0022301123,2024-04-05,22023,SAS @ NOP,W,111,34.0,34,9.0,8,16,0.506,0.769,0.37,2.0,San Antonio Spurs
0022301122,2024-04-05,22023,MIL vs. TOR,L,111,45.0,21,8.0,6,13,0.436,0.81,0.286,-6.0,Milwaukee Bucks
0022301120,2024-04-05,22023,MIA @ HOU,W,119,48.0,27,8.0,4,9,0.494,0.857,0.361,15.0,Miami Heat
0022301126,2024-04-05,22023,LAC vs. UTA,W,131,51.0,32,9.0,4,14,0.56,0.889,0.371,29.0,Los Angeles Clippers
0022301130,2024-04-06,22023,DEN vs. ATL,W,142,47.0,38,9.0,7,15,0.602,0.813,0.561,32.0,Denver Nuggets
0022301127,2024-04-06,22023,CLE @ LAL,L,97,40.0,24,11.0,3,18,0.433,0.667,0.314,-19.0,Cleveland Cavaliers
0022301128,2024-04-06,22023,DET @ BKN,L,103,28.0,25,9.0,2,7,0.457,0.5,0.436,-10.0,Detroit Pistons
0022301128,2024-04-06,22023,BKN vs. DET,W,113,48.0,20,3.0,7,18,0.521,0.788,0.407,10.0,Brooklyn Nets
0022301129,2024-04-06,22023,MEM vs. PHI,L,96,44.0,21,9.0,2,18,0.414,0.714,0.346,-20.0,Memphis Grizzlies
0022301127,2024-04-06,22023,LAL vs. CLE,W,116,40.0,30,11.0,11,17,0.563,0.625,0.432,19.0,Los Angeles Lakers
0022301129,2024-04-06,22023,PHI @ MEM,W,116,41.0,27,12.0,9,19,0.519,0.783,0.41,20.0,Philadelphia 76ers
0022301130,2024-04-06,22023,ATL @ DEN,L,110,38.0,30,8.0,2,16,0.425,0.828,0.324,-32.0,Atlanta Hawks
0022301140,2024-04-07,22023,PHI @ SAS,W,133,46.0,31,15.0,3,10,0.456,0.895,0.308,7.0,Philadelphia 76ers
0022301136,2024-04-07,22023,ORL vs. CHI,W,113,40.0,24,12.0,4,10,0.467,0.947,0.324,15.0,Orlando Magic
0022301140,2024-04-07,22023,SAS vs. PHI,L,126,59.0,31,5.0,11,25,0.449,0.846,0.364,-7.0,San Antonio Spurs
0022301133,2024-04-07,22023,MIA @ IND,L,115,39.0,21,3.0,2,7,0.464,0.906,0.296,-2.0,Miami Heat
0022301132,2024-04-07,22023,LAC vs. CLE,W,120,48.0,26,5.0,2,15,0.488,1.0,0.4,2.0,Los Angeles Clippers
0022301135,2024-04-07,22023,OKC @ CHA,W,121,36.0,33,14.0,4,16,0.517,0.765,0.5,3.0,Oklahoma City Thunder
0022301132,2024-04-07,22023,CLE @ LAC,L,118,36.0,27,10.0,2,11,0.477,0.852,0.367,-2.0,Cleveland Cavaliers
0022301143,2024-04-07,22023,MIN @ LAL,W,127,46.0,29,12.0,3,14,0.515,0.857,0.385,10.0,Minnesota Timberwolves
0022301131,2024-04-07,22023,HOU @ DAL,L,136,32.0,31,11.0,6,10,0.495,0.771,0.415,-11.0,Houston Rockets
0022301134,2024-04-07,22023,POR @ BOS,L,107,53.0,26,8.0,2,14,0.392,1.0,0.368,-17.0,Portland Trail Blazers
0022301138,2024-04-07,22023,PHX vs. NOP,L,105,38.0,30,7.0,8,15,0.448,0.929,0.359,-8.0,Phoenix Suns
0022301141,2024-04-07,22023,SAC @ BKN,W,107,54.0,31,8.0,12,9,0.426,0.75,0.313,30.0,Sacramento Kings
0022301133,2024-04-07,22023,IND vs. MIA,W,117,37.0,27,4.0,6,6,0.512,0.952,0.281,2.0,Indiana Pacers
0022301141,2024-04-07,22023,BKN vs. SAC,L,77,46.0,17,5.0,5,16,0.349,0.769,0.233,-30.0,Brooklyn Nets
0022301138,2024-04-07,22023,NOP @ PHX,W,113,42.0,26,8.0,7,12,0.471,0.895,0.41,8.0,New Orleans Pelicans
0022301134,2024-04-07,22023,BOS vs. POR,W,124,40.0,34,11.0,8,12,0.563,0.769,0.421,17.0,Boston Celtics
0022301139,2024-04-07,22023,NYK @ MIL,W,122,41.0,25,9.0,6,5,0.489,0.818,0.483,13.0,New York Knicks
0022301139,2024-04-07,22023,MIL vs. NYK,L,109,38.0,27,3.0,7,14,0.467,0.844,0.353,-13.0,Milwaukee Bucks
0022301142,2024-04-07,22023,UTA @ GSW,L,110,29.0,21,4.0,6,11,0.47,0.81,0.429,-8.0,Utah Jazz
0022301131,2024-04-07,22023,DAL vs. HOU,W,147,47.0,21,4.0,6,17,0.541,0.889,0.385,11.0,Dallas Mavericks
0022301137,2024-04-07,22023,WAS @ TOR,L,122,43.0,29,9.0,11,15,0.472,0.733,0.4,-8.0,Washington Wizards
0022301136,2024-04-07,22023,CHI @ ORL,L,98,37.0,20,7.0,5,21,0.507,0.727,0.3,-15.0,Chicago Bulls
0022301137,2024-04-07,22023,TOR vs. WAS,W,130,49.0,33,9.0,4,13,0.51,0.75,0.355,8.0,Toronto Raptors
0022301135,2024-04-07,22023,CHA vs. OKC,L,118,36.0,29,12.0,9,18,0.542,0.786,0.425,-3.0,Charlotte Hornets
0022301142,2024-04-07,22023,GSW vs. UTA,W,118,47.0,32,9.0,8,13,0.533,1.0,0.4,8.0,Golden State Warriors
0022301143,2024-04-07,22023,LAL vs. MIN,L,117,41.0,27,10.0,2,15,0.464,0.875,0.355,-10.0,Los Angeles Lakers
0022301156,2024-04-09,22023,PHX vs. LAC,L,92,38.0,17,16.0,7,8,0.337,0.857,0.229,-13.0,Phoenix Suns
0022301145,2024-04-09,22023,PHI vs. DET,W,120,51.0,29,11.0,8,7,0.449,0.826,0.351,18.0,Philadelphia 76ers
0022301148,2024-04-09,22023,MIL vs. BOS,W,104,49.0,29,6.0,5,16,0.531,0.5,0.472,13.0,Milwaukee Bucks
0022301156,2024-04-09,22023,LAC @ PHX,W,105,63.0,28,5.0,3,18,0.471,1.0,0.462,13.0,Los Angeles Clippers
0022301153,2024-04-09,22023,OKC vs. SAC,W,112,42.0,21,11.0,8,13,0.488,0.742,0.367,7.0,Oklahoma City Thunder
0022301150,2024-04-09,22023,HOU vs. ORL,W,118,37.0,29,8.0,7,12,0.523,0.722,0.429,12.0,Houston Rockets
0022301155,2024-04-09,22023,GSW @ LAL,W,134,42.0,37,3.0,12,15,0.588,0.667,0.634,14.0,Golden State Warriors
0022301155,2024-04-09,22023,LAL vs. GSW,L,120,40.0,31,8.0,3,7,0.458,0.833,0.343,-14.0,Los Angeles Lakers
0022301145,2024-04-09,22023,DET @ PHI,L,102,44.0,20,3.0,5,16,0.405,0.833,0.467,-18.0,Detroit Pistons
0022301153,2024-04-09,22023,SAC @ OKC,L,105,56.0,23,8.0,4,17,0.344,0.731,0.345,-7.0,Sacramento Kings
0022301146,2024-04-09,22023,TOR vs. IND,L,123,40.0,21,8.0,6,15,0.5,0.727,0.238,-17.0,Toronto Raptors
0022301149,2024-04-09,22023,CHI vs. NYK,L,117,39.0,20,4.0,5,9,0.534,0.684,0.357,-11.0,Chicago Bulls
0022301147,2024-04-09,22023,ATL vs. MIA,L,111,59.0,28,13.0,2,15,0.398,0.786,0.217,-6.0,Atlanta Hawks
0022301157,2024-04-09,22023,NOP @ POR,W,110,45.0,25,13.0,2,9,0.414,0.931,0.306,10.0,New Orleans Pelicans
0022301151,2024-04-09,22023,SAS @ MEM,W,102,51.0,30,5.0,11,16,0.483,1.0,0.25,15.0,San Antonio Spurs
0022301147,2024-04-09,22023,MIA @ ATL,W,117,46.0,29,8.0,3,18,0.477,0.714,0.4,6.0,Miami Heat
0022301149,2024-04-09,22023,NYK @ CHI,W,128,31.0,31,6.0,4,10,0.554,0.95,0.472,11.0,New York Knicks
0022301146,2024-04-09,22023,IND @ TOR,W,140,44.0,33,9.0,8,13,0.545,0.696,0.356,17.0,Indiana Pacers
0022301148,2024-04-09,22023,BOS @ MIL,L,91,38.0,27,11.0,4,12,0.398,,0.327,-13.0,Boston Celtics
0022301154,2024-04-09,22023,UTA vs. DEN,L,95,44.0,19,5.0,2,14,0.396,1.0,0.323,-16.0,Utah Jazz
0022301151,2024-04-09,22023,MEM vs. SAS,L,87,49.0,21,10.0,5,7,0.346,0.818,0.2,-15.0,Memphis Grizzlies
0022301144,2024-04-09,22023,CHA vs. DAL,L,104,39.0,24,8.0,3,11,0.438,0.762,0.313,-26.0,Charlotte Hornets
0022301150,2024-04-09,22023,ORL @ HOU,L,106,42.0,23,9.0,6,14,0.453,0.913,0.292,-12.0,Orlando Magic
0022301157,2024-04-09,22023,POR vs. NOP,L,100,47.0,28,3.0,3,21,0.471,0.875,0.342,-10.0,Portland Trail Blazers
0022301144,2024-04-09,22023,DAL @ CHA,W,130,55.0,35,6.0,7,14,0.538,0.65,0.34,26.0,Dallas Mavericks
0022301154,2024-04-09,22023,DEN @ UTA,W,111,43.0,30,12.0,12,9,0.489,0.455,0.378,16.0,Denver Nuggets
0022301152,2024-04-09,22023,WAS @ MIN,L,121,41.0,26,5.0,4,13,0.494,0.765,0.465,-9.0,Washington Wizards
0022301152,2024-04-09,22023,MIN vs. WAS,W,130,44.0,30,9.0,8,8,0.478,0.813,0.439,9.0,Minnesota Timberwolves
0022301158,2024-04-10,22023,MEM @ CLE,L,98,44.0,21,10.0,10,13,0.393,0.947,0.438,-12.0,Memphis Grizzlies
0022301164,2024-04-10,22023,DEN vs. MIN,W,116,44.0,31,7.0,8,13,0.554,0.565,0.44,9.0,Denver Nuggets
0022301163,2024-04-10,22023,OKC vs. SAS,W,127,62.0,33,12.0,6,12,0.465,0.81,0.421,38.0,Oklahoma City Thunder
0022301159,2024-04-10,22023,ATL vs. CHA,L,114,38.0,35,7.0,2,16,0.524,0.625,0.45,-1.0,Atlanta Hawks
0022301164,2024-04-10,22023,MIN @ DEN,L,107,35.0,23,9.0,5,9,0.5,0.571,0.433,-9.0,Minnesota Timberwolves
0022301165,2024-04-10,22023,LAC vs. PHX,L,108,44.0,23,9.0,3,12,0.463,0.8,0.333,-16.0,Los Angeles Clippers
0022301161,2024-04-10,22023,MIA vs. DAL,L,92,46.0,22,3.0,1,15,0.407,1.0,0.433,-19.0,Miami Heat
0022301165,2024-04-10,22023,PHX @ LAC,W,124,48.0,29,8.0,6,13,0.484,0.933,0.36,16.0,Phoenix Suns
0022301162,2024-04-10,22023,MIL vs. ORL,W,117,43.0,27,9.0,4,12,0.512,0.8,0.375,18.0,Milwaukee Bucks
0022301159,2024-04-10,22023,CHA @ ATL,W,115,33.0,25,11.0,2,13,0.506,0.955,0.389,1.0,Charlotte Hornets
0022301160,2024-04-10,22023,TOR @ BKN,L,102,45.0,19,8.0,5,9,0.372,0.889,0.4,-4.0,Toronto Raptors
0022301161,2024-04-10,22023,DAL @ MIA,W,111,39.0,27,8.0,8,7,0.494,0.769,0.341,19.0,Dallas Mavericks
0022301162,2024-04-10,22023,ORL @ MIL,L,99,34.0,19,6.0,1,15,0.462,0.696,0.367,-18.0,Orlando Magic
0022301163,2024-04-10,22023,SAS @ OKC,L,89,47.0,24,8.0,4,15,0.333,0.8,0.225,-38.0,San Antonio Spurs
0022301160,2024-04-10,22023,BKN vs. TOR,W,106,56.0,25,4.0,15,13,0.442,0.792,0.306,4.0,Brooklyn Nets
0022301158,2024-04-10,22023,CLE vs. MEM,W,110,47.0,27,11.0,10,13,0.451,0.724,0.405,12.0,Cleveland Cavaliers
0022301170,2024-04-11,22023,NOP @ SAC,W,135,40.0,35,7.0,2,13,0.57,0.833,0.55,12.0,New Orleans Pelicans
0022301167,2024-04-11,22023,NYK @ BOS,W,118,52.0,24,7.0,4,12,0.495,0.6,0.389,9.0,New York Knicks
0022301168,2024-04-11,22023,HOU @ UTA,L,121,39.0,22,8.0,6,10,0.421,0.909,0.447,-3.0,Houston Rockets
0022301169,2024-04-11,22023,GSW @ POR,W,100,46.0,24,8.0,13,16,0.468,0.8,0.343,8.0,Golden State Warriors
0022301169,2024-04-11,22023,POR vs. GSW,L,92,49.0,22,9.0,3,12,0.361,0.824,0.235,-8.0,Portland Trail Blazers
0022301168,2024-04-11,22023,UTA vs. HOU,W,124,49.0,27,8.0,7,14,0.506,0.815,0.359,3.0,Utah Jazz
0022301166,2024-04-11,22023,CHI @ DET,W,127,42.0,28,14.0,5,8,0.531,0.733,0.389,22.0,Chicago Bulls
0022301166,2024-04-11,22023,DET vs. CHI,L,105,38.0,27,4.0,2,20,0.494,0.652,0.4,-22.0,Detroit Pistons
0022301170,2024-04-11,22023,SAC vs. NOP,L,123,32.0,26,7.0,0,14,0.548,0.75,0.421,-12.0,Sacramento Kings
0022301167,2024-04-11,22023,BOS vs. NYK,L,109,36.0,25,7.0,12,12,0.465,0.813,0.381,-9.0,Boston Celtics
0022301181,2024-04-12,22023,DET @ DAL,W,107,40.0,23,11.0,7,6,0.484,0.778,0.258,18.0,Detroit Pistons
0022301185,2024-04-12,22023,PHX @ SAC,W,108,41.0,25,4.0,4,18,0.526,0.941,0.375,1.0,Phoenix Suns
0022301179,2024-04-12,22023,OKC vs. MIL,W,125,38.0,29,13.0,5,10,0.528,0.9,0.342,18.0,Oklahoma City Thunder
0022301182,2024-04-12,22023,NOP @ GSW,W,114,38.0,24,11.0,5,8,0.467,0.625,0.526,5.0,New Orleans Pelicans
0022301173,2024-04-12,22023,BOS vs. CHA,W,131,53.0,34,12.0,1,6,0.519,0.692,0.341,33.0,Boston Celtics
0022301184,2024-04-12,22023,LAC vs. UTA,L,109,44.0,23,9.0,7,13,0.448,0.684,0.256,-1.0,Los Angeles Clippers
0022301184,2024-04-12,22023,UTA @ LAC,W,110,46.0,26,7.0,4,16,0.466,0.88,0.171,1.0,Utah Jazz
0022301174,2024-04-12,22023,CLE vs. IND,W,129,41.0,28,9.0,2,9,0.526,0.696,0.406,9.0,Cleveland Cavaliers
0022301175,2024-04-12,22023,BKN @ NYK,L,107,45.0,22,3.0,4,12,0.5,0.737,0.344,-4.0,Brooklyn Nets
0022301176,2024-04-12,22023,TOR @ MIA,L,103,41.0,23,1.0,1,17,0.481,0.864,0.323,-22.0,Toronto Raptors
0022301172,2024-04-12,22023,WAS vs. CHI,L,127,39.0,32,6.0,5,12,0.523,0.655,0.419,-2.0,Washington Wizards
0022301176,2024-04-12,22023,MIA vs. TOR,W,125,37.0,37,7.0,2,4,0.523,0.783,0.415,22.0,Miami Heat
0022301172,2024-04-12,22023,CHI @ WAS,W,129,56.0,28,9.0,6,13,0.49,0.679,0.4,2.0,Chicago Bulls
0022301179,2024-04-12,22023,MIL @ OKC,L,107,42.0,27,7.0,3,17,0.494,0.923,0.367,-18.0,Milwaukee Bucks
0022301185,2024-04-12,22023,SAC vs. PHX,L,107,35.0,26,12.0,1,7,0.44,0.929,0.368,-1.0,Sacramento Kings
0022301183,2024-04-12,22023,POR vs. HOU,L,107,48.0,20,4.0,5,7,0.389,0.724,0.343,-9.0,Portland Trail Blazers
0022301173,2024-04-12,22023,CHA @ BOS,L,98,33.0,20,3.0,7,19,0.421,0.864,0.429,-33.0,Charlotte Hornets
0022301174,2024-04-12,22023,IND @ CLE,L,120,39.0,37,7.0,2,13,0.517,0.864,0.281,-9.0,Indiana Pacers
0022301183,2024-04-12,22023,HOU @ POR,W,116,48.0,25,3.0,5,8,0.478,0.85,0.282,9.0,Houston Rockets
0022301177,2024-04-12,22023,MEM vs. LAL,L,120,42.0,19,14.0,2,13,0.453,0.81,0.436,-3.0,Memphis Grizzlies
0022301178,2024-04-12,22023,ATL @ MIN,L,106,40.0,23,4.0,1,14,0.444,0.68,0.3,-3.0,Atlanta Hawks
0022301175,2024-04-12,22023,NYK vs. BKN,W,111,31.0,21,10.0,3,5,0.458,0.84,0.467,4.0,New York Knicks
0022301171,2024-04-12,22023,PHI vs. ORL,W,125,44.0,22,6.0,6,11,0.477,0.821,0.486,12.0,Philadelphia 76ers
0022301178,2024-04-12,22023,MIN vs. ATL,W,109,44.0,29,8.0,11,14,0.481,0.793,0.27,3.0,Minnesota Timberwolves
0022301181,2024-04-12,22023,DAL vs. DET,L,89,49.0,20,5.0,5,20,0.434,0.75,0.276,-18.0,Dallas Mavericks
0022301177,2024-04-12,22023,LAL @ MEM,W,123,39.0,25,5.0,6,19,0.519,0.765,0.351,3.0,Los Angeles Lakers
0022301180,2024-04-12,22023,DEN @ SAS,L,120,33.0,31,9.0,4,7,0.505,0.9,0.361,-1.0,Denver Nuggets
0022301180,2024-04-12,22023,SAS vs. DEN,W,121,49.0,31,2.0,4,18,0.529,0.696,0.455,1.0,San Antonio Spurs
0022301171,2024-04-12,22023,ORL @ PHI,L,113,45.0,25,7.0,7,11,0.453,0.76,0.296,-12.0,Orlando Magic
0022301182,2024-04-12,22023,GSW vs. NOP,L,109,53.0,27,6.0,5,16,0.465,0.762,0.382,-5.0,Golden State Warriors
0022301186,2024-04-14,22023,WAS @ BOS,L,122,36.0,33,9.0,4,11,0.476,1.0,0.368,-10.0,Washington Wizards
0022301196,2024-04-14,22023,DAL @ OKC,L,86,41.0,19,8.0,2,14,0.33,0.824,0.205,-49.0,Dallas Mavericks
0022301188,2024-04-14,22023,ATL @ IND,L,115,32.0,25,6.0,5,15,0.438,0.926,0.333,-42.0,Atlanta Hawks
0022301186,2024-04-14,22023,BOS vs. WAS,W,132,48.0,29,10.0,15,14,0.573,0.667,0.5,10.0,Boston Celtics
0022301189,2024-04-14,22023,TOR @ MIA,L,103,41.0,23,6.0,3,19,0.422,0.857,0.265,-15.0,Toronto Raptors
0022301197,2024-04-14,22023,SAS vs. DET,W,123,54.0,33,9.0,3,13,0.538,0.714,0.441,28.0,San Antonio Spurs
0022301188,2024-04-14,22023,IND vs. ATL,W,157,48.0,41,10.0,6,14,0.65,0.8,0.528,42.0,Indiana Pacers
0022301193,2024-04-14,22023,DEN @ MEM,W,126,54.0,32,9.0,5,17,0.517,0.846,0.333,15.0,Denver Nuggets
0022301191,2024-04-14,22023,MIL @ ORL,L,88,34.0,16,10.0,4,17,0.4,0.913,0.259,-25.0,Milwaukee Bucks
0022301194,2024-04-14,22023,MIN vs. PHX,L,106,36.0,22,7.0,5,24,0.514,0.806,0.346,-19.0,Minnesota Timberwolves
0022301200,2024-04-14,22023,SAC vs. POR,W,121,51.0,29,11.0,6,14,0.494,0.815,0.382,39.0,Sacramento Kings
0022301199,2024-04-14,22023,HOU @ LAC,W,116,59.0,31,7.0,8,18,0.485,0.357,0.289,11.0,Houston Rockets
0022301189,2024-04-14,22023,MIA vs. TOR,W,118,46.0,29,13.0,7,19,0.529,0.895,0.25,15.0,Miami Heat
0022301193,2024-04-14,22023,MEM vs. DEN,L,111,43.0,22,9.0,2,13,0.45,0.722,0.242,-15.0,Memphis Grizzlies
0022301199,2024-04-14,22023,LAC vs. HOU,L,105,51.0,23,13.0,8,12,0.394,0.882,0.216,-11.0,Los Angeles Clippers
0022301190,2024-04-14,22023,CHI @ NYK,L,119,44.0,25,15.0,3,12,0.485,0.813,0.258,-1.0,Chicago Bulls
0022301195,2024-04-14,22023,LAL @ NOP,W,124,39.0,32,12.0,3,14,0.552,0.944,0.379,16.0,Los Angeles Lakers
0022301195,2024-04-14,22023,NOP vs. LAL,L,108,39.0,26,8.0,1,19,0.477,0.786,0.405,-16.0,New Orleans Pelicans
0022301194,2024-04-14,22023,PHX @ MIN,W,125,32.0,28,13.0,3,12,0.547,0.833,0.552,19.0,Phoenix Suns
0022301191,2024-04-14,22023,ORL vs. MIL,W,113,43.0,27,11.0,5,11,0.494,0.947,0.314,25.0,Orlando Magic
0022301197,2024-04-14,22023,DET @ SAS,L,95,40.0,17,7.0,3,14,0.391,0.75,0.242,-28.0,Detroit Pistons
0022301196,2024-04-14,22023,OKC vs. DAL,W,135,58.0,38,6.0,6,14,0.557,0.813,0.412,49.0,Oklahoma City Thunder
0022301192,2024-04-14,22023,BKN @ PHI,L,86,42.0,19,8.0,6,12,0.386,0.765,0.265,-21.0,Brooklyn Nets
0022301187,2024-04-14,22023,CHA @ CLE,W,120,47.0,36,10.0,9,9,0.505,0.818,0.475,10.0,Charlotte Hornets
0022301192,2024-04-14,22023,PHI vs. BKN,W,107,57.0,30,8.0,6,12,0.427,0.733,0.318,21.0,Philadelphia 76ers
0022301200,2024-04-14,22023,POR @ SAC,L,82,54.0,18,11.0,2,17,0.316,0.765,0.156,-39.0,Portland Trail Blazers
0022301198,2024-04-14,22023,UTA @ GSW,L,116,48.0,22,6.0,5,19,0.517,0.625,0.412,-7.0,Utah Jazz
0022301190,2024-04-14,22023,NYK vs. CHI,W,120,53.0,27,7.0,6,21,0.505,0.762,0.375,1.0,New York Knicks
0022301198,2024-04-14,22023,GSW vs. UTA,W,123,42.0,35,10.0,6,9,0.479,0.826,0.326,7.0,Golden State Warriors
0022301187,2024-04-14,22023,CLE vs. CHA,L,110,43.0,30,4.0,1,14,0.473,0.667,0.485,-10.0,Cleveland Cavaliers
0022400062,2024-10-22,22024,MIN @ LAL,L,103,47.0,17,4.0,1,15,0.412,0.741,0.317,-7.0,Minnesota Timberwolves
0022400061,2024-10-22,22024,NYK @ BOS,L,109,34.0,20,2.0,3,11,0.551,0.75,0.367,-23.0,New York Knicks
0022400062,2024-10-22,22024,LAL vs. MIN,W,110,46.0,22,7.0,8,7,0.442,0.84,0.167,7.0,Los Angeles Lakers
0022400061,2024-10-22,22024,BOS vs. NYK,W,132,40.0,33,6.0,3,3,0.505,0.875,0.475,23.0,Boston Celtics
0022400068,2024-10-23,22024,HOU vs. CHA,L,105,43.0,19,8.0,4,8,0.369,0.8,0.302,-5.0,Houston Rockets
0022400065,2024-10-23,22024,MIA vs. ORL,L,97,41.0,24,5.0,8,11,0.39,0.759,0.324,-19.0,Miami Heat
0022400071,2024-10-23,22024,LAC vs. PHX,L,113,51.0,27,9.0,1,21,0.457,0.7,0.276,-3.0,Los Angeles Clippers
0022400068,2024-10-23,22024,CHA @ HOU,W,110,56.0,20,6.0,10,16,0.447,0.792,0.385,5.0,Charlotte Hornets
0022400065,2024-10-23,22024,ORL @ MIA,W,116,57.0,28,8.0,8,11,0.427,0.727,0.367,19.0,Orlando Magic
0022400063,2024-10-23,22024,DET vs. IND,L,109,38.0,22,6.0,2,12,0.432,0.857,0.273,-6.0,Detroit Pistons
0022400067,2024-10-23,22024,CLE @ TOR,W,136,36.0,29,10.0,9,12,0.586,0.769,0.467,30.0,Cleveland Cavaliers
0022400066,2024-10-23,22024,MIL @ PHI,W,124,46.0,27,4.0,9,14,0.538,0.71,0.432,15.0,Milwaukee Bucks
0022400072,2024-10-23,22024,GSW @ POR,W,140,57.0,38,13.0,5,17,0.516,0.8,0.417,36.0,Golden State Warriors
0022400070,2024-10-23,22024,MEM @ UTA,W,126,41.0,28,7.0,5,12,0.473,0.719,0.378,2.0,Memphis Grizzlies
0022400064,2024-10-23,22024,ATL vs. BKN,W,120,45.0,25,12.0,9,16,0.488,0.717,0.321,4.0,Atlanta Hawks
0022400063,2024-10-23,22024,IND @ DET,W,115,39.0,32,10.0,8,15,0.506,0.88,0.29,6.0,Indiana Pacers
0022400072,2024-10-23,22024,POR vs. GSW,L,104,42.0,21,10.0,4,17,0.391,0.8,0.235,-36.0,Portland Trail Blazers
0022400067,2024-10-23,22024,TOR vs. CLE,L,106,38.0,25,8.0,6,18,0.419,0.759,0.387,-30.0,Toronto Raptors
0022400066,2024-10-23,22024,PHI vs. MIL,L,109,49.0,18,4.0,2,10,0.418,0.704,0.258,-15.0,Philadelphia 76ers
0022400069,2024-10-23,22024,CHI @ NOP,L,111,47.0,26,4.0,2,21,0.488,0.68,0.294,-12.0,Chicago Bulls
0022400070,2024-10-23,22024,UTA vs. MEM,L,124,49.0,21,7.0,9,14,0.471,0.756,0.385,-2.0,Utah Jazz
0022400071,2024-10-23,22024,PHX @ LAC,W,116,42.0,25,12.0,9,22,0.487,0.735,0.395,3.0,Phoenix Suns
0022400064,2024-10-23,22024,BKN @ ATL,L,116,43.0,21,8.0,6,17,0.44,0.76,0.395,-4.0,Brooklyn Nets
0022400069,2024-10-23,22024,NOP vs. CHI,W,123,42.0,29,15.0,10,11,0.464,0.905,0.378,12.0,New Orleans Pelicans
0022400075,2024-10-24,22024,OKC @ DEN,W,102,49.0,23,9.0,13,12,0.426,0.667,0.222,15.0,Oklahoma City Thunder
0022400074,2024-10-24,22024,DAL vs. SAS,W,120,50.0,27,9.0,5,9,0.412,0.739,0.432,11.0,Dallas Mavericks
0022400076,2024-10-24,22024,MIN @ SAC,W,117,42.0,24,3.0,2,16,0.477,0.882,0.4,2.0,Minnesota Timberwolves
0022400074,2024-10-24,22024,SAS @ DAL,L,109,52.0,30,6.0,5,19,0.453,0.792,0.333,-11.0,San Antonio Spurs
0022400073,2024-10-24,22024,WAS vs. BOS,L,102,40.0,27,9.0,6,13,0.432,0.722,0.194,-20.0,Washington Wizards
0022400075,2024-10-24,22024,DEN vs. OKC,L,87,57.0,29,11.0,7,15,0.357,0.714,0.184,-15.0,Denver Nuggets
0022400073,2024-10-24,22024,BOS @ WAS,W,122,49.0,21,7.0,3,14,0.467,0.778,0.378,20.0,Boston Celtics
0022400076,2024-10-24,22024,SAC vs. MIN,L,115,38.0,21,7.0,2,9,0.463,0.8,0.379,-2.0,Sacramento Kings
0022400079,2024-10-25,22024,CHA @ ATL,L,120,53.0,22,7.0,4,17,0.385,0.806,0.412,-5.0,Charlotte Hornets
0022400082,2024-10-25,22024,MEM @ HOU,L,108,43.0,24,8.0,8,17,0.418,0.611,0.357,-20.0,Memphis Grizzlies
0022400079,2024-10-25,22024,ATL vs. CHA,W,125,39.0,25,11.0,9,13,0.481,0.868,0.368,5.0,Atlanta Hawks
0022400081,2024-10-25,22024,IND @ NYK,L,98,33.0,28,8.0,6,15,0.494,0.65,0.1,-25.0,Indiana Pacers
0022400081,2024-10-25,22024,NYK vs. IND,W,123,43.0,19,5.0,4,11,0.524,0.793,0.444,25.0,New York Knicks
0022400077,2024-10-25,22024,ORL vs. BKN,W,116,39.0,28,10.0,7,12,0.52,0.697,0.5,15.0,Orlando Magic
0022400078,2024-10-25,22024,PHI @ TOR,L,107,28.0,19,11.0,5,16,0.382,0.755,0.31,-8.0,Philadelphia 76ers
0022400085,2024-10-25,22024,LAL vs. PHX,W,123,37.0,33,10.0,5,12,0.533,0.744,0.519,7.0,Los Angeles Lakers
0022400084,2024-10-25,22024,GSW @ UTA,W,127,60.0,35,15.0,6,13,0.481,0.833,0.4,41.0,Golden State Warriors
0022400082,2024-10-25,22024,HOU vs. MEM,W,128,64.0,20,10.0,4,17,0.439,0.694,0.395,20.0,Houston Rockets
0022400080,2024-10-25,22024,DET @ CLE,L,101,42.0,25,3.0,5,22,0.469,0.706,0.406,-12.0,Detroit Pistons
0022400083,2024-10-25,22024,CHI @ MIL,W,133,46.0,30,10.0,4,9,0.479,0.87,0.447,11.0,Chicago Bulls
0022400084,2024-10-25,22024,UTA vs. GSW,L,86,45.0,18,8.0,5,22,0.315,0.731,0.214,-41.0,Utah Jazz
0022400086,2024-10-25,22024,POR vs. NOP,L,103,48.0,26,7.0,11,19,0.411,0.8,0.351,-2.0,Portland Trail Blazers
0022400078,2024-10-25,22024,TOR vs. PHI,W,115,54.0,25,11.0,13,26,0.461,0.848,0.261,8.0,Toronto Raptors
0022400083,2024-10-25,22024,MIL vs. CHI,L,122,47.0,24,5.0,3,14,0.495,0.68,0.325,-11.0,Milwaukee Bucks
0022400080,2024-10-25,22024,CLE vs. DET,W,113,39.0,28,13.0,4,12,0.512,0.696,0.382,12.0,Cleveland Cavaliers
0022400086,2024-10-25,22024,NOP @ POR,W,105,44.0,25,12.0,8,14,0.419,0.677,0.375,2.0,New Orleans Pelicans
0022400085,2024-10-25,22024,PHX @ LAL,L,116,34.0,35,8.0,4,16,0.512,0.882,0.459,-7.0,Phoenix Suns
0022400077,2024-10-25,22024,BKN @ ORL,L,101,37.0,22,7.0,3,17,0.422,0.81,0.378,-15.0,Brooklyn Nets
0022400096,2024-10-26,22024,LAL vs. SAC,W,131,45.0,32,8.0,3,19,0.522,0.875,0.412,4.0,Los Angeles Lakers
0022400089,2024-10-26,22024,DET vs. BOS,L,118,44.0,27,4.0,7,14,0.489,0.818,0.359,-6.0,Detroit Pistons
0022400093,2024-10-26,22024,TOR @ MIN,L,101,46.0,29,9.0,4,20,0.456,0.692,0.345,-11.0,Toronto Raptors
0022400091,2024-10-26,22024,CHI vs. OKC,L,95,61.0,23,6.0,2,26,0.348,0.727,0.283,-19.0,Chicago Bulls
0022400093,2024-10-26,22024,MIN vs. TOR,W,112,41.0,29,9.0,8,13,0.47,0.769,0.378,11.0,Minnesota Timberwolves
0022400096,2024-10-26,22024,SAC @ LAL,L,127,32.0,32,12.0,5,14,0.511,0.88,0.341,-4.0,Sacramento Kings
0022400095,2024-10-26,22024,PHX vs. DAL,W,114,47.0,26,3.0,4,11,0.45,0.757,0.359,12.0,Phoenix Suns
0022400088,2024-10-26,22024,MIA @ CHA,W,114,43.0,33,8.0,6,13,0.465,0.714,0.412,8.0,Miami Heat
0022400088,2024-10-26,22024,CHA vs. MIA,L,106,46.0,20,6.0,5,17,0.438,0.714,0.317,-8.0,Charlotte Hornets
0022400094,2024-10-26,22024,SAS vs. HOU,W,109,49.0,23,6.0,7,17,0.494,0.821,0.4,3.0,San Antonio Spurs
0022400087,2024-10-26,22024,DEN vs. LAC,L,104,37.0,20,13.0,4,10,0.402,0.833,0.4,-5.0,Denver Nuggets
0022400092,2024-10-26,22024,MEM vs. ORL,W,124,42.0,38,10.0,5,18,0.535,0.792,0.382,13.0,Memphis Grizzlies
0022400090,2024-10-26,22024,WAS vs. CLE,L,116,46.0,25,6.0,9,15,0.385,0.844,0.349,-19.0,Washington Wizards
0022400089,2024-10-26,22024,BOS @ DET,W,124,37.0,19,10.0,6,10,0.422,0.867,0.458,6.0,Boston Celtics
0022400090,2024-10-26,22024,CLE @ WAS,W,135,48.0,27,13.0,10,16,0.534,0.676,0.462,19.0,Cleveland Cavaliers
0022400087,2024-10-26,22024,LAC @ DEN,W,109,44.0,30,4.0,5,16,0.488,0.81,0.364,5.0,Los Angeles Clippers
0022400094,2024-10-26,22024,HOU @ SAS,L,106,34.0,21,10.0,3,10,0.413,0.81,0.317,-3.0,Houston Rockets
0022400092,2024-10-26,22024,ORL @ MEM,L,111,41.0,21,10.0,6,19,0.425,0.714,0.354,-13.0,Orlando Magic
0022400095,2024-10-26,22024,DAL @ PHX,L,102,46.0,22,6.0,2,8,0.398,0.833,0.317,-12.0,Dallas Mavericks
0022400091,2024-10-26,22024,OKC @ CHI,W,114,54.0,21,15.0,5,10,0.421,0.8,0.2,19.0,Oklahoma City Thunder
0022400100,2024-10-27,22024,OKC vs. ATL,W,128,45.0,26,13.0,12,10,0.494,0.75,0.4,24.0,Oklahoma City Thunder
0022400099,2024-10-27,22024,POR vs. NOP,W,125,51.0,25,9.0,8,16,0.462,0.781,0.4,22.0,Portland Trail Blazers
0022400099,2024-10-27,22024,NOP @ POR,L,103,39.0,24,9.0,8,15,0.432,0.792,0.276,-22.0,New Orleans Pelicans
0022400097,2024-10-27,22024,PHI @ IND,W,118,54.0,15,9.0,4,19,0.429,0.742,0.262,4.0,Philadelphia 76ers
0022400101,2024-10-27,22024,GSW vs. LAC,L,104,47.0,19,10.0,5,21,0.432,0.636,0.326,-8.0,Golden State Warriors
0022400101,2024-10-27,22024,LAC @ GSW,W,112,48.0,27,11.0,2,18,0.467,0.783,0.313,8.0,Los Angeles Clippers
0022400098,2024-10-27,22024,MIL @ BKN,L,102,43.0,20,7.0,3,18,0.446,0.839,0.303,-13.0,Milwaukee Bucks
0022400097,2024-10-27,22024,IND vs. PHI,L,114,37.0,28,8.0,4,19,0.464,0.676,0.406,-4.0,Indiana Pacers
0022400100,2024-10-27,22024,ATL @ OKC,L,104,49.0,24,7.0,4,19,0.396,0.759,0.323,-24.0,Atlanta Hawks
0022400098,2024-10-27,22024,BKN vs. MIL,W,115,47.0,23,9.0,3,12,0.429,0.913,0.356,13.0,Brooklyn Nets
0022400102,2024-10-28,22024,IND @ ORL,L,115,44.0,25,7.0,4,12,0.466,0.667,0.448,-4.0,Indiana Pacers
0022400112,2024-10-28,22024,POR @ SAC,L,98,46.0,17,5.0,4,17,0.422,0.8,0.182,-13.0,Portland Trail Blazers
0022400107,2024-10-28,22024,TOR vs. DEN,L,125,54.0,30,7.0,7,15,0.45,0.81,0.286,-2.0,Toronto Raptors
0022400104,2024-10-28,22024,MIL @ BOS,L,108,43.0,18,7.0,6,16,0.451,0.839,0.258,-11.0,Milwaukee Bucks
0022400104,2024-10-28,22024,BOS vs. MIL,W,119,38.0,24,5.0,5,12,0.494,0.789,0.383,11.0,Boston Celtics
0022400109,2024-10-28,22024,SAS vs. HOU,L,101,49.0,22,6.0,6,17,0.425,0.81,0.303,-5.0,San Antonio Spurs
0022400110,2024-10-28,22024,UTA @ DAL,L,102,50.0,24,7.0,5,13,0.37,0.828,0.286,-8.0,Utah Jazz
0022400103,2024-10-28,22024,WAS @ ATL,W,121,43.0,24,7.0,3,18,0.451,0.818,0.477,2.0,Washington Wizards
0022400106,2024-10-28,22024,CLE @ NYK,W,110,41.0,21,10.0,5,13,0.476,0.833,0.333,6.0,Cleveland Cavaliers
0022400105,2024-10-28,22024,MIA vs. DET,W,106,44.0,24,14.0,3,9,0.432,0.75,0.319,8.0,Miami Heat
0022400112,2024-10-28,22024,SAC vs. POR,W,111,40.0,25,8.0,6,14,0.457,0.92,0.4,13.0,Sacramento Kings
0022400107,2024-10-28,22024,DEN @ TOR,W,127,52.0,29,6.0,6,16,0.49,0.8,0.45,2.0,Denver Nuggets
0022400105,2024-10-28,22024,DET @ MIA,L,98,54.0,14,6.0,6,16,0.385,0.824,0.368,-8.0,Detroit Pistons
0022400103,2024-10-28,22024,ATL vs. WAS,L,119,39.0,32,12.0,7,16,0.481,0.722,0.375,-2.0,Atlanta Hawks
0022400109,2024-10-28,22024,HOU @ SAS,W,106,43.0,20,6.0,2,12,0.412,0.875,0.405,5.0,Houston Rockets
0022400110,2024-10-28,22024,DAL vs. UTA,W,110,50.0,27,9.0,12,13,0.453,0.765,0.282,8.0,Dallas Mavericks
0022400102,2024-10-28,22024,ORL vs. IND,W,119,46.0,26,7.0,6,15,0.47,0.737,0.317,4.0,Orlando Magic
0022400106,2024-10-28,22024,NYK vs. CLE,L,104,43.0,22,8.0,3,16,0.444,0.833,0.321,-6.0,New York Knicks
0022400108,2024-10-28,22024,MEM vs. CHI,L,123,60.0,37,5.0,9,10,0.459,0.538,0.326,-3.0,Memphis Grizzlies
0022400111,2024-10-28,22024,PHX vs. LAL,W,109,46.0,21,7.0,11,10,0.46,0.9,0.306,4.0,Phoenix Suns
0022400111,2024-10-28,22024,LAL @ PHX,L,105,46.0,25,5.0,6,11,0.415,0.722,0.438,-4.0,Los Angeles Lakers
0022400108,2024-10-28,22024,CHI @ MEM,W,126,50.0,36,5.0,6,9,0.45,0.647,0.472,3.0,Chicago Bulls
0022400113,2024-10-29,22024,BKN vs. DEN,L,139,41.0,37,4.0,6,8,0.51,0.778,0.385,-5.0,Brooklyn Nets
0022400116,2024-10-29,22024,GSW vs. NOP,W,124,34.0,34,15.0,9,7,0.474,0.846,0.457,18.0,Golden State Warriors
0022400114,2024-10-29,22024,MIN vs. DAL,L,114,42.0,33,5.0,2,20,0.506,0.654,0.487,-6.0,Minnesota Timberwolves
0022400115,2024-10-29,22024,SAC @ UTA,W,113,49.0,26,9.0,9,11,0.522,0.643,0.258,17.0,Sacramento Kings
0022400115,2024-10-29,22024,UTA vs. SAC,L,96,42.0,24,7.0,4,17,0.393,0.857,0.292,-17.0,Utah Jazz
0022400114,2024-10-29,22024,DAL @ MIN,W,120,40.0,25,12.0,2,9,0.484,0.778,0.41,6.0,Dallas Mavericks
0022400116,2024-10-29,22024,NOP @ GSW,L,106,44.0,23,4.0,6,23,0.541,0.708,0.409,-18.0,New Orleans Pelicans
0022400113,2024-10-29,22024,DEN @ BKN,W,144,43.0,31,3.0,4,5,0.517,0.83,0.481,5.0,Denver Nuggets
0022400125,2024-10-30,22024,SAS @ OKC,L,93,52.0,22,6.0,6,22,0.412,0.846,0.333,-12.0,San Antonio Spurs
0022400121,2024-10-30,22024,ATL @ WAS,L,120,41.0,28,10.0,3,15,0.474,0.857,0.308,-13.0,Atlanta Hawks
0022400123,2024-10-30,22024,ORL @ CHI,L,99,42.0,25,9.0,8,12,0.407,0.9,0.239,-3.0,Orlando Magic
0022400127,2024-10-30,22024,LAC vs. POR,L,105,49.0,26,10.0,5,13,0.456,0.556,0.361,-1.0,Los Angeles Clippers
0022400124,2024-10-30,22024,MEM vs. BKN,L,106,38.0,27,9.0,3,22,0.469,0.759,0.296,-13.0,Memphis Grizzlies
0022400119,2024-10-30,22024,IND vs. BOS,W,135,57.0,33,10.0,5,18,0.481,0.833,0.395,3.0,Indiana Pacers
0022400119,2024-10-30,22024,BOS @ IND,L,132,51.0,23,11.0,5,14,0.404,0.806,0.333,-3.0,Boston Celtics
0022400125,2024-10-30,22024,OKC vs. SAS,W,105,39.0,28,18.0,6,10,0.461,0.75,0.415,12.0,Oklahoma City Thunder
0022400122,2024-10-30,22024,MIA vs. NYK,L,107,39.0,27,6.0,3,10,0.457,0.667,0.425,-9.0,Miami Heat
0022400127,2024-10-30,22024,POR @ LAC,W,106,47.0,19,9.0,6,12,0.446,0.833,0.424,1.0,Portland Trail Blazers
0022400126,2024-10-30,22024,GSW vs. NOP,W,104,42.0,32,5.0,9,13,0.471,0.692,0.342,15.0,Golden State Warriors
0022400117,2024-10-30,22024,CHA vs. TOR,W,138,38.0,31,9.0,8,15,0.521,0.8,0.444,5.0,Charlotte Hornets
0022400118,2024-10-30,22024,LAL @ CLE,L,110,37.0,21,6.0,0,20,0.494,0.848,0.214,-24.0,Los Angeles Lakers
0022400123,2024-10-30,22024,CHI vs. ORL,W,102,54.0,23,6.0,2,14,0.429,0.68,0.382,3.0,Chicago Bulls
0022400120,2024-10-30,22024,PHI vs. DET,L,95,37.0,17,7.0,4,9,0.418,0.75,0.286,-10.0,Philadelphia 76ers
0022400120,2024-10-30,22024,DET @ PHI,W,105,49.0,23,4.0,5,16,0.462,0.818,0.417,10.0,Detroit Pistons
0022400126,2024-10-30,22024,NOP @ GSW,L,89,49.0,24,7.0,6,14,0.367,0.6,0.306,-15.0,New Orleans Pelicans
0022400121,2024-10-30,22024,WAS vs. ATL,W,133,37.0,32,10.0,5,14,0.528,0.92,0.421,13.0,Washington Wizards
0022400122,2024-10-30,22024,NYK @ MIA,W,116,42.0,30,8.0,4,9,0.488,0.9,0.45,9.0,New York Knicks
0022400118,2024-10-30,22024,CLE vs. LAL,W,134,36.0,37,14.0,2,12,0.577,0.625,0.415,24.0,Cleveland Cavaliers
0022400124,2024-10-30,22024,BKN @ MEM,W,119,34.0,27,10.0,2,15,0.513,0.88,0.366,13.0,Brooklyn Nets
0022400117,2024-10-30,22024,TOR @ CHA,L,133,41.0,37,9.0,5,14,0.571,0.667,0.321,-5.0,Toronto Raptors
0022400129,2024-10-31,22024,HOU @ DAL,W,108,50.0,21,4.0,4,8,0.412,0.741,0.235,6.0,Houston Rockets
0022400131,2024-10-31,22024,PHX @ LAC,W,125,39.0,29,12.0,4,12,0.512,0.821,0.462,6.0,Phoenix Suns
0022400130,2024-10-31,22024,UTA vs. SAS,L,88,53.0,19,6.0,6,26,0.39,0.895,0.219,-18.0,Utah Jazz
0022400128,2024-10-31,22024,MEM vs. MIL,W,122,56.0,26,6.0,3,16,0.524,0.903,0.286,23.0,Memphis Grizzlies
0022400128,2024-10-31,22024,MIL @ MEM,L,99,38.0,20,10.0,4,10,0.427,0.421,0.214,-23.0,Milwaukee Bucks
0022400129,2024-10-31,22024,DAL vs. HOU,L,102,37.0,21,6.0,7,10,0.459,0.7,0.333,-6.0,Dallas Mavericks
0022400130,2024-10-31,22024,SAS @ UTA,W,106,42.0,25,17.0,7,11,0.413,0.783,0.279,18.0,San Antonio Spurs
0022400131,2024-10-31,22024,LAC vs. PHX,L,119,48.0,27,8.0,8,14,0.484,0.81,0.343,-6.0,Los Angeles Clippers
0022400137,2024-11-01,22024,LAL @ TOR,W,131,43.0,29,6.0,5,10,0.477,0.878,0.344,6.0,Los Angeles Lakers
0022400133,2024-11-01,22024,CLE vs. ORL,W,120,49.0,25,6.0,4,12,0.506,0.85,0.395,11.0,Cleveland Cavaliers
0022400140,2024-11-01,22024,POR vs. OKC,L,114,36.0,27,8.0,5,19,0.47,0.677,0.429,-23.0,Portland Trail Blazers
0022400138,2024-11-01,22024,IND @ NOP,L,118,39.0,35,3.0,3,14,0.517,0.769,0.421,-7.0,Indiana Pacers
0022400135,2024-11-01,22024,SAC @ ATL,W,123,51.0,28,9.0,4,14,0.483,0.867,0.333,8.0,Sacramento Kings
0022400134,2024-11-01,22024,DET vs. NYK,L,98,38.0,23,6.0,9,22,0.506,0.714,0.324,-30.0,Detroit Pistons
0022400134,2024-11-01,22024,NYK @ DET,W,128,45.0,31,16.0,3,9,0.515,0.6,0.474,30.0,New York Knicks
0022400132,2024-11-01,22024,CHA vs. BOS,L,109,42.0,20,5.0,5,14,0.462,0.5,0.396,-15.0,Charlotte Hornets
0022400138,2024-11-01,22024,NOP vs. IND,W,125,46.0,28,8.0,4,6,0.485,0.789,0.387,7.0,New Orleans Pelicans
0022400132,2024-11-01,22024,BOS @ CHA,W,124,41.0,21,12.0,5,10,0.477,0.829,0.31,15.0,Boston Celtics
0022400140,2024-11-01,22024,OKC @ POR,W,137,45.0,31,14.0,9,13,0.537,0.842,0.388,23.0,Oklahoma City Thunder
0022400136,2024-11-01,22024,CHI @ BKN,L,112,44.0,24,5.0,3,16,0.432,0.792,0.386,-8.0,Chicago Bulls
0022400136,2024-11-01,22024,BKN vs. CHI,W,120,46.0,34,11.0,6,10,0.521,0.846,0.306,8.0,Brooklyn Nets
0022400139,2024-11-01,22024,MIN vs. DEN,W,119,38.0,34,8.0,9,16,0.518,0.833,0.429,3.0,Minnesota Timberwolves
0022400133,2024-11-01,22024,ORL @ CLE,L,109,39.0,26,10.0,4,14,0.456,0.667,0.333,-11.0,Orlando Magic
0022400139,2024-11-01,22024,DEN @ MIN,L,116,46.0,30,11.0,2,13,0.446,0.793,0.344,-3.0,Denver Nuggets
0022400135,2024-11-01,22024,ATL vs. SAC,L,115,40.0,30,8.0,4,13,0.446,0.778,0.38,-8.0,Atlanta Hawks
0022400137,2024-11-01,22024,TOR vs. LAL,L,125,44.0,35,4.0,6,11,0.486,0.846,0.286,-6.0,Toronto Raptors
0022400143,2024-11-02,22024,TOR vs. SAC,W,131,46.0,31,13.0,3,19,0.484,0.71,0.459,3.0,Toronto Raptors
0022400146,2024-11-02,22024,MIN @ SAS,L,103,32.0,21,7.0,2,12,0.476,0.7,0.297,-10.0,Minnesota Timberwolves
0022400143,2024-11-02,22024,SAC @ TOR,L,128,49.0,21,16.0,3,18,0.46,0.813,0.25,-3.0,Sacramento Kings
0022400142,2024-11-02,22024,PHI vs. MEM,L,107,33.0,22,11.0,5,14,0.404,0.8,0.413,-17.0,Philadelphia 76ers
0022400147,2024-11-02,22024,MIA @ WAS,W,118,65.0,19,6.0,3,13,0.422,0.708,0.405,20.0,Miami Heat
0022400150,2024-11-02,22024,LAC vs. OKC,L,92,50.0,23,10.0,7,20,0.405,0.654,0.314,-13.0,Los Angeles Clippers
0022400150,2024-11-02,22024,OKC @ LAC,W,105,41.0,25,11.0,3,12,0.429,0.895,0.41,13.0,Oklahoma City Thunder
0022400144,2024-11-02,22024,GSW @ HOU,W,127,47.0,26,5.0,4,14,0.513,0.64,0.469,6.0,Golden State Warriors
0022400145,2024-11-02,22024,MIL vs. CLE,L,113,45.0,24,3.0,3,13,0.483,0.6,0.462,-1.0,Milwaukee Bucks
0022400149,2024-11-02,22024,POR @ PHX,L,97,56.0,17,10.0,5,6,0.333,0.818,0.326,-6.0,Portland Trail Blazers
0022400141,2024-11-02,22024,CHA vs. BOS,L,103,34.0,24,10.0,1,13,0.44,0.667,0.405,-10.0,Charlotte Hornets
0022400147,2024-11-02,22024,MIA @ WAS,L,98,44.0,23,12.0,10,11,0.418,0.714,0.2,-20.0,Washington Wizards
0022400149,2024-11-02,22024,PHX vs. POR,W,103,63.0,29,4.0,8,12,0.376,0.727,0.327,6.0,Phoenix Suns
0022400148,2024-11-02,22024,UTA @ DEN,L,103,39.0,24,7.0,8,22,0.416,0.839,0.31,-26.0,Utah Jazz
0022400146,2024-11-02,22024,SAS vs. MIN,W,113,44.0,32,6.0,5,11,0.518,0.824,0.31,10.0,San Antonio Spurs
0022400141,2024-11-02,22024,BOS @ CHA,W,113,44.0,23,4.0,4,15,0.439,0.893,0.308,10.0,Boston Celtics
0022400145,2024-11-02,22024,CLE @ MIL,W,114,45.0,31,3.0,2,7,0.484,0.733,0.395,1.0,Cleveland Cavaliers
0022400148,2024-11-02,22024,DEN vs. UTA,W,129,52.0,33,14.0,1,17,0.485,0.739,0.5,26.0,Denver Nuggets
0022400144,2024-11-02,22024,HOU vs. GSW,L,121,49.0,27,10.0,6,11,0.411,0.75,0.333,-6.0,Houston Rockets
0022400142,2024-11-02,22024,MEM @ PHI,W,124,52.0,35,9.0,6,16,0.552,0.762,0.444,17.0,Memphis Grizzlies
0022400151,2024-11-03,22024,DET @ BKN,W,106,47.0,25,4.0,6,17,0.481,0.808,0.306,14.0,Detroit Pistons
0022400152,2024-11-03,22024,NOP vs. ATL,L,111,43.0,22,6.0,3,18,0.433,0.85,0.421,-15.0,New Orleans Pelicans
0022400151,2024-11-03,22024,BKN vs. DET,L,92,27.0,23,9.0,3,13,0.451,0.613,0.29,-14.0,Brooklyn Nets
0022400153,2024-11-03,22024,ORL @ DAL,L,85,43.0,19,8.0,4,14,0.333,0.789,0.195,-23.0,Orlando Magic
0022400152,2024-11-03,22024,ATL @ NOP,W,126,41.0,29,10.0,3,16,0.568,0.917,0.417,15.0,Atlanta Hawks
0022400153,2024-11-03,22024,DAL vs. ORL,W,108,53.0,25,8.0,5,18,0.494,0.609,0.313,23.0,Dallas Mavericks
0022400158,2024-11-04,22024,MEM @ BKN,L,104,44.0,29,5.0,8,14,0.473,0.769,0.267,-2.0,Memphis Grizzlies
0022400167,2024-11-04,22024,PHI @ PHX,L,116,38.0,27,10.0,4,14,0.46,0.889,0.392,-2.0,Philadelphia 76ers
0022400160,2024-11-04,22024,CHI vs. UTA,L,126,36.0,36,7.0,7,9,0.474,0.88,0.378,-9.0,Chicago Bulls
0022400163,2024-11-04,22024,ORL @ OKC,L,86,41.0,20,12.0,5,18,0.354,0.852,0.147,-16.0,Orlando Magic
0022400156,2024-11-04,22024,LAL @ DET,L,103,37.0,28,8.0,1,13,0.435,0.741,0.36,-12.0,Los Angeles Lakers
0022400158,2024-11-04,22024,BKN vs. MEM,W,106,37.0,28,7.0,1,13,0.476,0.722,0.361,2.0,Brooklyn Nets
0022400166,2024-11-04,22024,TOR @ DEN,L,119,41.0,38,12.0,3,13,0.456,0.667,0.333,-2.0,Toronto Raptors
0022400157,2024-11-04,22024,ATL vs. BOS,L,93,43.0,23,9.0,3,19,0.416,0.813,0.194,-30.0,Atlanta Hawks
0022400154,2024-11-04,22024,MIL @ CLE,L,114,49.0,21,6.0,6,14,0.488,0.867,0.486,-2.0,Milwaukee Bucks
0022400164,2024-11-04,22024,NOP vs. POR,L,100,34.0,24,5.0,3,12,0.452,0.875,0.286,-18.0,New Orleans Pelicans
0022400162,2024-11-04,22024,CHA @ MIN,L,93,38.0,19,10.0,1,14,0.398,0.813,0.238,-21.0,Charlotte Hornets
0022400165,2024-11-04,22024,DAL vs. IND,L,127,38.0,29,4.0,3,8,0.517,0.8,0.417,-7.0,Dallas Mavericks
0022400162,2024-11-04,22024,MIN vs. CHA,W,114,45.0,23,7.0,8,15,0.494,0.692,0.474,21.0,Minnesota Timberwolves
0022400161,2024-11-04,22024,HOU vs. NYK,W,109,50.0,21,4.0,6,10,0.489,0.833,0.242,12.0,Houston Rockets
0022400168,2024-11-04,22024,SAS @ LAC,L,104,45.0,22,9.0,10,10,0.442,0.895,0.268,-9.0,San Antonio Spurs
0022400160,2024-11-04,22024,UTA @ CHI,W,135,49.0,35,3.0,6,12,0.539,0.767,0.444,9.0,Utah Jazz
0022400154,2024-11-04,22024,CLE vs. MIL,W,116,39.0,28,10.0,4,10,0.505,0.538,0.459,2.0,Cleveland Cavaliers
0022400164,2024-11-04,22024,POR @ NOP,W,118,38.0,21,10.0,5,11,0.548,0.667,0.345,18.0,Portland Trail Blazers
0022400168,2024-11-04,22024,LAC vs. SAS,W,113,44.0,25,6.0,7,10,0.456,0.706,0.514,9.0,Los Angeles Clippers
0022400159,2024-11-04,22024,SAC @ MIA,W,111,39.0,23,5.0,4,12,0.512,0.867,0.37,1.0,Sacramento Kings
0022400165,2024-11-04,22024,IND @ DAL,W,134,46.0,30,5.0,3,9,0.568,0.65,0.406,7.0,Indiana Pacers
0022400161,2024-11-04,22024,NYK @ HOU,L,97,39.0,20,6.0,4,10,0.386,0.857,0.393,-12.0,New York Knicks
0022400155,2024-11-04,22024,WAS vs. GSW,L,112,47.0,29,4.0,8,9,0.438,0.857,0.233,-13.0,Washington Wizards
0022400157,2024-11-04,22024,BOS @ ATL,W,123,50.0,27,15.0,7,12,0.485,0.692,0.327,30.0,Boston Celtics
0022400159,2024-11-04,22024,MIA vs. SAC,L,110,36.0,24,9.0,6,10,0.435,0.7,0.417,-1.0,Miami Heat
0022400166,2024-11-04,22024,DEN vs. TOR,W,121,44.0,29,9.0,10,17,0.494,0.763,0.323,2.0,Denver Nuggets
0022400163,2024-11-04,22024,OKC vs. ORL,W,102,42.0,23,12.0,4,15,0.459,0.75,0.387,16.0,Oklahoma City Thunder
0022400156,2024-11-04,22024,DET vs. LAL,W,115,55.0,22,6.0,5,12,0.469,0.773,0.235,12.0,Detroit Pistons
0022400155,2024-11-04,22024,GSW @ WAS,W,125,56.0,29,5.0,7,6,0.454,0.735,0.324,13.0,Golden State Warriors
0022400167,2024-11-04,22024,PHX vs. PHI,W,118,43.0,24,6.0,4,14,0.512,0.885,0.344,2.0,Phoenix Suns
0022400173,2024-11-06,22024,HOU vs. SAS,W,127,45.0,28,10.0,5,11,0.563,0.6,0.37,27.0,Houston Rockets
0022400175,2024-11-06,22024,CLE @ NOP,W,131,46.0,33,6.0,10,11,0.542,0.769,0.486,9.0,Cleveland Cavaliers
0022400180,2024-11-06,22024,TOR @ SAC,L,107,34.0,25,7.0,1,11,0.489,0.733,0.294,-15.0,Toronto Raptors
0022400178,2024-11-06,22024,MIA @ PHX,L,112,43.0,27,12.0,3,10,0.435,0.95,0.382,-3.0,Miami Heat
0022400177,2024-11-06,22024,DEN vs. OKC,W,124,55.0,34,8.0,6,18,0.472,0.727,0.421,2.0,Denver Nuggets
0022400175,2024-11-06,22024,NOP vs. CLE,L,122,33.0,21,8.0,8,9,0.477,0.893,0.481,-9.0,New Orleans Pelicans
0022400170,2024-11-06,22024,ORL @ IND,L,111,38.0,26,6.0,5,16,0.512,0.769,0.28,-7.0,Orlando Magic
0022400169,2024-11-06,22024,CHA vs. DET,W,108,47.0,22,5.0,4,12,0.433,1.0,0.318,1.0,Charlotte Hornets
0022400172,2024-11-06,22024,GSW @ BOS,W,118,53.0,22,6.0,5,11,0.462,0.833,0.412,6.0,Golden State Warriors
0022400176,2024-11-06,22024,CHI @ DAL,L,99,51.0,25,8.0,2,22,0.419,0.652,0.286,-20.0,Chicago Bulls
0022400171,2024-11-06,22024,NYK @ ATL,L,116,41.0,29,5.0,5,15,0.488,0.8,0.468,-5.0,New York Knicks
0022400179,2024-11-06,22024,PHI @ LAC,L,98,32.0,19,10.0,2,20,0.548,0.579,0.28,-12.0,Philadelphia 76ers
0022400174,2024-11-06,22024,LAL @ MEM,L,114,37.0,23,10.0,1,11,0.441,0.81,0.313,-17.0,Los Angeles Lakers
0022400173,2024-11-06,22024,SAS @ HOU,L,100,41.0,20,6.0,6,19,0.446,0.75,0.389,-27.0,San Antonio Spurs
0022400178,2024-11-06,22024,PHX vs. MIA,W,115,46.0,29,5.0,6,16,0.5,0.722,0.419,3.0,Phoenix Suns
0022400176,2024-11-06,22024,DAL vs. CHI,W,119,47.0,33,11.0,4,15,0.484,0.81,0.316,20.0,Dallas Mavericks
0022400180,2024-11-06,22024,SAC vs. TOR,W,122,47.0,26,7.0,5,9,0.467,0.875,0.286,15.0,Sacramento Kings
0022400171,2024-11-06,22024,ATL vs. NYK,W,121,48.0,31,12.0,4,8,0.45,0.727,0.395,5.0,Atlanta Hawks
0022400179,2024-11-06,22024,LAC vs. PHI,W,110,29.0,27,12.0,1,17,0.569,0.842,0.429,12.0,Los Angeles Clippers
0022400170,2024-11-06,22024,IND vs. ORL,W,118,36.0,21,7.0,3,11,0.539,0.923,0.462,7.0,Indiana Pacers
0022400177,2024-11-06,22024,OKC @ DEN,L,122,47.0,29,15.0,6,14,0.44,0.783,0.4,-2.0,Oklahoma City Thunder
0022400169,2024-11-06,22024,DET @ CHA,L,107,46.0,34,5.0,4,10,0.489,0.556,0.313,-1.0,Detroit Pistons
0022400172,2024-11-06,22024,BOS vs. GSW,L,112,47.0,22,5.0,3,12,0.422,0.81,0.352,-6.0,Boston Celtics
0022400174,2024-11-06,22024,MEM vs. LAL,W,131,50.0,28,5.0,6,18,0.516,0.783,0.5,17.0,Memphis Grizzlies
0022400182,2024-11-07,22024,MIL vs. UTA,W,123,41.0,20,13.0,3,10,0.512,0.733,0.429,23.0,Milwaukee Bucks
0022400181,2024-11-07,22024,CHI vs. MIN,L,119,32.0,30,9.0,4,13,0.534,0.667,0.417,-16.0,Chicago Bulls
0022400183,2024-11-07,22024,SAS vs. POR,W,118,45.0,35,9.0,4,15,0.537,0.778,0.41,13.0,San Antonio Spurs
0022400183,2024-11-07,22024,POR @ SAS,L,105,41.0,23,7.0,3,14,0.477,0.636,0.281,-13.0,Portland Trail Blazers
0022400182,2024-11-07,22024,UTA @ MIL,L,100,39.0,24,5.0,5,21,0.429,0.944,0.415,-23.0,Utah Jazz
0022400181,2024-11-07,22024,MIN @ CHI,W,135,40.0,29,7.0,4,13,0.548,1.0,0.421,16.0,Minnesota Timberwolves
0022400191,2024-11-08,22024,MEM vs. WAS,W,128,50.0,30,10.0,10,17,0.474,0.88,0.326,24.0,Memphis Grizzlies
0022400190,2024-11-08,22024,PHX @ DAL,W,114,37.0,26,6.0,2,8,0.5,0.722,0.385,1.0,Phoenix Suns
0022400192,2024-11-08,22024,HOU @ OKC,L,107,48.0,19,7.0,3,17,0.433,0.692,0.367,-19.0,Houston Rockets
0022400190,2024-11-08,22024,DAL vs. PHX,L,113,39.0,18,5.0,1,11,0.513,0.909,0.333,-1.0,Dallas Mavericks
0022400187,2024-11-08,22024,BOS vs. BKN,W,108,39.0,23,7.0,9,13,0.433,0.842,0.264,4.0,Boston Celtics
0022400194,2024-11-08,22024,MIA @ DEN,L,122,33.0,33,11.0,1,11,0.489,0.769,0.465,-13.0,Miami Heat
0022400185,2024-11-08,22024,DET vs. ATL,W,122,45.0,27,7.0,8,20,0.512,0.677,0.394,1.0,Detroit Pistons
0022400186,2024-11-08,22024,ORL vs. NOP,W,115,43.0,28,9.0,8,13,0.523,0.81,0.25,27.0,Orlando Magic
0022400196,2024-11-08,22024,LAC @ SAC,W,107,48.0,20,7.0,2,18,0.444,0.913,0.467,9.0,Los Angeles Clippers
0022400196,2024-11-08,22024,SAC vs. LAC,L,98,35.0,19,6.0,3,13,0.474,0.875,0.115,-9.0,Sacramento Kings
0022400189,2024-11-08,22024,NYK vs. MIL,W,116,48.0,35,7.0,3,7,0.473,0.842,0.304,22.0,New York Knicks
0022400193,2024-11-08,22024,POR @ MIN,L,102,37.0,13,11.0,7,16,0.429,0.75,0.24,-25.0,Portland Trail Blazers
0022400186,2024-11-08,22024,NOP @ ORL,L,88,31.0,18,10.0,1,15,0.381,0.824,0.323,-27.0,New Orleans Pelicans
0022400184,2024-11-08,22024,IND @ CHA,L,83,37.0,24,10.0,4,12,0.398,0.571,0.31,-20.0,Indiana Pacers
0022400188,2024-11-08,22024,CLE vs. GSW,W,136,43.0,33,7.0,7,19,0.541,0.857,0.476,19.0,Cleveland Cavaliers
0022400191,2024-11-08,22024,WAS @ MEM,L,104,41.0,27,14.0,8,18,0.409,0.826,0.257,-24.0,Washington Wizards
0022400194,2024-11-08,22024,DEN vs. MIA,W,135,39.0,37,5.0,5,17,0.617,0.895,0.514,13.0,Denver Nuggets
0022400188,2024-11-08,22024,GSW @ CLE,L,117,40.0,32,14.0,4,17,0.48,0.714,0.31,-19.0,Golden State Warriors
0022400195,2024-11-08,22024,LAL vs. PHI,W,116,45.0,28,1.0,13,11,0.518,0.857,0.457,10.0,Los Angeles Lakers
0022400192,2024-11-08,22024,OKC vs. HOU,W,126,41.0,24,9.0,8,10,0.511,0.87,0.378,19.0,Oklahoma City Thunder
0022400193,2024-11-08,22024,MIN vs. POR,W,127,49.0,32,9.0,7,17,0.485,0.786,0.44,25.0,Minnesota Timberwolves
0022400189,2024-11-08,22024,MIL @ NYK,L,94,41.0,20,1.0,5,12,0.434,0.652,0.233,-22.0,Milwaukee Bucks
0022400195,2024-11-08,22024,PHI @ LAL,L,106,44.0,28,6.0,4,5,0.406,0.652,0.333,-10.0,Philadelphia 76ers
0022400187,2024-11-08,22024,BKN @ BOS,L,104,51.0,24,6.0,3,12,0.41,0.8,0.263,-4.0,Brooklyn Nets
0022400185,2024-11-08,22024,ATL @ DET,L,121,44.0,30,12.0,7,17,0.454,0.783,0.417,-1.0,Atlanta Hawks
0022400184,2024-11-08,22024,CHA vs. IND,W,103,56.0,23,6.0,7,14,0.422,0.833,0.34,20.0,Charlotte Hornets
0022400200,2024-11-09,22024,TOR @ LAC,L,103,44.0,26,8.0,5,10,0.421,0.571,0.297,-2.0,Toronto Raptors
0022400199,2024-11-09,22024,BKN @ CLE,L,100,36.0,21,4.0,2,17,0.447,0.944,0.349,-5.0,Brooklyn Nets
0022400198,2024-11-09,22024,CHI @ ATL,W,125,47.0,30,12.0,6,17,0.5,0.87,0.333,12.0,Chicago Bulls
0022400197,2024-11-09,22024,SAS vs. UTA,L,110,37.0,29,8.0,10,20,0.447,0.895,0.362,-1.0,San Antonio Spurs
0022400200,2024-11-09,22024,LAC vs. TOR,W,105,47.0,18,6.0,8,12,0.461,0.781,0.385,2.0,Los Angeles Clippers
0022400198,2024-11-09,22024,ATL vs. CHI,L,113,39.0,31,8.0,5,13,0.461,0.733,0.31,-12.0,Atlanta Hawks
0022400197,2024-11-09,22024,UTA @ SAS,W,111,45.0,23,13.0,4,17,0.463,0.714,0.303,1.0,Utah Jazz
0022400199,2024-11-09,22024,CLE vs. BKN,W,105,33.0,24,12.0,5,14,0.541,0.789,0.357,5.0,Cleveland Cavaliers
0022400206,2024-11-10,22024,MIA @ MIN,W,95,43.0,18,14.0,9,22,0.442,0.727,0.355,1.0,Miami Heat
0022400209,2024-11-10,22024,SAC @ PHX,W,127,57.0,23,7.0,3,14,0.49,0.842,0.297,9.0,Sacramento Kings
0022400202,2024-11-10,22024,MIL vs. BOS,L,107,41.0,21,9.0,8,12,0.481,0.762,0.406,-6.0,Milwaukee Bucks
0022400208,2024-11-10,22024,DEN vs. DAL,W,122,45.0,35,6.0,5,10,0.506,0.692,0.483,2.0,Denver Nuggets
0022400204,2024-11-10,22024,ORL vs. WAS,W,121,44.0,25,6.0,5,11,0.451,0.88,0.354,27.0,Orlando Magic
0022400210,2024-11-10,22024,MEM @ POR,W,134,51.0,32,15.0,13,20,0.553,0.857,0.372,45.0,Memphis Grizzlies
0022400211,2024-11-10,22024,LAL vs. TOR,W,123,33.0,30,9.0,4,5,0.512,0.821,0.324,20.0,Los Angeles Lakers
0022400203,2024-11-10,22024,IND vs. NYK,W,132,32.0,27,6.0,4,6,0.511,0.84,0.457,11.0,Indiana Pacers
0022400201,2024-11-10,22024,DET vs. HOU,L,99,46.0,21,6.0,6,18,0.429,0.696,0.324,-2.0,Detroit Pistons
0022400207,2024-11-10,22024,OKC vs. GSW,L,116,41.0,25,4.0,6,11,0.447,0.808,0.333,-11.0,Oklahoma City Thunder
0022400208,2024-11-10,22024,DAL @ DEN,L,120,42.0,29,7.0,5,10,0.533,0.737,0.303,-2.0,Dallas Mavericks
0022400205,2024-11-10,22024,CHA @ PHI,L,105,50.0,22,10.0,5,19,0.379,0.864,0.259,-2.0,Charlotte Hornets
0022400206,2024-11-10,22024,MIN vs. MIA,L,94,47.0,22,13.0,5,19,0.398,0.846,0.289,-1.0,Minnesota Timberwolves
0022400209,2024-11-10,22024,PHX vs. SAC,L,118,48.0,30,11.0,3,11,0.419,0.8,0.316,-9.0,Phoenix Suns
0022400207,2024-11-10,22024,GSW @ OKC,W,127,46.0,35,8.0,3,14,0.506,0.696,0.488,11.0,Golden State Warriors
0022400202,2024-11-10,22024,BOS @ MIL,W,113,42.0,27,5.0,2,12,0.407,0.889,0.38,6.0,Boston Celtics
0022400211,2024-11-10,22024,TOR @ LAL,L,103,40.0,26,2.0,2,16,0.451,0.864,0.345,-20.0,Toronto Raptors
0022400204,2024-11-10,22024,WAS @ ORL,L,94,37.0,20,4.0,7,16,0.458,0.72,0.303,-27.0,Washington Wizards
0022400203,2024-11-10,22024,NYK @ IND,L,121,39.0,23,5.0,3,13,0.554,0.815,0.28,-11.0,New York Knicks
0022400210,2024-11-10,22024,POR vs. MEM,L,89,43.0,18,9.0,3,23,0.34,0.81,0.095,-45.0,Portland Trail Blazers
0022400205,2024-11-10,22024,PHI vs. CHA,W,107,40.0,24,8.0,1,17,0.464,0.769,0.273,2.0,Philadelphia 76ers
0022400201,2024-11-10,22024,HOU @ DET,W,101,53.0,19,10.0,5,11,0.409,0.75,0.206,2.0,Houston Rockets
0022400212,2024-11-11,22024,CHI vs. CLE,L,113,51.0,26,7.0,5,20,0.494,0.813,0.368,-6.0,Chicago Bulls
0022400216,2024-11-11,22024,SAS vs. SAC,W,116,44.0,31,5.0,5,16,0.506,1.0,0.478,20.0,San Antonio Spurs
0022400212,2024-11-11,22024,CLE @ CHI,W,119,43.0,26,14.0,3,8,0.443,0.75,0.333,6.0,Cleveland Cavaliers
0022400213,2024-11-11,22024,HOU vs. WAS,W,107,58.0,13,12.0,10,19,0.46,0.88,0.217,15.0,Houston Rockets
0022400213,2024-11-11,22024,WAS @ HOU,L,92,34.0,21,14.0,5,18,0.409,0.692,0.355,-15.0,Washington Wizards
0022400214,2024-11-11,22024,NOP vs. BKN,L,105,45.0,31,13.0,4,10,0.447,0.917,0.333,-2.0,New Orleans Pelicans
0022400215,2024-11-11,22024,LAC @ OKC,L,128,47.0,31,5.0,5,23,0.55,0.69,0.541,-6.0,Los Angeles Clippers
0022400216,2024-11-11,22024,SAC @ SAS,L,96,37.0,18,11.0,4,11,0.429,0.889,0.263,-20.0,Sacramento Kings
0022400214,2024-11-11,22024,BKN @ NOP,W,107,46.0,24,4.0,5,16,0.429,0.842,0.452,2.0,Brooklyn Nets
0022400215,2024-11-11,22024,OKC vs. LAC,W,134,29.0,31,16.0,5,11,0.516,0.957,0.391,6.0,Oklahoma City Thunder
0022400003,2024-11-12,22024,CHA @ ORL,L,89,48.0,22,7.0,3,22,0.405,0.571,0.342,-25.0,Charlotte Hornets
0022400004,2024-11-12,22024,NYK @ PHI,W,111,47.0,31,8.0,5,15,0.494,0.933,0.29,12.0,New York Knicks
0022400001,2024-11-12,22024,BOS vs. ATL,L,116,34.0,28,7.0,5,20,0.507,0.815,0.4,-1.0,Boston Celtics
0022400007,2024-11-12,22024,DAL @ GSW,L,117,40.0,26,6.0,1,17,0.524,0.75,0.324,-3.0,Dallas Mavericks
0022400005,2024-11-12,22024,TOR @ MIL,L,85,54.0,20,11.0,6,21,0.349,0.8,0.36,-14.0,Toronto Raptors
0022400005,2024-11-12,22024,MIL vs. TOR,W,99,47.0,25,16.0,9,16,0.404,0.583,0.286,14.0,Milwaukee Bucks
0022400007,2024-11-12,22024,GSW vs. DAL,W,120,50.0,29,13.0,7,12,0.479,0.593,0.341,3.0,Golden State Warriors
0022400002,2024-11-12,22024,DET vs. MIA,W,123,56.0,32,4.0,4,19,0.467,0.857,0.361,2.0,Detroit Pistons
0022400004,2024-11-12,22024,PHI vs. NYK,L,99,40.0,19,10.0,6,13,0.373,0.958,0.333,-12.0,Philadelphia 76ers
0022400006,2024-11-12,22024,UTA vs. PHX,L,112,39.0,32,7.0,3,10,0.489,0.778,0.395,-8.0,Utah Jazz
0022400006,2024-11-12,22024,PHX @ UTA,W,120,42.0,21,6.0,11,8,0.5,0.727,0.462,8.0,Phoenix Suns
0022400001,2024-11-12,22024,ATL @ BOS,W,117,44.0,35,16.0,2,16,0.505,0.538,0.313,1.0,Atlanta Hawks
0022400008,2024-11-12,22024,MIN @ POR,L,108,32.0,22,13.0,4,21,0.507,0.913,0.371,-14.0,Minnesota Timberwolves
0022400002,2024-11-12,22024,MIA @ DET,L,121,43.0,25,14.0,3,10,0.465,0.769,0.378,-2.0,Miami Heat
0022400008,2024-11-12,22024,POR vs. MIN,W,122,39.0,30,14.0,7,19,0.512,0.9,0.563,14.0,Portland Trail Blazers
0022400003,2024-11-12,22024,ORL vs. CHA,W,114,43.0,25,12.0,7,11,0.462,0.789,0.295,25.0,Orlando Magic
0022400218,2024-11-13,22024,BOS @ BKN,W,139,45.0,35,7.0,6,7,0.538,0.708,0.478,25.0,Boston Celtics
0022400217,2024-11-13,22024,IND @ ORL,L,90,41.0,22,10.0,6,16,0.381,0.889,0.333,-4.0,Indiana Pacers
0022400224,2024-11-13,22024,WAS @ SAS,L,130,41.0,27,5.0,5,18,0.516,0.875,0.409,-9.0,Washington Wizards
0022400219,2024-11-13,22024,CHI @ NYK,W,124,40.0,31,10.0,6,18,0.537,0.815,0.389,1.0,Chicago Bulls
0022400218,2024-11-13,22024,BKN vs. BOS,L,114,34.0,26,4.0,3,12,0.506,0.833,0.442,-25.0,Brooklyn Nets
0022400217,2024-11-13,22024,ORL vs. IND,W,94,50.0,26,8.0,10,17,0.405,0.867,0.342,4.0,Orlando Magic
0022400226,2024-11-13,22024,POR vs. MIN,W,106,47.0,17,10.0,10,19,0.458,0.913,0.36,8.0,Portland Trail Blazers
0022400221,2024-11-13,22024,OKC vs. NOP,W,106,31.0,20,16.0,7,5,0.443,0.813,0.385,18.0,Oklahoma City Thunder
0022400225,2024-11-13,22024,LAL vs. MEM,W,128,42.0,31,7.0,5,18,0.506,0.688,0.488,5.0,Los Angeles Lakers
0022400219,2024-11-13,22024,NYK vs. CHI,L,123,40.0,31,7.0,3,15,0.511,0.667,0.405,-1.0,New York Knicks
0022400227,2024-11-13,22024,PHX @ SAC,L,104,40.0,23,12.0,2,10,0.371,0.731,0.302,-23.0,Phoenix Suns
0022400221,2024-11-13,22024,NOP @ OKC,L,88,58.0,21,3.0,4,23,0.395,0.647,0.243,-18.0,New Orleans Pelicans
0022400222,2024-11-13,22024,HOU vs. LAC,W,111,59.0,28,8.0,11,13,0.433,0.706,0.375,8.0,Houston Rockets
0022400223,2024-11-13,22024,DET @ MIL,L,120,45.0,29,6.0,7,14,0.46,0.769,0.474,-7.0,Detroit Pistons
0022400222,2024-11-13,22024,LAC @ HOU,L,103,42.0,27,10.0,3,9,0.396,0.813,0.368,-8.0,Los Angeles Clippers
0022400225,2024-11-13,22024,MEM @ LAL,L,123,41.0,28,11.0,6,13,0.472,0.818,0.364,-5.0,Memphis Grizzlies
0022400223,2024-11-13,22024,MIL vs. DET,W,127,47.0,26,10.0,9,11,0.474,0.88,0.429,7.0,Milwaukee Bucks
0022400226,2024-11-13,22024,MIN @ POR,L,98,41.0,16,12.0,3,13,0.394,0.773,0.179,-8.0,Minnesota Timberwolves
0022400227,2024-11-13,22024,SAC vs. PHX,W,127,45.0,38,7.0,8,17,0.641,0.706,0.536,23.0,Sacramento Kings
0022400224,2024-11-13,22024,SAS vs. WAS,W,139,39.0,38,7.0,7,9,0.522,0.781,0.409,9.0,San Antonio Spurs
0022400220,2024-11-13,22024,PHI vs. CLE,L,106,45.0,24,8.0,2,11,0.446,0.909,0.326,-8.0,Philadelphia 76ers
0022400220,2024-11-13,22024,CLE @ PHI,W,114,46.0,25,8.0,1,11,0.494,0.824,0.4,8.0,Cleveland Cavaliers
0022400228,2024-11-14,22024,DAL @ UTA,L,113,30.0,25,11.0,10,17,0.506,0.75,0.308,-2.0,Dallas Mavericks
0022400228,2024-11-14,22024,UTA vs. DAL,W,115,40.0,25,11.0,2,18,0.506,0.762,0.382,2.0,Utah Jazz
0022400018,2024-11-15,22024,PHX @ OKC,L,83,50.0,17,6.0,4,14,0.293,0.75,0.243,-16.0,Phoenix Suns
0022400014,2024-11-15,22024,NYK vs. BKN,W,124,45.0,25,7.0,6,13,0.53,0.821,0.342,2.0,New York Knicks
0022400012,2024-11-15,22024,WAS @ ATL,L,117,52.0,28,11.0,5,15,0.406,0.762,0.349,-12.0,Washington Wizards
0022400016,2024-11-15,22024,LAC @ HOU,L,104,51.0,12,6.0,6,14,0.378,0.788,0.25,-21.0,Los Angeles Clippers
0022400009,2024-11-15,22024,IND vs. MIA,L,111,39.0,28,8.0,4,20,0.512,0.818,0.4,-13.0,Indiana Pacers
0022400019,2024-11-15,22024,MEM @ GSW,L,118,54.0,22,8.0,11,15,0.408,0.818,0.167,-5.0,Memphis Grizzlies
0022400020,2024-11-15,22024,SAC vs. MIN,L,126,51.0,21,6.0,7,13,0.5,0.9,0.324,-4.0,Sacramento Kings
0022400009,2024-11-15,22024,MIA @ IND,W,124,36.0,27,16.0,1,10,0.517,0.826,0.357,13.0,Miami Heat
0022400014,2024-11-15,22024,BKN @ NYK,L,122,37.0,27,8.0,2,9,0.438,0.893,0.413,-2.0,Brooklyn Nets
0022400011,2024-11-15,22024,TOR vs. DET,L,95,53.0,21,7.0,6,14,0.361,0.773,0.258,-4.0,Toronto Raptors
0022400012,2024-11-15,22024,ATL vs. WAS,W,129,55.0,28,10.0,10,16,0.469,0.833,0.324,12.0,Atlanta Hawks
0022400013,2024-11-15,22024,CHI @ CLE,L,126,36.0,32,7.0,4,17,0.511,0.8,0.476,-18.0,Chicago Bulls
0022400016,2024-11-15,22024,HOU vs. LAC,W,125,48.0,31,11.0,3,12,0.484,0.778,0.432,21.0,Houston Rockets
0022400018,2024-11-15,22024,OKC vs. PHX,W,99,53.0,21,6.0,11,10,0.396,0.944,0.25,16.0,Oklahoma City Thunder
0022400010,2024-11-15,22024,PHI @ ORL,L,86,34.0,19,10.0,3,16,0.403,0.857,0.323,-12.0,Philadelphia 76ers
0022400017,2024-11-15,22024,NOP vs. DEN,W,101,56.0,21,4.0,5,14,0.425,0.889,0.314,7.0,New Orleans Pelicans
0022400019,2024-11-15,22024,GSW vs. MEM,W,123,56.0,33,9.0,5,19,0.439,0.72,0.413,5.0,Golden State Warriors
0022400017,2024-11-15,22024,DEN @ NOP,L,94,38.0,26,10.0,1,7,0.425,0.909,0.27,-7.0,Denver Nuggets
0022400011,2024-11-15,22024,DET @ TOR,W,99,56.0,24,8.0,8,13,0.411,0.65,0.211,4.0,Detroit Pistons
0022400015,2024-11-15,22024,SAS vs. LAL,L,115,40.0,32,6.0,5,13,0.489,0.75,0.378,-5.0,San Antonio Spurs
0022400013,2024-11-15,22024,CLE vs. CHI,W,144,40.0,33,11.0,6,13,0.548,0.875,0.488,18.0,Cleveland Cavaliers
0022400010,2024-11-15,22024,ORL vs. PHI,W,98,43.0,15,11.0,6,17,0.436,0.864,0.297,12.0,Orlando Magic
0022400020,2024-11-15,22024,MIN @ SAC,W,130,41.0,26,9.0,4,11,0.475,0.875,0.408,4.0,Minnesota Timberwolves
0022400015,2024-11-15,22024,LAL @ SAS,W,120,41.0,27,10.0,3,10,0.5,0.783,0.452,5.0,Los Angeles Lakers
0022400230,2024-11-16,22024,TOR @ BOS,L,123,46.0,35,3.0,2,9,0.51,0.667,0.391,-3.0,Toronto Raptors
0022400233,2024-11-16,22024,SAC vs. UTA,W,121,35.0,24,6.0,3,14,0.506,0.72,0.463,4.0,Sacramento Kings
0022400229,2024-11-16,22024,MIL @ CHA,L,114,40.0,31,6.0,6,9,0.511,0.455,0.417,-1.0,Milwaukee Bucks
0022400233,2024-11-16,22024,UTA @ SAC,L,117,33.0,16,11.0,3,13,0.493,0.738,0.462,-4.0,Utah Jazz
0022400230,2024-11-16,22024,BOS vs. TOR,W,126,42.0,30,2.0,6,9,0.444,0.895,0.344,3.0,Boston Celtics
0022400231,2024-11-16,22024,LAL @ NOP,W,104,43.0,24,10.0,3,11,0.438,0.778,0.3,5.0,Los Angeles Lakers
0022400232,2024-11-16,22024,SAS @ DAL,L,93,45.0,21,10.0,9,11,0.318,0.867,0.275,-17.0,San Antonio Spurs
0022400231,2024-11-16,22024,NOP vs. LAL,L,99,50.0,24,7.0,4,17,0.422,0.783,0.379,-5.0,New Orleans Pelicans
0022400232,2024-11-16,22024,DAL vs. SAS,W,110,53.0,26,9.0,7,14,0.468,0.778,0.258,17.0,Dallas Mavericks
0022400229,2024-11-16,22024,CHA vs. MIL,W,115,53.0,25,7.0,4,10,0.441,0.857,0.357,1.0,Charlotte Hornets
0022400236,2024-11-17,22024,CHA @ CLE,L,114,40.0,34,12.0,6,9,0.408,0.833,0.385,-14.0,Charlotte Hornets
0022400240,2024-11-17,22024,BKN @ NYK,L,104,35.0,31,1.0,3,9,0.421,0.767,0.415,-10.0,Brooklyn Nets
0022400240,2024-11-17,22024,NYK vs. BKN,W,114,47.0,33,4.0,5,6,0.489,0.789,0.325,10.0,New York Knicks
0022400237,2024-11-17,22024,DET @ WAS,W,124,51.0,27,11.0,4,8,0.474,0.789,0.447,20.0,Detroit Pistons
0022400242,2024-11-17,22024,OKC vs. DAL,L,119,29.0,29,11.0,5,6,0.494,0.76,0.333,-2.0,Oklahoma City Thunder
0022400235,2024-11-17,22024,IND vs. MIA,W,119,45.0,30,6.0,6,10,0.518,0.9,0.448,9.0,Indiana Pacers
0022400234,2024-11-17,22024,PHX @ MIN,L,117,41.0,29,9.0,2,19,0.541,0.733,0.452,-3.0,Phoenix Suns
0022400234,2024-11-17,22024,MIN vs. PHX,W,120,32.0,27,8.0,6,14,0.525,0.731,0.436,3.0,Minnesota Timberwolves
0022400238,2024-11-17,22024,DEN @ MEM,L,90,39.0,23,9.0,5,14,0.417,0.714,0.323,-15.0,Denver Nuggets
0022400243,2024-11-17,22024,LAC vs. UTA,W,116,41.0,30,11.0,5,9,0.489,0.765,0.275,11.0,Los Angeles Clippers
0022400235,2024-11-17,22024,MIA @ IND,L,110,38.0,21,4.0,1,10,0.4,0.95,0.442,-9.0,Miami Heat
0022400243,2024-11-17,22024,UTA @ LAC,L,105,41.0,24,7.0,1,18,0.494,0.833,0.3,-11.0,Utah Jazz
0022400241,2024-11-17,22024,HOU @ CHI,W,143,66.0,34,8.0,9,10,0.524,0.719,0.294,36.0,Houston Rockets
0022400237,2024-11-17,22024,WAS vs. DET,L,104,39.0,21,6.0,3,17,0.47,0.7,0.444,-20.0,Washington Wizards
0022400239,2024-11-17,22024,POR vs. ATL,W,114,40.0,31,16.0,10,20,0.463,0.632,0.368,4.0,Portland Trail Blazers
0022400242,2024-11-17,22024,DAL @ OKC,W,121,53.0,18,4.0,5,16,0.476,0.833,0.407,2.0,Dallas Mavericks
0022400241,2024-11-17,22024,CHI vs. HOU,L,107,47.0,26,8.0,7,13,0.336,0.955,0.25,-36.0,Chicago Bulls
0022400236,2024-11-17,22024,CLE vs. CHA,W,128,48.0,26,3.0,4,20,0.571,0.964,0.433,14.0,Cleveland Cavaliers
0022400239,2024-11-17,22024,ATL @ POR,L,110,47.0,30,10.0,7,25,0.459,0.84,0.344,-4.0,Atlanta Hawks
0022400238,2024-11-17,22024,MEM vs. DEN,W,105,45.0,31,10.0,10,12,0.451,0.833,0.333,15.0,Memphis Grizzlies
0022400249,2024-11-18,22024,ORL @ PHX,W,109,38.0,28,5.0,7,10,0.513,0.8,0.379,10.0,Orlando Magic
0022400250,2024-11-18,22024,ATL @ SAC,W,109,37.0,34,7.0,7,14,0.47,0.833,0.421,1.0,Atlanta Hawks
0022400249,2024-11-18,22024,PHX vs. ORL,L,99,45.0,25,5.0,2,13,0.422,0.68,0.293,-10.0,Phoenix Suns
0022400247,2024-11-18,22024,IND @ TOR,L,119,32.0,29,17.0,5,10,0.444,0.8,0.375,-11.0,Indiana Pacers
0022400246,2024-11-18,22024,NYK vs. WAS,W,134,41.0,37,4.0,1,8,0.56,0.923,0.5,28.0,New York Knicks
0022400250,2024-11-18,22024,SAC vs. ATL,L,108,45.0,24,9.0,4,17,0.435,0.737,0.435,-1.0,Sacramento Kings
0022400244,2024-11-18,22024,CHI @ DET,W,122,46.0,28,3.0,5,10,0.484,0.786,0.5,10.0,Chicago Bulls
0022400245,2024-11-18,22024,PHI @ MIA,L,89,42.0,25,10.0,3,14,0.417,0.75,0.244,-17.0,Philadelphia 76ers
0022400251,2024-11-18,22024,LAC vs. GSW,W,102,44.0,29,10.0,6,17,0.427,0.889,0.471,3.0,Los Angeles Clippers
0022400248,2024-11-18,22024,HOU @ MIL,L,100,53.0,19,9.0,6,12,0.4,0.846,0.281,-1.0,Houston Rockets
0022400251,2024-11-18,22024,GSW @ LAC,L,99,45.0,27,12.0,4,19,0.44,0.474,0.364,-3.0,Golden State Warriors
0022400246,2024-11-18,22024,WAS @ NYK,L,106,41.0,23,5.0,3,10,0.473,0.563,0.333,-28.0,Washington Wizards
0022400248,2024-11-18,22024,MIL vs. HOU,W,101,43.0,21,8.0,8,15,0.458,0.632,0.394,1.0,Milwaukee Bucks
0022400244,2024-11-18,22024,DET vs. CHI,L,112,48.0,27,3.0,3,9,0.429,0.684,0.341,-10.0,Detroit Pistons
0022400247,2024-11-18,22024,TOR vs. IND,W,130,46.0,27,5.0,9,23,0.585,0.714,0.483,11.0,Toronto Raptors
0022400245,2024-11-18,22024,MIA vs. PHI,W,106,53.0,26,10.0,2,13,0.414,0.913,0.295,17.0,Miami Heat
0022400024,2024-11-19,22024,NOP @ DAL,L,91,37.0,19,9.0,4,21,0.397,0.857,0.344,-41.0,New Orleans Pelicans
0022400026,2024-11-19,22024,LAL vs. UTA,W,124,34.0,30,9.0,5,14,0.553,0.722,0.452,6.0,Los Angeles Lakers
0022400023,2024-11-19,22024,DEN @ MEM,W,122,53.0,29,15.0,6,18,0.48,0.636,0.333,12.0,Denver Nuggets
0022400021,2024-11-19,22024,CLE @ BOS,L,117,41.0,30,4.0,3,7,0.495,0.882,0.345,-3.0,Cleveland Cavaliers
0022400022,2024-11-19,22024,CHA @ BKN,L,115,44.0,25,6.0,8,21,0.463,0.864,0.541,-1.0,Charlotte Hornets
0022400025,2024-11-19,22024,SAS vs. OKC,W,110,46.0,32,5.0,5,21,0.47,0.684,0.413,6.0,San Antonio Spurs
0022400021,2024-11-19,22024,BOS vs. CLE,W,120,42.0,32,4.0,4,13,0.512,0.714,0.537,3.0,Boston Celtics
0022400022,2024-11-19,22024,BKN vs. CHA,W,116,36.0,31,8.0,8,13,0.494,0.737,0.439,1.0,Brooklyn Nets
0022400023,2024-11-19,22024,MEM vs. DEN,L,110,55.0,24,9.0,10,22,0.398,0.613,0.237,-12.0,Memphis Grizzlies
0022400026,2024-11-19,22024,UTA @ LAL,L,118,42.0,28,9.0,0,14,0.5,0.842,0.333,-6.0,Utah Jazz
0022400024,2024-11-19,22024,DAL vs. NOP,W,132,48.0,26,12.0,7,11,0.521,0.8,0.452,41.0,Dallas Mavericks
0022400025,2024-11-19,22024,OKC @ SAS,L,104,47.0,24,16.0,4,13,0.41,0.857,0.302,-6.0,Oklahoma City Thunder
0022400255,2024-11-20,22024,PHI @ MEM,L,111,41.0,21,12.0,6,14,0.448,0.917,0.333,-6.0,Philadelphia 76ers
0022400252,2024-11-20,22024,NOP @ CLE,L,100,40.0,23,9.0,3,11,0.424,0.636,0.258,-28.0,New Orleans Pelicans
0022400256,2024-11-20,22024,OKC vs. POR,W,109,46.0,24,14.0,8,13,0.44,0.87,0.29,10.0,Oklahoma City Thunder
0022400252,2024-11-20,22024,CLE vs. NOP,W,128,52.0,29,10.0,9,11,0.527,0.857,0.429,28.0,Cleveland Cavaliers
0022400258,2024-11-20,22024,GSW vs. ATL,W,120,54.0,36,10.0,7,15,0.465,0.667,0.35,23.0,Golden State Warriors
0022400254,2024-11-20,22024,HOU vs. IND,W,130,47.0,25,16.0,2,13,0.461,0.727,0.333,17.0,Houston Rockets
0022400259,2024-11-20,22024,LAC vs. ORL,W,104,49.0,22,10.0,1,22,0.494,0.81,0.5,11.0,Los Angeles Clippers
0022400257,2024-11-20,22024,PHX vs. NYK,L,122,34.0,30,9.0,2,14,0.489,0.765,0.38,-16.0,Phoenix Suns
0022400255,2024-11-20,22024,MEM vs. PHI,W,117,41.0,29,5.0,6,19,0.482,1.0,0.442,6.0,Memphis Grizzlies
0022400257,2024-11-20,22024,NYK @ PHX,W,138,41.0,30,10.0,0,13,0.581,0.905,0.487,16.0,New York Knicks
0022400259,2024-11-20,22024,ORL @ LAC,L,93,24.0,21,11.0,7,14,0.44,0.792,0.229,-11.0,Orlando Magic
0022400258,2024-11-20,22024,ATL @ GSW,L,97,65.0,27,9.0,5,17,0.333,0.625,0.267,-23.0,Atlanta Hawks
0022400253,2024-11-20,22024,CHI @ MIL,L,106,33.0,25,7.0,2,14,0.466,1.0,0.378,-16.0,Chicago Bulls
0022400256,2024-11-20,22024,POR @ OKC,L,99,49.0,18,6.0,7,22,0.405,0.714,0.395,-10.0,Portland Trail Blazers
0022400253,2024-11-20,22024,MIL vs. CHI,W,122,45.0,30,7.0,2,11,0.55,0.677,0.361,16.0,Milwaukee Bucks
0022400254,2024-11-20,22024,IND @ HOU,L,113,36.0,19,7.0,9,23,0.53,0.8,0.227,-17.0,Indiana Pacers
0022400262,2024-11-21,22024,SAS vs. UTA,W,126,51.0,32,8.0,9,11,0.466,0.761,0.281,8.0,San Antonio Spurs
0022400263,2024-11-21,22024,LAL vs. ORL,L,118,36.0,21,4.0,6,10,0.506,0.654,0.419,-1.0,Los Angeles Lakers
0022400260,2024-11-21,22024,DET @ CHA,L,121,56.0,30,8.0,3,19,0.424,0.8,0.354,-2.0,Detroit Pistons
0022400262,2024-11-21,22024,UTA @ SAS,L,118,49.0,22,4.0,7,14,0.418,0.885,0.289,-8.0,Utah Jazz
0022400261,2024-11-21,22024,MIN @ TOR,L,105,40.0,16,12.0,5,17,0.413,0.818,0.343,-5.0,Minnesota Timberwolves
0022400263,2024-11-21,22024,ORL @ LAL,W,119,48.0,31,8.0,5,16,0.473,0.857,0.375,1.0,Orlando Magic
0022400260,2024-11-21,22024,CHA vs. DET,W,123,43.0,23,12.0,5,15,0.473,0.714,0.455,2.0,Charlotte Hornets
0022400261,2024-11-21,22024,TOR vs. MIN,W,110,43.0,22,11.0,1,17,0.514,0.744,0.304,5.0,Toronto Raptors
0022400028,2024-11-22,22024,BOS @ WAS,W,108,43.0,22,11.0,7,12,0.424,0.781,0.239,12.0,Boston Celtics
0022400033,2024-11-22,22024,DAL @ DEN,W,123,44.0,24,11.0,5,13,0.505,0.778,0.37,3.0,Dallas Mavericks
0022400032,2024-11-22,22024,GSW @ NOP,W,112,52.0,27,5.0,5,16,0.448,0.759,0.324,4.0,Golden State Warriors
0022400027,2024-11-22,22024,BKN @ PHI,L,98,34.0,28,1.0,4,19,0.494,1.0,0.351,-15.0,Brooklyn Nets
0022400030,2024-11-22,22024,CHI vs. ATL,W,136,41.0,36,8.0,10,19,0.57,0.905,0.442,14.0,Chicago Bulls
0022400032,2024-11-22,22024,NOP vs. GSW,L,108,43.0,28,10.0,9,9,0.446,0.636,0.308,-4.0,New Orleans Pelicans
0022400034,2024-11-22,22024,LAC vs. SAC,W,104,54.0,27,13.0,3,12,0.415,1.0,0.238,16.0,Los Angeles Clippers
0022400027,2024-11-22,22024,PHI vs. BKN,W,113,40.0,25,13.0,9,11,0.446,0.75,0.372,15.0,Philadelphia 76ers
0022400029,2024-11-22,22024,MIL vs. IND,W,129,44.0,33,10.0,4,17,0.533,0.8,0.472,12.0,Milwaukee Bucks
0022400034,2024-11-22,22024,SAC @ LAC,L,88,48.0,19,5.0,8,15,0.386,0.708,0.2,-16.0,Sacramento Kings
0022400029,2024-11-22,22024,IND @ MIL,L,117,46.0,30,11.0,6,15,0.473,0.741,0.324,-12.0,Indiana Pacers
0022400031,2024-11-22,22024,HOU vs. POR,W,116,51.0,27,14.0,5,17,0.452,0.68,0.385,28.0,Houston Rockets
0022400030,2024-11-22,22024,ATL @ CHI,L,122,42.0,32,11.0,4,11,0.458,0.737,0.294,-14.0,Atlanta Hawks
0022400028,2024-11-22,22024,WAS vs. BOS,L,96,48.0,19,6.0,4,19,0.433,0.688,0.25,-12.0,Washington Wizards
0022400031,2024-11-22,22024,POR @ HOU,L,88,45.0,17,9.0,8,20,0.33,0.773,0.256,-28.0,Portland Trail Blazers
0022400033,2024-11-22,22024,DEN vs. DAL,L,120,42.0,33,4.0,7,13,0.478,0.655,0.517,-3.0,Denver Nuggets
0022400266,2024-11-23,22024,MEM @ CHI,W,142,49.0,38,5.0,4,11,0.573,0.65,0.452,11.0,Memphis Grizzlies
0022400267,2024-11-23,22024,HOU vs. POR,L,98,43.0,17,8.0,5,9,0.356,0.788,0.25,-6.0,Houston Rockets
0022400268,2024-11-23,22024,MIL vs. CHA,W,125,51.0,20,3.0,9,14,0.483,0.808,0.486,6.0,Milwaukee Bucks
0022400264,2024-11-23,22024,UTA vs. NYK,W,121,52.0,30,4.0,4,18,0.506,0.737,0.559,15.0,Utah Jazz
0022400270,2024-11-23,22024,DEN @ LAL,W,127,48.0,37,7.0,2,17,0.61,0.579,0.5,25.0,Denver Nuggets
0022400269,2024-11-23,22024,SAS vs. GSW,W,104,48.0,29,5.0,9,8,0.447,0.789,0.277,10.0,San Antonio Spurs
0022400270,2024-11-23,22024,LAL vs. DEN,L,102,32.0,27,11.0,3,15,0.443,0.786,0.361,-25.0,Los Angeles Lakers
0022400266,2024-11-23,22024,CHI vs. MEM,L,131,35.0,29,4.0,8,11,0.505,0.737,0.452,-11.0,Chicago Bulls
0022400265,2024-11-23,22024,ORL vs. DET,W,111,44.0,25,13.0,9,13,0.46,0.864,0.308,11.0,Orlando Magic
0022400264,2024-11-23,22024,NYK @ UTA,L,106,40.0,25,10.0,10,9,0.39,0.917,0.333,-15.0,New York Knicks
0022400269,2024-11-23,22024,GSW @ SAS,L,94,49.0,29,4.0,3,10,0.379,0.615,0.318,-10.0,Golden State Warriors
0022400268,2024-11-23,22024,CHA @ MIL,L,119,48.0,22,6.0,5,10,0.41,0.857,0.404,-6.0,Charlotte Hornets
0022400265,2024-11-23,22024,DET @ ORL,L,100,34.0,16,7.0,8,17,0.467,0.773,0.394,-11.0,Detroit Pistons
0022400267,2024-11-23,22024,POR @ HOU,W,104,53.0,16,5.0,12,16,0.378,0.783,0.409,6.0,Portland Trail Blazers
0022400272,2024-11-24,22024,WAS @ IND,L,103,41.0,24,8.0,5,16,0.456,0.8,0.314,-12.0,Washington Wizards
0022400272,2024-11-24,22024,IND vs. WAS,W,115,45.0,31,8.0,3,11,0.477,0.778,0.444,12.0,Indiana Pacers
0022400271,2024-11-24,22024,MIN @ BOS,L,105,49.0,19,2.0,1,8,0.42,0.762,0.366,-2.0,Minnesota Timberwolves
0022400274,2024-11-24,22024,LAC @ PHI,W,125,44.0,31,9.0,5,17,0.58,0.76,0.4,26.0,Los Angeles Clippers
0022400275,2024-11-24,22024,CLE vs. TOR,W,122,49.0,27,11.0,4,13,0.495,0.714,0.39,14.0,Cleveland Cavaliers
0022400271,2024-11-24,22024,BOS vs. MIN,W,107,40.0,25,5.0,7,6,0.425,0.8,0.375,2.0,Boston Celtics
0022400275,2024-11-24,22024,TOR @ CLE,L,108,55.0,22,9.0,5,14,0.402,0.647,0.308,-14.0,Toronto Raptors
0022400276,2024-11-24,22024,BKN @ SAC,W,108,31.0,24,7.0,5,12,0.48,0.68,0.487,5.0,Brooklyn Nets
0022400274,2024-11-24,22024,PHI vs. LAC,L,99,33.0,22,8.0,5,13,0.395,0.846,0.231,-26.0,Philadelphia 76ers
0022400276,2024-11-24,22024,SAC vs. BKN,L,103,44.0,21,6.0,6,16,0.481,0.645,0.36,-5.0,Sacramento Kings
0022400273,2024-11-24,22024,MIA vs. DAL,W,123,57.0,27,6.0,6,9,0.43,0.63,0.341,5.0,Miami Heat
0022400273,2024-11-24,22024,DAL @ MIA,L,118,59.0,29,6.0,9,13,0.419,0.8,0.25,-5.0,Dallas Mavericks
0022400277,2024-11-25,22024,CHA vs. ORL,L,84,52.0,14,6.0,5,26,0.413,0.789,0.219,-11.0,Charlotte Hornets
0022400284,2024-11-25,22024,BKN @ GSW,W,128,42.0,23,6.0,3,11,0.494,0.867,0.444,8.0,Brooklyn Nets
0022400277,2024-11-25,22024,ORL @ CHA,W,95,39.0,21,12.0,6,8,0.394,0.529,0.261,11.0,Orlando Magic
0022400285,2024-11-25,22024,SAC vs. OKC,L,109,31.0,24,10.0,4,12,0.483,0.739,0.25,-21.0,Sacramento Kings
0022400284,2024-11-25,22024,GSW vs. BKN,L,120,43.0,32,8.0,5,12,0.484,0.647,0.413,-8.0,Golden State Warriors
0022400283,2024-11-25,22024,NYK @ DEN,W,145,43.0,45,5.0,4,9,0.609,0.875,0.528,27.0,New York Knicks
0022400278,2024-11-25,22024,DET vs. TOR,W,102,38.0,27,4.0,7,14,0.447,0.71,0.324,2.0,Detroit Pistons
0022400279,2024-11-25,22024,NOP @ IND,L,110,44.0,35,9.0,3,15,0.517,0.579,0.273,-4.0,New Orleans Pelicans
0022400280,2024-11-25,22024,DAL @ ATL,W,129,51.0,24,6.0,8,17,0.5,0.864,0.457,10.0,Dallas Mavericks
0022400285,2024-11-25,22024,OKC @ SAC,W,130,44.0,28,6.0,3,15,0.558,0.8,0.452,21.0,Oklahoma City Thunder
0022400281,2024-11-25,22024,LAC @ BOS,L,94,44.0,18,8.0,3,13,0.433,0.692,0.269,-32.0,Los Angeles Clippers
0022400282,2024-11-25,22024,MEM vs. POR,W,123,60.0,35,7.0,13,18,0.494,0.735,0.429,25.0,Memphis Grizzlies
0022400279,2024-11-25,22024,IND vs. NOP,W,114,41.0,30,10.0,2,13,0.473,0.688,0.362,4.0,Indiana Pacers
0022400283,2024-11-25,22024,DEN vs. NYK,L,118,33.0,23,5.0,3,11,0.446,0.926,0.333,-27.0,Denver Nuggets
0022400281,2024-11-25,22024,BOS vs. LAC,W,126,47.0,33,10.0,11,11,0.511,0.7,0.431,32.0,Boston Celtics
0022400280,2024-11-25,22024,ATL vs. DAL,L,119,39.0,32,10.0,6,14,0.475,0.875,0.29,-10.0,Atlanta Hawks
0022400278,2024-11-25,22024,TOR @ DET,L,100,50.0,26,7.0,5,9,0.394,0.8,0.286,-2.0,Toronto Raptors
0022400282,2024-11-25,22024,POR @ MEM,L,98,44.0,22,10.0,7,11,0.333,0.786,0.174,-25.0,Portland Trail Blazers
0022400039,2024-11-26,22024,PHX vs. LAL,W,127,46.0,31,9.0,3,9,0.515,0.8,0.405,27.0,Phoenix Suns
0022400038,2024-11-26,22024,SAS @ UTA,W,128,39.0,30,12.0,5,10,0.484,0.769,0.375,13.0,San Antonio Spurs
0022400036,2024-11-26,22024,MIA vs. MIL,L,103,38.0,26,6.0,2,8,0.455,0.767,0.345,-3.0,Miami Heat
0022400035,2024-11-26,22024,CHI @ WAS,W,127,50.0,29,6.0,4,10,0.5,0.864,0.35,19.0,Chicago Bulls
0022400039,2024-11-26,22024,LAL @ PHX,L,100,42.0,25,7.0,6,12,0.435,0.72,0.235,-27.0,Los Angeles Lakers
0022400036,2024-11-26,22024,MIL @ MIA,W,106,41.0,23,5.0,7,10,0.468,0.824,0.476,3.0,Milwaukee Bucks
0022400037,2024-11-26,22024,HOU @ MIN,W,117,44.0,31,12.0,9,10,0.455,0.923,0.405,6.0,Houston Rockets
0022400038,2024-11-26,22024,UTA vs. SAS,L,115,41.0,24,6.0,4,21,0.512,0.8,0.371,-13.0,Utah Jazz
0022400037,2024-11-26,22024,MIN vs. HOU,L,111,52.0,21,6.0,4,17,0.429,0.9,0.237,-6.0,Minnesota Timberwolves
0022400035,2024-11-26,22024,WAS vs. CHI,L,108,43.0,27,7.0,3,12,0.429,0.645,0.27,-19.0,Washington Wizards
0022400297,2024-11-27,22024,PHX vs. BKN,L,117,37.0,25,7.0,5,17,0.532,0.821,0.387,-10.0,Phoenix Suns
0022400299,2024-11-27,22024,OKC @ GSW,W,105,48.0,26,10.0,9,14,0.459,0.615,0.297,4.0,Oklahoma City Thunder
0022400293,2024-11-27,22024,DET @ MEM,L,111,42.0,24,6.0,4,18,0.471,0.72,0.342,-20.0,Detroit Pistons
0022400296,2024-11-27,22024,SAS vs. LAL,L,101,38.0,26,7.0,4,15,0.424,0.938,0.35,-18.0,San Antonio Spurs
0022400298,2024-11-27,22024,UTA vs. DEN,L,103,47.0,25,7.0,5,18,0.422,0.611,0.372,-19.0,Utah Jazz
0022400286,2024-11-27,22024,MIA @ CHA,W,98,44.0,21,6.0,5,18,0.452,0.818,0.378,4.0,Miami Heat
0022400291,2024-11-27,22024,WAS vs. LAC,L,96,40.0,21,9.0,4,20,0.412,0.818,0.242,-25.0,Washington Wizards
0022400287,2024-11-27,22024,CLE vs. ATL,L,124,44.0,31,11.0,5,12,0.463,0.75,0.313,-11.0,Cleveland Cavaliers
0022400292,2024-11-27,22024,DAL vs. NYK,W,129,43.0,27,6.0,4,13,0.565,0.762,0.515,15.0,Dallas Mavericks
0022400295,2024-11-27,22024,TOR @ NOP,W,119,52.0,38,11.0,4,15,0.495,0.333,0.404,26.0,Toronto Raptors
0022400296,2024-11-27,22024,LAL @ SAS,W,119,46.0,31,8.0,3,13,0.533,1.0,0.382,18.0,Los Angeles Lakers
0022400291,2024-11-27,22024,LAC @ WAS,W,121,47.0,27,18.0,4,13,0.506,0.76,0.364,25.0,Los Angeles Clippers
0022400297,2024-11-27,22024,BKN @ PHX,W,127,36.0,32,8.0,1,12,0.506,0.955,0.429,10.0,Brooklyn Nets
0022400294,2024-11-27,22024,MIN vs. SAC,L,104,33.0,25,11.0,9,15,0.446,0.889,0.359,-11.0,Minnesota Timberwolves
0022400287,2024-11-27,22024,ATL @ CLE,W,135,51.0,39,6.0,6,13,0.474,0.92,0.476,11.0,Atlanta Hawks
0022400290,2024-11-27,22024,PHI vs. HOU,L,115,42.0,19,12.0,7,14,0.448,0.739,0.364,-7.0,Philadelphia 76ers
0022400290,2024-11-27,22024,HOU @ PHI,W,122,51.0,23,10.0,14,20,0.455,0.842,0.323,7.0,Houston Rockets
0022400299,2024-11-27,22024,GSW vs. OKC,L,101,57.0,25,7.0,6,14,0.357,0.714,0.32,-4.0,Golden State Warriors
0022400289,2024-11-27,22024,ORL vs. CHI,W,133,39.0,30,10.0,8,11,0.511,0.929,0.385,14.0,Orlando Magic
0022400286,2024-11-27,22024,CHA vs. MIA,L,94,43.0,22,10.0,5,13,0.378,0.375,0.333,-4.0,Charlotte Hornets
0022400288,2024-11-27,22024,POR @ IND,L,114,38.0,31,6.0,5,14,0.506,0.588,0.457,-7.0,Portland Trail Blazers
0022400295,2024-11-27,22024,NOP vs. TOR,L,93,47.0,24,12.0,4,15,0.387,0.625,0.314,-26.0,New Orleans Pelicans
0022400298,2024-11-27,22024,DEN @ UTA,W,122,39.0,30,10.0,8,10,0.548,0.826,0.333,19.0,Denver Nuggets
0022400289,2024-11-27,22024,CHI @ ORL,L,119,37.0,30,9.0,6,18,0.529,0.688,0.381,-14.0,Chicago Bulls
0022400293,2024-11-27,22024,MEM vs. DET,W,131,42.0,31,13.0,4,16,0.548,0.75,0.37,20.0,Memphis Grizzlies
0022400294,2024-11-27,22024,SAC @ MIN,W,115,47.0,28,8.0,3,16,0.489,0.733,0.324,11.0,Sacramento Kings
0022400292,2024-11-27,22024,NYK @ DAL,L,114,33.0,20,9.0,3,8,0.465,0.9,0.241,-15.0,New York Knicks
0022400288,2024-11-27,22024,IND vs. POR,W,121,47.0,27,10.0,10,12,0.489,0.8,0.406,7.0,Indiana Pacers
0022400042,2024-11-29,22024,NOP @ MEM,L,109,46.0,16,9.0,7,14,0.418,0.8,0.31,-11.0,New Orleans Pelicans
0022400046,2024-11-29,22024,TOR @ MIA,L,111,46.0,34,4.0,3,18,0.538,0.824,0.379,-10.0,Toronto Raptors
0022400041,2024-11-29,22024,CLE @ ATL,L,101,40.0,21,9.0,0,13,0.409,0.824,0.289,-16.0,Cleveland Cavaliers
0022400043,2024-11-29,22024,ORL @ BKN,W,123,40.0,29,13.0,13,17,0.53,0.773,0.514,23.0,Orlando Magic
0022400040,2024-11-29,22024,CHA vs. NYK,L,98,39.0,25,8.0,6,13,0.404,0.733,0.319,-1.0,Charlotte Hornets
0022400045,2024-11-29,22024,DET @ IND,W,130,44.0,35,9.0,5,18,0.578,0.8,0.474,24.0,Detroit Pistons
0022400040,2024-11-29,22024,NYK @ CHA,W,99,44.0,20,7.0,5,19,0.444,0.789,0.375,1.0,New York Knicks
0022400049,2024-11-29,22024,POR vs. SAC,W,115,40.0,27,10.0,3,11,0.511,0.8,0.297,9.0,Portland Trail Blazers
0022400044,2024-11-29,22024,MIN vs. LAC,W,93,49.0,25,8.0,5,21,0.413,0.8,0.385,1.0,Minnesota Timberwolves
0022400048,2024-11-29,22024,OKC @ LAL,W,101,47.0,20,12.0,3,9,0.409,0.75,0.325,8.0,Oklahoma City Thunder
0022400045,2024-11-29,22024,IND vs. DET,L,106,32.0,23,9.0,4,16,0.482,0.923,0.364,-24.0,Indiana Pacers
0022400046,2024-11-29,22024,MIA vs. TOR,W,121,33.0,32,10.0,0,8,0.457,0.824,0.389,10.0,Miami Heat
0022400048,2024-11-29,22024,LAL vs. OKC,L,93,47.0,25,4.0,6,17,0.452,0.762,0.289,-8.0,Los Angeles Lakers
0022400047,2024-11-29,22024,CHI vs. BOS,L,129,43.0,28,7.0,2,8,0.516,0.813,0.392,-9.0,Chicago Bulls
0022400044,2024-11-29,22024,LAC @ MIN,L,92,39.0,20,17.0,3,15,0.429,0.769,0.323,-1.0,Los Angeles Clippers
0022400042,2024-11-29,22024,MEM vs. NOP,W,120,51.0,36,9.0,5,15,0.49,0.824,0.293,11.0,Memphis Grizzlies
0022400041,2024-11-29,22024,ATL vs. CLE,W,117,53.0,33,9.0,5,18,0.518,0.833,0.412,16.0,Atlanta Hawks
0022400047,2024-11-29,22024,BOS @ CHI,W,138,51.0,24,6.0,2,9,0.5,0.739,0.426,9.0,Boston Celtics
0022400049,2024-11-29,22024,SAC @ POR,L,106,41.0,29,7.0,4,20,0.449,0.75,0.357,-9.0,Sacramento Kings
0022400043,2024-11-29,22024,BKN vs. ORL,L,100,35.0,22,5.0,5,20,0.494,0.714,0.483,-23.0,Brooklyn Nets
0022400304,2024-11-30,22024,UTA vs. DAL,L,94,53.0,20,10.0,7,15,0.358,0.81,0.231,-12.0,Utah Jazz
0022400303,2024-11-30,22024,GSW @ PHX,L,105,43.0,28,8.0,5,9,0.413,0.833,0.35,-8.0,Golden State Warriors
0022400301,2024-11-30,22024,PHI @ DET,W,111,50.0,19,9.0,8,14,0.494,0.727,0.355,15.0,Philadelphia 76ers
0022400300,2024-11-30,22024,ATL @ CHA,W,107,49.0,27,8.0,7,20,0.487,0.778,0.303,3.0,Atlanta Hawks
0022400301,2024-11-30,22024,DET vs. PHI,L,96,42.0,22,6.0,5,16,0.385,0.833,0.275,-15.0,Detroit Pistons
0022400300,2024-11-30,22024,CHA vs. ATL,L,104,45.0,23,13.0,6,14,0.372,0.842,0.375,-3.0,Charlotte Hornets
0022400302,2024-11-30,22024,MIL vs. WAS,W,124,38.0,31,5.0,6,11,0.512,0.8,0.457,10.0,Milwaukee Bucks
0022400304,2024-11-30,22024,DAL @ UTA,W,106,48.0,30,12.0,6,15,0.456,0.6,0.385,12.0,Dallas Mavericks
0022400303,2024-11-30,22024,PHX vs. GSW,W,113,45.0,31,4.0,9,12,0.481,0.864,0.514,8.0,Phoenix Suns
0022400302,2024-11-30,22024,WAS @ MIL,L,114,41.0,24,7.0,3,12,0.471,0.958,0.281,-10.0,Washington Wizards
0022400310,2024-12-01,22024,HOU vs. OKC,W,119,51.0,20,3.0,6,10,0.413,0.769,0.351,3.0,Houston Rockets
0022400309,2024-12-01,22024,TOR vs. MIA,W,119,47.0,30,4.0,5,14,0.534,0.75,0.345,3.0,Toronto Raptors
0022400314,2024-12-01,22024,DEN @ LAC,L,122,39.0,37,7.0,3,14,0.58,0.526,0.417,-4.0,Denver Nuggets
0022400312,2024-12-01,22024,POR vs. DAL,L,131,39.0,29,7.0,0,21,0.583,0.833,0.581,-6.0,Portland Trail Blazers
0022400311,2024-12-01,22024,LAL @ UTA,W,105,42.0,23,7.0,4,5,0.443,0.8,0.212,1.0,Los Angeles Lakers
0022400306,2024-12-01,22024,MEM vs. IND,W,136,40.0,36,9.0,6,10,0.527,0.815,0.348,15.0,Memphis Grizzlies
0022400309,2024-12-01,22024,MIA @ TOR,L,116,45.0,25,11.0,4,14,0.443,0.821,0.375,-3.0,Miami Heat
0022400307,2024-12-01,22024,BOS @ CLE,L,111,46.0,17,11.0,6,8,0.4,0.947,0.347,-4.0,Boston Celtics
0022400306,2024-12-01,22024,IND @ MEM,L,121,41.0,28,8.0,3,15,0.478,0.808,0.333,-15.0,Indiana Pacers
0022400314,2024-12-01,22024,LAC vs. DEN,W,126,42.0,28,8.0,4,14,0.478,0.815,0.462,4.0,Los Angeles Clippers
0022400307,2024-12-01,22024,CLE vs. BOS,W,115,44.0,22,5.0,7,17,0.488,0.8,0.472,4.0,Cleveland Cavaliers
0022400308,2024-12-01,22024,NOP @ NYK,L,85,42.0,20,14.0,9,14,0.372,0.647,0.148,-33.0,New Orleans Pelicans
0022400312,2024-12-01,22024,DAL @ POR,W,137,33.0,33,13.0,0,13,0.552,0.793,0.5,6.0,Dallas Mavericks
0022400310,2024-12-01,22024,OKC @ HOU,L,116,46.0,30,5.0,4,7,0.447,0.76,0.333,-3.0,Oklahoma City Thunder
0022400305,2024-12-01,22024,BKN vs. ORL,L,92,33.0,19,10.0,3,16,0.38,0.774,0.258,-8.0,Brooklyn Nets
0022400311,2024-12-01,22024,UTA vs. LAL,L,104,44.0,27,4.0,4,15,0.506,0.625,0.35,-1.0,Utah Jazz
0022400308,2024-12-01,22024,NYK vs. NOP,W,118,60.0,30,10.0,9,17,0.457,0.875,0.444,33.0,New York Knicks
0022400313,2024-12-01,22024,SAS @ SAC,W,127,38.0,32,6.0,9,15,0.512,0.833,0.5,2.0,San Antonio Spurs
0022400305,2024-12-01,22024,ORL @ BKN,W,100,52.0,23,10.0,11,22,0.459,0.781,0.25,8.0,Orlando Magic
0022400313,2024-12-01,22024,SAC vs. SAS,L,125,51.0,32,8.0,5,10,0.465,0.792,0.375,-2.0,Sacramento Kings
0022400315,2024-12-02,22024,NOP @ ATL,L,112,41.0,21,15.0,5,16,0.44,0.647,0.31,-12.0,New Orleans Pelicans
0022400317,2024-12-02,22024,BKN @ CHI,L,102,41.0,24,9.0,5,10,0.4,0.8,0.333,-26.0,Brooklyn Nets
0022400315,2024-12-02,22024,ATL vs. NOP,W,124,51.0,30,12.0,4,18,0.51,0.8,0.263,12.0,Atlanta Hawks
0022400318,2024-12-02,22024,LAL @ MIN,L,80,39.0,19,8.0,2,20,0.405,0.714,0.194,-29.0,Los Angeles Lakers
0022400316,2024-12-02,22024,BOS vs. MIA,W,108,54.0,25,5.0,9,14,0.438,0.846,0.345,19.0,Boston Celtics
0022400316,2024-12-02,22024,MIA @ BOS,L,89,44.0,24,6.0,1,10,0.356,0.826,0.229,-19.0,Miami Heat
0022400318,2024-12-02,22024,MIN vs. LAL,W,109,43.0,31,11.0,2,15,0.506,0.8,0.429,29.0,Minnesota Timberwolves
0022400317,2024-12-02,22024,CHI vs. BKN,W,128,54.0,33,8.0,5,16,0.522,0.842,0.34,26.0,Chicago Bulls
0022400056,2024-12-03,22024,MEM @ DAL,L,116,39.0,27,15.0,3,19,0.464,0.929,0.325,-5.0,Memphis Grizzlies
0022400052,2024-12-03,22024,DET vs. MIL,L,107,41.0,22,11.0,7,18,0.46,0.727,0.333,-21.0,Detroit Pistons
0022400053,2024-12-03,22024,NYK vs. ORL,W,121,39.0,30,6.0,4,17,0.506,1.0,0.429,15.0,New York Knicks
0022400056,2024-12-03,22024,DAL vs. MEM,W,121,49.0,24,8.0,8,25,0.481,0.682,0.406,5.0,Dallas Mavericks
0022400050,2024-12-03,22024,PHI @ CHA,W,110,31.0,26,9.0,3,12,0.463,0.9,0.4,6.0,Philadelphia 76ers
0022400059,2024-12-03,22024,HOU @ SAC,L,111,53.0,14,6.0,1,15,0.441,0.714,0.359,-9.0,Houston Rockets
0022400057,2024-12-03,22024,SAS @ PHX,L,93,53.0,26,9.0,2,14,0.35,0.75,0.182,-11.0,San Antonio Spurs
0022400050,2024-12-03,22024,CHA vs. PHI,L,104,47.0,22,5.0,3,15,0.442,0.821,0.382,-6.0,Charlotte Hornets
0022400060,2024-12-03,22024,POR @ LAC,L,105,29.0,25,6.0,4,15,0.513,0.813,0.345,-22.0,Portland Trail Blazers
0022400054,2024-12-03,22024,IND @ TOR,L,111,34.0,21,8.0,6,20,0.452,0.821,0.4,-11.0,Indiana Pacers
0022400052,2024-12-03,22024,MIL @ DET,W,128,36.0,26,10.0,6,16,0.563,0.714,0.561,21.0,Milwaukee Bucks
0022400051,2024-12-03,22024,WAS @ CLE,L,87,52.0,18,4.0,8,20,0.386,0.76,0.154,-31.0,Washington Wizards
0022400053,2024-12-03,22024,ORL @ NYK,L,106,38.0,20,9.0,4,15,0.437,0.84,0.231,-15.0,Orlando Magic
0022400058,2024-12-03,22024,DEN vs. GSW,W,119,38.0,32,9.0,5,15,0.506,0.8,0.458,4.0,Denver Nuggets
0022400051,2024-12-03,22024,CLE vs. WAS,W,118,45.0,31,11.0,4,11,0.483,0.64,0.348,31.0,Cleveland Cavaliers
0022400054,2024-12-03,22024,TOR vs. IND,W,122,42.0,28,9.0,4,21,0.543,0.724,0.394,11.0,Toronto Raptors
0022400055,2024-12-03,22024,UTA @ OKC,L,106,36.0,21,3.0,6,29,0.543,0.773,0.371,-27.0,Utah Jazz
0022400055,2024-12-03,22024,OKC vs. UTA,W,133,34.0,32,18.0,3,8,0.52,0.909,0.362,27.0,Oklahoma City Thunder
0022400058,2024-12-03,22024,GSW @ DEN,L,115,48.0,36,12.0,3,14,0.463,0.714,0.316,-4.0,Golden State Warriors
0022400060,2024-12-03,22024,LAC vs. POR,W,127,35.0,29,8.0,8,13,0.553,0.824,0.514,22.0,Los Angeles Clippers
0022400059,2024-12-03,22024,SAC vs. HOU,W,120,34.0,33,7.0,8,10,0.516,0.6,0.467,9.0,Sacramento Kings
0022400057,2024-12-03,22024,PHX vs. SAS,W,104,44.0,26,10.0,5,12,0.487,0.81,0.344,11.0,Phoenix Suns
0022400323,2024-12-04,22024,ATL @ MIL,W,119,54.0,29,16.0,3,11,0.441,0.909,0.281,15.0,Atlanta Hawks
0022400319,2024-12-04,22024,BOS vs. DET,W,130,43.0,30,11.0,7,16,0.479,0.76,0.396,10.0,Boston Celtics
0022400321,2024-12-04,22024,MIA vs. LAL,W,134,52.0,42,11.0,5,15,0.578,0.667,0.511,41.0,Miami Heat
0022400322,2024-12-04,22024,PHI vs. ORL,L,102,35.0,23,9.0,1,14,0.488,0.579,0.367,-4.0,Philadelphia 76ers
0022400324,2024-12-04,22024,MIN @ LAC,W,108,50.0,31,15.0,5,14,0.482,0.556,0.364,28.0,Minnesota Timberwolves
0022400321,2024-12-04,22024,LAL @ MIA,L,93,36.0,29,9.0,4,13,0.42,0.737,0.227,-41.0,Los Angeles Lakers
0022400320,2024-12-04,22024,BKN vs. IND,W,99,43.0,24,12.0,6,12,0.432,0.739,0.333,9.0,Brooklyn Nets
0022400323,2024-12-04,22024,MIL vs. ATL,L,104,40.0,23,7.0,4,18,0.423,0.657,0.333,-15.0,Milwaukee Bucks
0022400319,2024-12-04,22024,DET @ BOS,L,120,34.0,27,10.0,5,18,0.512,0.778,0.513,-10.0,Detroit Pistons
0022400324,2024-12-04,22024,LAC vs. MIN,L,80,46.0,13,7.0,2,21,0.349,0.846,0.275,-28.0,Los Angeles Clippers
0022400320,2024-12-04,22024,IND @ BKN,L,90,39.0,20,6.0,10,16,0.427,0.818,0.242,-9.0,Indiana Pacers
0022400322,2024-12-04,22024,ORL @ PHI,W,106,42.0,21,13.0,7,13,0.488,0.762,0.276,4.0,Orlando Magic
0022400325,2024-12-05,22024,DEN @ CLE,L,114,49.0,25,12.0,5,15,0.479,0.727,0.25,-12.0,Denver Nuggets
0022400331,2024-12-05,22024,SAS vs. CHI,L,124,41.0,26,11.0,4,11,0.463,0.718,0.286,-15.0,San Antonio Spurs
0022400330,2024-12-05,22024,PHX @ NOP,L,124,46.0,32,10.0,3,17,0.506,0.808,0.378,-2.0,Phoenix Suns
0022400329,2024-12-05,22024,MEM vs. SAC,W,115,49.0,27,9.0,5,22,0.475,0.813,0.342,5.0,Memphis Grizzlies
0022400332,2024-12-05,22024,GSW vs. HOU,W,99,54.0,19,5.0,3,10,0.419,0.667,0.321,6.0,Golden State Warriors
0022400326,2024-12-05,22024,DAL @ WAS,W,137,58.0,27,8.0,12,15,0.539,0.778,0.526,36.0,Dallas Mavericks
0022400328,2024-12-05,22024,OKC @ TOR,W,129,55.0,28,15.0,11,6,0.48,0.824,0.362,37.0,Oklahoma City Thunder
0022400328,2024-12-05,22024,TOR vs. OKC,L,92,51.0,24,5.0,7,20,0.356,0.85,0.244,-37.0,Toronto Raptors
0022400331,2024-12-05,22024,CHI @ SAS,W,139,50.0,36,6.0,5,17,0.578,0.783,0.459,15.0,Chicago Bulls
0022400326,2024-12-05,22024,WAS vs. DAL,L,101,39.0,25,10.0,3,12,0.394,0.667,0.325,-36.0,Washington Wizards
0022400329,2024-12-05,22024,SAC @ MEM,L,110,46.0,19,11.0,1,13,0.398,0.857,0.229,-5.0,Sacramento Kings
0022400325,2024-12-05,22024,CLE vs. DEN,W,126,47.0,32,9.0,3,15,0.5,0.625,0.458,12.0,Cleveland Cavaliers
0022400332,2024-12-05,22024,HOU @ GSW,L,93,45.0,20,9.0,9,8,0.376,0.765,0.263,-6.0,Houston Rockets
0022400327,2024-12-05,22024,CHA @ NYK,L,101,40.0,27,3.0,4,10,0.449,0.6,0.385,-24.0,Charlotte Hornets
0022400330,2024-12-05,22024,NOP vs. PHX,W,126,44.0,23,13.0,4,13,0.495,0.72,0.389,2.0,New Orleans Pelicans
0022400327,2024-12-05,22024,NYK vs. CHA,W,125,43.0,29,7.0,4,9,0.539,0.781,0.545,24.0,New York Knicks
0022400334,2024-12-06,22024,LAL @ ATL,L,132,40.0,33,11.0,10,13,0.515,0.875,0.457,-2.0,Los Angeles Lakers
0022400333,2024-12-06,22024,PHI vs. ORL,W,102,37.0,23,11.0,0,15,0.481,0.655,0.269,8.0,Philadelphia 76ers
0022400333,2024-12-06,22024,ORL @ PHI,L,94,38.0,21,8.0,6,19,0.423,0.882,0.283,-8.0,Orlando Magic
0022400339,2024-12-06,22024,POR vs. UTA,L,99,34.0,23,4.0,7,10,0.389,0.647,0.298,-42.0,Portland Trail Blazers
0022400338,2024-12-06,22024,GSW vs. MIN,L,90,41.0,21,9.0,4,22,0.39,0.882,0.282,-17.0,Golden State Warriors
0022400335,2024-12-06,22024,MIL @ BOS,L,105,51.0,16,4.0,2,9,0.426,0.824,0.379,-6.0,Milwaukee Bucks
0022400334,2024-12-06,22024,ATL vs. LAL,W,134,48.0,40,10.0,5,17,0.5,0.773,0.425,2.0,Atlanta Hawks
0022400336,2024-12-06,22024,CHI vs. IND,L,123,38.0,33,8.0,6,12,0.474,0.833,0.42,-9.0,Chicago Bulls
0022400336,2024-12-06,22024,IND @ CHI,W,132,46.0,33,9.0,4,12,0.565,0.833,0.6,9.0,Indiana Pacers
0022400339,2024-12-06,22024,UTA @ POR,W,141,61.0,34,6.0,11,12,0.552,0.913,0.438,42.0,Utah Jazz
0022400335,2024-12-06,22024,BOS vs. MIL,W,111,41.0,27,5.0,6,6,0.46,0.875,0.321,6.0,Boston Celtics
0022400337,2024-12-06,22024,SAS vs. SAC,L,113,42.0,28,8.0,5,14,0.429,0.7,0.341,-27.0,San Antonio Spurs
0022400337,2024-12-06,22024,SAC @ SAS,W,140,44.0,33,7.0,6,11,0.567,0.917,0.471,27.0,Sacramento Kings
0022400338,2024-12-06,22024,MIN @ GSW,W,107,48.0,32,12.0,6,17,0.455,0.929,0.333,17.0,Minnesota Timberwolves
0022400343,2024-12-07,22024,DET @ NYK,W,120,43.0,28,7.0,0,18,0.518,0.842,0.5,9.0,Detroit Pistons
0022400342,2024-12-07,22024,NOP vs. OKC,L,109,35.0,25,15.0,6,18,0.481,0.815,0.297,-10.0,New Orleans Pelicans
0022400344,2024-12-07,22024,TOR vs. DAL,L,118,39.0,37,13.0,3,13,0.462,0.944,0.385,-7.0,Toronto Raptors
0022400342,2024-12-07,22024,OKC @ NOP,W,119,45.0,27,13.0,3,18,0.529,0.81,0.375,10.0,Oklahoma City Thunder
0022400346,2024-12-07,22024,MIA vs. PHX,W,121,41.0,30,9.0,4,11,0.523,0.783,0.406,10.0,Miami Heat
0022400343,2024-12-07,22024,NYK vs. DET,L,111,31.0,27,11.0,5,15,0.532,0.593,0.324,-9.0,New York Knicks
0022400341,2024-12-07,22024,DEN @ WAS,L,113,48.0,34,11.0,6,15,0.484,0.593,0.2,-9.0,Denver Nuggets
0022400345,2024-12-07,22024,MEM @ BOS,W,127,52.0,25,13.0,7,13,0.5,0.783,0.455,6.0,Memphis Grizzlies
0022400344,2024-12-07,22024,DAL @ TOR,W,125,52.0,21,10.0,8,18,0.469,0.865,0.378,7.0,Dallas Mavericks
0022400340,2024-12-07,22024,CHA vs. CLE,L,102,37.0,21,6.0,5,10,0.43,0.895,0.282,-14.0,Charlotte Hornets
0022400345,2024-12-07,22024,BOS vs. MEM,L,121,51.0,26,6.0,7,13,0.4,0.679,0.3,-6.0,Boston Celtics
0022400341,2024-12-07,22024,WAS vs. DEN,W,122,46.0,31,9.0,12,17,0.484,0.727,0.39,9.0,Washington Wizards
0022400340,2024-12-07,22024,CLE @ CHA,W,116,47.0,28,6.0,6,11,0.5,0.75,0.368,14.0,Cleveland Cavaliers
0022400346,2024-12-07,22024,PHX @ MIA,L,111,41.0,29,8.0,3,14,0.439,0.92,0.39,-10.0,Phoenix Suns
0022400356,2024-12-08,22024,HOU @ LAC,W,117,50.0,23,4.0,4,15,0.488,0.846,0.366,11.0,Houston Rockets
0022400347,2024-12-08,22024,CHI vs. PHI,L,100,35.0,29,9.0,3,15,0.407,0.917,0.352,-8.0,Chicago Bulls
0022400354,2024-12-08,22024,SAS vs. NOP,W,121,55.0,27,7.0,11,13,0.452,0.806,0.308,5.0,San Antonio Spurs
0022400352,2024-12-08,22024,PHX @ ORL,L,110,39.0,24,7.0,6,19,0.47,0.864,0.464,-5.0,Phoenix Suns
0022400348,2024-12-08,22024,BKN vs. MIL,L,113,30.0,24,9.0,3,9,0.506,0.938,0.457,-5.0,Brooklyn Nets
0022400353,2024-12-08,22024,MEM @ WAS,W,140,46.0,34,12.0,8,16,0.521,0.793,0.395,28.0,Memphis Grizzlies
0022400355,2024-12-08,22024,MIN @ GSW,L,106,39.0,22,6.0,8,14,0.456,0.75,0.452,-8.0,Minnesota Timberwolves
0022400353,2024-12-08,22024,WAS vs. MEM,L,112,52.0,20,10.0,5,21,0.43,0.909,0.188,-28.0,Washington Wizards
0022400351,2024-12-08,22024,CLE @ MIA,L,113,36.0,25,5.0,1,9,0.477,0.944,0.424,-9.0,Cleveland Cavaliers
0022400356,2024-12-08,22024,LAC vs. HOU,L,106,33.0,21,11.0,3,7,0.446,0.813,0.324,-11.0,Los Angeles Clippers
0022400347,2024-12-08,22024,PHI @ CHI,W,108,56.0,25,8.0,5,15,0.467,0.929,0.25,8.0,Philadelphia 76ers
0022400357,2024-12-08,22024,SAC vs. UTA,W,141,43.0,39,10.0,7,8,0.57,0.625,0.5,44.0,Sacramento Kings
0022400355,2024-12-08,22024,GSW vs. MIN,W,114,45.0,28,8.0,6,11,0.467,0.7,0.39,8.0,Golden State Warriors
0022400354,2024-12-08,22024,NOP @ SAS,L,116,43.0,26,9.0,8,8,0.434,0.81,0.342,-5.0,New Orleans Pelicans
0022400352,2024-12-08,22024,ORL vs. PHX,W,115,44.0,17,11.0,6,13,0.477,0.633,0.333,5.0,Orlando Magic
0022400358,2024-12-08,22024,LAL vs. POR,W,107,40.0,25,14.0,7,11,0.458,0.857,0.382,9.0,Los Angeles Lakers
0022400350,2024-12-08,22024,DEN @ ATL,W,141,43.0,43,9.0,5,18,0.629,0.708,0.444,30.0,Denver Nuggets
0022400348,2024-12-08,22024,MIL @ BKN,W,118,31.0,26,6.0,7,16,0.574,0.781,0.484,5.0,Milwaukee Bucks
0022400349,2024-12-08,22024,IND vs. CHA,L,109,29.0,23,9.0,7,17,0.512,0.867,0.333,-4.0,Indiana Pacers
0022400357,2024-12-08,22024,UTA @ SAC,L,97,38.0,21,6.0,6,20,0.388,0.952,0.357,-44.0,Utah Jazz
0022400358,2024-12-08,22024,POR @ LAL,L,98,49.0,17,4.0,3,17,0.417,0.905,0.25,-9.0,Portland Trail Blazers
0022400349,2024-12-08,22024,CHA @ IND,W,113,45.0,24,11.0,3,24,0.513,0.731,0.483,4.0,Charlotte Hornets
0022400351,2024-12-08,22024,MIA vs. CLE,W,122,47.0,27,4.0,4,11,0.477,0.923,0.432,9.0,Miami Heat
0022400350,2024-12-08,22024,ATL vs. DEN,L,111,45.0,26,12.0,2,12,0.406,0.741,0.225,-30.0,Atlanta Hawks
0022400359,2024-12-09,22024,NYK @ TOR,W,113,40.0,32,7.0,7,10,0.512,0.632,0.425,5.0,New York Knicks
0022400359,2024-12-09,22024,TOR vs. NYK,L,108,51.0,23,4.0,4,12,0.448,0.818,0.371,-5.0,Toronto Raptors
0022401201,2024-12-10,22024,ORL @ MIL,L,109,46.0,19,11.0,4,13,0.441,0.778,0.222,-5.0,Orlando Magic
0022401203,2024-12-10,22024,OKC vs. DAL,W,118,52.0,29,14.0,5,13,0.455,0.857,0.4,14.0,Oklahoma City Thunder
0022401201,2024-12-10,22024,MIL vs. ORL,W,114,37.0,27,9.0,6,16,0.545,0.76,0.367,5.0,Milwaukee Bucks
0022401203,2024-12-10,22024,DAL @ OKC,L,104,44.0,25,10.0,2,18,0.475,0.684,0.417,-14.0,Dallas Mavericks
0022401202,2024-12-11,22024,ATL @ NYK,W,108,58.0,27,5.0,7,10,0.413,0.65,0.29,8.0,Atlanta Hawks
0022401204,2024-12-11,22024,GSW @ HOU,L,90,39.0,22,13.0,8,15,0.44,0.444,0.316,-1.0,Golden State Warriors
0022401204,2024-12-11,22024,HOU vs. GSW,W,91,36.0,23,10.0,5,16,0.458,0.9,0.222,1.0,Houston Rockets
0022401202,2024-12-11,22024,NYK vs. ATL,L,100,49.0,27,8.0,11,12,0.43,0.6,0.262,-8.0,New York Knicks
0022401205,2024-12-12,22024,BOS vs. DET,W,123,51.0,34,6.0,4,14,0.511,0.846,0.417,24.0,Boston Celtics
0022401205,2024-12-12,22024,DET @ BOS,L,99,43.0,27,8.0,4,8,0.429,0.8,0.189,-24.0,Detroit Pistons
0022401206,2024-12-12,22024,MIA vs. TOR,W,114,52.0,21,4.0,3,15,0.482,0.656,0.406,10.0,Miami Heat
0022401207,2024-12-12,22024,NOP vs. SAC,L,109,43.0,22,6.0,4,17,0.47,0.85,0.378,-2.0,New Orleans Pelicans
0022401207,2024-12-12,22024,SAC @ NOP,W,111,50.0,24,12.0,2,11,0.402,0.931,0.303,2.0,Sacramento Kings
0022401206,2024-12-12,22024,TOR @ MIA,L,104,42.0,29,8.0,5,11,0.446,0.733,0.344,-10.0,Toronto Raptors
0022401211,2024-12-13,22024,MEM vs. BKN,W,135,49.0,33,9.0,4,13,0.525,0.667,0.472,16.0,Memphis Grizzlies
0022401209,2024-12-13,22024,IND @ PHI,W,121,41.0,35,9.0,4,10,0.516,0.765,0.368,14.0,Indiana Pacers
0022401213,2024-12-13,22024,LAC @ DEN,L,98,31.0,24,18.0,2,19,0.446,0.556,0.341,-22.0,Los Angeles Clippers
0022401215,2024-12-13,22024,POR vs. SAS,L,116,36.0,25,9.0,5,13,0.512,0.941,0.39,-2.0,Portland Trail Blazers
0022401212,2024-12-13,22024,CHA @ CHI,L,95,54.0,22,7.0,5,16,0.357,0.81,0.174,-14.0,Charlotte Hornets
0022401208,2024-12-13,22024,WAS @ CLE,L,105,44.0,24,7.0,7,17,0.477,0.818,0.35,-10.0,Washington Wizards
0022401208,2024-12-13,22024,CLE vs. WAS,W,115,50.0,27,10.0,5,11,0.396,0.7,0.3,10.0,Cleveland Cavaliers
0022401210,2024-12-13,22024,MIN vs. LAL,W,97,48.0,18,12.0,5,13,0.402,0.75,0.281,10.0,Minnesota Timberwolves
0022401210,2024-12-13,22024,LAL @ MIN,L,87,53.0,17,7.0,6,21,0.384,0.647,0.286,-10.0,Los Angeles Lakers
0022401211,2024-12-13,22024,BKN @ MEM,L,119,41.0,30,9.0,7,16,0.457,0.789,0.377,-16.0,Brooklyn Nets
0022401209,2024-12-13,22024,PHI vs. IND,L,107,47.0,18,5.0,4,15,0.435,0.719,0.4,-14.0,Philadelphia 76ers
0022401213,2024-12-13,22024,DEN vs. LAC,W,120,46.0,23,15.0,2,21,0.545,0.813,0.345,22.0,Denver Nuggets
0022401215,2024-12-13,22024,SAS @ POR,W,118,41.0,32,5.0,6,14,0.518,0.762,0.467,2.0,San Antonio Spurs
0022401212,2024-12-13,22024,CHI vs. CHA,W,109,52.0,27,12.0,11,16,0.398,0.84,0.275,14.0,Chicago Bulls
0022401214,2024-12-13,22024,PHX @ UTA,W,134,37.0,36,10.0,7,7,0.528,0.9,0.489,8.0,Phoenix Suns
0022401214,2024-12-13,22024,UTA vs. PHX,L,126,34.0,30,5.0,6,15,0.558,0.818,0.564,-8.0,Utah Jazz
0022401229,2024-12-14,22024,ATL @ MIL,L,102,44.0,23,3.0,6,13,0.427,0.647,0.417,-8.0,Atlanta Hawks
0022401229,2024-12-14,22024,ATL @ MIL,W,110,47.0,28,8.0,8,12,0.453,0.667,0.311,8.0,Milwaukee Bucks
0022401230,2024-12-14,22024,HOU @ OKC,W,111,43.0,19,12.0,4,12,0.45,0.875,0.367,15.0,Oklahoma City Thunder
0022401230,2024-12-14,22024,HOU @ OKC,L,96,49.0,17,7.0,3,16,0.365,0.6,0.239,-15.0,Houston Rockets
0022401218,2024-12-15,22024,MIN @ SAS,W,106,51.0,26,11.0,4,12,0.4,0.875,0.343,14.0,Minnesota Timberwolves
0022401217,2024-12-15,22024,BOS @ WAS,W,112,56.0,26,11.0,5,18,0.43,0.583,0.391,14.0,Boston Celtics
0022401220,2024-12-15,22024,LAL vs. MEM,W,116,44.0,23,10.0,7,21,0.476,0.718,0.294,6.0,Los Angeles Lakers
0022401228,2024-12-15,22024,GSW vs. DAL,L,133,37.0,39,8.0,2,10,0.476,0.727,0.5,-10.0,Golden State Warriors
0022401227,2024-12-15,22024,ORL vs. NYK,L,91,39.0,24,8.0,10,15,0.419,0.769,0.3,-9.0,Orlando Magic
0022401217,2024-12-15,22024,WAS vs. BOS,L,98,51.0,22,10.0,7,16,0.404,0.625,0.325,-14.0,Washington Wizards
0022401216,2024-12-15,22024,NOP @ IND,L,104,49.0,18,11.0,4,18,0.392,0.783,0.303,-15.0,New Orleans Pelicans
0022401220,2024-12-15,22024,MEM @ LAL,L,110,50.0,25,10.0,3,20,0.392,0.833,0.321,-6.0,Memphis Grizzlies
0022401219,2024-12-15,22024,POR @ PHX,L,109,48.0,30,6.0,4,13,0.447,0.769,0.306,-7.0,Portland Trail Blazers
0022401228,2024-12-15,22024,DAL @ GSW,W,143,47.0,36,8.0,5,15,0.598,0.72,0.512,10.0,Dallas Mavericks
0022401227,2024-12-15,22024,NYK @ ORL,W,100,45.0,20,8.0,3,17,0.465,0.8,0.417,9.0,New York Knicks
0022401218,2024-12-15,22024,SAS vs. MIN,L,92,50.0,34,6.0,8,18,0.407,0.778,0.244,-14.0,San Antonio Spurs
0022401216,2024-12-15,22024,IND vs. NOP,W,119,43.0,33,10.0,9,17,0.506,0.875,0.421,15.0,Indiana Pacers
0022401219,2024-12-15,22024,PHX vs. POR,W,116,46.0,23,7.0,2,11,0.483,0.789,0.385,7.0,Phoenix Suns
0022401226,2024-12-16,22024,UTA @ LAC,L,107,35.0,22,8.0,3,22,0.45,0.733,0.333,-37.0,Utah Jazz
0022401226,2024-12-16,22024,LAC vs. UTA,W,144,41.0,28,13.0,6,14,0.598,0.781,0.538,37.0,Los Angeles Clippers
0022401222,2024-12-16,22024,CHA vs. PHI,L,108,38.0,30,12.0,8,20,0.506,0.571,0.316,-13.0,Charlotte Hornets
0022401224,2024-12-16,22024,CLE @ BKN,W,130,42.0,33,14.0,6,17,0.531,0.862,0.404,29.0,Cleveland Cavaliers
0022401221,2024-12-16,22024,MIA @ DET,L,124,44.0,30,16.0,2,13,0.455,0.917,0.279,-1.0,Miami Heat
0022401225,2024-12-16,22024,DEN @ SAC,W,130,55.0,38,9.0,4,15,0.5,0.75,0.357,1.0,Denver Nuggets
0022401224,2024-12-16,22024,BKN vs. CLE,L,101,35.0,25,11.0,2,20,0.42,0.792,0.412,-29.0,Brooklyn Nets
0022401223,2024-12-16,22024,CHI @ TOR,W,122,41.0,33,12.0,8,12,0.462,0.786,0.35,1.0,Chicago Bulls
0022401221,2024-12-16,22024,DET vs. MIA,W,125,52.0,32,8.0,4,21,0.489,0.739,0.5,1.0,Detroit Pistons
0022401223,2024-12-16,22024,TOR vs. CHI,L,121,44.0,28,7.0,6,18,0.489,0.733,0.346,-1.0,Toronto Raptors
0022401222,2024-12-16,22024,PHI @ CHA,W,121,42.0,21,14.0,4,20,0.513,0.767,0.421,13.0,Philadelphia 76ers
0022401225,2024-12-16,22024,SAC vs. DEN,L,129,42.0,28,10.0,9,11,0.48,0.95,0.343,-1.0,Sacramento Kings
0022400369,2024-12-19,22024,IND @ PHX,W,120,47.0,30,9.0,7,9,0.438,0.839,0.39,9.0,Indiana Pacers
0022400371,2024-12-19,22024,DEN @ POR,L,124,40.0,35,7.0,3,11,0.54,0.714,0.441,-2.0,Denver Nuggets
0022400366,2024-12-19,22024,GSW @ MEM,L,93,36.0,20,11.0,5,17,0.356,0.708,0.333,-51.0,Golden State Warriors
0022400365,2024-12-19,22024,NOP @ HOU,L,113,37.0,25,6.0,2,12,0.446,0.72,0.464,-20.0,New Orleans Pelicans
0022400371,2024-12-19,22024,POR vs. DEN,W,126,45.0,29,7.0,7,10,0.464,0.833,0.348,2.0,Portland Trail Blazers
0022400372,2024-12-19,22024,SAC vs. LAL,L,100,43.0,27,7.0,6,15,0.451,0.682,0.379,-13.0,Sacramento Kings
0022400367,2024-12-19,22024,NYK @ MIN,W,133,57.0,39,10.0,2,15,0.515,0.813,0.444,26.0,New York Knicks
0022400365,2024-12-19,22024,HOU vs. NOP,W,133,42.0,34,7.0,6,11,0.575,0.842,0.436,20.0,Houston Rockets
0022400360,2024-12-19,22024,UTA @ DET,W,126,62.0,23,5.0,8,27,0.47,0.903,0.5,7.0,Utah Jazz
0022400360,2024-12-19,22024,DET vs. UTA,L,119,39.0,26,10.0,8,10,0.438,0.778,0.277,-7.0,Detroit Pistons
0022400370,2024-12-19,22024,SAS vs. ATL,W,133,42.0,32,15.0,8,17,0.485,0.696,0.452,7.0,San Antonio Spurs
0022400363,2024-12-19,22024,CHI @ BOS,W,117,56.0,23,2.0,2,10,0.447,0.875,0.365,9.0,Chicago Bulls
0022400364,2024-12-19,22024,BKN @ TOR,W,101,53.0,18,3.0,6,15,0.402,0.839,0.231,7.0,Brooklyn Nets
0022400362,2024-12-19,22024,CHA @ WAS,L,114,52.0,30,12.0,2,8,0.406,0.741,0.186,-9.0,Charlotte Hornets
0022400362,2024-12-19,22024,WAS vs. CHA,W,123,52.0,33,5.0,8,18,0.494,0.774,0.405,9.0,Washington Wizards
0022400361,2024-12-19,22024,ORL vs. OKC,L,99,40.0,25,6.0,6,18,0.449,0.72,0.314,-6.0,Orlando Magic
0022400368,2024-12-19,22024,DAL vs. LAC,L,95,40.0,21,9.0,5,13,0.395,0.714,0.233,-23.0,Dallas Mavericks
0022400370,2024-12-19,22024,ATL @ SAS,L,126,53.0,32,14.0,6,22,0.474,0.857,0.421,-7.0,Atlanta Hawks
0022400368,2024-12-19,22024,LAC @ DAL,W,118,47.0,30,9.0,3,13,0.518,0.941,0.424,23.0,Los Angeles Clippers
0022400366,2024-12-19,22024,MEM vs. GSW,W,144,60.0,38,11.0,8,16,0.541,0.733,0.563,51.0,Memphis Grizzlies
0022400361,2024-12-19,22024,OKC @ ORL,W,105,32.0,23,15.0,6,13,0.482,0.938,0.323,6.0,Oklahoma City Thunder
0022400364,2024-12-19,22024,TOR vs. BKN,L,94,34.0,26,6.0,4,12,0.395,0.786,0.341,-7.0,Toronto Raptors
0022400372,2024-12-19,22024,LAL @ SAC,W,113,53.0,22,8.0,10,10,0.404,0.833,0.364,13.0,Los Angeles Lakers
0022400363,2024-12-19,22024,BOS vs. CHI,L,108,45.0,21,6.0,8,4,0.392,0.857,0.25,-9.0,Boston Celtics
0022400369,2024-12-19,22024,PHX vs. IND,L,111,44.0,28,6.0,4,16,0.488,0.786,0.3,-9.0,Phoenix Suns
0022400367,2024-12-19,22024,MIN vs. NYK,L,107,37.0,29,10.0,5,13,0.461,0.615,0.405,-26.0,Minnesota Timberwolves
0022400373,2024-12-20,22024,PHI vs. CHA,W,108,39.0,30,14.0,6,14,0.494,0.778,0.364,10.0,Philadelphia 76ers
0022400375,2024-12-20,22024,OKC @ MIA,W,104,48.0,24,8.0,5,14,0.453,0.706,0.412,7.0,Oklahoma City Thunder
0022400374,2024-12-20,22024,MIL @ CLE,L,101,45.0,23,14.0,4,20,0.471,0.611,0.37,-23.0,Milwaukee Bucks
0022400374,2024-12-20,22024,CLE vs. MIL,W,124,48.0,30,11.0,0,15,0.505,0.857,0.426,23.0,Cleveland Cavaliers
0022400375,2024-12-20,22024,MIA vs. OKC,L,97,41.0,20,9.0,3,18,0.434,0.65,0.3,-7.0,Miami Heat
0022400373,2024-12-20,22024,CHA @ PHI,L,98,44.0,22,7.0,4,17,0.462,0.762,0.323,-10.0,Charlotte Hornets
0022400385,2024-12-21,22024,LAC @ DAL,L,97,40.0,18,8.0,7,17,0.42,0.864,0.27,-16.0,Los Angeles Clippers
0022400377,2024-12-21,22024,ORL vs. MIA,W,121,41.0,24,5.0,9,13,0.494,0.889,0.297,7.0,Orlando Magic
0022400387,2024-12-21,22024,PHX vs. DET,L,125,35.0,30,9.0,1,19,0.577,0.913,0.483,-8.0,Phoenix Suns
0022400376,2024-12-21,22024,SAC vs. LAL,L,99,46.0,25,10.0,1,13,0.433,0.786,0.27,-4.0,Sacramento Kings
0022400386,2024-12-21,22024,POR @ SAS,L,94,44.0,21,8.0,3,13,0.396,0.667,0.279,-20.0,Portland Trail Blazers
0022400380,2024-12-21,22024,PHI @ CLE,L,99,41.0,13,7.0,3,13,0.4,0.741,0.324,-27.0,Philadelphia 76ers
0022400384,2024-12-21,22024,NYK @ NOP,W,104,42.0,24,11.0,3,16,0.437,0.867,0.405,11.0,New York Knicks
0022400378,2024-12-21,22024,ATL vs. MEM,L,112,41.0,29,11.0,6,25,0.488,0.833,0.368,-16.0,Atlanta Hawks
0022400381,2024-12-21,22024,BOS @ CHI,W,123,59.0,27,8.0,4,12,0.48,0.857,0.333,25.0,Boston Celtics
0022400380,2024-12-21,22024,CLE vs. PHI,W,126,49.0,31,8.0,1,13,0.533,0.533,0.512,27.0,Cleveland Cavaliers
0022400387,2024-12-21,22024,DET @ PHX,W,133,35.0,31,13.0,4,13,0.551,0.727,0.487,8.0,Detroit Pistons
0022400386,2024-12-21,22024,SAS vs. POR,W,114,49.0,33,7.0,13,12,0.473,0.889,0.278,20.0,San Antonio Spurs
0022400381,2024-12-21,22024,CHI vs. BOS,L,98,43.0,28,8.0,4,12,0.378,0.909,0.341,-25.0,Chicago Bulls
0022400379,2024-12-21,22024,UTA @ BKN,W,105,45.0,25,11.0,8,18,0.477,0.529,0.341,11.0,Utah Jazz
0022400383,2024-12-21,22024,MIN vs. GSW,L,103,45.0,27,5.0,2,15,0.419,0.68,0.368,-10.0,Minnesota Timberwolves
0022400382,2024-12-21,22024,WAS @ MIL,L,101,47.0,20,7.0,4,19,0.444,0.688,0.429,-11.0,Washington Wizards
0022400385,2024-12-21,22024,DAL vs. LAC,W,113,43.0,25,12.0,5,11,0.455,0.864,0.4,16.0,Dallas Mavericks
0022400382,2024-12-21,22024,MIL vs. WAS,W,112,44.0,35,12.0,2,11,0.449,0.8,0.417,11.0,Milwaukee Bucks
0022400384,2024-12-21,22024,NOP vs. NYK,L,93,45.0,23,8.0,5,19,0.41,0.684,0.353,-11.0,New Orleans Pelicans
0022400383,2024-12-21,22024,GSW @ MIN,W,113,45.0,30,9.0,6,10,0.46,0.739,0.381,10.0,Golden State Warriors
0022400377,2024-12-21,22024,MIA @ ORL,L,114,38.0,16,7.0,2,14,0.48,0.786,0.281,-7.0,Miami Heat
0022400376,2024-12-21,22024,LAL @ SAC,W,103,48.0,23,10.0,6,13,0.482,0.667,0.257,4.0,Los Angeles Lakers
0022400378,2024-12-21,22024,MEM @ ATL,W,128,40.0,35,13.0,1,18,0.515,0.769,0.439,16.0,Memphis Grizzlies
0022400379,2024-12-21,22024,BKN vs. UTA,L,94,50.0,24,9.0,3,17,0.404,0.917,0.175,-11.0,Brooklyn Nets
0022400390,2024-12-22,22024,DEN @ NOP,W,132,54.0,34,10.0,8,22,0.505,0.75,0.303,3.0,Denver Nuggets
0022400389,2024-12-22,22024,IND @ SAC,W,122,50.0,36,7.0,5,10,0.581,0.625,0.436,27.0,Indiana Pacers
0022400388,2024-12-22,22024,TOR vs. HOU,L,110,42.0,33,10.0,3,21,0.457,0.692,0.395,-4.0,Toronto Raptors
0022400389,2024-12-22,22024,SAC vs. IND,L,95,47.0,21,3.0,3,10,0.365,0.765,0.316,-27.0,Sacramento Kings
0022400390,2024-12-22,22024,NOP vs. DEN,L,129,43.0,37,16.0,9,13,0.463,0.739,0.3,-3.0,New Orleans Pelicans
0022400388,2024-12-22,22024,HOU @ TOR,W,114,53.0,18,12.0,6,21,0.449,0.818,0.25,4.0,Houston Rockets
0022400401,2024-12-23,22024,DAL vs. POR,W,132,41.0,27,10.0,4,10,0.533,0.706,0.333,24.0,Dallas Mavericks
0022400397,2024-12-23,22024,NYK vs. TOR,W,139,35.0,34,9.0,1,14,0.593,0.69,0.459,14.0,New York Knicks
0022400394,2024-12-23,22024,PHI vs. SAS,W,111,47.0,22,11.0,2,9,0.419,0.739,0.364,5.0,Philadelphia 76ers
0022400391,2024-12-23,22024,HOU @ CHA,W,114,60.0,23,4.0,8,11,0.434,0.789,0.31,13.0,Houston Rockets
0022400392,2024-12-23,22024,UTA @ CLE,L,113,51.0,27,6.0,5,16,0.413,0.692,0.432,-11.0,Utah Jazz
0022400392,2024-12-23,22024,CLE vs. UTA,W,124,40.0,33,10.0,3,9,0.473,0.783,0.435,11.0,Cleveland Cavaliers
0022400393,2024-12-23,22024,BOS @ ORL,L,104,41.0,13,13.0,5,18,0.44,0.815,0.242,-4.0,Boston Celtics
0022400404,2024-12-23,22024,DET @ LAL,W,117,37.0,24,12.0,5,12,0.511,1.0,0.367,3.0,Detroit Pistons
0022400394,2024-12-23,22024,SAS @ PHI,L,106,42.0,24,4.0,12,18,0.457,0.944,0.333,-5.0,San Antonio Spurs
0022400400,2024-12-23,22024,WAS @ OKC,L,105,51.0,25,7.0,8,19,0.396,0.85,0.372,-18.0,Washington Wizards
0022400398,2024-12-23,22024,CHI vs. MIL,L,91,46.0,27,9.0,1,15,0.4,0.75,0.208,-21.0,Chicago Bulls
0022400391,2024-12-23,22024,CHA vs. HOU,L,101,44.0,25,8.0,6,11,0.416,0.708,0.278,-13.0,Charlotte Hornets
0022400400,2024-12-23,22024,OKC vs. WAS,W,123,59.0,25,15.0,9,12,0.443,0.864,0.263,18.0,Oklahoma City Thunder
0022400396,2024-12-23,22024,MIA vs. BKN,W,110,44.0,27,6.0,3,15,0.493,0.875,0.415,15.0,Miami Heat
0022400403,2024-12-23,22024,GSW vs. IND,L,105,44.0,29,7.0,7,11,0.433,0.714,0.316,-6.0,Golden State Warriors
0022400395,2024-12-23,22024,ATL vs. MIN,W,117,38.0,27,15.0,6,21,0.534,0.808,0.5,13.0,Atlanta Hawks
0022400403,2024-12-23,22024,IND @ GSW,W,111,43.0,26,7.0,4,11,0.489,0.909,0.314,6.0,Indiana Pacers
0022400399,2024-12-23,22024,LAC @ MEM,W,114,53.0,22,15.0,6,17,0.438,0.808,0.333,4.0,Los Angeles Clippers
0022400398,2024-12-23,22024,MIL @ CHI,W,112,49.0,24,7.0,1,13,0.46,0.824,0.419,21.0,Milwaukee Bucks
0022400399,2024-12-23,22024,MEM vs. LAC,L,110,56.0,26,8.0,6,20,0.384,0.692,0.381,-4.0,Memphis Grizzlies
0022400402,2024-12-23,22024,PHX @ DEN,L,90,39.0,23,6.0,5,13,0.398,0.733,0.394,-27.0,Phoenix Suns
0022400396,2024-12-23,22024,BKN @ MIA,L,95,42.0,23,9.0,2,14,0.393,0.8,0.382,-15.0,Brooklyn Nets
0022400404,2024-12-23,22024,LAL vs. DET,L,114,38.0,28,8.0,3,18,0.541,0.8,0.467,-3.0,Los Angeles Lakers
0022400397,2024-12-23,22024,TOR @ NYK,L,125,30.0,28,6.0,3,15,0.545,0.811,0.393,-14.0,Toronto Raptors
0022400393,2024-12-23,22024,ORL vs. BOS,W,108,42.0,26,11.0,9,20,0.446,1.0,0.394,4.0,Orlando Magic
0022400402,2024-12-23,22024,DEN vs. PHX,W,117,46.0,35,6.0,4,12,0.511,0.818,0.39,27.0,Denver Nuggets
0022400395,2024-12-23,22024,MIN @ ATL,L,104,43.0,31,12.0,3,21,0.429,0.923,0.326,-13.0,Minnesota Timberwolves
0022400401,2024-12-23,22024,POR @ DAL,L,108,48.0,23,6.0,1,18,0.462,0.737,0.276,-24.0,Portland Trail Blazers
0022400409,2024-12-25,22024,PHX vs. DEN,W,110,42.0,31,12.0,4,7,0.466,0.85,0.306,10.0,Phoenix Suns
0022400405,2024-12-25,22024,SAS @ NYK,L,114,45.0,33,3.0,6,15,0.506,0.824,0.421,-3.0,San Antonio Spurs
0022400407,2024-12-25,22024,PHI @ BOS,W,118,39.0,28,10.0,5,6,0.466,1.0,0.425,4.0,Philadelphia 76ers
0022400406,2024-12-25,22024,MIN @ DAL,W,105,46.0,23,8.0,5,10,0.465,0.846,0.438,6.0,Minnesota Timberwolves
0022400407,2024-12-25,22024,BOS vs. PHI,L,114,51.0,24,3.0,4,13,0.453,0.615,0.408,-4.0,Boston Celtics
0022400408,2024-12-25,22024,GSW vs. LAL,L,113,44.0,26,2.0,8,12,0.461,0.765,0.4,-2.0,Golden State Warriors
0022400406,2024-12-25,22024,DAL vs. MIN,L,99,43.0,15,6.0,8,12,0.414,1.0,0.372,-6.0,Dallas Mavericks
0022400405,2024-12-25,22024,NYK vs. SAS,W,117,47.0,26,7.0,3,5,0.45,0.875,0.333,3.0,New York Knicks
0022400408,2024-12-25,22024,LAL @ GSW,W,115,41.0,30,6.0,4,9,0.451,1.0,0.357,2.0,Los Angeles Lakers
0022400409,2024-12-25,22024,DEN @ PHX,L,100,46.0,20,3.0,2,16,0.462,0.714,0.276,-10.0,Denver Nuggets
0022400418,2024-12-26,22024,DET @ SAC,W,114,44.0,25,6.0,4,10,0.418,0.84,0.386,1.0,Detroit Pistons
0022400414,2024-12-26,22024,MEM vs. TOR,W,155,63.0,36,8.0,8,17,0.532,0.724,0.4,29.0,Memphis Grizzlies
0022400410,2024-12-26,22024,OKC @ IND,W,120,45.0,20,4.0,4,3,0.463,0.792,0.351,6.0,Oklahoma City Thunder
0022400416,2024-12-26,22024,HOU @ NOP,W,128,54.0,19,7.0,9,15,0.474,0.783,0.383,17.0,Houston Rockets
0022400413,2024-12-26,22024,ATL vs. CHI,W,141,44.0,32,9.0,5,12,0.517,0.941,0.378,8.0,Atlanta Hawks
0022400411,2024-12-26,22024,ORL vs. MIA,L,88,42.0,14,12.0,6,21,0.442,0.833,0.172,-1.0,Orlando Magic
0022400417,2024-12-26,22024,POR vs. UTA,W,122,43.0,26,10.0,8,11,0.506,0.773,0.395,2.0,Portland Trail Blazers
0022400414,2024-12-26,22024,TOR @ MEM,L,126,40.0,39,8.0,3,15,0.454,0.778,0.326,-29.0,Toronto Raptors
0022400418,2024-12-26,22024,SAC vs. DET,L,113,44.0,20,3.0,6,14,0.476,0.808,0.359,-1.0,Sacramento Kings
0022400416,2024-12-26,22024,NOP vs. HOU,L,111,44.0,29,12.0,2,13,0.434,0.722,0.324,-17.0,New Orleans Pelicans
0022400415,2024-12-26,22024,MIL vs. BKN,L,105,39.0,23,12.0,3,22,0.494,0.667,0.395,-6.0,Milwaukee Bucks
0022400410,2024-12-26,22024,IND vs. OKC,L,114,51.0,28,1.0,8,11,0.472,0.727,0.389,-6.0,Indiana Pacers
0022400411,2024-12-26,22024,MIA @ ORL,W,89,35.0,21,14.0,6,20,0.408,0.857,0.5,1.0,Miami Heat
0022400412,2024-12-26,22024,CHA @ WAS,L,110,50.0,31,6.0,4,18,0.436,0.786,0.405,-3.0,Charlotte Hornets
0022400413,2024-12-26,22024,CHI @ ATL,L,133,36.0,36,8.0,1,14,0.541,0.833,0.512,-8.0,Chicago Bulls
0022400415,2024-12-26,22024,BKN @ MIL,W,111,38.0,25,8.0,1,21,0.476,0.773,0.421,6.0,Brooklyn Nets
0022400412,2024-12-26,22024,WAS vs. CHA,W,113,43.0,25,9.0,7,11,0.429,0.75,0.318,3.0,Washington Wizards
0022400417,2024-12-26,22024,UTA @ POR,L,120,46.0,26,9.0,5,13,0.477,0.68,0.5,-2.0,Utah Jazz
0022400419,2024-12-27,22024,NYK @ ORL,W,108,44.0,18,10.0,3,18,0.533,0.706,0.267,23.0,New York Knicks
0022400425,2024-12-27,22024,PHX vs. DAL,L,89,42.0,23,11.0,7,13,0.386,0.667,0.371,-9.0,Phoenix Suns
0022400420,2024-12-27,22024,IND @ BOS,L,105,39.0,27,5.0,3,12,0.418,0.72,0.282,-37.0,Indiana Pacers
0022400423,2024-12-27,22024,NOP vs. MEM,L,124,45.0,30,13.0,10,17,0.448,0.931,0.289,-8.0,New Orleans Pelicans
0022400421,2024-12-27,22024,SAS @ BKN,W,96,43.0,26,10.0,8,13,0.41,0.741,0.429,9.0,San Antonio Spurs
0022400424,2024-12-27,22024,DEN vs. CLE,L,135,38.0,39,8.0,3,13,0.564,0.778,0.484,-14.0,Denver Nuggets
0022400423,2024-12-27,22024,MEM @ NOP,W,132,42.0,30,12.0,7,16,0.472,0.886,0.415,8.0,Memphis Grizzlies
0022400425,2024-12-27,22024,DAL @ PHX,W,98,41.0,24,6.0,5,15,0.438,0.941,0.353,9.0,Dallas Mavericks
0022400426,2024-12-27,22024,GSW @ LAC,L,92,47.0,24,14.0,2,14,0.368,0.75,0.184,-10.0,Golden State Warriors
0022400422,2024-12-27,22024,MIN @ HOU,W,113,40.0,25,8.0,6,14,0.506,0.5,0.488,1.0,Minnesota Timberwolves
0022400424,2024-12-27,22024,CLE @ DEN,W,149,38.0,40,10.0,7,10,0.563,0.818,0.479,14.0,Cleveland Cavaliers
0022400420,2024-12-27,22024,BOS vs. IND,W,142,52.0,31,9.0,6,10,0.511,0.862,0.411,37.0,Boston Celtics
0022400422,2024-12-27,22024,HOU vs. MIN,L,112,47.0,19,7.0,3,13,0.489,0.632,0.333,-1.0,Houston Rockets
0022400419,2024-12-27,22024,ORL vs. NYK,L,85,33.0,20,7.0,3,17,0.368,0.917,0.303,-23.0,Orlando Magic
0022400426,2024-12-27,22024,LAC vs. GSW,W,102,39.0,19,6.0,10,21,0.533,0.8,0.313,10.0,Los Angeles Clippers
0022400421,2024-12-27,22024,BKN vs. SAS,L,87,45.0,22,8.0,4,16,0.389,0.625,0.293,-9.0,Brooklyn Nets
0022400435,2024-12-28,22024,SAC @ LAL,L,122,39.0,38,7.0,2,9,0.51,0.733,0.275,-10.0,Sacramento Kings
0022400427,2024-12-28,22024,ATL vs. MIA,W,120,47.0,34,7.0,2,11,0.512,0.773,0.405,10.0,Atlanta Hawks
0022400429,2024-12-28,22024,NYK @ WAS,W,136,43.0,26,7.0,3,15,0.526,0.923,0.25,4.0,New York Knicks
0022400433,2024-12-28,22024,PHI @ UTA,W,114,32.0,22,15.0,8,8,0.434,0.784,0.361,3.0,Philadelphia 76ers
0022400433,2024-12-28,22024,UTA vs. PHI,L,111,48.0,27,3.0,3,21,0.483,0.867,0.333,-3.0,Utah Jazz
0022400430,2024-12-28,22024,MIL @ CHI,L,111,43.0,27,6.0,7,7,0.402,1.0,0.333,-5.0,Milwaukee Bucks
0022400430,2024-12-28,22024,CHI vs. MIL,W,116,52.0,33,4.0,6,11,0.474,0.706,0.389,5.0,Chicago Bulls
0022400435,2024-12-28,22024,LAL vs. SAC,W,132,33.0,33,4.0,3,11,0.597,0.788,0.538,10.0,Los Angeles Lakers
0022400434,2024-12-28,22024,POR vs. DAL,W,126,50.0,27,8.0,7,14,0.5,0.793,0.423,4.0,Portland Trail Blazers
0022400429,2024-12-28,22024,WAS vs. NYK,L,132,44.0,32,7.0,4,15,0.515,0.867,0.447,-4.0,Washington Wizards
0022400431,2024-12-28,22024,PHX @ GSW,L,105,46.0,21,7.0,12,13,0.424,0.818,0.257,-4.0,Phoenix Suns
0022400432,2024-12-28,22024,DEN vs. DET,W,134,40.0,29,9.0,6,13,0.561,0.806,0.481,13.0,Denver Nuggets
0022400428,2024-12-28,22024,CHA vs. OKC,L,94,44.0,17,9.0,5,18,0.363,0.893,0.324,-12.0,Charlotte Hornets
0022400434,2024-12-28,22024,DAL @ POR,L,122,40.0,20,6.0,10,13,0.483,0.808,0.395,-4.0,Dallas Mavericks
0022400427,2024-12-28,22024,MIA @ ATL,L,110,42.0,23,9.0,4,8,0.444,0.944,0.317,-10.0,Miami Heat
0022400431,2024-12-28,22024,GSW vs. PHX,W,109,49.0,26,8.0,7,11,0.418,0.789,0.267,4.0,Golden State Warriors
0022400432,2024-12-28,22024,DET @ DEN,L,121,41.0,29,8.0,1,12,0.484,0.739,0.308,-13.0,Detroit Pistons
0022400428,2024-12-28,22024,OKC @ CHA,W,106,49.0,29,9.0,1,15,0.477,0.857,0.263,12.0,Oklahoma City Thunder
0022400436,2024-12-29,22024,BKN @ ORL,L,101,38.0,22,7.0,3,14,0.438,0.857,0.433,-1.0,Brooklyn Nets
0022400439,2024-12-29,22024,HOU vs. MIA,L,100,52.0,24,5.0,4,12,0.392,0.846,0.325,-4.0,Houston Rockets
0022400436,2024-12-29,22024,ORL vs. BKN,W,102,42.0,30,7.0,3,13,0.446,0.64,0.333,1.0,Orlando Magic
0022400438,2024-12-29,22024,TOR vs. ATL,L,107,52.0,26,10.0,4,31,0.447,0.889,0.292,-29.0,Toronto Raptors
0022400437,2024-12-29,22024,BOS vs. IND,L,114,41.0,26,6.0,6,8,0.462,0.632,0.296,-9.0,Boston Celtics
0022400438,2024-12-29,22024,ATL @ TOR,W,136,40.0,30,22.0,8,14,0.484,0.743,0.4,29.0,Atlanta Hawks
0022400441,2024-12-29,22024,MIN vs. SAS,W,112,56.0,23,4.0,5,10,0.43,0.789,0.25,2.0,Minnesota Timberwolves
0022400441,2024-12-29,22024,SAS @ MIN,L,110,41.0,25,6.0,4,9,0.437,0.821,0.282,-2.0,San Antonio Spurs
0022400440,2024-12-29,22024,OKC vs. MEM,W,130,45.0,35,10.0,9,10,0.505,1.0,0.318,24.0,Oklahoma City Thunder
0022400440,2024-12-29,22024,MEM @ OKC,L,106,51.0,30,6.0,4,21,0.381,0.857,0.275,-24.0,Memphis Grizzlies
0022400437,2024-12-29,22024,IND @ BOS,W,123,50.0,27,6.0,2,9,0.529,0.815,0.391,9.0,Indiana Pacers
0022400439,2024-12-29,22024,MIA @ HOU,W,104,52.0,21,6.0,3,14,0.44,0.714,0.303,4.0,Miami Heat
0022400444,2024-12-30,22024,NOP vs. LAC,L,113,35.0,30,13.0,5,16,0.512,0.786,0.486,-3.0,New Orleans Pelicans
0022400443,2024-12-30,22024,NYK @ WAS,W,126,54.0,34,9.0,2,7,0.459,0.84,0.341,20.0,New York Knicks
0022400447,2024-12-30,22024,PHI @ POR,W,125,32.0,20,12.0,3,19,0.573,0.903,0.458,22.0,Philadelphia 76ers
0022400445,2024-12-30,22024,DEN @ UTA,W,132,51.0,38,13.0,3,7,0.505,0.895,0.3,11.0,Denver Nuggets
0022400442,2024-12-30,22024,CHA vs. CHI,L,108,56.0,23,8.0,6,14,0.416,0.7,0.233,-7.0,Charlotte Hornets
0022400444,2024-12-30,22024,LAC @ NOP,W,116,40.0,24,11.0,2,16,0.477,0.778,0.351,3.0,Los Angeles Clippers
0022400448,2024-12-30,22024,DAL @ SAC,L,100,36.0,17,8.0,13,17,0.421,0.828,0.387,-10.0,Dallas Mavericks
0022400446,2024-12-30,22024,CLE @ GSW,W,113,54.0,25,10.0,6,16,0.458,0.7,0.383,18.0,Cleveland Cavaliers
0022400442,2024-12-30,22024,CHI @ CHA,W,115,63.0,31,11.0,4,13,0.375,0.704,0.3,7.0,Chicago Bulls
0022400446,2024-12-30,22024,GSW vs. CLE,L,95,55.0,20,5.0,8,14,0.333,0.769,0.237,-18.0,Golden State Warriors
0022400447,2024-12-30,22024,POR vs. PHI,L,103,33.0,23,8.0,4,24,0.481,0.7,0.222,-22.0,Portland Trail Blazers
0022400445,2024-12-30,22024,UTA vs. DEN,L,121,37.0,28,6.0,2,16,0.512,0.909,0.342,-11.0,Utah Jazz
0022400448,2024-12-30,22024,SAC vs. DAL,W,110,58.0,25,8.0,1,15,0.42,0.842,0.313,10.0,Sacramento Kings
0022400443,2024-12-30,22024,WAS vs. NYK,L,106,46.0,25,6.0,8,13,0.424,0.727,0.279,-20.0,Washington Wizards
0022400449,2024-12-31,22024,TOR @ BOS,L,71,44.0,18,8.0,4,21,0.314,0.636,0.25,-54.0,Toronto Raptors
0022400451,2024-12-31,22024,SAS vs. LAC,W,122,58.0,37,10.0,7,9,0.49,0.895,0.225,36.0,San Antonio Spurs
0022400453,2024-12-31,22024,PHX vs. MEM,L,112,43.0,28,9.0,10,17,0.457,0.76,0.3,-5.0,Phoenix Suns
0022400452,2024-12-31,22024,OKC vs. MIN,W,113,37.0,25,16.0,2,9,0.472,0.739,0.333,8.0,Oklahoma City Thunder
0022400451,2024-12-31,22024,LAC @ SAS,L,86,41.0,17,7.0,3,13,0.345,0.833,0.268,-36.0,Los Angeles Clippers
0022400453,2024-12-31,22024,MEM @ PHX,W,117,51.0,27,10.0,6,17,0.426,0.667,0.341,5.0,Memphis Grizzlies
0022400454,2024-12-31,22024,CLE @ LAL,W,122,48.0,32,5.0,8,11,0.484,0.824,0.391,12.0,Cleveland Cavaliers
0022400452,2024-12-31,22024,MIN @ OKC,L,105,43.0,21,3.0,7,23,0.494,1.0,0.395,-8.0,Minnesota Timberwolves
0022400450,2024-12-31,22024,IND vs. MIL,L,112,50.0,26,8.0,7,16,0.444,0.633,0.351,-8.0,Indiana Pacers
0022400449,2024-12-31,22024,BOS vs. TOR,W,125,49.0,29,14.0,7,13,0.54,0.6,0.512,54.0,Boston Celtics
0022400454,2024-12-31,22024,LAL vs. CLE,L,110,43.0,26,7.0,3,8,0.442,0.895,0.257,-12.0,Los Angeles Lakers
0022400450,2024-12-31,22024,MIL @ IND,W,120,51.0,27,10.0,0,12,0.464,0.75,0.364,8.0,Milwaukee Bucks
0022400461,2025-01-01,22024,DEN vs. ATL,W,139,43.0,44,8.0,5,12,0.564,1.0,0.4,19.0,Denver Nuggets
0022400457,2025-01-01,22024,NOP @ MIA,L,108,31.0,25,4.0,7,10,0.5,0.864,0.265,-11.0,New Orleans Pelicans
0022400458,2025-01-01,22024,UTA @ NYK,L,103,45.0,23,7.0,6,16,0.406,0.8,0.302,-16.0,Utah Jazz
0022400457,2025-01-01,22024,MIA vs. NOP,W,119,38.0,34,6.0,1,10,0.53,0.81,0.412,11.0,Miami Heat
0022400460,2025-01-01,22024,HOU vs. DAL,W,110,35.0,16,17.0,1,12,0.472,0.783,0.32,11.0,Houston Rockets
0022400455,2025-01-01,22024,ORL @ DET,L,96,33.0,18,18.0,5,12,0.407,0.7,0.229,-9.0,Orlando Magic
0022400461,2025-01-01,22024,ATL @ DEN,L,120,44.0,34,10.0,5,13,0.45,0.667,0.348,-19.0,Atlanta Hawks
0022400459,2025-01-01,22024,TOR vs. BKN,W,130,39.0,36,8.0,6,10,0.591,0.769,0.5,17.0,Toronto Raptors
0022400462,2025-01-01,22024,SAC vs. PHI,W,113,45.0,24,11.0,4,17,0.488,0.917,0.29,6.0,Sacramento Kings
0022400460,2025-01-01,22024,DAL @ HOU,L,99,38.0,19,9.0,12,20,0.533,0.5,0.393,-11.0,Dallas Mavericks
0022400459,2025-01-01,22024,BKN @ TOR,L,113,32.0,28,8.0,2,11,0.483,0.9,0.297,-17.0,Brooklyn Nets
0022400458,2025-01-01,22024,NYK vs. UTA,W,119,47.0,31,10.0,6,13,0.553,0.696,0.391,16.0,New York Knicks
0022400462,2025-01-01,22024,PHI @ SAC,L,107,34.0,24,10.0,5,18,0.476,0.857,0.375,-6.0,Philadelphia 76ers
0022400456,2025-01-01,22024,CHI @ WAS,L,107,44.0,28,11.0,6,20,0.446,0.786,0.298,-18.0,Chicago Bulls
0022400455,2025-01-01,22024,DET vs. ORL,W,105,49.0,25,7.0,3,23,0.519,0.647,0.414,9.0,Detroit Pistons
0022400456,2025-01-01,22024,WAS vs. CHI,W,125,42.0,36,11.0,3,15,0.495,0.833,0.472,18.0,Washington Wizards
0022400468,2025-01-02,22024,LAL vs. POR,W,114,43.0,30,8.0,3,12,0.457,0.929,0.349,8.0,Los Angeles Lakers
0022400467,2025-01-02,22024,PHI @ GSW,L,105,33.0,17,11.0,6,11,0.42,0.824,0.29,-34.0,Philadelphia 76ers
0022400465,2025-01-02,22024,BKN @ MIL,W,113,51.0,26,8.0,3,14,0.432,0.893,0.308,3.0,Brooklyn Nets
0022400466,2025-01-02,22024,OKC vs. LAC,W,116,35.0,29,11.0,3,9,0.5,0.8,0.368,18.0,Oklahoma City Thunder
0022400468,2025-01-02,22024,POR @ LAL,L,106,42.0,24,6.0,4,18,0.5,0.81,0.346,-8.0,Portland Trail Blazers
0022400464,2025-01-02,22024,BOS @ MIN,W,118,31.0,30,9.0,4,3,0.5,0.667,0.386,3.0,Boston Celtics
0022400463,2025-01-02,22024,IND @ MIA,W,128,39.0,35,9.0,4,6,0.531,0.563,0.425,13.0,Indiana Pacers
0022400463,2025-01-02,22024,MIA vs. IND,L,115,39.0,34,6.0,6,14,0.573,0.857,0.423,-13.0,Miami Heat
0022400464,2025-01-02,22024,MIN vs. BOS,L,115,41.0,24,1.0,2,15,0.5,0.909,0.538,-3.0,Minnesota Timberwolves
0022400467,2025-01-02,22024,GSW vs. PHI,W,139,43.0,41,5.0,8,11,0.609,0.733,0.564,34.0,Golden State Warriors
0022400466,2025-01-02,22024,LAC @ OKC,L,98,45.0,25,6.0,1,19,0.469,0.647,0.344,-18.0,Los Angeles Clippers
0022400465,2025-01-02,22024,MIL vs. BKN,L,110,46.0,21,6.0,6,14,0.444,0.679,0.297,-3.0,Milwaukee Bucks
0022400476,2025-01-03,22024,SAC vs. MEM,W,138,37.0,32,10.0,8,9,0.495,0.826,0.447,5.0,Sacramento Kings
0022400477,2025-01-03,22024,ATL @ LAL,L,102,39.0,22,10.0,3,8,0.41,0.778,0.176,-17.0,Atlanta Hawks
0022400473,2025-01-03,22024,NYK @ OKC,L,107,42.0,22,7.0,2,12,0.478,0.706,0.281,-10.0,New York Knicks
0022400475,2025-01-03,22024,DEN vs. SAS,L,110,46.0,33,7.0,7,8,0.433,0.688,0.385,-3.0,Denver Nuggets
0022400471,2025-01-03,22024,BOS @ HOU,W,109,41.0,20,6.0,8,14,0.506,0.667,0.487,23.0,Boston Celtics
0022400477,2025-01-03,22024,LAL vs. ATL,W,119,56.0,28,4.0,6,18,0.489,0.8,0.433,17.0,Los Angeles Lakers
0022400472,2025-01-03,22024,NOP vs. WAS,W,132,37.0,36,10.0,6,7,0.5,0.818,0.439,12.0,New Orleans Pelicans
0022400474,2025-01-03,22024,CLE @ DAL,W,134,46.0,38,5.0,7,7,0.531,0.75,0.375,12.0,Cleveland Cavaliers
0022400470,2025-01-03,22024,TOR vs. ORL,L,97,37.0,28,6.0,1,11,0.475,0.846,0.345,-9.0,Toronto Raptors
0022400474,2025-01-03,22024,DAL vs. CLE,L,122,53.0,29,3.0,4,12,0.43,0.8,0.273,-12.0,Dallas Mavericks
0022400476,2025-01-03,22024,MEM @ SAC,L,133,51.0,31,5.0,4,17,0.483,0.833,0.459,-5.0,Memphis Grizzlies
0022400472,2025-01-03,22024,WAS @ NOP,L,120,48.0,28,6.0,0,21,0.536,0.778,0.321,-12.0,Washington Wizards
0022400473,2025-01-03,22024,OKC vs. NYK,W,117,41.0,27,9.0,7,13,0.512,0.81,0.519,10.0,Oklahoma City Thunder
0022400475,2025-01-03,22024,SAS @ DEN,W,113,56.0,31,4.0,3,13,0.465,0.615,0.361,3.0,San Antonio Spurs
0022400470,2025-01-03,22024,ORL @ TOR,W,106,42.0,32,10.0,8,11,0.468,0.765,0.432,9.0,Orlando Magic
0022400469,2025-01-03,22024,CHA @ DET,L,94,45.0,25,8.0,6,17,0.413,0.633,0.3,-4.0,Charlotte Hornets
0022400469,2025-01-03,22024,DET vs. CHA,W,98,51.0,21,13.0,7,13,0.419,0.615,0.324,4.0,Detroit Pistons
0022400471,2025-01-03,22024,HOU vs. BOS,L,86,37.0,9,6.0,4,11,0.364,1.0,0.278,-23.0,Houston Rockets
0022400481,2025-01-04,22024,MIA vs. UTA,L,100,32.0,25,9.0,7,15,0.438,0.7,0.257,-36.0,Miami Heat
0022400486,2025-01-04,22024,LAC vs. ATL,W,131,48.0,36,15.0,3,17,0.552,0.706,0.361,26.0,Los Angeles Clippers
0022400485,2025-01-04,22024,GSW vs. MEM,W,121,29.0,32,13.0,5,18,0.524,0.625,0.535,8.0,Golden State Warriors
0022400481,2025-01-04,22024,UTA @ MIA,W,136,57.0,31,11.0,4,14,0.52,0.813,0.413,36.0,Utah Jazz
0022400482,2025-01-04,22024,CHI vs. NYK,W,139,43.0,36,6.0,4,12,0.543,0.944,0.541,13.0,Chicago Bulls
0022400486,2025-01-04,22024,ATL @ LAC,L,105,43.0,30,11.0,4,22,0.432,0.765,0.348,-26.0,Atlanta Hawks
0022400480,2025-01-04,22024,IND vs. PHX,W,126,47.0,35,7.0,4,6,0.479,0.905,0.375,18.0,Indiana Pacers
0022400478,2025-01-04,22024,BKN vs. PHI,L,94,39.0,22,6.0,4,22,0.415,0.632,0.341,-29.0,Brooklyn Nets
0022400479,2025-01-04,22024,DET vs. MIN,W,119,47.0,26,12.0,2,12,0.484,0.8,0.342,14.0,Detroit Pistons
0022400485,2025-01-04,22024,MEM @ GSW,L,113,43.0,29,9.0,7,22,0.523,0.75,0.333,-8.0,Memphis Grizzlies
0022400483,2025-01-04,22024,POR @ MIL,W,105,55.0,21,7.0,3,17,0.482,0.769,0.361,3.0,Portland Trail Blazers
0022400480,2025-01-04,22024,PHX @ IND,L,108,36.0,30,3.0,7,11,0.487,0.952,0.4,-18.0,Phoenix Suns
0022400484,2025-01-04,22024,DEN @ SAS,W,122,58.0,32,11.0,7,7,0.435,0.783,0.303,11.0,Denver Nuggets
0022400482,2025-01-04,22024,NYK @ CHI,L,126,49.0,27,7.0,3,13,0.495,0.786,0.267,-13.0,New York Knicks
0022400478,2025-01-04,22024,PHI @ BKN,W,123,50.0,31,11.0,2,17,0.512,0.8,0.375,29.0,Philadelphia 76ers
0022400479,2025-01-04,22024,MIN @ DET,L,105,33.0,20,7.0,4,17,0.425,0.808,0.4,-14.0,Minnesota Timberwolves
0022400483,2025-01-04,22024,MIL vs. POR,L,102,43.0,25,14.0,3,11,0.432,0.778,0.317,-3.0,Milwaukee Bucks
0022400484,2025-01-04,22024,SAS vs. DEN,L,111,58.0,28,3.0,7,12,0.394,0.889,0.271,-11.0,San Antonio Spurs
0022400488,2025-01-05,22024,CHA @ CLE,L,105,48.0,19,9.0,4,15,0.418,0.737,0.357,-10.0,Charlotte Hornets
0022400490,2025-01-05,22024,UTA @ ORL,W,105,50.0,21,6.0,5,22,0.481,0.889,0.344,13.0,Utah Jazz
0022400487,2025-01-05,22024,OKC vs. BOS,W,105,46.0,22,11.0,6,15,0.448,0.846,0.421,13.0,Oklahoma City Thunder
0022400489,2025-01-05,22024,WAS vs. NOP,L,98,46.0,25,6.0,4,15,0.427,0.786,0.268,-12.0,Washington Wizards
0022400492,2025-01-05,22024,GSW vs. SAC,L,99,35.0,22,10.0,3,22,0.457,0.722,0.343,-30.0,Golden State Warriors
0022400491,2025-01-05,22024,LAL @ HOU,L,115,39.0,26,4.0,5,10,0.487,0.821,0.444,-4.0,Los Angeles Lakers
0022400489,2025-01-05,22024,NOP @ WAS,W,110,49.0,26,7.0,8,11,0.411,0.9,0.367,12.0,New Orleans Pelicans
0022400487,2025-01-05,22024,BOS @ OKC,L,92,48.0,17,6.0,5,16,0.365,0.875,0.196,-13.0,Boston Celtics
0022400491,2025-01-05,22024,HOU vs. LAL,W,119,49.0,19,3.0,4,6,0.475,0.579,0.35,4.0,Houston Rockets
0022400488,2025-01-05,22024,CLE vs. CHA,W,115,41.0,29,5.0,5,12,0.478,0.75,0.349,10.0,Cleveland Cavaliers
0022400492,2025-01-05,22024,SAC @ GSW,W,129,43.0,31,15.0,3,15,0.517,0.909,0.442,30.0,Sacramento Kings
0022400490,2025-01-05,22024,ORL vs. UTA,L,92,43.0,25,8.0,4,11,0.357,0.615,0.298,-13.0,Orlando Magic
0022400493,2025-01-06,22024,POR @ DET,L,115,38.0,32,6.0,4,16,0.533,0.6,0.457,-3.0,Portland Trail Blazers
0022400495,2025-01-06,22024,IND @ BKN,W,113,35.0,22,8.0,5,10,0.506,0.913,0.387,14.0,Indiana Pacers
0022400493,2025-01-06,22024,DET vs. POR,W,118,45.0,23,9.0,4,14,0.447,0.864,0.349,3.0,Detroit Pistons
0022400499,2025-01-06,22024,MEM vs. DAL,W,119,55.0,24,11.0,5,13,0.455,0.771,0.343,15.0,Memphis Grizzlies
0022400497,2025-01-06,22024,MIL @ TOR,W,128,46.0,37,7.0,8,21,0.573,0.8,0.5,24.0,Milwaukee Bucks
0022400496,2025-01-06,22024,ORL @ NYK,W,103,39.0,23,7.0,5,9,0.5,0.778,0.355,9.0,Orlando Magic
0022400498,2025-01-06,22024,CHI vs. SAS,W,114,47.0,25,12.0,4,13,0.431,0.867,0.333,4.0,Chicago Bulls
0022400501,2025-01-06,22024,MIA @ SAC,L,118,53.0,25,14.0,6,13,0.422,0.778,0.262,-5.0,Miami Heat
0022400496,2025-01-06,22024,NYK vs. ORL,L,94,38.0,16,4.0,3,12,0.444,0.818,0.182,-9.0,New York Knicks
0022400500,2025-01-06,22024,MIN vs. LAC,W,108,55.0,24,6.0,5,14,0.446,0.588,0.41,2.0,Minnesota Timberwolves
0022400495,2025-01-06,22024,BKN vs. IND,L,99,51.0,23,8.0,3,14,0.418,0.636,0.303,-14.0,Brooklyn Nets
0022400498,2025-01-06,22024,SAS @ CHI,L,110,49.0,31,8.0,12,17,0.463,0.583,0.326,-4.0,San Antonio Spurs
0022400494,2025-01-06,22024,PHI vs. PHX,L,99,46.0,20,6.0,4,10,0.391,0.615,0.375,-10.0,Philadelphia 76ers
0022400500,2025-01-06,22024,LAC @ MIN,L,106,49.0,23,9.0,10,13,0.416,0.8,0.343,-2.0,Los Angeles Clippers
0022400501,2025-01-06,22024,SAC vs. MIA,W,123,60.0,30,7.0,8,15,0.417,0.769,0.342,5.0,Sacramento Kings
0022400499,2025-01-06,22024,DAL @ MEM,L,104,50.0,25,7.0,8,15,0.408,0.733,0.361,-15.0,Dallas Mavericks
0022400497,2025-01-06,22024,TOR vs. MIL,L,104,35.0,27,11.0,4,15,0.451,0.619,0.257,-24.0,Toronto Raptors
0022400494,2025-01-06,22024,PHX @ PHI,W,109,44.0,32,7.0,4,12,0.506,0.684,0.452,10.0,Phoenix Suns
0022400507,2025-01-07,22024,DEN vs. BOS,L,106,39.0,22,6.0,6,16,0.46,0.8,0.389,-12.0,Denver Nuggets
0022400506,2025-01-07,22024,UTA vs. ATL,L,121,47.0,25,8.0,4,15,0.417,0.88,0.396,-3.0,Utah Jazz
0022400503,2025-01-07,22024,HOU @ WAS,W,135,49.0,31,15.0,2,10,0.515,0.87,0.395,23.0,Houston Rockets
0022400506,2025-01-07,22024,ATL @ UTA,W,124,44.0,35,6.0,11,10,0.48,0.8,0.409,3.0,Atlanta Hawks
0022400505,2025-01-07,22024,NOP vs. MIN,L,97,46.0,23,12.0,5,14,0.372,0.625,0.293,-7.0,New Orleans Pelicans
0022400505,2025-01-07,22024,MIN @ NOP,W,104,53.0,26,9.0,8,16,0.427,0.684,0.341,7.0,Minnesota Timberwolves
0022400508,2025-01-07,22024,MIA @ GSW,W,114,48.0,32,6.0,3,9,0.473,0.706,0.4,16.0,Miami Heat
0022400508,2025-01-07,22024,GSW vs. MIA,L,98,52.0,28,9.0,6,10,0.408,0.8,0.28,-16.0,Golden State Warriors
0022400502,2025-01-07,22024,CHA vs. PHX,W,115,59.0,23,9.0,5,11,0.388,0.897,0.277,11.0,Charlotte Hornets
0022400502,2025-01-07,22024,PHX @ CHA,L,104,42.0,27,3.0,4,11,0.424,0.947,0.242,-11.0,Phoenix Suns
0022400504,2025-01-07,22024,LAL @ DAL,L,97,33.0,20,7.0,6,10,0.453,0.75,0.314,-21.0,Los Angeles Lakers
0022400507,2025-01-07,22024,BOS @ DEN,W,118,41.0,30,11.0,7,11,0.5,0.9,0.343,12.0,Boston Celtics
0022400504,2025-01-07,22024,DAL vs. LAL,W,118,44.0,29,7.0,0,10,0.523,0.714,0.474,21.0,Dallas Mavericks
0022400503,2025-01-07,22024,WAS vs. HOU,L,112,43.0,21,6.0,4,18,0.461,0.75,0.375,-23.0,Washington Wizards
0022400513,2025-01-08,22024,DET @ BKN,W,113,42.0,30,9.0,9,13,0.523,0.667,0.405,15.0,Detroit Pistons
0022400510,2025-01-08,22024,IND vs. CHI,W,129,46.0,37,11.0,1,8,0.52,0.625,0.345,16.0,Indiana Pacers
0022400513,2025-01-08,22024,BKN vs. DET,L,98,38.0,24,10.0,4,15,0.384,0.905,0.333,-15.0,Brooklyn Nets
0022400511,2025-01-08,22024,NYK vs. TOR,W,112,43.0,24,9.0,4,12,0.477,0.8,0.364,14.0,New York Knicks
0022400512,2025-01-08,22024,PHI vs. WAS,W,109,36.0,21,8.0,11,7,0.455,0.737,0.341,6.0,Philadelphia 76ers
0022400511,2025-01-08,22024,TOR @ NYK,L,98,33.0,25,9.0,6,16,0.494,0.8,0.385,-14.0,Toronto Raptors
0022400512,2025-01-08,22024,WAS @ PHI,L,103,51.0,26,3.0,6,17,0.447,0.667,0.433,-6.0,Washington Wizards
0022400514,2025-01-08,22024,NOP vs. POR,L,100,41.0,19,11.0,3,17,0.444,0.727,0.324,-19.0,New Orleans Pelicans
0022400510,2025-01-08,22024,CHI @ IND,L,113,39.0,23,6.0,6,18,0.512,0.684,0.343,-16.0,Chicago Bulls
0022400509,2025-01-08,22024,OKC @ CLE,L,122,38.0,35,9.0,5,13,0.533,0.882,0.355,-7.0,Oklahoma City Thunder
0022400515,2025-01-08,22024,LAC @ DEN,L,103,40.0,14,8.0,6,11,0.375,0.8,0.289,-23.0,Los Angeles Clippers
0022400516,2025-01-08,22024,SAS @ MIL,L,105,46.0,24,8.0,5,9,0.368,0.85,0.346,-16.0,San Antonio Spurs
0022400509,2025-01-08,22024,CLE vs. OKC,W,129,40.0,36,7.0,2,15,0.522,0.741,0.417,7.0,Cleveland Cavaliers
0022400516,2025-01-08,22024,MIL vs. SAS,W,121,57.0,26,7.0,4,10,0.478,0.7,0.452,16.0,Milwaukee Bucks
0022400515,2025-01-08,22024,DEN vs. LAC,W,126,45.0,29,7.0,3,11,0.551,0.647,0.486,23.0,Denver Nuggets
0022400514,2025-01-08,22024,POR @ NOP,W,119,44.0,24,11.0,7,13,0.545,0.769,0.361,19.0,Portland Trail Blazers
0022400521,2025-01-09,22024,DAL vs. POR,W,117,53.0,26,8.0,7,14,0.455,0.9,0.333,6.0,Dallas Mavericks
0022400517,2025-01-09,22024,CLE vs. TOR,W,132,42.0,31,8.0,3,11,0.528,0.8,0.4,6.0,Cleveland Cavaliers
0022400518,2025-01-09,22024,GSW @ DET,W,107,49.0,32,9.0,7,15,0.461,0.625,0.326,3.0,Golden State Warriors
0022400522,2025-01-09,22024,ATL @ PHX,L,115,32.0,32,11.0,3,11,0.488,0.941,0.469,-8.0,Atlanta Hawks
0022400523,2025-01-09,22024,MIA @ UTA,W,97,49.0,26,10.0,7,14,0.396,0.733,0.28,5.0,Miami Heat
0022400518,2025-01-09,22024,DET vs. GSW,L,104,40.0,25,7.0,7,14,0.453,0.75,0.359,-3.0,Detroit Pistons
0022400517,2025-01-09,22024,TOR @ CLE,L,126,37.0,34,9.0,2,12,0.596,0.462,0.452,-6.0,Toronto Raptors
0022400521,2025-01-09,22024,POR @ DAL,L,111,43.0,24,6.0,7,12,0.419,0.85,0.444,-6.0,Portland Trail Blazers
0022400520,2025-01-09,22024,MEM vs. HOU,L,115,43.0,20,9.0,8,19,0.5,0.7,0.313,-4.0,Memphis Grizzlies
0022400523,2025-01-09,22024,UTA vs. MIA,L,92,49.0,20,9.0,7,16,0.398,0.882,0.306,-5.0,Utah Jazz
0022400519,2025-01-09,22024,ORL vs. MIN,L,89,47.0,21,4.0,10,14,0.379,0.684,0.25,-15.0,Orlando Magic
0022400520,2025-01-09,22024,HOU @ MEM,W,119,44.0,21,13.0,3,12,0.427,0.585,0.382,4.0,Houston Rockets
0022400522,2025-01-09,22024,PHX vs. ATL,W,123,42.0,33,7.0,6,16,0.576,0.8,0.394,8.0,Phoenix Suns
0022400519,2025-01-09,22024,MIN @ ORL,W,104,50.0,21,9.0,4,8,0.4,0.774,0.353,15.0,Minnesota Timberwolves
0022400527,2025-01-10,22024,PHI vs. NOP,L,115,42.0,23,7.0,3,9,0.462,0.895,0.368,-8.0,Philadelphia 76ers
0022400527,2025-01-10,22024,NOP @ PHI,W,123,44.0,31,7.0,8,12,0.484,0.654,0.45,8.0,New Orleans Pelicans
0022400528,2025-01-10,22024,SAC @ BOS,W,114,56.0,26,11.0,8,9,0.431,0.889,0.383,17.0,Sacramento Kings
0022400529,2025-01-10,22024,OKC @ NYK,W,126,46.0,20,9.0,9,15,0.539,0.889,0.519,25.0,Oklahoma City Thunder
0022400528,2025-01-10,22024,BOS vs. SAC,L,97,43.0,22,5.0,7,15,0.405,0.818,0.268,-17.0,Boston Celtics
0022400530,2025-01-10,22024,CHI vs. WAS,W,138,55.0,39,11.0,7,13,0.558,0.643,0.469,33.0,Chicago Bulls
0022400531,2025-01-10,22024,DEN vs. BKN,W,124,49.0,34,12.0,5,14,0.517,0.758,0.375,19.0,Denver Nuggets
0022400530,2025-01-10,22024,WAS @ CHI,L,105,45.0,26,6.0,4,15,0.398,0.692,0.391,-33.0,Washington Wizards
0022400531,2025-01-10,22024,BKN @ DEN,L,105,39.0,26,9.0,5,17,0.422,0.789,0.311,-19.0,Brooklyn Nets
0022400525,2025-01-10,22024,IND vs. GSW,W,108,48.0,27,8.0,8,15,0.524,0.684,0.333,12.0,Indiana Pacers
0022400525,2025-01-10,22024,GSW @ IND,L,96,42.0,25,11.0,2,13,0.418,0.769,0.263,-12.0,Golden State Warriors
0022400526,2025-01-10,22024,ORL vs. MIL,L,106,44.0,20,8.0,5,10,0.43,0.692,0.35,-3.0,Orlando Magic
0022400526,2025-01-10,22024,MIL @ ORL,W,109,43.0,18,10.0,5,11,0.518,0.609,0.36,3.0,Milwaukee Bucks
0022400529,2025-01-10,22024,NYK vs. OKC,L,101,43.0,18,7.0,3,10,0.385,1.0,0.129,-25.0,New York Knicks
0022400533,2025-01-11,22024,UTA @ PHX,L,106,50.0,26,6.0,2,13,0.438,0.722,0.214,-8.0,Utah Jazz
0022400534,2025-01-11,22024,TOR @ DET,L,114,45.0,27,12.0,3,12,0.435,0.667,0.421,-9.0,Toronto Raptors
0022400536,2025-01-11,22024,MIA @ POR,W,119,43.0,31,13.0,5,10,0.478,0.75,0.432,21.0,Miami Heat
0022400535,2025-01-11,22024,MIN vs. MEM,L,125,41.0,37,7.0,5,18,0.566,0.737,0.405,-2.0,Minnesota Timberwolves
0022400534,2025-01-11,22024,DET vs. TOR,W,123,46.0,35,8.0,5,15,0.524,0.762,0.576,9.0,Detroit Pistons
0022400535,2025-01-11,22024,MEM @ MIN,W,127,46.0,25,13.0,3,13,0.444,0.789,0.39,2.0,Memphis Grizzlies
0022400536,2025-01-11,22024,POR vs. MIA,L,98,51.0,24,6.0,6,16,0.379,0.684,0.289,-21.0,Portland Trail Blazers
0022400533,2025-01-11,22024,PHX vs. UTA,W,114,38.0,26,9.0,4,11,0.512,0.684,0.351,8.0,Phoenix Suns
0022400546,2025-01-12,22024,BKN @ UTA,L,111,54.0,26,5.0,5,8,0.424,0.657,0.25,-1.0,Brooklyn Nets
0022400540,2025-01-12,22024,DEN @ DAL,W,112,55.0,23,6.0,5,13,0.489,0.65,0.219,11.0,Denver Nuggets
0022400545,2025-01-12,22024,WAS vs. OKC,L,95,39.0,20,6.0,6,16,0.337,0.909,0.196,-41.0,Washington Wizards
0022400547,2025-01-12,22024,PHX vs. CHA,W,120,39.0,31,9.0,6,12,0.483,0.864,0.415,7.0,Phoenix Suns
0022400541,2025-01-12,22024,CHI vs. SAC,L,119,45.0,26,4.0,4,7,0.462,0.75,0.486,-5.0,Chicago Bulls
0022400544,2025-01-12,22024,PHI @ ORL,L,99,29.0,17,10.0,4,16,0.458,0.955,0.414,-5.0,Philadelphia 76ers
0022400542,2025-01-12,22024,NOP @ BOS,L,119,42.0,24,8.0,3,9,0.465,0.846,0.459,-1.0,New Orleans Pelicans
0022400547,2025-01-12,22024,CHA @ PHX,L,113,52.0,30,10.0,2,16,0.446,0.8,0.375,-7.0,Charlotte Hornets
0022400543,2025-01-12,22024,IND @ CLE,W,108,50.0,30,11.0,7,10,0.467,0.611,0.314,15.0,Indiana Pacers
0022400543,2025-01-12,22024,CLE vs. IND,L,93,44.0,24,4.0,5,13,0.398,0.889,0.268,-15.0,Cleveland Cavaliers
0022400539,2025-01-12,22024,MIL @ NYK,L,106,39.0,22,6.0,3,14,0.457,0.588,0.294,-34.0,Milwaukee Bucks
0022400542,2025-01-12,22024,BOS vs. NOP,W,120,55.0,23,5.0,7,11,0.436,0.826,0.295,1.0,Boston Celtics
0022400540,2025-01-12,22024,DAL vs. DEN,L,101,37.0,27,7.0,5,12,0.412,0.76,0.353,-11.0,Dallas Mavericks
0022400539,2025-01-12,22024,NYK vs. MIL,W,140,49.0,29,6.0,4,11,0.58,0.833,0.439,34.0,New York Knicks
0022400541,2025-01-12,22024,SAC @ CHI,W,124,53.0,33,4.0,3,8,0.495,0.81,0.333,5.0,Sacramento Kings
0022400546,2025-01-12,22024,UTA vs. BKN,W,112,41.0,25,7.0,6,9,0.444,0.75,0.386,1.0,Utah Jazz
0022400545,2025-01-12,22024,OKC @ WAS,W,136,56.0,26,11.0,4,13,0.474,0.943,0.371,41.0,Oklahoma City Thunder
0022400544,2025-01-12,22024,ORL vs. PHI,W,104,41.0,23,10.0,9,16,0.488,0.679,0.233,5.0,Orlando Magic
0022400548,2025-01-13,22024,WAS vs. MIN,L,106,34.0,27,13.0,3,11,0.44,0.6,0.425,-14.0,Washington Wizards
0022400551,2025-01-13,22024,MEM @ HOU,L,118,31.0,15,17.0,2,17,0.536,0.667,0.438,-2.0,Memphis Grizzlies
0022400549,2025-01-13,22024,DET @ NYK,W,124,39.0,20,8.0,2,11,0.5,0.944,0.441,5.0,Detroit Pistons
0022400549,2025-01-13,22024,NYK vs. DET,L,119,42.0,26,5.0,2,17,0.5,0.828,0.405,-5.0,New York Knicks
0022400550,2025-01-13,22024,GSW @ TOR,L,101,46.0,23,11.0,4,14,0.398,0.682,0.348,-3.0,Golden State Warriors
0022400552,2025-01-13,22024,SAS @ LAL,W,126,41.0,30,16.0,5,10,0.533,0.85,0.371,24.0,San Antonio Spurs
0022400553,2025-01-13,22024,MIA @ LAC,L,98,49.0,22,7.0,3,15,0.388,0.833,0.327,-11.0,Miami Heat
0022400552,2025-01-13,22024,LAL vs. SAS,L,102,40.0,24,9.0,4,19,0.448,0.625,0.318,-24.0,Los Angeles Lakers
0022400551,2025-01-13,22024,HOU vs. MEM,W,120,40.0,28,13.0,8,22,0.506,0.71,0.516,2.0,Houston Rockets
0022400548,2025-01-13,22024,MIN @ WAS,W,120,53.0,20,8.0,6,18,0.494,0.774,0.378,14.0,Minnesota Timberwolves
0022400553,2025-01-13,22024,LAC vs. MIA,W,109,48.0,28,11.0,6,11,0.484,0.6,0.361,11.0,Los Angeles Clippers
0022400550,2025-01-13,22024,TOR vs. GSW,W,104,44.0,28,3.0,9,14,0.477,0.667,0.414,3.0,Toronto Raptors
0022400555,2025-01-14,22024,OKC @ PHI,W,118,38.0,32,10.0,4,17,0.556,0.889,0.333,16.0,Oklahoma City Thunder
0022400556,2025-01-14,22024,PHX @ ATL,L,117,37.0,28,10.0,4,13,0.512,0.667,0.371,-5.0,Phoenix Suns
0022400554,2025-01-14,22024,IND vs. CLE,L,117,37.0,30,10.0,3,11,0.484,0.773,0.429,-10.0,Indiana Pacers
0022400554,2025-01-14,22024,CLE @ IND,W,127,49.0,25,8.0,6,14,0.483,0.839,0.341,10.0,Cleveland Cavaliers
0022400555,2025-01-14,22024,PHI vs. OKC,L,102,35.0,23,10.0,1,21,0.44,0.75,0.295,-16.0,Philadelphia 76ers
0022400558,2025-01-14,22024,MIL vs. SAC,W,130,52.0,32,2.0,4,7,0.495,0.833,0.378,15.0,Milwaukee Bucks
0022400558,2025-01-14,22024,SAC @ MIL,L,115,45.0,25,4.0,5,9,0.442,0.778,0.405,-15.0,Sacramento Kings
0022400560,2025-01-14,22024,POR vs. BKN,L,114,38.0,20,8.0,3,17,0.453,0.792,0.447,-18.0,Portland Trail Blazers
0022400560,2025-01-14,22024,BKN @ POR,W,132,44.0,36,11.0,2,11,0.544,0.833,0.463,18.0,Brooklyn Nets
0022400559,2025-01-14,22024,DAL vs. DEN,L,99,30.0,27,14.0,6,12,0.422,0.636,0.281,-19.0,Dallas Mavericks
0022400557,2025-01-14,22024,CHI vs. NOP,L,113,57.0,31,8.0,6,15,0.441,0.75,0.326,-6.0,Chicago Bulls
0022400557,2025-01-14,22024,NOP @ CHI,W,119,46.0,32,11.0,5,10,0.438,0.808,0.28,6.0,New Orleans Pelicans
0022400559,2025-01-14,22024,DEN @ DAL,W,118,51.0,28,9.0,7,18,0.518,0.864,0.448,19.0,Denver Nuggets
0022400556,2025-01-14,22024,ATL vs. PHX,W,122,54.0,22,10.0,3,12,0.439,0.731,0.415,5.0,Atlanta Hawks
0022400564,2025-01-15,22024,ORL @ MIL,L,93,32.0,24,13.0,1,13,0.347,0.714,0.261,-29.0,Orlando Magic
0022400569,2025-01-15,22024,UTA vs. CHA,L,112,36.0,30,5.0,4,10,0.462,0.588,0.372,-5.0,Utah Jazz
0022400568,2025-01-15,22024,HOU @ DEN,W,128,40.0,28,14.0,6,8,0.521,0.765,0.447,20.0,Houston Rockets
0022400561,2025-01-15,22024,NYK @ PHI,W,125,45.0,28,10.0,3,13,0.535,0.708,0.432,6.0,New York Knicks
0022400568,2025-01-15,22024,DEN vs. HOU,L,108,36.0,22,4.0,7,18,0.533,0.667,0.483,-20.0,Denver Nuggets
0022400567,2025-01-15,22024,SAS vs. MEM,L,115,44.0,22,5.0,11,11,0.449,0.704,0.372,-14.0,San Antonio Spurs
0022400565,2025-01-15,22024,GSW @ MIN,W,116,45.0,26,8.0,5,12,0.488,0.857,0.5,1.0,Golden State Warriors
0022400563,2025-01-15,22024,CHI vs. ATL,L,94,53.0,23,5.0,5,20,0.443,1.0,0.222,-16.0,Chicago Bulls
0022400561,2025-01-15,22024,PHI vs. NYK,L,119,35.0,27,8.0,2,12,0.5,1.0,0.371,-6.0,Philadelphia 76ers
0022400571,2025-01-15,22024,BKN @ LAC,L,67,39.0,15,9.0,2,20,0.301,0.545,0.179,-59.0,Brooklyn Nets
0022400566,2025-01-15,22024,NOP vs. DAL,W,119,49.0,24,11.0,8,10,0.443,0.833,0.333,3.0,New Orleans Pelicans
0022400566,2025-01-15,22024,DAL @ NOP,L,116,45.0,27,9.0,3,15,0.478,0.72,0.343,-3.0,Dallas Mavericks
0022400569,2025-01-15,22024,CHA @ UTA,W,117,45.0,27,6.0,6,18,0.529,0.714,0.308,5.0,Charlotte Hornets
0022400570,2025-01-15,22024,MIA @ LAL,L,108,37.0,25,3.0,6,19,0.534,0.933,0.444,-9.0,Miami Heat
0022400564,2025-01-15,22024,MIL vs. ORL,W,122,49.0,24,10.0,10,21,0.625,0.714,0.583,29.0,Milwaukee Bucks
0022400562,2025-01-15,22024,TOR vs. BOS,W,110,56.0,35,4.0,4,10,0.506,0.6,0.324,13.0,Toronto Raptors
0022400563,2025-01-15,22024,ATL @ CHI,W,110,51.0,28,11.0,5,9,0.41,0.682,0.302,16.0,Atlanta Hawks
0022400562,2025-01-15,22024,BOS @ TOR,L,97,45.0,24,6.0,8,9,0.396,0.5,0.348,-13.0,Boston Celtics
0022400565,2025-01-15,22024,MIN vs. GSW,L,115,41.0,21,4.0,7,9,0.442,0.759,0.459,-1.0,Minnesota Timberwolves
0022400571,2025-01-15,22024,LAC vs. BKN,W,126,46.0,26,13.0,3,14,0.544,0.933,0.375,59.0,Los Angeles Clippers
0022400570,2025-01-15,22024,LAL vs. MIA,W,117,34.0,33,12.0,4,6,0.522,0.714,0.382,9.0,Los Angeles Lakers
0022400567,2025-01-15,22024,MEM @ SAS,W,129,52.0,28,7.0,5,8,0.495,0.647,0.421,14.0,Memphis Grizzlies
0022400574,2025-01-16,22024,OKC vs. CLE,W,134,39.0,25,12.0,5,6,0.505,0.909,0.34,20.0,Oklahoma City Thunder
0022400572,2025-01-16,22024,IND @ DET,W,111,40.0,28,13.0,8,9,0.461,0.727,0.433,11.0,Indiana Pacers
0022400573,2025-01-16,22024,PHX @ WAS,W,130,47.0,33,10.0,4,16,0.518,0.839,0.485,7.0,Phoenix Suns
0022400573,2025-01-16,22024,WAS vs. PHX,L,123,45.0,28,13.0,4,13,0.5,0.667,0.317,-7.0,Washington Wizards
0022400572,2025-01-16,22024,DET vs. IND,L,100,55.0,22,3.0,7,19,0.396,0.864,0.25,-11.0,Detroit Pistons
0022400574,2025-01-16,22024,CLE @ OKC,L,114,49.0,32,2.0,5,21,0.467,0.81,0.31,-20.0,Cleveland Cavaliers
0022400576,2025-01-16,22024,HOU @ SAC,L,127,46.0,24,10.0,6,14,0.527,0.708,0.364,-5.0,Houston Rockets
0022400575,2025-01-16,22024,LAC @ POR,W,118,50.0,23,9.0,4,15,0.564,0.741,0.435,29.0,Los Angeles Clippers
0022400576,2025-01-16,22024,SAC vs. HOU,W,132,44.0,32,5.0,3,12,0.5,0.909,0.424,5.0,Sacramento Kings
0022400575,2025-01-16,22024,POR vs. LAC,L,89,37.0,24,9.0,1,16,0.374,0.923,0.265,-29.0,Portland Trail Blazers
0022400584,2025-01-17,22024,CHA @ CHI,W,125,44.0,26,9.0,2,12,0.5,0.8,0.382,2.0,Charlotte Hornets
0022400582,2025-01-17,22024,SAS vs. MEM,L,112,40.0,29,4.0,8,17,0.476,0.826,0.361,-28.0,San Antonio Spurs
0022400584,2025-01-17,22024,CHI vs. CHA,L,123,45.0,34,9.0,3,13,0.505,0.929,0.35,-2.0,Chicago Bulls
0022400585,2025-01-17,22024,LAL vs. BKN,W,102,34.0,24,6.0,7,10,0.463,0.778,0.353,1.0,Los Angeles Lakers
0022400585,2025-01-17,22024,BKN @ LAL,L,101,45.0,28,5.0,6,17,0.451,0.769,0.447,-1.0,Brooklyn Nets
0022400583,2025-01-17,22024,DAL vs. OKC,W,106,43.0,25,11.0,7,17,0.493,0.727,0.39,8.0,Dallas Mavericks
0022400580,2025-01-17,22024,MIL vs. TOR,W,130,44.0,25,7.0,5,13,0.519,0.805,0.419,18.0,Milwaukee Bucks
0022400578,2025-01-17,22024,NYK vs. MIN,L,99,41.0,19,10.0,4,9,0.389,0.882,0.412,-17.0,New York Knicks
0022400579,2025-01-17,22024,DEN @ MIA,W,133,41.0,35,5.0,1,5,0.543,0.895,0.485,20.0,Denver Nuggets
0022400581,2025-01-17,22024,NOP vs. UTA,W,136,56.0,34,9.0,8,13,0.47,0.645,0.44,13.0,New Orleans Pelicans
0022400579,2025-01-17,22024,MIA vs. DEN,L,113,41.0,30,2.0,0,8,0.495,1.0,0.273,-20.0,Miami Heat
0022400580,2025-01-17,22024,TOR @ MIL,L,112,43.0,31,6.0,4,12,0.473,0.75,0.235,-18.0,Toronto Raptors
0022400577,2025-01-17,22024,BOS vs. ORL,W,121,41.0,25,6.0,3,10,0.525,0.909,0.459,27.0,Boston Celtics
0022400582,2025-01-17,22024,MEM @ SAS,W,140,41.0,39,9.0,0,7,0.567,0.733,0.432,28.0,Memphis Grizzlies
0022400581,2025-01-17,22024,UTA @ NOP,L,123,40.0,30,7.0,8,15,0.5,0.8,0.342,-13.0,Utah Jazz
0022400583,2025-01-17,22024,OKC @ DAL,L,98,46.0,24,7.0,2,15,0.385,0.667,0.435,-8.0,Oklahoma City Thunder
0022400577,2025-01-17,22024,ORL @ BOS,L,94,37.0,15,3.0,3,8,0.415,0.677,0.156,-27.0,Orlando Magic
0022400578,2025-01-17,22024,MIN @ NYK,W,116,46.0,23,5.0,2,15,0.532,0.714,0.55,17.0,Minnesota Timberwolves
0022400591,2025-01-18,22024,HOU @ POR,W,125,61.0,25,13.0,4,12,0.444,0.682,0.452,22.0,Houston Rockets
0022400590,2025-01-18,22024,MIN vs. CLE,L,117,42.0,27,4.0,4,7,0.478,0.842,0.395,-7.0,Minnesota Timberwolves
0022400586,2025-01-18,22024,PHX @ DET,W,125,50.0,25,6.0,3,9,0.5,0.8,0.28,4.0,Phoenix Suns
0022400586,2025-01-18,22024,DET vs. PHX,L,121,43.0,22,5.0,3,9,0.468,0.667,0.273,-4.0,Detroit Pistons
0022400589,2025-01-18,22024,GSW vs. WAS,W,122,55.0,24,6.0,7,9,0.469,0.75,0.341,8.0,Golden State Warriors
0022400589,2025-01-18,22024,WAS @ GSW,L,114,44.0,24,5.0,2,13,0.442,0.696,0.489,-8.0,Washington Wizards
0022400590,2025-01-18,22024,CLE @ MIN,W,124,47.0,27,4.0,1,7,0.457,0.92,0.354,7.0,Cleveland Cavaliers
0022400591,2025-01-18,22024,POR vs. HOU,L,103,40.0,28,6.0,10,19,0.453,0.722,0.333,-22.0,Portland Trail Blazers
0022400587,2025-01-18,22024,ATL @ BOS,W,119,55.0,27,9.0,10,17,0.473,0.786,0.243,4.0,Atlanta Hawks
0022400588,2025-01-18,22024,PHI @ IND,L,102,32.0,21,8.0,1,9,0.427,0.727,0.294,-13.0,Philadelphia 76ers
0022400588,2025-01-18,22024,IND vs. PHI,W,115,50.0,30,4.0,4,17,0.53,0.696,0.324,13.0,Indiana Pacers
0022400587,2025-01-18,22024,BOS vs. ATL,L,115,53.0,23,13.0,6,14,0.385,0.87,0.288,-4.0,Boston Celtics
0022400597,2025-01-19,22024,CHI @ POR,L,102,36.0,21,10.0,7,14,0.444,0.846,0.276,-11.0,Chicago Bulls
0022400595,2025-01-19,22024,OKC vs. BKN,W,127,43.0,37,8.0,5,11,0.552,0.923,0.442,26.0,Oklahoma City Thunder
0022400596,2025-01-19,22024,LAC vs. LAL,W,116,38.0,27,12.0,4,12,0.528,0.786,0.367,14.0,Los Angeles Clippers
0022400596,2025-01-19,22024,LAL @ LAC,L,102,33.0,26,6.0,6,15,0.5,0.895,0.333,-14.0,Los Angeles Lakers
0022400597,2025-01-19,22024,POR vs. CHI,W,113,50.0,21,7.0,6,17,0.472,0.8,0.29,11.0,Portland Trail Blazers
0022400598,2025-01-19,22024,SAC vs. WAS,W,123,51.0,28,12.0,4,11,0.484,0.792,0.308,23.0,Sacramento Kings
0022400598,2025-01-19,22024,WAS @ SAC,L,100,46.0,19,6.0,1,16,0.36,0.813,0.238,-23.0,Washington Wizards
0022400594,2025-01-19,22024,MIL vs. PHI,W,123,48.0,31,2.0,3,6,0.494,0.767,0.378,14.0,Milwaukee Bucks
0022400593,2025-01-19,22024,DEN @ ORL,W,113,57.0,24,6.0,8,20,0.519,0.839,0.28,13.0,Denver Nuggets
0022400593,2025-01-19,22024,ORL vs. DEN,L,100,39.0,30,15.0,6,7,0.373,0.75,0.293,-13.0,Orlando Magic
0022400592,2025-01-19,22024,MIA vs. SAS,W,128,49.0,35,8.0,6,11,0.526,1.0,0.545,21.0,Miami Heat
0022400594,2025-01-19,22024,PHI @ MIL,L,109,38.0,26,4.0,4,7,0.453,0.682,0.356,-14.0,Philadelphia 76ers
0022400592,2025-01-19,22024,SAS @ MIA,L,107,44.0,28,4.0,5,14,0.451,0.625,0.375,-21.0,San Antonio Spurs
0022400595,2025-01-19,22024,BKN @ OKC,L,101,41.0,25,5.0,3,13,0.425,0.789,0.279,-26.0,Brooklyn Nets
0022400601,2025-01-20,22024,MEM vs. MIN,W,108,47.0,19,9.0,4,13,0.43,0.794,0.212,2.0,Memphis Grizzlies
0022400602,2025-01-20,22024,NYK vs. ATL,W,119,39.0,31,8.0,1,15,0.522,0.762,0.346,9.0,New York Knicks
0022400605,2025-01-20,22024,NOP vs. UTA,W,123,45.0,28,12.0,8,13,0.446,0.897,0.366,4.0,New Orleans Pelicans
0022400599,2025-01-20,22024,CHA vs. DAL,W,110,49.0,28,10.0,7,13,0.408,0.722,0.436,5.0,Charlotte Hornets
0022400600,2025-01-20,22024,HOU vs. DET,L,96,39.0,19,18.0,1,16,0.394,0.688,0.282,-11.0,Houston Rockets
0022400599,2025-01-20,22024,DAL @ CHA,L,105,51.0,19,10.0,8,14,0.432,0.885,0.188,-5.0,Dallas Mavericks
0022400611,2025-01-20,22024,CHI @ LAC,W,112,54.0,25,7.0,6,10,0.404,0.808,0.326,13.0,Chicago Bulls
0022400604,2025-01-20,22024,GSW vs. BOS,L,85,38.0,28,8.0,3,12,0.348,0.636,0.264,-40.0,Golden State Warriors
0022400605,2025-01-20,22024,UTA @ NOP,L,119,63.0,25,6.0,4,13,0.396,0.8,0.239,-4.0,Utah Jazz
0022400601,2025-01-20,22024,MIN @ MEM,L,106,52.0,25,5.0,6,16,0.387,0.741,0.326,-2.0,Minnesota Timberwolves
0022400600,2025-01-20,22024,DET @ HOU,W,107,52.0,21,12.0,5,22,0.477,0.867,0.37,11.0,Detroit Pistons
0022400603,2025-01-20,22024,PHX @ CLE,L,92,34.0,22,3.0,5,17,0.468,0.769,0.385,-26.0,Phoenix Suns
0022400602,2025-01-20,22024,ATL @ NYK,L,110,41.0,23,10.0,6,23,0.471,0.773,0.433,-9.0,Atlanta Hawks
0022400611,2025-01-20,22024,LAC vs. CHI,L,99,40.0,24,4.0,7,9,0.394,0.941,0.214,-13.0,Los Angeles Clippers
0022400604,2025-01-20,22024,BOS @ GSW,W,125,50.0,33,8.0,9,9,0.533,0.875,0.417,40.0,Boston Celtics
0022400603,2025-01-20,22024,CLE vs. PHX,W,118,50.0,27,10.0,1,8,0.432,0.739,0.413,26.0,Cleveland Cavaliers
0022400609,2025-01-21,22024,DEN vs. PHI,W,144,51.0,39,7.0,4,13,0.612,0.96,0.516,35.0,Denver Nuggets
0022400607,2025-01-21,22024,MIA vs. POR,L,107,45.0,26,2.0,3,8,0.441,0.917,0.333,-9.0,Miami Heat
0022400607,2025-01-21,22024,POR @ MIA,W,116,47.0,25,3.0,5,6,0.494,0.652,0.349,9.0,Portland Trail Blazers
0022400606,2025-01-21,22024,BKN vs. NYK,L,95,47.0,21,4.0,9,16,0.372,0.76,0.3,-4.0,Brooklyn Nets
0022400606,2025-01-21,22024,NYK @ BKN,W,99,42.0,29,11.0,3,10,0.46,0.786,0.286,4.0,New York Knicks
0022400609,2025-01-21,22024,PHI @ DEN,L,109,25.0,34,7.0,4,10,0.458,0.75,0.395,-35.0,Philadelphia 76ers
0022400610,2025-01-21,22024,LAL vs. WAS,W,111,50.0,30,6.0,10,10,0.478,0.778,0.324,23.0,Los Angeles Lakers
0022400608,2025-01-21,22024,ORL @ TOR,L,93,48.0,16,5.0,2,14,0.412,0.737,0.29,-16.0,Orlando Magic
0022400608,2025-01-21,22024,TOR vs. ORL,W,109,42.0,29,7.0,6,12,0.534,0.643,0.542,16.0,Toronto Raptors
0022400610,2025-01-21,22024,WAS @ LAL,L,88,46.0,25,8.0,8,11,0.358,0.692,0.256,-23.0,Washington Wizards
0022400620,2025-01-22,22024,LAC vs. BOS,L,113,40.0,24,11.0,6,22,0.522,0.769,0.321,-4.0,Los Angeles Clippers
0022400618,2025-01-22,22024,OKC vs. UTA,W,123,39.0,20,15.0,4,10,0.463,0.92,0.308,9.0,Oklahoma City Thunder
0022400618,2025-01-22,22024,UTA @ OKC,L,114,52.0,25,3.0,6,27,0.467,0.667,0.378,-9.0,Utah Jazz
0022400614,2025-01-22,22024,DAL vs. MIN,L,114,38.0,24,5.0,4,13,0.5,0.842,0.276,-1.0,Dallas Mavericks
0022400615,2025-01-22,22024,HOU vs. CLE,W,109,53.0,25,8.0,5,22,0.44,0.7,0.441,1.0,Houston Rockets
0022400616,2025-01-22,22024,MEM vs. CHA,W,132,40.0,36,9.0,6,16,0.5,0.929,0.447,12.0,Memphis Grizzlies
0022400614,2025-01-22,22024,MIN @ DAL,W,115,39.0,26,10.0,8,11,0.457,0.882,0.379,1.0,Minnesota Timberwolves
0022400612,2025-01-22,22024,DET @ ATL,W,114,51.0,27,7.0,10,20,0.5,0.947,0.353,10.0,Detroit Pistons
0022400613,2025-01-22,22024,PHX @ BKN,W,108,48.0,28,9.0,1,11,0.477,0.769,0.341,24.0,Phoenix Suns
0022400613,2025-01-22,22024,BKN vs. PHX,L,84,52.0,16,8.0,1,16,0.374,0.643,0.194,-24.0,Brooklyn Nets
0022400620,2025-01-22,22024,BOS @ LAC,W,117,32.0,24,11.0,4,19,0.456,0.8,0.38,4.0,Boston Celtics
0022400615,2025-01-22,22024,CLE @ HOU,L,108,45.0,25,12.0,5,13,0.423,0.684,0.317,-1.0,Cleveland Cavaliers
0022400619,2025-01-22,22024,SAC vs. GSW,W,123,38.0,24,9.0,7,8,0.506,0.938,0.367,6.0,Sacramento Kings
0022400612,2025-01-22,22024,ATL vs. DET,L,104,47.0,25,14.0,3,13,0.379,0.769,0.158,-10.0,Atlanta Hawks
0022400616,2025-01-22,22024,CHA @ MEM,L,120,33.0,27,9.0,4,16,0.477,0.844,0.355,-12.0,Charlotte Hornets
0022400619,2025-01-22,22024,GSW @ SAC,L,117,44.0,31,5.0,2,19,0.467,0.692,0.458,-6.0,Golden State Warriors
0022400622,2025-01-23,22024,ORL vs. POR,L,79,44.0,17,9.0,6,19,0.342,0.677,0.24,-22.0,Orlando Magic
0022400983,2025-01-23,22024,WAS @ LAC,L,93,49.0,24,14.0,1,15,0.34,0.857,0.239,-17.0,Washington Wizards
0022400625,2025-01-23,22024,DAL @ OKC,W,121,43.0,25,9.0,3,20,0.527,0.806,0.452,6.0,Dallas Mavericks
0022400622,2025-01-23,22024,POR @ ORL,W,101,42.0,23,14.0,12,13,0.488,0.632,0.321,22.0,Portland Trail Blazers
0022400626,2025-01-23,22024,DEN vs. SAC,W,132,56.0,30,10.0,8,10,0.485,0.677,0.351,9.0,Denver Nuggets
0022400629,2025-01-23,22024,LAL vs. BOS,W,117,53.0,27,4.0,3,6,0.472,0.9,0.429,21.0,Los Angeles Lakers
0022400628,2025-01-23,22024,CHI @ GSW,L,106,42.0,22,7.0,2,11,0.391,0.815,0.4,-25.0,Chicago Bulls
0022400624,2025-01-23,22024,MIA @ MIL,L,96,50.0,26,3.0,3,10,0.37,0.762,0.235,-29.0,Miami Heat
0022400621,2025-01-23,22024,SAS @ IND,L,110,31.0,31,10.0,2,11,0.454,0.75,0.302,-30.0,Indiana Pacers
0022400626,2025-01-23,22024,SAC @ DEN,L,123,53.0,31,5.0,3,13,0.439,0.737,0.366,-9.0,Sacramento Kings
0022400623,2025-01-23,22024,ATL vs. TOR,L,119,36.0,30,11.0,2,14,0.483,0.733,0.351,-3.0,Atlanta Hawks
0022400624,2025-01-23,22024,MIL vs. MIA,W,125,55.0,32,5.0,6,6,0.469,0.75,0.45,29.0,Milwaukee Bucks
0022400628,2025-01-23,22024,GSW vs. CHI,W,131,52.0,37,3.0,6,10,0.451,1.0,0.439,25.0,Golden State Warriors
0022400983,2025-01-23,22024,LAC vs. WAS,W,110,55.0,29,10.0,7,18,0.455,0.944,0.342,17.0,Los Angeles Clippers
0022400629,2025-01-23,22024,BOS @ LAL,L,96,42.0,23,5.0,6,7,0.385,0.667,0.341,-21.0,Boston Celtics
0022400621,2025-01-23,22024,SAS @ IND,W,140,57.0,43,10.0,10,19,0.604,1.0,0.5,30.0,San Antonio Spurs
0022400623,2025-01-23,22024,TOR @ ATL,W,122,39.0,32,10.0,2,19,0.58,0.792,0.429,3.0,Toronto Raptors
0022400625,2025-01-23,22024,OKC vs. DAL,L,115,33.0,26,9.0,4,12,0.477,0.727,0.405,-6.0,Oklahoma City Thunder
0022400632,2025-01-24,22024,NOP @ MEM,L,126,35.0,30,6.0,3,12,0.542,0.688,0.412,-13.0,New Orleans Pelicans
0022400632,2025-01-24,22024,MEM vs. NOP,W,139,43.0,38,8.0,4,12,0.554,1.0,0.452,13.0,Memphis Grizzlies
0022400631,2025-01-24,22024,CLE @ PHI,L,129,37.0,30,10.0,5,16,0.5,0.737,0.481,-3.0,Cleveland Cavaliers
0022400630,2025-01-24,22024,CHA vs. POR,L,97,46.0,20,9.0,6,16,0.376,0.857,0.29,-5.0,Charlotte Hornets
0022400631,2025-01-24,22024,PHI vs. CLE,W,132,43.0,23,9.0,6,18,0.506,0.852,0.538,3.0,Philadelphia 76ers
0022400630,2025-01-24,22024,POR @ CHA,W,102,47.0,17,12.0,6,16,0.405,0.692,0.289,5.0,Portland Trail Blazers
0022400644,2025-01-25,22024,LAL @ GSW,W,118,42.0,29,8.0,2,12,0.547,0.824,0.345,10.0,Los Angeles Lakers
0022400642,2025-01-25,22024,CHI vs. PHI,L,97,54.0,24,6.0,3,19,0.424,0.65,0.316,-12.0,Chicago Bulls
0022400635,2025-01-25,22024,BOS @ DAL,W,122,51.0,33,4.0,5,5,0.427,0.737,0.385,15.0,Boston Celtics
0022400646,2025-01-25,22024,MIL @ LAC,L,117,42.0,24,2.0,5,13,0.468,0.882,0.371,-10.0,Milwaukee Bucks
0022400645,2025-01-25,22024,PHX vs. WAS,W,119,53.0,23,4.0,4,10,0.444,0.929,0.325,10.0,Phoenix Suns
0022400636,2025-01-25,22024,BKN vs. MIA,L,97,35.0,23,11.0,5,14,0.375,0.885,0.35,-9.0,Brooklyn Nets
0022400639,2025-01-25,22024,TOR @ ATL,W,117,51.0,31,11.0,7,21,0.467,0.88,0.367,23.0,Toronto Raptors
0022400633,2025-01-25,22024,IND @ SAS,L,98,44.0,22,9.0,5,22,0.412,0.68,0.344,-38.0,San Antonio Spurs
0022400640,2025-01-25,22024,HOU @ CLE,W,135,45.0,26,5.0,4,11,0.549,0.711,0.464,4.0,Houston Rockets
0022400634,2025-01-25,22024,MIN vs. DEN,W,133,45.0,38,14.0,4,16,0.558,0.867,0.467,29.0,Minnesota Timberwolves
0022400646,2025-01-25,22024,LAC vs. MIL,W,127,47.0,19,8.0,3,6,0.454,1.0,0.324,10.0,Los Angeles Clippers
0022400638,2025-01-25,22024,ORL vs. DET,W,121,40.0,22,8.0,4,14,0.482,0.684,0.455,8.0,Orlando Magic
0022400641,2025-01-25,22024,NYK vs. SAC,W,143,53.0,40,9.0,4,11,0.495,0.957,0.472,23.0,New York Knicks
0022400645,2025-01-25,22024,WAS @ PHX,L,109,37.0,28,8.0,5,8,0.467,0.778,0.439,-10.0,Washington Wizards
0022400643,2025-01-25,22024,UTA @ MEM,L,103,40.0,27,8.0,5,17,0.424,0.813,0.255,-22.0,Utah Jazz
0022400634,2025-01-25,22024,DEN @ MIN,L,104,36.0,32,7.0,3,19,0.489,0.538,0.344,-29.0,Denver Nuggets
0022400640,2025-01-25,22024,CLE vs. HOU,L,131,40.0,28,4.0,5,11,0.516,0.769,0.436,-4.0,Cleveland Cavaliers
0022400639,2025-01-25,22024,ATL vs. TOR,L,94,43.0,28,14.0,5,22,0.393,0.68,0.297,-23.0,Atlanta Hawks
0022400644,2025-01-25,22024,GSW vs. LAL,L,108,38.0,30,10.0,0,11,0.461,0.625,0.348,-10.0,Golden State Warriors
0022400637,2025-01-25,22024,CHA vs. NOP,W,123,48.0,28,11.0,5,14,0.5,0.72,0.42,31.0,Charlotte Hornets
0022400642,2025-01-25,22024,PHI @ CHI,W,109,40.0,23,10.0,4,8,0.457,0.706,0.289,12.0,Philadelphia 76ers
0022400637,2025-01-25,22024,NOP @ CHA,L,92,39.0,21,8.0,5,13,0.381,0.769,0.258,-31.0,New Orleans Pelicans
0022400635,2025-01-25,22024,DAL vs. BOS,L,107,49.0,18,2.0,8,12,0.443,0.75,0.364,-15.0,Dallas Mavericks
0022400638,2025-01-25,22024,DET @ ORL,L,113,41.0,22,11.0,5,16,0.465,0.821,0.4,-8.0,Detroit Pistons
0022400643,2025-01-25,22024,MEM vs. UTA,W,125,45.0,28,10.0,9,16,0.512,0.735,0.368,22.0,Memphis Grizzlies
0022400633,2025-01-25,22024,IND @ SAS,W,136,50.0,32,14.0,9,10,0.52,0.929,0.436,38.0,Indiana Pacers
0022400641,2025-01-25,22024,SAC @ NYK,L,120,38.0,33,5.0,5,12,0.484,0.875,0.389,-23.0,Sacramento Kings
0022400636,2025-01-25,22024,MIA @ BKN,W,106,51.0,22,9.0,6,22,0.443,0.958,0.464,9.0,Miami Heat
0022400647,2025-01-26,22024,OKC @ POR,W,118,43.0,24,7.0,3,7,0.472,0.828,0.333,10.0,Oklahoma City Thunder
0022400647,2025-01-26,22024,POR vs. OKC,L,108,44.0,21,2.0,6,15,0.407,0.857,0.45,-10.0,Portland Trail Blazers
0022400650,2025-01-27,22024,BOS vs. HOU,L,112,41.0,21,4.0,4,14,0.488,0.95,0.385,-2.0,Boston Celtics
0022400658,2025-01-27,22024,MIL @ UTA,W,125,46.0,33,6.0,5,12,0.605,0.529,0.353,15.0,Milwaukee Bucks
0022400652,2025-01-27,22024,MIA vs. ORL,W,125,43.0,34,9.0,2,16,0.522,0.667,0.366,6.0,Miami Heat
0022400655,2025-01-27,22024,DEN @ CHI,L,121,42.0,36,13.0,5,14,0.52,1.0,0.222,-8.0,Denver Nuggets
0022400654,2025-01-27,22024,NOP @ TOR,L,104,46.0,21,9.0,11,12,0.438,0.667,0.214,-9.0,New Orleans Pelicans
0022400651,2025-01-27,22024,SAC @ BKN,W,110,44.0,31,7.0,4,17,0.549,0.647,0.321,14.0,Sacramento Kings
0022400650,2025-01-27,22024,HOU @ BOS,W,114,39.0,29,7.0,1,7,0.446,0.714,0.415,2.0,Houston Rockets
0022400656,2025-01-27,22024,ATL @ MIN,L,92,51.0,24,10.0,3,21,0.395,0.667,0.279,-8.0,Atlanta Hawks
0022400649,2025-01-27,22024,CLE vs. DET,W,110,53.0,28,5.0,4,9,0.44,0.783,0.273,19.0,Cleveland Cavaliers
0022400659,2025-01-27,22024,PHX vs. LAC,W,111,39.0,23,10.0,5,17,0.471,0.818,0.468,2.0,Phoenix Suns
0022400648,2025-01-27,22024,LAL @ CHA,W,112,48.0,22,9.0,5,16,0.512,0.75,0.214,5.0,Los Angeles Lakers
0022400656,2025-01-27,22024,MIN vs. ATL,W,100,51.0,18,13.0,4,16,0.395,0.69,0.3,8.0,Minnesota Timberwolves
0022400657,2025-01-27,22024,DAL vs. WAS,W,130,51.0,39,5.0,7,11,0.533,0.706,0.444,22.0,Dallas Mavericks
0022400653,2025-01-27,22024,NYK vs. MEM,W,143,46.0,32,20.0,7,10,0.519,0.778,0.386,37.0,New York Knicks
0022400652,2025-01-27,22024,ORL @ MIA,L,119,47.0,32,9.0,4,14,0.459,0.6,0.359,-6.0,Orlando Magic
0022400658,2025-01-27,22024,UTA vs. MIL,L,110,46.0,28,8.0,1,10,0.41,0.769,0.333,-15.0,Utah Jazz
0022400649,2025-01-27,22024,DET @ CLE,L,91,45.0,24,6.0,4,10,0.385,0.636,0.278,-19.0,Detroit Pistons
0022400655,2025-01-27,22024,CHI vs. DEN,W,129,47.0,35,11.0,5,17,0.5,0.875,0.453,8.0,Chicago Bulls
0022400659,2025-01-27,22024,LAC @ PHX,L,109,42.0,22,12.0,5,15,0.494,0.85,0.313,-2.0,Los Angeles Clippers
0022400651,2025-01-27,22024,BKN vs. SAC,L,96,39.0,19,9.0,3,14,0.366,0.867,0.278,-14.0,Brooklyn Nets
0022400654,2025-01-27,22024,TOR vs. NOP,W,113,54.0,31,8.0,5,13,0.43,0.783,0.273,9.0,Toronto Raptors
0022400648,2025-01-27,22024,CHA vs. LAL,L,107,34.0,26,11.0,3,14,0.448,0.833,0.389,-5.0,Charlotte Hornets
0022400653,2025-01-27,22024,MEM @ NYK,L,106,47.0,21,5.0,9,26,0.451,0.882,0.375,-37.0,Memphis Grizzlies
0022400657,2025-01-27,22024,WAS @ DAL,L,108,45.0,23,5.0,3,11,0.416,0.765,0.297,-22.0,Washington Wizards
0022400660,2025-01-28,22024,PHI vs. LAL,W,118,43.0,20,14.0,4,9,0.473,0.84,0.324,14.0,Philadelphia 76ers
0022400532,2025-01-28,22024,ATL vs. HOU,L,96,40.0,19,11.0,5,16,0.404,0.813,0.234,-4.0,Atlanta Hawks
0022400660,2025-01-28,22024,LAL @ PHI,L,104,39.0,25,5.0,3,22,0.514,0.87,0.303,-14.0,Los Angeles Lakers
0022400661,2025-01-28,22024,UTA @ GSW,L,103,39.0,30,4.0,6,15,0.513,0.708,0.308,-11.0,Utah Jazz
0022400662,2025-01-28,22024,MIL @ POR,L,112,36.0,26,8.0,2,11,0.506,0.722,0.314,-13.0,Milwaukee Bucks
0022400662,2025-01-28,22024,POR vs. MIL,W,125,52.0,26,6.0,2,13,0.511,0.821,0.429,13.0,Portland Trail Blazers
0022400532,2025-01-28,22024,HOU @ ATL,W,100,44.0,19,12.0,4,21,0.468,0.95,0.233,4.0,Houston Rockets
0022400661,2025-01-28,22024,GSW vs. UTA,W,114,47.0,29,8.0,4,9,0.391,0.806,0.347,11.0,Golden State Warriors
0022400667,2025-01-29,22024,CLE @ MIA,W,126,47.0,29,10.0,2,7,0.54,0.833,0.31,20.0,Cleveland Cavaliers
0022400673,2025-01-29,22024,OKC @ GSW,L,109,50.0,21,8.0,3,11,0.404,0.8,0.231,-7.0,Oklahoma City Thunder
0022400671,2025-01-29,22024,SAS vs. LAC,L,116,30.0,27,11.0,5,9,0.483,0.72,0.333,-12.0,San Antonio Spurs
0022400666,2025-01-29,22024,BOS vs. CHI,W,122,45.0,32,9.0,3,8,0.471,0.815,0.409,22.0,Boston Celtics
0022400666,2025-01-29,22024,CHI @ BOS,L,100,47.0,28,3.0,7,14,0.402,0.917,0.306,-22.0,Chicago Bulls
0022400672,2025-01-29,22024,MIN @ PHX,W,121,34.0,26,8.0,6,14,0.56,0.889,0.448,8.0,Minnesota Timberwolves
0022400672,2025-01-29,22024,PHX vs. MIN,L,113,36.0,30,7.0,6,15,0.506,0.75,0.375,-8.0,Phoenix Suns
0022400664,2025-01-29,22024,IND vs. DET,W,133,36.0,28,7.0,5,13,0.568,0.71,0.5,14.0,Indiana Pacers
0022400670,2025-01-29,22024,NOP vs. DAL,L,136,36.0,31,13.0,6,8,0.531,0.864,0.484,-1.0,New Orleans Pelicans
0022400664,2025-01-29,22024,DET @ IND,L,119,41.0,26,7.0,3,12,0.494,0.731,0.353,-14.0,Detroit Pistons
0022400667,2025-01-29,22024,MIA vs. CLE,L,106,35.0,27,4.0,4,12,0.47,0.867,0.349,-20.0,Miami Heat
0022400669,2025-01-29,22024,PHI vs. SAC,W,117,35.0,30,8.0,1,9,0.524,0.864,0.414,13.0,Philadelphia 76ers
0022400663,2025-01-29,22024,BKN @ CHA,W,104,40.0,27,11.0,8,8,0.488,0.8,0.313,21.0,Brooklyn Nets
0022400671,2025-01-29,22024,LAC @ SAS,W,128,57.0,26,7.0,3,15,0.527,0.87,0.5,12.0,Los Angeles Clippers
0022400665,2025-01-29,22024,TOR @ WAS,W,106,36.0,31,12.0,3,14,0.477,0.733,0.355,24.0,Toronto Raptors
0022400669,2025-01-29,22024,SAC @ PHI,L,104,46.0,34,5.0,1,12,0.444,0.824,0.244,-13.0,Sacramento Kings
0022400668,2025-01-29,22024,DEN @ NYK,L,112,47.0,21,3.0,5,14,0.488,0.87,0.357,-10.0,Denver Nuggets
0022400665,2025-01-29,22024,WAS vs. TOR,L,82,43.0,17,6.0,5,25,0.389,0.724,0.167,-24.0,Washington Wizards
0022400663,2025-01-29,22024,CHA vs. BKN,L,83,52.0,18,6.0,7,17,0.337,0.68,0.286,-21.0,Charlotte Hornets
0022400673,2025-01-29,22024,GSW vs. OKC,W,116,42.0,30,6.0,7,15,0.494,0.821,0.342,7.0,Golden State Warriors
0022400670,2025-01-29,22024,DAL @ NOP,W,137,51.0,30,6.0,6,18,0.542,0.765,0.465,1.0,Dallas Mavericks
0022400668,2025-01-29,22024,NYK vs. DEN,W,122,35.0,33,7.0,2,5,0.516,0.667,0.412,10.0,New York Knicks
0022400676,2025-01-30,22024,MEM vs. HOU,W,120,37.0,23,7.0,6,11,0.516,0.75,0.321,1.0,Memphis Grizzlies
0022400678,2025-01-30,22024,POR vs. ORL,W,119,38.0,23,7.0,5,12,0.526,0.806,0.48,29.0,Portland Trail Blazers
0022400676,2025-01-30,22024,HOU @ MEM,L,119,45.0,22,6.0,5,12,0.433,0.786,0.406,-1.0,Houston Rockets
0022400677,2025-01-30,22024,UTA vs. MIN,L,113,23.0,21,6.0,4,15,0.506,0.84,0.412,-25.0,Utah Jazz
0022400678,2025-01-30,22024,ORL @ POR,L,90,33.0,14,8.0,6,13,0.42,0.85,0.192,-29.0,Orlando Magic
0022400677,2025-01-30,22024,MIN @ UTA,W,138,39.0,38,5.0,9,12,0.598,0.792,0.553,25.0,Minnesota Timberwolves
0022400675,2025-01-30,22024,CLE vs. ATL,W,137,49.0,34,9.0,3,11,0.582,0.9,0.333,22.0,Cleveland Cavaliers
0022400675,2025-01-30,22024,ATL @ CLE,L,115,36.0,28,10.0,1,11,0.456,0.741,0.333,-22.0,Atlanta Hawks
0022400674,2025-01-30,22024,LAL @ WAS,W,134,48.0,31,9.0,6,11,0.544,0.955,0.469,38.0,Los Angeles Lakers
0022400674,2025-01-30,22024,WAS vs. LAL,L,96,38.0,18,4.0,6,13,0.319,0.824,0.227,-38.0,Washington Wizards
0022400682,2025-01-31,22024,CHI @ TOR,W,122,52.0,34,4.0,9,10,0.506,0.824,0.45,16.0,Chicago Bulls
0022400683,2025-01-31,22024,NOP vs. BOS,L,116,48.0,16,7.0,2,18,0.489,0.684,0.405,-2.0,New Orleans Pelicans
0022400680,2025-01-31,22024,DET vs. DAL,W,117,47.0,18,13.0,6,6,0.443,0.875,0.257,15.0,Detroit Pistons
0022400681,2025-01-31,22024,DEN @ PHI,W,137,35.0,39,7.0,2,19,0.659,0.944,0.522,3.0,Denver Nuggets
0022400679,2025-01-31,22024,LAC @ CHA,W,112,45.0,26,7.0,4,16,0.543,0.65,0.393,8.0,Los Angeles Clippers
0022400681,2025-01-31,22024,PHI vs. DEN,L,134,27.0,29,12.0,3,11,0.556,0.813,0.525,-3.0,Philadelphia 76ers
0022400684,2025-01-31,22024,MIL @ SAS,L,118,47.0,24,3.0,8,10,0.43,0.769,0.324,-26.0,Milwaukee Bucks
0022400679,2025-01-31,22024,CHA vs. LAC,L,104,42.0,18,11.0,3,9,0.438,0.867,0.233,-8.0,Charlotte Hornets
0022400680,2025-01-31,22024,DAL @ DET,L,102,46.0,20,4.0,13,16,0.425,0.81,0.333,-15.0,Dallas Mavericks
0022400683,2025-01-31,22024,BOS @ NOP,W,118,35.0,32,12.0,7,13,0.5,0.692,0.39,2.0,Boston Celtics
0022400685,2025-01-31,22024,PHX @ GSW,W,130,48.0,41,7.0,7,14,0.562,0.688,0.487,25.0,Phoenix Suns
0022400684,2025-01-31,22024,SAS vs. MIL,W,144,53.0,37,7.0,11,4,0.49,0.8,0.48,26.0,San Antonio Spurs
0022400685,2025-01-31,22024,GSW vs. PHX,L,105,49.0,26,11.0,6,12,0.375,0.68,0.364,-25.0,Golden State Warriors
0022400682,2025-01-31,22024,TOR vs. CHI,L,106,44.0,27,6.0,8,7,0.424,0.667,0.333,-16.0,Toronto Raptors
0022400692,2025-02-01,22024,NYK vs. LAL,L,112,44.0,33,7.0,3,14,0.463,0.737,0.357,-16.0,New York Knicks
0022400691,2025-02-01,22024,OKC vs. SAC,W,144,70.0,37,5.0,6,11,0.533,0.688,0.413,34.0,Oklahoma City Thunder
0022400689,2025-02-01,22024,HOU vs. BKN,L,98,44.0,18,6.0,6,10,0.4,0.667,0.308,-12.0,Houston Rockets
0022400690,2025-02-01,22024,MIN vs. WAS,L,103,47.0,29,10.0,3,14,0.409,0.833,0.3,-2.0,Minnesota Timberwolves
0022400690,2025-02-01,22024,WAS @ MIN,W,105,44.0,26,7.0,6,16,0.458,0.824,0.455,2.0,Washington Wizards
0022400687,2025-02-01,22024,UTA vs. ORL,W,113,51.0,26,5.0,7,16,0.464,0.875,0.4,14.0,Utah Jazz
0022400693,2025-02-01,22024,SAS vs. MIA,L,103,48.0,27,8.0,3,10,0.418,0.714,0.333,-2.0,San Antonio Spurs
0022400693,2025-02-01,22024,MIA @ SAS,W,105,52.0,30,7.0,5,13,0.461,0.588,0.31,2.0,Miami Heat
0022400687,2025-02-01,22024,ORL @ UTA,L,99,43.0,19,9.0,7,8,0.33,0.857,0.22,-14.0,Orlando Magic
0022400686,2025-02-01,22024,IND vs. ATL,W,132,41.0,35,6.0,5,11,0.544,0.88,0.364,5.0,Indiana Pacers
0022400686,2025-02-01,22024,ATL @ IND,L,127,44.0,31,6.0,4,12,0.5,0.719,0.378,-5.0,Atlanta Hawks
0022400694,2025-02-01,22024,POR vs. PHX,W,127,43.0,24,11.0,5,9,0.517,0.839,0.29,19.0,Portland Trail Blazers
0022400688,2025-02-01,22024,DEN @ CHA,W,107,43.0,29,9.0,9,11,0.466,0.9,0.189,3.0,Denver Nuggets
0022400692,2025-02-01,22024,LAL @ NYK,W,128,37.0,26,9.0,4,15,0.58,0.833,0.475,16.0,Los Angeles Lakers
0022400689,2025-02-01,22024,BKN @ HOU,W,110,46.0,24,5.0,8,10,0.494,0.667,0.37,12.0,Brooklyn Nets
0022400694,2025-02-01,22024,PHX @ POR,L,108,37.0,21,5.0,2,18,0.452,0.846,0.303,-19.0,Phoenix Suns
0022400688,2025-02-01,22024,CHA vs. DEN,L,104,51.0,31,5.0,6,12,0.432,0.765,0.346,-3.0,Charlotte Hornets
0022400691,2025-02-01,22024,SAC @ OKC,L,110,37.0,25,8.0,5,7,0.4,0.731,0.25,-34.0,Sacramento Kings
0022400695,2025-02-02,22024,CHI @ DET,L,119,44.0,28,7.0,4,19,0.461,0.9,0.365,-8.0,Chicago Bulls
0022400696,2025-02-02,22024,CLE vs. DAL,W,144,51.0,39,7.0,8,8,0.57,0.75,0.578,43.0,Cleveland Cavaliers
0022400699,2025-02-02,22024,MIL vs. MEM,L,119,36.0,32,7.0,5,13,0.484,0.579,0.444,-13.0,Milwaukee Bucks
0022400698,2025-02-02,22024,PHI vs. BOS,L,110,46.0,20,7.0,2,10,0.451,0.75,0.469,-8.0,Philadelphia 76ers
0022400697,2025-02-02,22024,TOR vs. LAC,W,115,43.0,31,6.0,6,12,0.518,0.875,0.52,7.0,Toronto Raptors
0022400697,2025-02-02,22024,LAC @ TOR,L,108,41.0,21,6.0,7,10,0.466,0.81,0.321,-7.0,Los Angeles Clippers
0022400695,2025-02-02,22024,DET vs. CHI,W,127,42.0,38,14.0,5,11,0.545,0.692,0.333,8.0,Detroit Pistons
0022400698,2025-02-02,22024,BOS @ PHI,W,118,38.0,34,3.0,8,9,0.5,0.813,0.429,8.0,Boston Celtics
0022400699,2025-02-02,22024,MEM @ MIL,W,132,61.0,37,9.0,5,11,0.486,0.636,0.359,13.0,Memphis Grizzlies
0022400696,2025-02-02,22024,DAL @ CLE,L,101,45.0,22,6.0,3,9,0.388,0.8,0.209,-43.0,Dallas Mavericks
0022400706,2025-02-03,22024,DEN vs. NOP,W,125,46.0,28,7.0,6,5,0.5,0.808,0.364,12.0,Denver Nuggets
0022400704,2025-02-03,22024,SAC @ MIN,W,116,47.0,23,7.0,6,10,0.489,0.8,0.417,2.0,Sacramento Kings
0022400705,2025-02-03,22024,MIL @ OKC,L,96,37.0,24,12.0,3,14,0.376,0.619,0.333,-29.0,Milwaukee Bucks
0022400706,2025-02-03,22024,NOP @ DEN,L,113,41.0,27,5.0,4,10,0.432,0.864,0.474,-12.0,New Orleans Pelicans
0022400709,2025-02-03,22024,PHX @ POR,L,119,43.0,28,12.0,5,14,0.471,0.857,0.357,-2.0,Phoenix Suns
0022400708,2025-02-03,22024,ORL @ GSW,L,99,52.0,23,8.0,2,11,0.434,0.5,0.25,-5.0,Orlando Magic
0022400708,2025-02-03,22024,GSW vs. ORL,W,104,44.0,25,9.0,0,13,0.436,0.706,0.308,5.0,Golden State Warriors
0022400702,2025-02-03,22024,HOU @ NYK,L,118,50.0,27,8.0,6,15,0.462,0.933,0.286,-6.0,Houston Rockets
0022400709,2025-02-03,22024,POR vs. PHX,W,121,48.0,30,6.0,2,12,0.449,0.833,0.4,2.0,Portland Trail Blazers
0022400703,2025-02-03,22024,MEM vs. SAS,W,128,47.0,33,17.0,5,15,0.485,0.9,0.389,19.0,Memphis Grizzlies
0022400703,2025-02-03,22024,SAS @ MEM,L,109,48.0,31,8.0,2,23,0.451,0.75,0.333,-19.0,San Antonio Spurs
0022400705,2025-02-03,22024,OKC vs. MIL,W,125,55.0,28,9.0,5,17,0.515,0.875,0.39,29.0,Oklahoma City Thunder
0022400704,2025-02-03,22024,MIN vs. SAC,L,114,36.0,28,5.0,8,8,0.457,1.0,0.3,-2.0,Minnesota Timberwolves
0022400700,2025-02-03,22024,CHA vs. WAS,L,114,46.0,26,4.0,1,10,0.438,0.893,0.379,-10.0,Charlotte Hornets
0022400701,2025-02-03,22024,DET vs. ATL,L,130,41.0,31,7.0,2,14,0.518,0.921,0.333,-2.0,Detroit Pistons
0022400707,2025-02-03,22024,UTA vs. IND,L,111,60.0,31,5.0,4,18,0.429,0.667,0.351,-1.0,Utah Jazz
0022400701,2025-02-03,22024,ATL @ DET,W,132,37.0,27,8.0,7,12,0.519,0.821,0.432,2.0,Atlanta Hawks
0022400700,2025-02-03,22024,WAS @ CHA,W,124,54.0,29,6.0,5,10,0.444,0.826,0.333,10.0,Washington Wizards
0022400702,2025-02-03,22024,NYK vs. HOU,W,124,40.0,24,9.0,5,11,0.505,0.8,0.231,6.0,New York Knicks
0022400707,2025-02-03,22024,IND @ UTA,W,112,37.0,32,13.0,10,9,0.473,0.8,0.238,1.0,Indiana Pacers
0022400713,2025-02-04,22024,NYK @ TOR,W,121,43.0,26,10.0,4,11,0.5,0.826,0.32,6.0,New York Knicks
0022400710,2025-02-04,22024,CLE vs. BOS,L,105,51.0,18,6.0,1,13,0.396,0.846,0.282,-7.0,Cleveland Cavaliers
0022400712,2025-02-04,22024,PHI vs. DAL,W,118,34.0,37,5.0,4,12,0.547,0.684,0.333,2.0,Philadelphia 76ers
0022400715,2025-02-04,22024,LAC vs. LAL,L,97,36.0,30,9.0,5,9,0.382,0.895,0.293,-25.0,Los Angeles Clippers
0022400712,2025-02-04,22024,DAL @ PHI,L,116,44.0,24,8.0,4,12,0.471,0.806,0.333,-2.0,Dallas Mavericks
0022400713,2025-02-04,22024,TOR vs. NYK,L,115,34.0,27,7.0,4,14,0.524,0.947,0.379,-6.0,Toronto Raptors
0022400714,2025-02-04,22024,MIA @ CHI,L,124,44.0,29,4.0,3,13,0.478,0.808,0.386,-9.0,Miami Heat
0022400715,2025-02-04,22024,LAL @ LAC,W,122,50.0,33,7.0,3,14,0.556,0.609,0.486,25.0,Los Angeles Lakers
0022400716,2025-02-04,22024,POR vs. IND,W,112,51.0,23,8.0,4,18,0.446,0.941,0.378,23.0,Portland Trail Blazers
0022400711,2025-02-04,22024,BKN vs. HOU,W,99,39.0,26,10.0,9,13,0.463,0.765,0.37,2.0,Brooklyn Nets
0022400711,2025-02-04,22024,HOU @ BKN,L,97,45.0,23,6.0,6,16,0.41,0.667,0.344,-2.0,Houston Rockets
0022400714,2025-02-04,22024,CHI vs. MIA,W,133,43.0,35,4.0,3,10,0.527,0.818,0.463,9.0,Chicago Bulls
0022400716,2025-02-04,22024,IND @ POR,L,89,39.0,25,11.0,6,19,0.42,0.762,0.208,-23.0,Indiana Pacers
0022400710,2025-02-04,22024,BOS @ CLE,W,112,53.0,26,10.0,6,12,0.408,0.833,0.354,7.0,Boston Celtics
0022400725,2025-02-05,22024,UTA vs. GSW,W,131,48.0,30,5.0,5,12,0.522,0.815,0.351,3.0,Utah Jazz
0022400723,2025-02-05,22024,MIN vs. CHI,W,127,59.0,27,6.0,8,11,0.429,0.821,0.426,19.0,Minnesota Timberwolves
0022400717,2025-02-05,22024,MIL @ CHA,W,112,44.0,26,6.0,4,9,0.506,0.923,0.429,10.0,Milwaukee Bucks
0022400724,2025-02-05,22024,PHX @ OKC,L,109,35.0,24,3.0,2,18,0.471,0.879,0.389,-31.0,Phoenix Suns
0022400725,2025-02-05,22024,GSW @ UTA,L,128,41.0,33,6.0,4,9,0.46,0.704,0.354,-3.0,Golden State Warriors
0022400718,2025-02-05,22024,DET vs. CLE,L,115,45.0,22,13.0,5,11,0.398,0.893,0.324,-3.0,Detroit Pistons
0022400722,2025-02-05,22024,TOR vs. MEM,L,107,34.0,28,11.0,3,9,0.398,0.895,0.286,-31.0,Toronto Raptors
0022400727,2025-02-05,22024,SAC vs. ORL,L,111,37.0,23,6.0,4,17,0.5,0.75,0.37,-19.0,Sacramento Kings
0022400718,2025-02-05,22024,CLE @ DET,W,118,46.0,28,6.0,7,23,0.482,0.833,0.421,3.0,Cleveland Cavaliers
0022400724,2025-02-05,22024,OKC vs. PHX,W,140,46.0,24,15.0,4,5,0.51,0.889,0.286,31.0,Oklahoma City Thunder
0022400719,2025-02-05,22024,ATL vs. SAS,L,125,45.0,33,5.0,5,20,0.527,0.722,0.381,-1.0,Atlanta Hawks
0022400720,2025-02-05,22024,BKN vs. WAS,L,102,37.0,26,7.0,3,10,0.434,0.739,0.342,-17.0,Brooklyn Nets
0022400719,2025-02-05,22024,SAS @ ATL,W,126,41.0,36,16.0,3,10,0.505,0.75,0.324,1.0,San Antonio Spurs
0022400722,2025-02-05,22024,MEM @ TOR,W,138,61.0,22,7.0,5,16,0.528,0.737,0.421,31.0,Memphis Grizzlies
0022400726,2025-02-05,22024,DEN vs. NOP,W,144,51.0,40,9.0,4,7,0.57,0.933,0.372,25.0,Denver Nuggets
0022400721,2025-02-05,22024,PHI vs. MIA,L,101,39.0,22,14.0,4,4,0.385,0.75,0.3,-7.0,Philadelphia 76ers
0022400721,2025-02-05,22024,MIA @ PHI,W,108,54.0,25,3.0,4,22,0.47,0.8,0.412,7.0,Miami Heat
0022400717,2025-02-05,22024,CHA vs. MIL,L,102,41.0,21,4.0,1,8,0.432,0.75,0.324,-10.0,Charlotte Hornets
0022400723,2025-02-05,22024,CHI @ MIN,L,108,34.0,25,9.0,5,9,0.482,0.727,0.333,-19.0,Chicago Bulls
0022400727,2025-02-05,22024,ORL @ SAC,W,130,35.0,30,8.0,3,8,0.568,0.933,0.516,19.0,Orlando Magic
0022400726,2025-02-05,22024,NOP @ DEN,L,119,38.0,26,5.0,3,11,0.462,0.885,0.345,-25.0,New Orleans Pelicans
0022400720,2025-02-05,22024,WAS @ BKN,W,119,40.0,40,6.0,3,14,0.543,0.786,0.465,17.0,Washington Wizards
0022400733,2025-02-06,22024,LAC vs. IND,L,112,48.0,25,5.0,4,19,0.466,0.722,0.425,-7.0,Los Angeles Clippers
0022400728,2025-02-06,22024,BOS vs. DAL,L,120,40.0,30,2.0,6,14,0.517,0.8,0.432,-7.0,Boston Celtics
0022400733,2025-02-06,22024,IND @ LAC,W,119,46.0,31,13.0,3,7,0.453,0.833,0.333,7.0,Indiana Pacers
0022400731,2025-02-06,22024,LAL vs. GSW,W,120,47.0,26,9.0,5,13,0.5,0.806,0.371,8.0,Los Angeles Lakers
0022400731,2025-02-06,22024,GSW @ LAL,L,112,40.0,29,8.0,2,12,0.406,0.7,0.302,-8.0,Golden State Warriors
0022400729,2025-02-06,22024,HOU @ MIN,L,114,39.0,26,12.0,7,10,0.488,0.714,0.387,-13.0,Houston Rockets
0022400729,2025-02-06,22024,MIN vs. HOU,W,127,47.0,23,5.0,6,13,0.479,0.875,0.41,13.0,Minnesota Timberwolves
0022400732,2025-02-06,22024,SAC @ POR,L,102,47.0,21,8.0,6,10,0.42,0.818,0.333,-6.0,Sacramento Kings
0022400730,2025-02-06,22024,DEN vs. ORL,W,112,52.0,33,7.0,4,18,0.53,0.571,0.4,22.0,Denver Nuggets
0022400730,2025-02-06,22024,ORL @ DEN,L,90,40.0,21,10.0,8,13,0.369,0.767,0.161,-22.0,Orlando Magic
0022400728,2025-02-06,22024,DAL @ BOS,W,127,35.0,32,9.0,4,8,0.557,0.778,0.455,7.0,Dallas Mavericks
0022400732,2025-02-06,22024,POR vs. SAC,W,108,47.0,25,5.0,7,13,0.433,0.778,0.4,6.0,Portland Trail Blazers
0022400740,2025-02-07,22024,PHX vs. UTA,W,135,49.0,31,6.0,15,7,0.452,0.905,0.393,8.0,Phoenix Suns
0022400739,2025-02-07,22024,TOR @ OKC,L,109,42.0,31,9.0,6,12,0.429,0.632,0.463,-12.0,Toronto Raptors
0022400736,2025-02-07,22024,MIL @ ATL,L,110,43.0,28,5.0,3,10,0.427,0.9,0.38,-5.0,Milwaukee Bucks
0022400737,2025-02-07,22024,BKN vs. MIA,W,102,57.0,17,8.0,13,14,0.419,0.778,0.27,16.0,Brooklyn Nets
0022400737,2025-02-07,22024,MIA @ BKN,L,86,39.0,23,9.0,5,14,0.356,0.833,0.3,-16.0,Miami Heat
0022400735,2025-02-07,22024,CLE @ WAS,W,134,46.0,32,9.0,3,14,0.511,0.917,0.421,10.0,Cleveland Cavaliers
0022400735,2025-02-07,22024,WAS vs. CLE,L,124,40.0,25,8.0,2,13,0.489,0.64,0.364,-10.0,Washington Wizards
0022400738,2025-02-07,22024,PHI @ DET,L,112,38.0,26,7.0,7,13,0.494,0.85,0.419,-13.0,Philadelphia 76ers
0022400734,2025-02-07,22024,CHA vs. SAS,W,117,53.0,33,4.0,4,11,0.465,1.0,0.447,1.0,Charlotte Hornets
0022400738,2025-02-07,22024,DET vs. PHI,W,125,56.0,32,7.0,4,14,0.454,0.769,0.386,13.0,Detroit Pistons
0022400739,2025-02-07,22024,OKC vs. TOR,W,121,44.0,26,10.0,7,12,0.512,0.839,0.29,12.0,Oklahoma City Thunder
0022400740,2025-02-07,22024,UTA @ PHX,L,127,63.0,29,5.0,7,10,0.41,0.9,0.271,-8.0,Utah Jazz
0022400734,2025-02-07,22024,SAS @ CHA,L,116,38.0,25,8.0,5,8,0.457,0.833,0.308,-1.0,San Antonio Spurs
0022400736,2025-02-07,22024,ATL vs. MIL,W,115,52.0,29,6.0,6,11,0.489,0.667,0.361,5.0,Atlanta Hawks
0022400748,2025-02-08,22024,NYK vs. BOS,L,104,30.0,16,9.0,1,9,0.422,0.862,0.375,-27.0,New York Knicks
0022400750,2025-02-08,22024,SAC vs. NOP,W,123,51.0,24,10.0,7,18,0.473,0.788,0.268,5.0,Sacramento Kings
0022400743,2025-02-08,22024,ORL vs. SAS,W,112,45.0,19,10.0,1,14,0.511,0.6,0.333,1.0,Orlando Magic
0022400741,2025-02-08,22024,DAL vs. HOU,W,116,43.0,22,4.0,18,5,0.47,0.765,0.522,11.0,Dallas Mavericks
0022400746,2025-02-08,22024,OKC @ MEM,W,125,55.0,29,5.0,5,8,0.429,0.81,0.429,13.0,Oklahoma City Thunder
0022400747,2025-02-08,22024,MIN vs. POR,W,114,43.0,23,8.0,2,14,0.524,0.643,0.357,16.0,Minnesota Timberwolves
0022400749,2025-02-08,22024,DEN @ PHX,W,122,56.0,28,5.0,4,9,0.489,0.941,0.457,17.0,Denver Nuggets
0022400751,2025-02-08,22024,UTA @ LAC,L,110,38.0,26,7.0,4,19,0.47,0.833,0.395,-20.0,Utah Jazz
0022400744,2025-02-08,22024,ATL @ WAS,W,125,41.0,36,6.0,7,11,0.485,0.765,0.409,14.0,Atlanta Hawks
0022400743,2025-02-08,22024,SAS @ ORL,L,111,34.0,27,10.0,7,14,0.532,0.8,0.433,-1.0,San Antonio Spurs
0022400750,2025-02-08,22024,NOP @ SAC,L,118,39.0,27,12.0,8,16,0.478,0.72,0.389,-5.0,New Orleans Pelicans
0022400746,2025-02-08,22024,MEM vs. OKC,L,112,40.0,21,7.0,9,13,0.444,0.718,0.429,-13.0,Memphis Grizzlies
0022400744,2025-02-08,22024,WAS vs. ATL,L,111,53.0,26,6.0,2,17,0.441,0.952,0.25,-14.0,Washington Wizards
0022400751,2025-02-08,22024,LAC vs. UTA,W,130,37.0,36,8.0,2,14,0.58,0.81,0.423,20.0,Los Angeles Clippers
0022400748,2025-02-08,22024,BOS @ NYK,W,131,48.0,21,6.0,7,10,0.541,0.833,0.487,27.0,Boston Celtics
0022400745,2025-02-08,22024,GSW @ CHI,W,132,44.0,34,8.0,7,14,0.5,0.852,0.396,21.0,Golden State Warriors
0022400745,2025-02-08,22024,CHI vs. GSW,L,111,31.0,24,8.0,4,17,0.443,0.774,0.436,-21.0,Chicago Bulls
0022400742,2025-02-08,22024,LAL vs. IND,W,124,46.0,29,6.0,3,14,0.523,0.913,0.333,7.0,Los Angeles Lakers
0022400741,2025-02-08,22024,HOU @ DAL,L,105,48.0,21,2.0,5,8,0.4,0.773,0.286,-11.0,Houston Rockets
0022400742,2025-02-08,22024,IND @ LAL,L,117,38.0,27,10.0,2,10,0.425,0.969,0.316,-7.0,Indiana Pacers
0022400749,2025-02-08,22024,PHX vs. DEN,L,105,43.0,25,5.0,6,6,0.388,0.8,0.34,-17.0,Phoenix Suns
0022400747,2025-02-08,22024,POR @ MIN,L,98,45.0,18,11.0,6,17,0.402,0.773,0.2,-16.0,Portland Trail Blazers
0022400753,2025-02-09,22024,HOU vs. TOR,W,94,58.0,17,8.0,3,15,0.36,0.786,0.263,7.0,Houston Rockets
0022400752,2025-02-09,22024,DET vs. CHA,W,112,46.0,31,11.0,1,11,0.489,0.813,0.297,10.0,Detroit Pistons
0022400754,2025-02-09,22024,MIL vs. PHI,W,135,53.0,29,7.0,3,12,0.438,0.95,0.436,8.0,Milwaukee Bucks
0022400754,2025-02-09,22024,PHI @ MIL,L,127,42.0,28,9.0,5,14,0.528,0.789,0.4,-8.0,Philadelphia 76ers
0022400753,2025-02-09,22024,TOR @ HOU,L,87,48.0,19,5.0,6,10,0.367,0.765,0.19,-7.0,Toronto Raptors
0022400752,2025-02-09,22024,CHA @ DET,L,102,37.0,25,8.0,1,14,0.436,0.826,0.469,-10.0,Charlotte Hornets
0022400757,2025-02-10,22024,WAS vs. SAS,L,121,42.0,26,5.0,3,14,0.484,0.895,0.298,-10.0,Washington Wizards
0022400757,2025-02-10,22024,SAS @ WAS,W,131,43.0,28,11.0,4,11,0.511,0.828,0.447,10.0,San Antonio Spurs
0022400758,2025-02-10,22024,BKN vs. CHA,W,97,47.0,24,10.0,6,16,0.398,0.929,0.238,8.0,Brooklyn Nets
0022400763,2025-02-10,22024,DEN vs. POR,W,146,38.0,44,12.0,2,8,0.659,0.9,0.32,29.0,Denver Nuggets
0022400768,2025-02-10,22024,UTA @ LAL,L,113,39.0,29,6.0,3,19,0.464,0.852,0.3,-19.0,Utah Jazz
0022400762,2025-02-10,22024,DAL vs. SAC,L,128,33.0,31,11.0,4,11,0.516,0.625,0.405,-1.0,Dallas Mavericks
0022400761,2025-02-10,22024,NOP @ OKC,L,101,42.0,19,4.0,4,22,0.439,0.679,0.37,-36.0,New Orleans Pelicans
0022400761,2025-02-10,22024,OKC vs. NOP,W,137,45.0,29,15.0,8,10,0.516,0.75,0.491,36.0,Oklahoma City Thunder
0022400759,2025-02-10,22024,MIA vs. BOS,L,85,51.0,21,2.0,2,4,0.337,0.923,0.244,-18.0,Miami Heat
0022400756,2025-02-10,22024,ORL vs. ATL,L,106,36.0,22,10.0,8,17,0.474,0.833,0.4,-6.0,Orlando Magic
0022400760,2025-02-10,22024,MIL vs. GSW,L,111,37.0,18,5.0,4,20,0.5,0.735,0.303,-14.0,Milwaukee Bucks
0022400760,2025-02-10,22024,GSW @ MIL,W,125,48.0,27,16.0,2,9,0.441,0.789,0.289,14.0,Golden State Warriors
0022400768,2025-02-10,22024,LAL vs. UTA,W,132,44.0,28,11.0,2,11,0.543,0.944,0.357,19.0,Los Angeles Lakers
0022400763,2025-02-10,22024,POR @ DEN,L,117,33.0,25,4.0,4,16,0.455,0.846,0.405,-29.0,Portland Trail Blazers
0022400759,2025-02-10,22024,BOS @ MIA,W,103,52.0,24,4.0,5,6,0.459,1.0,0.321,18.0,Boston Celtics
0022400758,2025-02-10,22024,CHA @ BKN,L,89,40.0,18,7.0,7,17,0.41,0.679,0.194,-8.0,Charlotte Hornets
0022400755,2025-02-10,22024,MIN @ CLE,L,107,41.0,17,10.0,6,16,0.4,0.767,0.308,-21.0,Minnesota Timberwolves
0022400762,2025-02-10,22024,SAC @ DAL,W,129,50.0,28,3.0,3,20,0.552,0.737,0.346,1.0,Sacramento Kings
0022400755,2025-02-10,22024,CLE vs. MIN,W,128,49.0,27,10.0,5,16,0.511,0.75,0.395,21.0,Cleveland Cavaliers
0022400756,2025-02-10,22024,ATL @ ORL,W,112,39.0,29,10.0,3,16,0.494,0.857,0.375,6.0,Atlanta Hawks
0022400764,2025-02-11,22024,PHI vs. TOR,L,103,46.0,22,10.0,2,14,0.407,0.833,0.237,-3.0,Philadelphia 76ers
0022400766,2025-02-11,22024,CHI vs. DET,L,92,44.0,22,9.0,2,14,0.35,0.632,0.213,-40.0,Chicago Bulls
0022400766,2025-02-11,22024,DET @ CHI,W,132,55.0,30,10.0,8,14,0.531,0.923,0.439,40.0,Detroit Pistons
0022400764,2025-02-11,22024,TOR @ PHI,W,106,49.0,23,8.0,4,17,0.463,0.826,0.333,3.0,Toronto Raptors
0022400767,2025-02-11,22024,MEM @ PHX,W,119,60.0,22,8.0,3,13,0.43,0.778,0.308,7.0,Memphis Grizzlies
0022400767,2025-02-11,22024,PHX vs. MEM,L,112,42.0,35,8.0,9,11,0.446,0.818,0.273,-7.0,Phoenix Suns
0022400765,2025-02-11,22024,NYK @ IND,W,128,48.0,37,6.0,2,14,0.538,0.87,0.37,13.0,New York Knicks
0022400765,2025-02-11,22024,IND vs. NYK,L,115,36.0,32,8.0,3,10,0.483,0.769,0.29,-13.0,Indiana Pacers
0022400775,2025-02-12,22024,CHI vs. DET,L,110,37.0,23,9.0,7,16,0.43,0.9,0.22,-18.0,Chicago Bulls
0022400774,2025-02-12,22024,TOR vs. CLE,L,108,39.0,26,7.0,5,15,0.462,0.667,0.345,-23.0,Toronto Raptors
0022400779,2025-02-12,22024,PHX @ HOU,L,111,43.0,25,7.0,5,17,0.517,0.818,0.385,-8.0,Phoenix Suns
0022400778,2025-02-12,22024,MIA @ OKC,L,101,45.0,24,7.0,5,16,0.456,0.72,0.324,-14.0,Miami Heat
0022400771,2025-02-12,22024,WAS vs. IND,L,130,46.0,29,5.0,7,16,0.485,0.813,0.511,-4.0,Washington Wizards
0022400772,2025-02-12,22024,BKN vs. PHI,W,100,50.0,23,13.0,7,16,0.471,0.8,0.267,4.0,Brooklyn Nets
0022400776,2025-02-12,22024,MIL @ MIN,W,103,48.0,24,7.0,1,12,0.443,0.813,0.4,2.0,Milwaukee Bucks
0022400770,2025-02-12,22024,ORL vs. CHA,W,102,52.0,22,4.0,9,8,0.411,0.737,0.326,16.0,Orlando Magic
0022400780,2025-02-12,22024,POR @ DEN,L,121,45.0,27,7.0,6,11,0.457,0.724,0.368,-11.0,Portland Trail Blazers
0022400771,2025-02-12,22024,IND @ WAS,W,134,42.0,38,7.0,5,7,0.467,0.9,0.457,4.0,Indiana Pacers
0022400783,2025-02-12,22024,MEM @ LAC,L,114,40.0,24,5.0,4,21,0.494,0.533,0.5,-14.0,Memphis Grizzlies
0022400780,2025-02-12,22024,DEN vs. POR,W,132,49.0,26,9.0,7,12,0.51,0.792,0.395,11.0,Denver Nuggets
0022400773,2025-02-12,22024,ATL @ NYK,L,148,47.0,43,12.0,10,12,0.5,0.686,0.368,-1.0,Atlanta Hawks
0022400777,2025-02-12,22024,NOP vs. SAC,L,111,40.0,28,7.0,5,8,0.468,0.833,0.25,-8.0,New Orleans Pelicans
0022400781,2025-02-12,22024,LAL @ UTA,L,119,45.0,31,5.0,3,14,0.446,0.567,0.4,-12.0,Los Angeles Lakers
0022400769,2025-02-12,22024,SAS @ BOS,L,103,38.0,30,9.0,2,8,0.438,0.833,0.231,-13.0,San Antonio Spurs
0022400774,2025-02-12,22024,CLE @ TOR,W,131,53.0,34,11.0,4,13,0.485,0.85,0.34,23.0,Cleveland Cavaliers
0022400783,2025-02-12,22024,LAC vs. MEM,W,128,46.0,29,17.0,2,15,0.505,0.955,0.371,14.0,Los Angeles Clippers
0022400772,2025-02-12,22024,PHI @ BKN,L,96,38.0,25,10.0,9,14,0.432,0.818,0.242,-4.0,Philadelphia 76ers
0022400770,2025-02-12,22024,CHA @ ORL,L,86,43.0,21,4.0,4,12,0.395,0.933,0.308,-16.0,Charlotte Hornets
0022400782,2025-02-12,22024,GSW @ DAL,L,107,50.0,29,9.0,6,15,0.427,0.833,0.286,-4.0,Golden State Warriors
0022400781,2025-02-12,22024,UTA vs. LAL,W,131,48.0,30,10.0,8,12,0.523,0.788,0.366,12.0,Utah Jazz
0022400778,2025-02-12,22024,OKC vs. MIA,W,115,41.0,22,10.0,3,13,0.489,0.7,0.385,14.0,Oklahoma City Thunder
0022400773,2025-02-12,22024,NYK vs. ATL,W,149,39.0,28,6.0,5,17,0.574,0.811,0.423,1.0,New York Knicks
0022400777,2025-02-12,22024,SAC @ NOP,W,119,48.0,28,4.0,7,11,0.471,0.724,0.356,8.0,Sacramento Kings
0022400776,2025-02-12,22024,MIN vs. MIL,L,101,59.0,27,4.0,6,13,0.379,0.867,0.227,-2.0,Minnesota Timberwolves
0022400779,2025-02-12,22024,HOU vs. PHX,W,119,47.0,32,10.0,4,11,0.474,0.583,0.31,8.0,Houston Rockets
0022400775,2025-02-12,22024,DET @ CHI,W,128,47.0,30,8.0,6,16,0.511,0.8,0.4,18.0,Detroit Pistons
0022400769,2025-02-12,22024,BOS vs. SAS,W,116,56.0,25,3.0,5,15,0.462,0.667,0.327,13.0,Boston Celtics
0022400782,2025-02-12,22024,DAL vs. GSW,W,111,39.0,20,9.0,7,14,0.483,0.8,0.417,4.0,Dallas Mavericks
0022400786,2025-02-13,22024,DAL vs. MIA,W,118,40.0,28,7.0,2,13,0.511,0.813,0.361,5.0,Dallas Mavericks
0022400786,2025-02-13,22024,MIA @ DAL,L,113,42.0,23,9.0,4,13,0.473,0.654,0.278,-5.0,Miami Heat
0022400785,2025-02-13,22024,NOP vs. SAC,W,140,45.0,32,11.0,7,10,0.5,0.794,0.42,7.0,New Orleans Pelicans
0022400787,2025-02-13,22024,OKC @ MIN,L,101,49.0,25,4.0,7,9,0.42,0.833,0.241,-15.0,Oklahoma City Thunder
0022400787,2025-02-13,22024,MIN vs. OKC,W,116,54.0,28,5.0,2,8,0.424,0.909,0.261,15.0,Minnesota Timberwolves
0022400784,2025-02-13,22024,GSW @ HOU,W,105,42.0,26,13.0,6,10,0.393,0.889,0.268,7.0,Golden State Warriors
0022400785,2025-02-13,22024,SAC @ NOP,L,133,58.0,38,8.0,1,14,0.438,0.857,0.362,-7.0,Sacramento Kings
0022400784,2025-02-13,22024,HOU vs. GSW,L,98,52.0,24,7.0,5,20,0.409,0.556,0.333,-7.0,Houston Rockets
0022401004,2025-02-13,22024,LAC @ UTA,W,120,43.0,22,16.0,5,10,0.415,0.778,0.368,4.0,Los Angeles Clippers
0022401004,2025-02-13,22024,UTA vs. LAC,L,116,47.0,23,7.0,1,26,0.487,0.846,0.4,-4.0,Utah Jazz
0022400524,2025-02-19,22024,LAL vs. CHA,L,97,50.0,29,7.0,4,18,0.411,0.667,0.294,-3.0,Los Angeles Lakers
0022400524,2025-02-19,22024,CHA @ LAL,W,100,47.0,20,12.0,4,17,0.363,0.941,0.34,3.0,Charlotte Hornets
0022400789,2025-02-20,22024,BOS @ PHI,W,124,49.0,33,3.0,6,10,0.483,0.933,0.444,20.0,Boston Celtics
0022400792,2025-02-20,22024,NYK vs. CHI,W,113,54.0,28,10.0,7,11,0.43,0.7,0.304,2.0,New York Knicks
0022400790,2025-02-20,22024,ORL @ ATL,W,114,53.0,15,6.0,7,7,0.482,0.684,0.24,6.0,Orlando Magic
0022400794,2025-02-20,22024,DEN vs. CHA,W,129,55.0,29,3.0,3,13,0.5,0.75,0.442,14.0,Denver Nuggets
0022400792,2025-02-20,22024,CHI @ NYK,L,111,53.0,24,6.0,6,15,0.398,0.833,0.396,-2.0,Chicago Bulls
0022400790,2025-02-20,22024,ATL vs. ORL,L,108,51.0,20,7.0,4,9,0.39,0.679,0.314,-6.0,Atlanta Hawks
0022400788,2025-02-20,22024,MEM @ IND,L,113,46.0,28,6.0,7,13,0.414,0.864,0.308,-14.0,Memphis Grizzlies
0022400789,2025-02-20,22024,PHI vs. BOS,L,104,44.0,23,7.0,0,10,0.43,0.941,0.205,-20.0,Philadelphia 76ers
0022400793,2025-02-20,22024,MIL vs. LAC,W,116,41.0,22,5.0,5,17,0.475,0.852,0.395,6.0,Milwaukee Bucks
0022400796,2025-02-20,22024,POR vs. LAL,L,102,33.0,27,16.0,7,17,0.442,0.667,0.324,-8.0,Portland Trail Blazers
0022400791,2025-02-20,22024,CLE @ BKN,W,110,52.0,19,8.0,5,16,0.426,0.704,0.282,13.0,Cleveland Cavaliers
0022400795,2025-02-20,22024,SAS vs. PHX,W,120,44.0,30,13.0,3,9,0.473,0.773,0.366,11.0,San Antonio Spurs
0022400795,2025-02-20,22024,PHX @ SAS,L,109,39.0,28,6.0,4,18,0.469,0.85,0.364,-11.0,Phoenix Suns
0022400791,2025-02-20,22024,BKN vs. CLE,L,97,45.0,25,7.0,10,15,0.4,0.579,0.263,-13.0,Brooklyn Nets
0022400796,2025-02-20,22024,LAL @ POR,W,110,48.0,20,7.0,6,22,0.476,0.92,0.281,8.0,Los Angeles Lakers
0022400794,2025-02-20,22024,CHA @ DEN,L,115,45.0,28,10.0,2,10,0.434,0.824,0.405,-14.0,Charlotte Hornets
0022400793,2025-02-20,22024,LAC @ MIL,L,110,43.0,28,14.0,7,11,0.466,0.842,0.4,-6.0,Los Angeles Clippers
0022400788,2025-02-20,22024,IND vs. MEM,W,127,46.0,29,6.0,12,10,0.505,0.818,0.378,14.0,Indiana Pacers
0022400804,2025-02-21,22024,UTA vs. OKC,L,107,43.0,27,7.0,2,19,0.456,0.556,0.366,-23.0,Utah Jazz
0022400800,2025-02-21,22024,TOR vs. MIA,L,111,46.0,25,8.0,2,13,0.418,0.783,0.395,-9.0,Toronto Raptors
0022400802,2025-02-21,22024,SAS vs. DET,L,110,32.0,27,12.0,5,15,0.512,0.636,0.345,-15.0,San Antonio Spurs
0022400800,2025-02-21,22024,MIA @ TOR,W,120,44.0,20,8.0,3,12,0.511,0.833,0.361,9.0,Miami Heat
0022400803,2025-02-21,22024,DAL vs. NOP,W,111,47.0,28,8.0,4,13,0.43,0.778,0.364,8.0,Dallas Mavericks
0022400797,2025-02-21,22024,NYK @ CLE,L,105,32.0,25,8.0,3,16,0.472,0.611,0.357,-37.0,New York Knicks
0022400804,2025-02-21,22024,OKC @ UTA,W,130,51.0,38,10.0,10,12,0.474,0.95,0.442,23.0,Oklahoma City Thunder
0022400799,2025-02-21,22024,MIL @ WAS,W,104,44.0,24,11.0,6,16,0.476,0.654,0.281,3.0,Milwaukee Bucks
0022400797,2025-02-21,22024,CLE vs. NYK,W,142,47.0,38,12.0,2,15,0.609,0.733,0.514,37.0,Cleveland Cavaliers
0022400805,2025-02-21,22024,GSW @ SAC,W,132,35.0,40,13.0,3,12,0.538,1.0,0.465,24.0,Golden State Warriors
0022400798,2025-02-21,22024,ORL vs. MEM,L,104,50.0,23,7.0,9,12,0.409,0.697,0.29,-1.0,Orlando Magic
0022400799,2025-02-21,22024,WAS vs. MIL,L,101,42.0,25,9.0,4,14,0.402,0.704,0.308,-3.0,Washington Wizards
0022400803,2025-02-21,22024,NOP @ DAL,L,103,53.0,25,8.0,6,14,0.413,0.76,0.296,-8.0,New Orleans Pelicans
0022400805,2025-02-21,22024,SAC vs. GSW,L,108,39.0,26,8.0,3,21,0.506,0.944,0.344,-24.0,Sacramento Kings
0022400801,2025-02-21,22024,MIN @ HOU,L,115,35.0,22,10.0,6,9,0.446,0.846,0.289,-6.0,Minnesota Timberwolves
0022400802,2025-02-21,22024,DET @ SAS,W,125,53.0,31,8.0,5,16,0.5,0.864,0.343,15.0,Detroit Pistons
0022400801,2025-02-21,22024,HOU vs. MIN,W,121,48.0,18,5.0,6,20,0.5,0.75,0.5,6.0,Houston Rockets
0022400798,2025-02-21,22024,MEM @ ORL,W,105,53.0,22,7.0,7,14,0.413,0.759,0.212,1.0,Memphis Grizzlies
0022400807,2025-02-22,22024,BKN @ PHI,W,105,39.0,27,10.0,8,16,0.506,0.842,0.25,2.0,Brooklyn Nets
0022400807,2025-02-22,22024,PHI vs. BKN,L,103,43.0,21,8.0,5,13,0.424,0.875,0.256,-2.0,Philadelphia 76ers
0022400808,2025-02-22,22024,LAL @ DEN,W,123,39.0,27,15.0,9,8,0.5,0.84,0.39,23.0,Los Angeles Lakers
0022400810,2025-02-22,22024,CHA @ POR,L,88,37.0,19,12.0,7,15,0.347,0.714,0.156,-53.0,Charlotte Hornets
0022400808,2025-02-22,22024,DEN vs. LAL,L,100,45.0,28,6.0,1,20,0.4,0.762,0.39,-23.0,Denver Nuggets
0022400809,2025-02-22,22024,UTA vs. HOU,W,124,58.0,28,4.0,3,8,0.5,0.481,0.325,9.0,Utah Jazz
0022400809,2025-02-22,22024,HOU @ UTA,L,115,41.0,33,3.0,2,7,0.44,0.556,0.395,-9.0,Houston Rockets
0022400810,2025-02-22,22024,POR vs. CHA,W,141,57.0,37,11.0,7,18,0.586,0.704,0.465,53.0,Portland Trail Blazers
0022400806,2025-02-22,22024,PHX @ CHI,W,121,49.0,29,7.0,3,11,0.483,0.893,0.333,4.0,Phoenix Suns
0022400806,2025-02-22,22024,CHI vs. PHX,L,117,45.0,29,9.0,4,9,0.418,1.0,0.34,-4.0,Chicago Bulls
0022400812,2025-02-23,22024,GSW vs. DAL,W,126,54.0,30,10.0,6,10,0.48,0.87,0.3,24.0,Golden State Warriors
0022400816,2025-02-23,22024,PHX @ TOR,L,109,37.0,22,9.0,7,11,0.506,0.727,0.25,-18.0,Phoenix Suns
0022400820,2025-02-23,22024,OKC @ MIN,W,130,37.0,32,9.0,8,13,0.558,0.75,0.543,7.0,Oklahoma City Thunder
0022400811,2025-02-23,22024,BOS vs. NYK,W,118,49.0,27,8.0,5,10,0.495,1.0,0.386,13.0,Boston Celtics
0022400816,2025-02-23,22024,TOR vs. PHX,W,127,49.0,30,6.0,1,14,0.489,0.7,0.571,18.0,Toronto Raptors
0022400820,2025-02-23,22024,MIN vs. OKC,L,123,44.0,23,6.0,5,13,0.438,0.964,0.4,-7.0,Minnesota Timberwolves
0022400818,2025-02-23,22024,NOP vs. SAS,W,114,69.0,27,3.0,3,16,0.447,0.731,0.333,18.0,New Orleans Pelicans
0022400815,2025-02-23,22024,WAS @ ORL,L,90,36.0,22,5.0,4,20,0.41,0.727,0.263,-20.0,Washington Wizards
0022400811,2025-02-23,22024,NYK @ BOS,L,105,40.0,21,4.0,1,11,0.435,1.0,0.389,-13.0,New York Knicks
0022400819,2025-02-23,22024,CLE vs. MEM,W,129,57.0,25,5.0,5,14,0.465,0.686,0.277,6.0,Cleveland Cavaliers
0022400815,2025-02-23,22024,ORL vs. WAS,W,110,47.0,25,9.0,5,13,0.444,0.864,0.344,20.0,Orlando Magic
0022400814,2025-02-23,22024,ATL vs. DET,L,143,40.0,30,8.0,6,13,0.5,0.722,0.467,-5.0,Atlanta Hawks
0022400817,2025-02-23,22024,MIA @ MIL,L,113,46.0,25,3.0,3,9,0.466,0.846,0.29,-7.0,Miami Heat
0022400814,2025-02-23,22024,DET @ ATL,W,148,37.0,39,9.0,5,17,0.591,0.72,0.5,5.0,Detroit Pistons
0022400813,2025-02-23,22024,IND vs. LAC,W,129,46.0,31,7.0,5,12,0.548,0.926,0.333,18.0,Indiana Pacers
0022400817,2025-02-23,22024,MIL vs. MIA,W,120,40.0,25,4.0,3,9,0.512,0.818,0.359,7.0,Milwaukee Bucks
0022400819,2025-02-23,22024,MEM @ CLE,L,123,37.0,28,8.0,5,13,0.457,0.774,0.385,-6.0,Memphis Grizzlies
0022400813,2025-02-23,22024,LAC @ IND,L,111,32.0,23,9.0,3,10,0.447,0.758,0.25,-18.0,Los Angeles Clippers
0022400818,2025-02-23,22024,SAS @ NOP,L,96,46.0,29,11.0,7,10,0.33,0.68,0.294,-18.0,San Antonio Spurs
0022400812,2025-02-23,22024,DAL @ GSW,L,102,41.0,24,7.0,4,18,0.463,0.684,0.406,-24.0,Dallas Mavericks
0022400825,2025-02-24,22024,MIA @ ATL,L,86,45.0,15,8.0,4,17,0.321,0.926,0.175,-12.0,Miami Heat
0022400825,2025-02-24,22024,ATL vs. MIA,W,98,50.0,29,13.0,2,16,0.455,0.75,0.257,12.0,Atlanta Hawks
0022400821,2025-02-24,22024,LAC @ DET,L,97,48.0,24,12.0,3,17,0.402,0.632,0.268,-9.0,Los Angeles Clippers
0022400828,2025-02-24,22024,SAC vs. CHA,W,130,49.0,30,12.0,4,18,0.54,0.889,0.526,42.0,Sacramento Kings
0022400828,2025-02-24,22024,CHA @ SAC,L,88,37.0,24,14.0,4,19,0.353,0.75,0.25,-42.0,Charlotte Hornets
0022400824,2025-02-24,22024,WAS vs. BKN,W,107,37.0,26,7.0,8,24,0.5,0.96,0.419,8.0,Washington Wizards
0022400827,2025-02-24,22024,UTA vs. POR,L,112,45.0,24,7.0,2,15,0.398,0.842,0.409,-2.0,Utah Jazz
0022400824,2025-02-24,22024,BKN @ WAS,L,99,39.0,25,16.0,4,15,0.393,0.792,0.389,-8.0,Brooklyn Nets
0022400826,2025-02-24,22024,MIN @ OKC,W,131,54.0,29,6.0,5,13,0.454,0.872,0.281,3.0,Minnesota Timberwolves
0022400823,2025-02-24,22024,CHI @ PHI,W,142,44.0,32,11.0,6,13,0.506,0.944,0.45,32.0,Chicago Bulls
0022400821,2025-02-24,22024,DET vs. LAC,W,106,46.0,22,11.0,7,15,0.456,0.694,0.31,9.0,Detroit Pistons
0022400827,2025-02-24,22024,POR @ UTA,W,114,51.0,26,7.0,6,13,0.418,0.75,0.318,2.0,Portland Trail Blazers
0022400826,2025-02-24,22024,OKC vs. MIN,L,128,53.0,27,10.0,8,11,0.425,0.793,0.306,-3.0,Oklahoma City Thunder
0022400822,2025-02-24,22024,IND vs. DEN,L,116,32.0,29,11.0,3,17,0.471,0.815,0.326,-9.0,Indiana Pacers
0022400822,2025-02-24,22024,DEN @ IND,W,125,46.0,39,8.0,4,19,0.564,0.786,0.381,9.0,Denver Nuggets
0022400823,2025-02-24,22024,PHI vs. CHI,L,110,47.0,19,11.0,5,16,0.389,0.897,0.25,-32.0,Philadelphia 76ers
0022400831,2025-02-25,22024,HOU vs. MIL,W,100,53.0,18,6.0,9,15,0.407,0.778,0.343,3.0,Houston Rockets
0022400830,2025-02-25,22024,CLE @ ORL,W,122,47.0,25,5.0,5,11,0.563,0.813,0.594,40.0,Cleveland Cavaliers
0022400834,2025-02-25,22024,GSW vs. CHA,W,128,51.0,40,16.0,5,11,0.49,0.833,0.357,36.0,Golden State Warriors
0022400831,2025-02-25,22024,MIL @ HOU,L,97,37.0,19,11.0,5,13,0.4,0.739,0.324,-3.0,Milwaukee Bucks
0022400833,2025-02-25,22024,SAS @ NOP,L,103,45.0,29,14.0,4,20,0.409,0.778,0.295,-6.0,San Antonio Spurs
0022400832,2025-02-25,22024,MEM vs. PHX,W,151,38.0,36,10.0,4,12,0.525,0.9,0.417,3.0,Memphis Grizzlies
0022400830,2025-02-25,22024,ORL vs. CLE,L,82,35.0,21,7.0,8,10,0.367,0.786,0.179,-40.0,Orlando Magic
0022400833,2025-02-25,22024,NOP vs. SAS,W,109,54.0,25,11.0,6,19,0.436,0.8,0.226,6.0,New Orleans Pelicans
0022400835,2025-02-25,22024,LAL vs. DAL,W,107,57.0,24,7.0,8,14,0.448,0.75,0.275,8.0,Los Angeles Lakers
0022400832,2025-02-25,22024,PHX @ MEM,L,148,46.0,39,6.0,6,16,0.535,0.808,0.568,-3.0,Phoenix Suns
0022400835,2025-02-25,22024,DAL @ LAL,L,99,45.0,23,7.0,11,12,0.357,0.923,0.386,-8.0,Dallas Mavericks
0022400829,2025-02-25,22024,BOS @ TOR,W,111,39.0,24,9.0,4,14,0.473,1.0,0.294,10.0,Boston Celtics
0022400834,2025-02-25,22024,CHA @ GSW,L,92,50.0,18,7.0,8,24,0.371,0.833,0.275,-36.0,Charlotte Hornets
0022400829,2025-02-25,22024,TOR vs. BOS,L,101,40.0,27,10.0,1,16,0.506,0.75,0.152,-10.0,Toronto Raptors
0022400842,2025-02-26,22024,LAC @ CHI,W,122,44.0,33,9.0,10,15,0.518,0.882,0.514,5.0,Los Angeles Clippers
0022400843,2025-02-26,22024,SAC @ UTA,W,118,47.0,28,6.0,7,12,0.529,0.917,0.417,17.0,Sacramento Kings
0022400840,2025-02-26,22024,OKC @ BKN,W,129,45.0,27,10.0,4,11,0.533,0.828,0.3,8.0,Oklahoma City Thunder
0022400843,2025-02-26,22024,UTA vs. SAC,L,101,34.0,32,9.0,2,9,0.452,0.529,0.364,-17.0,Utah Jazz
0022400836,2025-02-26,22024,DET vs. BOS,W,117,51.0,29,13.0,5,12,0.528,0.588,0.394,20.0,Detroit Pistons
0022400841,2025-02-26,22024,ATL @ MIA,L,109,33.0,29,6.0,3,15,0.506,0.789,0.375,-22.0,Atlanta Hawks
0022400839,2025-02-26,22024,WAS vs. POR,L,121,41.0,25,9.0,8,19,0.518,0.697,0.333,-8.0,Washington Wizards
0022400838,2025-02-26,22024,NYK vs. PHI,W,110,43.0,22,6.0,8,16,0.519,0.793,0.368,5.0,New York Knicks
0022400839,2025-02-26,22024,POR @ WAS,W,129,46.0,27,11.0,4,15,0.446,0.771,0.324,8.0,Portland Trail Blazers
0022400844,2025-02-26,22024,SAS @ HOU,L,106,41.0,28,10.0,5,8,0.42,0.714,0.179,-12.0,San Antonio Spurs
0022400837,2025-02-26,22024,TOR @ IND,L,91,40.0,23,8.0,2,18,0.425,0.688,0.222,-20.0,Toronto Raptors
0022400837,2025-02-26,22024,IND vs. TOR,W,111,41.0,28,10.0,7,19,0.531,0.625,0.405,20.0,Indiana Pacers
0022400840,2025-02-26,22024,BKN vs. OKC,L,121,46.0,31,7.0,5,14,0.409,0.88,0.377,-8.0,Brooklyn Nets
0022400841,2025-02-26,22024,MIA vs. ATL,W,131,35.0,39,10.0,2,14,0.592,0.818,0.548,22.0,Miami Heat
0022400836,2025-02-26,22024,BOS @ DET,L,97,32.0,21,9.0,1,17,0.413,0.667,0.429,-20.0,Boston Celtics
0022400844,2025-02-26,22024,HOU vs. SAS,W,118,60.0,22,4.0,5,14,0.471,0.786,0.289,12.0,Houston Rockets
0022400838,2025-02-26,22024,PHI @ NYK,L,105,35.0,21,13.0,6,13,0.443,0.8,0.324,-5.0,Philadelphia 76ers
0022400842,2025-02-26,22024,CHI vs. LAC,L,117,41.0,35,9.0,1,16,0.489,0.545,0.452,-5.0,Chicago Bulls
0022400846,2025-02-27,22024,DEN @ MIL,L,112,55.0,28,8.0,2,13,0.448,0.818,0.265,-9.0,Denver Nuggets
0022400846,2025-02-27,22024,MIL vs. DEN,W,121,48.0,25,8.0,4,11,0.467,0.821,0.412,9.0,Milwaukee Bucks
0022400848,2025-02-27,22024,PHX vs. NOP,L,116,52.0,29,4.0,6,10,0.468,0.8,0.377,-8.0,Phoenix Suns
0022400847,2025-02-27,22024,DAL vs. CHA,W,103,48.0,23,12.0,7,7,0.412,0.75,0.306,7.0,Dallas Mavericks
0022400848,2025-02-27,22024,NOP @ PHX,W,124,50.0,25,3.0,6,6,0.481,0.583,0.362,8.0,New Orleans Pelicans
0022400849,2025-02-27,22024,MIN @ LAL,L,102,41.0,25,9.0,3,10,0.417,0.769,0.293,-9.0,Minnesota Timberwolves
0022400845,2025-02-27,22024,ORL vs. GSW,L,115,46.0,23,9.0,4,18,0.506,0.778,0.393,-6.0,Orlando Magic
0022400849,2025-02-27,22024,LAL vs. MIN,W,111,52.0,21,7.0,2,12,0.415,0.696,0.268,9.0,Los Angeles Lakers
0022400845,2025-02-27,22024,GSW @ ORL,W,121,38.0,26,8.0,7,12,0.456,0.882,0.422,6.0,Golden State Warriors
0022400847,2025-02-27,22024,CHA @ DAL,L,96,56.0,25,3.0,2,15,0.408,0.692,0.259,-7.0,Charlotte Hornets
0022400859,2025-02-28,22024,LAC @ LAL,L,102,44.0,25,11.0,1,17,0.448,0.714,0.243,-4.0,Los Angeles Clippers
0022400859,2025-02-28,22024,LAL vs. LAC,W,106,39.0,19,14.0,5,15,0.488,0.773,0.333,4.0,Los Angeles Lakers
0022400852,2025-02-28,22024,BOS vs. CLE,L,116,40.0,20,5.0,5,11,0.483,0.765,0.436,-7.0,Boston Celtics
0022400851,2025-02-28,22024,ATL vs. OKC,L,119,46.0,27,8.0,5,19,0.489,0.783,0.417,-16.0,Atlanta Hawks
0022400852,2025-02-28,22024,CLE @ BOS,W,123,44.0,23,4.0,3,7,0.479,0.842,0.436,7.0,Cleveland Cavaliers
0022400853,2025-02-28,22024,BKN vs. POR,L,102,45.0,20,13.0,2,21,0.414,0.852,0.241,-19.0,Brooklyn Nets
0022400854,2025-02-28,22024,MIA vs. IND,W,125,39.0,34,7.0,4,14,0.571,0.923,0.531,5.0,Miami Heat
0022400854,2025-02-28,22024,IND @ MIA,L,120,30.0,35,10.0,3,10,0.534,0.625,0.538,-5.0,Indiana Pacers
0022400856,2025-02-28,22024,NYK @ MEM,W,114,35.0,29,10.0,7,8,0.463,0.813,0.342,1.0,New York Knicks
0022400853,2025-02-28,22024,POR @ BKN,W,121,36.0,31,11.0,4,20,0.577,0.593,0.417,19.0,Portland Trail Blazers
0022400858,2025-02-28,22024,UTA vs. MIN,W,117,60.0,35,3.0,4,20,0.511,0.643,0.4,1.0,Utah Jazz
0022400855,2025-02-28,22024,CHI vs. TOR,W,125,45.0,32,11.0,4,11,0.446,0.88,0.265,10.0,Chicago Bulls
0022400856,2025-02-28,22024,MEM vs. NYK,L,113,58.0,26,2.0,4,18,0.468,0.955,0.129,-1.0,Memphis Grizzlies
0022400857,2025-02-28,22024,PHX vs. NOP,W,125,35.0,35,6.0,3,15,0.595,0.769,0.525,17.0,Phoenix Suns
0022400850,2025-02-28,22024,DEN @ DET,W,134,50.0,28,5.0,8,19,0.56,0.742,0.548,15.0,Denver Nuggets
0022400851,2025-02-28,22024,OKC @ ATL,W,135,43.0,37,10.0,1,11,0.505,0.833,0.46,16.0,Oklahoma City Thunder
0022400858,2025-02-28,22024,MIN @ UTA,L,116,40.0,35,17.0,4,7,0.436,0.571,0.385,-1.0,Minnesota Timberwolves
0022400850,2025-02-28,22024,DET vs. DEN,L,119,42.0,32,15.0,3,10,0.455,0.739,0.324,-15.0,Detroit Pistons
0022400855,2025-02-28,22024,TOR @ CHI,L,115,51.0,30,4.0,3,14,0.417,0.8,0.351,-10.0,Toronto Raptors
0022400857,2025-02-28,22024,NOP @ PHX,L,108,35.0,28,10.0,3,14,0.506,0.6,0.393,-17.0,New Orleans Pelicans
0022400863,2025-03-01,22024,SAS @ MEM,W,130,42.0,33,8.0,4,11,0.521,0.727,0.389,2.0,San Antonio Spurs
0022400863,2025-03-01,22024,MEM vs. SAS,L,128,41.0,31,7.0,8,12,0.526,0.85,0.289,-2.0,Memphis Grizzlies
0022400861,2025-03-01,22024,BKN @ DET,L,94,38.0,19,12.0,8,12,0.305,0.857,0.154,-21.0,Brooklyn Nets
0022400861,2025-03-01,22024,DET vs. BKN,W,115,47.0,31,5.0,15,23,0.542,0.862,0.429,21.0,Detroit Pistons
0022400865,2025-03-01,22024,DAL vs. MIL,L,117,33.0,25,7.0,1,11,0.473,0.8,0.275,-15.0,Dallas Mavericks
0022400864,2025-03-01,22024,GSW @ PHI,L,119,49.0,33,7.0,4,15,0.46,0.789,0.286,-7.0,Golden State Warriors
0022400862,2025-03-01,22024,HOU vs. SAC,L,103,43.0,18,7.0,2,15,0.43,0.696,0.371,-10.0,Houston Rockets
0022400864,2025-03-01,22024,PHI vs. GSW,W,126,40.0,27,8.0,3,14,0.529,0.607,0.576,7.0,Philadelphia 76ers
0022400865,2025-03-01,22024,MIL @ DAL,W,132,52.0,33,6.0,6,13,0.506,0.886,0.333,15.0,Milwaukee Bucks
0022400862,2025-03-01,22024,SAC @ HOU,W,113,46.0,21,13.0,5,13,0.506,0.762,0.321,10.0,Sacramento Kings
0022400860,2025-03-01,22024,WAS @ CHA,W,113,48.0,33,13.0,7,15,0.455,0.941,0.34,13.0,Washington Wizards
0022400860,2025-03-01,22024,CHA vs. WAS,L,100,44.0,28,9.0,5,17,0.441,0.667,0.333,-13.0,Charlotte Hornets
0022400874,2025-03-02,22024,LAC @ LAL,L,102,40.0,24,9.0,1,12,0.432,0.824,0.308,-6.0,Los Angeles Clippers
0022400870,2025-03-02,22024,TOR @ ORL,W,104,40.0,22,8.0,4,14,0.463,0.767,0.318,2.0,Toronto Raptors
0022400868,2025-03-02,22024,IND vs. CHI,W,127,36.0,34,7.0,4,10,0.552,0.667,0.432,15.0,Indiana Pacers
0022400873,2025-03-02,22024,PHX vs. MIN,L,98,57.0,24,2.0,7,20,0.438,0.789,0.31,-18.0,Phoenix Suns
0022400874,2025-03-02,22024,LAL vs. LAC,W,108,41.0,21,8.0,6,16,0.494,0.7,0.429,6.0,Los Angeles Lakers
0022400868,2025-03-02,22024,CHI @ IND,L,112,42.0,24,6.0,4,12,0.5,0.778,0.303,-15.0,Chicago Bulls
0022400873,2025-03-02,22024,MIN @ PHX,W,116,35.0,28,18.0,2,8,0.424,0.81,0.404,18.0,Minnesota Timberwolves
0022400867,2025-03-02,22024,POR @ CLE,L,129,46.0,25,8.0,1,19,0.438,0.886,0.35,-4.0,Portland Trail Blazers
0022400869,2025-03-02,22024,NYK @ MIA,W,116,46.0,27,5.0,6,10,0.484,0.667,0.318,4.0,New York Knicks
0022400870,2025-03-02,22024,ORL vs. TOR,L,102,35.0,17,3.0,5,14,0.448,0.833,0.333,-2.0,Orlando Magic
0022400871,2025-03-02,22024,OKC @ SAS,W,146,45.0,34,7.0,6,7,0.545,0.85,0.432,14.0,Oklahoma City Thunder
0022400866,2025-03-02,22024,DEN @ BOS,L,103,38.0,27,11.0,2,11,0.477,0.692,0.343,-7.0,Denver Nuggets
0022400867,2025-03-02,22024,CLE vs. POR,W,133,47.0,27,12.0,5,13,0.433,0.857,0.413,4.0,Cleveland Cavaliers
0022400872,2025-03-02,22024,UTA vs. NOP,L,121,41.0,35,4.0,4,11,0.479,0.765,0.364,-7.0,Utah Jazz
0022400866,2025-03-02,22024,BOS vs. DEN,W,110,45.0,26,7.0,4,14,0.474,0.815,0.412,7.0,Boston Celtics
0022400872,2025-03-02,22024,NOP @ UTA,W,128,48.0,35,8.0,5,11,0.52,0.538,0.341,7.0,New Orleans Pelicans
0022400869,2025-03-02,22024,MIA vs. NYK,L,112,34.0,29,5.0,6,12,0.536,0.688,0.314,-4.0,Miami Heat
0022400871,2025-03-02,22024,SAS vs. OKC,L,132,35.0,36,2.0,3,12,0.56,0.75,0.419,-14.0,San Antonio Spurs
0022400875,2025-03-03,22024,CHA vs. GSW,L,101,47.0,20,3.0,6,17,0.395,0.667,0.275,-18.0,Charlotte Hornets
0022400876,2025-03-03,22024,PHI vs. POR,L,102,43.0,27,6.0,3,8,0.432,0.692,0.314,-17.0,Philadelphia 76ers
0022400880,2025-03-03,22024,DAL vs. SAC,L,98,37.0,28,5.0,1,13,0.455,0.875,0.269,-24.0,Dallas Mavericks
0022400879,2025-03-03,22024,HOU @ OKC,L,128,49.0,20,8.0,7,16,0.485,0.824,0.457,-9.0,Houston Rockets
0022400881,2025-03-03,22024,DET @ UTA,W,134,39.0,32,16.0,8,13,0.554,0.75,0.268,28.0,Detroit Pistons
0022400878,2025-03-03,22024,MEM vs. ATL,L,130,43.0,36,7.0,3,19,0.505,0.92,0.394,-2.0,Memphis Grizzlies
0022400879,2025-03-03,22024,OKC vs. HOU,W,137,49.0,31,11.0,6,13,0.495,0.889,0.459,9.0,Oklahoma City Thunder
0022400876,2025-03-03,22024,POR @ PHI,W,119,61.0,26,6.0,6,10,0.485,0.632,0.314,17.0,Portland Trail Blazers
0022400877,2025-03-03,22024,MIA vs. WAS,W,106,48.0,31,10.0,4,11,0.476,0.833,0.351,16.0,Miami Heat
0022400877,2025-03-03,22024,WAS @ MIA,L,90,43.0,22,8.0,0,13,0.369,0.818,0.286,-16.0,Washington Wizards
0022400881,2025-03-03,22024,UTA vs. DET,L,106,41.0,19,7.0,1,27,0.427,0.813,0.303,-28.0,Utah Jazz
0022400880,2025-03-03,22024,SAC @ DAL,W,122,37.0,34,4.0,4,7,0.522,1.0,0.471,24.0,Sacramento Kings
0022400878,2025-03-03,22024,ATL @ MEM,W,132,32.0,35,12.0,7,12,0.573,0.529,0.464,2.0,Atlanta Hawks
0022400875,2025-03-03,22024,GSW @ CHA,W,119,54.0,33,10.0,4,8,0.421,0.875,0.36,18.0,Golden State Warriors
0022400886,2025-03-04,22024,CLE @ CHI,W,139,53.0,27,4.0,4,8,0.469,0.909,0.354,22.0,Cleveland Cavaliers
0022400883,2025-03-04,22024,ORL vs. TOR,L,113,35.0,28,12.0,5,14,0.482,0.783,0.417,-1.0,Orlando Magic
0022400890,2025-03-04,22024,NOP @ LAL,L,115,35.0,29,11.0,3,9,0.495,0.667,0.265,-21.0,New Orleans Pelicans
0022400890,2025-03-04,22024,LAL vs. NOP,W,136,51.0,32,7.0,5,14,0.533,0.778,0.365,21.0,Los Angeles Lakers
0022400884,2025-03-04,22024,MIL @ ATL,W,127,51.0,27,8.0,1,14,0.51,0.783,0.297,6.0,Milwaukee Bucks
0022400885,2025-03-04,22024,NYK vs. GSW,L,102,42.0,26,4.0,2,13,0.446,0.8,0.242,-12.0,New York Knicks
0022400887,2025-03-04,22024,PHI @ MIN,L,112,36.0,22,10.0,2,13,0.488,0.704,0.281,-14.0,Philadelphia 76ers
0022400882,2025-03-04,22024,HOU @ IND,L,102,58.0,22,6.0,0,14,0.408,0.5,0.3,-13.0,Houston Rockets
0022400885,2025-03-04,22024,GSW @ NYK,W,114,44.0,30,7.0,7,11,0.489,0.789,0.351,12.0,Golden State Warriors
0022400883,2025-03-04,22024,TOR @ ORL,W,114,48.0,28,7.0,8,20,0.475,0.743,0.4,1.0,Toronto Raptors
0022400887,2025-03-04,22024,MIN vs. PHI,W,126,37.0,29,7.0,5,17,0.568,0.941,0.45,14.0,Minnesota Timberwolves
0022400882,2025-03-04,22024,IND vs. HOU,W,115,35.0,34,9.0,6,11,0.512,1.0,0.405,13.0,Indiana Pacers
0022400889,2025-03-04,22024,LAC @ PHX,L,117,37.0,29,8.0,3,6,0.518,0.852,0.267,-2.0,Los Angeles Clippers
0022400886,2025-03-04,22024,CHI vs. CLE,L,117,50.0,32,6.0,6,7,0.443,0.706,0.25,-22.0,Chicago Bulls
0022400888,2025-03-04,22024,BKN @ SAS,L,113,40.0,29,8.0,2,13,0.453,0.857,0.34,-14.0,Brooklyn Nets
0022400884,2025-03-04,22024,ATL vs. MIL,L,121,47.0,33,10.0,6,11,0.455,0.765,0.39,-6.0,Atlanta Hawks
0022400889,2025-03-04,22024,PHX vs. LAC,W,119,37.0,31,5.0,3,11,0.513,0.852,0.412,2.0,Phoenix Suns
0022400888,2025-03-04,22024,SAS vs. BKN,W,127,46.0,37,9.0,4,13,0.547,0.5,0.462,14.0,San Antonio Spurs
0022400892,2025-03-05,22024,CHA vs. MIN,L,110,57.0,26,3.0,2,13,0.442,0.778,0.286,-15.0,Charlotte Hornets
0022400892,2025-03-05,22024,MIN @ CHA,W,125,43.0,27,9.0,3,5,0.489,0.727,0.429,15.0,Minnesota Timberwolves
0022400894,2025-03-05,22024,WAS vs. UTA,W,125,45.0,32,9.0,12,9,0.442,0.828,0.362,3.0,Washington Wizards
0022400894,2025-03-05,22024,UTA @ WAS,L,122,58.0,21,5.0,3,14,0.465,0.7,0.35,-3.0,Utah Jazz
0022400898,2025-03-05,22024,LAC vs. DET,W,123,33.0,18,8.0,6,9,0.55,0.846,0.542,8.0,Los Angeles Clippers
0022400897,2025-03-05,22024,MIL vs. DAL,W,137,55.0,29,6.0,4,17,0.584,0.895,0.457,30.0,Milwaukee Bucks
0022400893,2025-03-05,22024,MIA @ CLE,L,107,42.0,29,7.0,2,13,0.434,0.88,0.361,-5.0,Miami Heat
0022400896,2025-03-05,22024,SAC @ DEN,L,110,45.0,22,8.0,6,12,0.458,0.786,0.407,-6.0,Sacramento Kings
0022400891,2025-03-05,22024,POR @ BOS,L,118,39.0,19,4.0,3,8,0.5,0.706,0.4,-10.0,Portland Trail Blazers
0022400893,2025-03-05,22024,CLE vs. MIA,W,112,47.0,26,7.0,4,13,0.471,0.727,0.35,5.0,Cleveland Cavaliers
0022400895,2025-03-05,22024,MEM vs. OKC,L,103,49.0,21,9.0,1,15,0.407,0.909,0.265,-17.0,Memphis Grizzlies
0022400897,2025-03-05,22024,DAL @ MIL,L,107,30.0,30,13.0,3,10,0.459,0.4,0.333,-30.0,Dallas Mavericks
0022400891,2025-03-05,22024,BOS vs. POR,W,128,52.0,24,5.0,6,9,0.464,0.882,0.426,10.0,Boston Celtics
0022400896,2025-03-05,22024,DEN vs. SAC,W,116,46.0,28,5.0,8,13,0.46,0.8,0.343,6.0,Denver Nuggets
0022400898,2025-03-05,22024,DET @ LAC,L,115,34.0,27,5.0,2,12,0.523,0.737,0.314,-8.0,Detroit Pistons
0022400895,2025-03-05,22024,OKC @ MEM,W,120,39.0,27,10.0,4,11,0.506,0.895,0.417,17.0,Oklahoma City Thunder
0022400901,2025-03-06,22024,GSW @ BKN,W,121,45.0,31,3.0,4,16,0.488,0.906,0.375,2.0,Golden State Warriors
0022400899,2025-03-06,22024,IND @ ATL,L,118,42.0,27,5.0,5,11,0.484,0.941,0.359,-6.0,Indiana Pacers
0022400900,2025-03-06,22024,PHI @ BOS,L,105,45.0,29,6.0,5,15,0.421,0.833,0.385,-18.0,Philadelphia 76ers
0022400902,2025-03-06,22024,HOU @ NOP,W,109,41.0,33,10.0,6,19,0.568,0.444,0.31,12.0,Houston Rockets
0022400903,2025-03-06,22024,NYK @ LAL,L,109,46.0,20,10.0,2,13,0.394,0.781,0.233,-4.0,New York Knicks
0022400902,2025-03-06,22024,NOP vs. HOU,L,97,41.0,17,9.0,7,15,0.373,0.788,0.333,-12.0,New Orleans Pelicans
0022400901,2025-03-06,22024,BKN vs. GSW,L,119,32.0,30,7.0,5,11,0.506,0.889,0.455,-2.0,Brooklyn Nets
0022400944,2025-03-06,22024,ORL vs. CHI,L,123,33.0,26,10.0,5,12,0.46,0.85,0.273,-2.0,Orlando Magic
0022400944,2025-03-06,22024,CHI @ ORL,W,125,48.0,25,5.0,7,18,0.5,0.8,0.375,2.0,Chicago Bulls
0022400903,2025-03-06,22024,LAL vs. NYK,W,113,49.0,25,7.0,4,16,0.427,0.821,0.333,4.0,Los Angeles Lakers
0022400899,2025-03-06,22024,ATL vs. IND,W,124,43.0,32,5.0,4,8,0.532,0.778,0.333,6.0,Atlanta Hawks
0022400900,2025-03-06,22024,BOS vs. PHI,W,123,46.0,32,8.0,6,10,0.505,0.923,0.396,18.0,Boston Celtics
0022400909,2025-03-07,22024,DEN vs. PHX,W,149,38.0,45,8.0,3,9,0.588,0.778,0.525,8.0,Denver Nuggets
0022400909,2025-03-07,22024,PHX @ DEN,L,141,39.0,36,6.0,2,11,0.56,0.793,0.421,-8.0,Phoenix Suns
0022400911,2025-03-07,22024,NYK @ LAC,L,95,53.0,25,6.0,4,15,0.385,0.889,0.265,-10.0,New York Knicks
0022400906,2025-03-07,22024,MEM @ DAL,W,122,59.0,28,9.0,12,11,0.472,0.875,0.381,11.0,Memphis Grizzlies
0022400904,2025-03-07,22024,CLE @ CHA,W,118,45.0,16,7.0,4,13,0.421,0.843,0.324,1.0,Cleveland Cavaliers
0022400910,2025-03-07,22024,SAC vs. SAS,W,127,51.0,31,6.0,4,8,0.51,0.632,0.447,18.0,Sacramento Kings
0022400906,2025-03-07,22024,DAL vs. MEM,L,111,45.0,24,7.0,7,12,0.385,0.917,0.366,-11.0,Dallas Mavericks
0022400907,2025-03-07,22024,MIA vs. MIN,L,104,41.0,29,7.0,2,9,0.461,0.727,0.412,-2.0,Miami Heat
0022400910,2025-03-07,22024,SAS @ SAC,L,109,36.0,27,7.0,4,7,0.46,0.565,0.381,-18.0,San Antonio Spurs
0022400911,2025-03-07,22024,LAC vs. NYK,W,105,47.0,23,7.0,8,12,0.42,0.842,0.395,10.0,Los Angeles Clippers
0022400908,2025-03-07,22024,OKC vs. POR,W,107,43.0,25,12.0,8,11,0.464,0.882,0.368,18.0,Oklahoma City Thunder
0022400904,2025-03-07,22024,CHA vs. CLE,L,117,43.0,29,7.0,3,12,0.478,0.762,0.351,-1.0,Charlotte Hornets
0022400905,2025-03-07,22024,UTA @ TOR,L,109,56.0,21,5.0,10,24,0.464,0.59,0.258,-9.0,Utah Jazz
0022400907,2025-03-07,22024,MIN @ MIA,W,106,43.0,28,6.0,6,13,0.494,0.571,0.4,2.0,Minnesota Timberwolves
0022400905,2025-03-07,22024,TOR vs. UTA,W,118,48.0,27,13.0,5,8,0.385,0.857,0.304,9.0,Toronto Raptors
0022400908,2025-03-07,22024,POR @ OKC,L,89,53.0,15,6.0,4,17,0.347,0.833,0.186,-18.0,Portland Trail Blazers
0022400918,2025-03-08,22024,BOS vs. LAL,W,111,43.0,24,9.0,5,9,0.476,0.72,0.342,10.0,Boston Celtics
0022400914,2025-03-08,22024,ATL vs. IND,W,120,48.0,23,10.0,10,16,0.464,0.952,0.294,2.0,Atlanta Hawks
0022400919,2025-03-08,22024,DET @ GSW,L,110,44.0,17,12.0,4,20,0.459,0.75,0.217,-5.0,Detroit Pistons
0022400919,2025-03-08,22024,GSW vs. DET,W,115,46.0,26,12.0,4,17,0.417,0.805,0.293,5.0,Golden State Warriors
0022400913,2025-03-08,22024,HOU vs. NOP,W,146,48.0,32,9.0,7,10,0.556,0.905,0.425,29.0,Houston Rockets
0022400915,2025-03-08,22024,TOR vs. WAS,L,117,49.0,24,11.0,6,15,0.421,0.9,0.385,-1.0,Toronto Raptors
0022400917,2025-03-08,22024,ORL @ MIL,W,111,34.0,19,5.0,5,10,0.512,0.789,0.375,2.0,Orlando Magic
0022400916,2025-03-08,22024,MIA vs. CHI,L,109,44.0,25,7.0,5,9,0.423,0.737,0.302,-5.0,Miami Heat
0022400917,2025-03-08,22024,MIL vs. ORL,L,109,38.0,17,8.0,4,12,0.547,0.696,0.478,-2.0,Milwaukee Bucks
0022400912,2025-03-08,22024,BKN @ CHA,L,102,37.0,20,6.0,10,11,0.463,0.8,0.28,-3.0,Brooklyn Nets
0022400913,2025-03-08,22024,NOP @ HOU,L,117,44.0,29,7.0,3,13,0.485,0.563,0.353,-29.0,New Orleans Pelicans
0022400914,2025-03-08,22024,IND @ ATL,L,118,41.0,29,12.0,6,15,0.436,0.867,0.303,-2.0,Indiana Pacers
0022400915,2025-03-08,22024,WAS @ TOR,W,118,50.0,29,12.0,7,15,0.44,0.739,0.342,1.0,Washington Wizards
0022400916,2025-03-08,22024,CHI @ MIA,W,114,51.0,27,6.0,4,10,0.455,0.885,0.262,5.0,Chicago Bulls
0022400912,2025-03-08,22024,CHA vs. BKN,W,105,50.0,25,4.0,2,10,0.408,0.875,0.324,3.0,Charlotte Hornets
0022400918,2025-03-08,22024,LAL @ BOS,L,101,45.0,18,6.0,1,12,0.448,0.643,0.35,-10.0,Los Angeles Lakers
0022400924,2025-03-09,22024,PHI vs. UTA,W,126,50.0,27,11.0,9,17,0.448,0.96,0.34,4.0,Philadelphia 76ers
0022400921,2025-03-09,22024,PHX @ DAL,W,125,46.0,33,4.0,4,11,0.583,0.944,0.357,9.0,Phoenix Suns
0022400927,2025-03-09,22024,SAC @ LAC,L,110,48.0,27,6.0,1,8,0.46,0.84,0.265,-1.0,Sacramento Kings
0022400920,2025-03-09,22024,DEN @ OKC,L,103,48.0,22,3.0,6,7,0.412,0.55,0.3,-24.0,Denver Nuggets
0022400921,2025-03-09,22024,DAL vs. PHX,L,116,32.0,29,8.0,2,6,0.489,0.813,0.405,-9.0,Dallas Mavericks
0022400926,2025-03-09,22024,POR vs. DET,L,112,41.0,17,7.0,4,12,0.387,0.781,0.3,-7.0,Portland Trail Blazers
0022400923,2025-03-09,22024,MEM @ NOP,W,107,57.0,24,11.0,6,12,0.414,0.632,0.265,3.0,Memphis Grizzlies
0022400925,2025-03-09,22024,MIN vs. SAS,W,141,42.0,38,7.0,4,12,0.558,0.933,0.5,17.0,Minnesota Timberwolves
0022400925,2025-03-09,22024,SAS @ MIN,L,124,36.0,26,8.0,3,12,0.553,0.792,0.367,-17.0,San Antonio Spurs
0022400927,2025-03-09,22024,LAC vs. SAC,W,111,38.0,23,4.0,5,9,0.531,0.6,0.323,1.0,Los Angeles Clippers
0022400924,2025-03-09,22024,UTA @ PHI,L,122,44.0,25,12.0,4,17,0.419,0.839,0.391,-4.0,Utah Jazz
0022400926,2025-03-09,22024,DET @ POR,W,119,54.0,22,7.0,8,13,0.494,0.75,0.321,7.0,Detroit Pistons
0022400922,2025-03-09,22024,CLE @ MIL,W,112,44.0,25,11.0,2,15,0.443,0.789,0.404,12.0,Cleveland Cavaliers
0022400923,2025-03-09,22024,NOP vs. MEM,L,104,39.0,24,5.0,6,14,0.412,0.778,0.382,-3.0,New Orleans Pelicans
0022400922,2025-03-09,22024,MIL vs. CLE,L,100,50.0,17,9.0,2,18,0.429,0.722,0.29,-12.0,Milwaukee Bucks
0022400920,2025-03-09,22024,OKC vs. DEN,W,127,56.0,25,5.0,14,5,0.489,0.88,0.342,24.0,Oklahoma City Thunder
0022400932,2025-03-10,22024,WAS @ TOR,L,104,54.0,25,5.0,12,8,0.362,0.8,0.291,-15.0,Washington Wizards
0022400938,2025-03-10,22024,POR @ GSW,L,120,43.0,31,9.0,5,19,0.484,0.824,0.429,-10.0,Portland Trail Blazers
0022400933,2025-03-10,22024,CHI vs. IND,W,121,56.0,30,4.0,6,18,0.5,0.786,0.364,18.0,Chicago Bulls
0022400937,2025-03-10,22024,DAL @ SAS,W,133,40.0,25,5.0,2,10,0.534,0.9,0.316,4.0,Dallas Mavericks
0022400935,2025-03-10,22024,MEM vs. PHX,W,120,39.0,26,9.0,7,13,0.465,0.852,0.37,2.0,Memphis Grizzlies
0022400934,2025-03-10,22024,HOU vs. ORL,W,97,63.0,20,4.0,4,19,0.393,0.611,0.372,13.0,Houston Rockets
0022400932,2025-03-10,22024,TOR vs. WAS,W,119,73.0,26,3.0,2,8,0.394,0.586,0.327,15.0,Toronto Raptors
0022400930,2025-03-10,22024,BKN vs. LAL,W,111,47.0,22,10.0,6,7,0.411,0.633,0.4,3.0,Brooklyn Nets
0022400939,2025-03-10,22024,NYK @ SAC,W,133,40.0,34,13.0,1,15,0.536,0.808,0.55,29.0,New York Knicks
0022400936,2025-03-10,22024,DEN @ OKC,W,140,43.0,32,6.0,5,12,0.605,0.9,0.563,13.0,Denver Nuggets
0022400939,2025-03-10,22024,SAC vs. NYK,L,104,37.0,18,7.0,4,16,0.419,0.846,0.294,-29.0,Sacramento Kings
0022400928,2025-03-10,22024,PHI @ ATL,L,123,31.0,29,8.0,3,10,0.505,0.75,0.381,-9.0,Philadelphia 76ers
0022400931,2025-03-10,22024,MIA vs. CHA,L,102,46.0,24,7.0,3,16,0.459,0.7,0.323,-3.0,Miami Heat
0022400930,2025-03-10,22024,LAL @ BKN,L,108,43.0,31,4.0,4,15,0.435,0.789,0.475,-3.0,Los Angeles Lakers
0022400929,2025-03-10,22024,BOS vs. UTA,W,114,47.0,28,11.0,8,9,0.43,0.889,0.34,6.0,Boston Celtics
0022400937,2025-03-10,22024,SAS vs. DAL,L,129,38.0,29,6.0,2,9,0.521,0.583,0.415,-4.0,San Antonio Spurs
0022400935,2025-03-10,22024,PHX @ MEM,L,118,46.0,31,6.0,2,16,0.456,0.727,0.526,-2.0,Phoenix Suns
0022400938,2025-03-10,22024,GSW vs. POR,W,130,40.0,35,16.0,5,17,0.529,0.905,0.512,10.0,Golden State Warriors
0022400936,2025-03-10,22024,OKC vs. DEN,L,127,37.0,29,9.0,6,10,0.47,0.875,0.404,-13.0,Oklahoma City Thunder
0022400933,2025-03-10,22024,IND @ CHI,L,103,39.0,30,14.0,4,9,0.396,0.684,0.25,-18.0,Indiana Pacers
0022400928,2025-03-10,22024,ATL vs. PHI,W,132,48.0,34,4.0,6,15,0.541,0.786,0.405,9.0,Atlanta Hawks
0022400931,2025-03-10,22024,CHA @ MIA,W,105,36.0,26,10.0,6,10,0.419,0.957,0.25,3.0,Charlotte Hornets
0022400934,2025-03-10,22024,ORL @ HOU,L,84,42.0,15,10.0,5,8,0.326,0.833,0.25,-13.0,Orlando Magic
0022400929,2025-03-10,22024,UTA @ BOS,L,108,48.0,29,3.0,4,12,0.453,0.75,0.342,-6.0,Utah Jazz
0022400941,2025-03-11,22024,WAS @ DET,L,103,47.0,20,7.0,4,13,0.402,0.8,0.333,-20.0,Washington Wizards
0022400940,2025-03-11,22024,CLE vs. BKN,W,109,48.0,23,7.0,4,14,0.438,0.84,0.238,5.0,Cleveland Cavaliers
0022400942,2025-03-11,22024,MIL @ IND,L,114,44.0,32,4.0,2,15,0.512,0.737,0.389,-1.0,Milwaukee Bucks
0022400941,2025-03-11,22024,DET vs. WAS,W,123,61.0,29,7.0,5,12,0.462,0.733,0.421,20.0,Detroit Pistons
0022400940,2025-03-11,22024,BKN @ CLE,L,104,38.0,31,9.0,3,12,0.464,0.714,0.364,-5.0,Brooklyn Nets
0022400943,2025-03-11,22024,LAC @ NOP,L,120,34.0,34,10.0,8,11,0.5,0.778,0.333,-7.0,Los Angeles Clippers
0022400942,2025-03-11,22024,IND vs. MIL,W,115,38.0,30,11.0,3,9,0.506,0.778,0.333,1.0,Indiana Pacers
0022400943,2025-03-11,22024,NOP vs. LAC,W,127,46.0,34,7.0,7,19,0.553,0.889,0.548,7.0,New Orleans Pelicans
0022400953,2025-03-12,22024,NYK @ POR,W,114,38.0,27,12.0,7,15,0.468,0.7,0.387,1.0,New York Knicks
0022400951,2025-03-12,22024,SAS vs. DAL,W,126,47.0,32,11.0,2,16,0.532,0.938,0.314,10.0,San Antonio Spurs
0022400950,2025-03-12,22024,MEM vs. UTA,W,122,39.0,30,15.0,6,9,0.457,0.762,0.455,7.0,Memphis Grizzlies
0022400946,2025-03-12,22024,OKC @ BOS,W,118,44.0,19,7.0,2,12,0.488,0.714,0.351,6.0,Oklahoma City Thunder
0022400952,2025-03-12,22024,DEN vs. MIN,L,95,42.0,20,9.0,4,10,0.404,0.727,0.233,-20.0,Denver Nuggets
0022400953,2025-03-12,22024,POR vs. NYK,L,113,52.0,20,6.0,6,23,0.444,0.64,0.405,-1.0,Portland Trail Blazers
0022400947,2025-03-12,22024,TOR vs. PHI,W,118,59.0,33,7.0,5,20,0.44,0.778,0.4,13.0,Toronto Raptors
0022400952,2025-03-12,22024,MIN @ DEN,W,115,48.0,31,7.0,5,15,0.478,0.75,0.425,20.0,Minnesota Timberwolves
0022400946,2025-03-12,22024,BOS vs. OKC,L,112,41.0,25,9.0,6,13,0.436,0.833,0.317,-6.0,Boston Celtics
0022400948,2025-03-12,22024,MIA vs. LAC,L,104,29.0,27,14.0,3,10,0.476,0.714,0.378,-15.0,Miami Heat
0022400945,2025-03-12,22024,CHA @ ATL,L,110,47.0,29,9.0,9,21,0.455,0.889,0.4,-13.0,Charlotte Hornets
0022400948,2025-03-12,22024,LAC @ MIA,W,119,45.0,24,7.0,0,16,0.592,0.667,0.481,15.0,Los Angeles Clippers
0022400951,2025-03-12,22024,DAL @ SAS,L,116,31.0,30,8.0,0,17,0.556,0.765,0.406,-10.0,Dallas Mavericks
0022400947,2025-03-12,22024,PHI @ TOR,L,105,40.0,19,13.0,11,9,0.427,0.727,0.2,-13.0,Philadelphia 76ers
0022400949,2025-03-12,22024,PHX @ HOU,L,104,37.0,22,7.0,8,16,0.534,0.8,0.357,-7.0,Phoenix Suns
0022400950,2025-03-12,22024,UTA @ MEM,L,115,60.0,24,6.0,8,23,0.467,0.679,0.353,-7.0,Utah Jazz
0022400949,2025-03-12,22024,HOU vs. PHX,W,111,38.0,25,11.0,3,9,0.455,0.76,0.316,7.0,Houston Rockets
0022400945,2025-03-12,22024,ATL vs. CHA,W,123,43.0,26,13.0,6,13,0.42,0.897,0.389,13.0,Atlanta Hawks
0022400957,2025-03-13,22024,GSW vs. SAC,W,130,43.0,35,8.0,5,14,0.577,0.75,0.564,26.0,Golden State Warriors
0022400954,2025-03-13,22024,DET vs. WAS,L,125,41.0,23,8.0,6,12,0.459,0.86,0.333,-4.0,Detroit Pistons
0022400955,2025-03-13,22024,LAL @ MIL,L,106,38.0,18,3.0,4,13,0.437,0.833,0.375,-20.0,Los Angeles Lakers
0022401141,2025-03-13,22024,NOP vs. ORL,L,93,40.0,23,3.0,4,13,0.443,0.762,0.28,-20.0,New Orleans Pelicans
0022400956,2025-03-13,22024,BKN @ CHI,L,110,50.0,32,6.0,7,9,0.448,0.722,0.324,-6.0,Brooklyn Nets
0022400956,2025-03-13,22024,CHI vs. BKN,W,116,47.0,24,8.0,4,8,0.456,0.885,0.297,6.0,Chicago Bulls
0022400954,2025-03-13,22024,WAS @ DET,W,129,47.0,30,10.0,5,15,0.478,0.852,0.444,4.0,Washington Wizards
0022401141,2025-03-13,22024,ORL @ NOP,W,113,39.0,25,7.0,7,8,0.518,0.778,0.394,20.0,Orlando Magic
0022400957,2025-03-13,22024,SAC @ GSW,L,104,30.0,25,7.0,4,14,0.468,0.727,0.378,-26.0,Sacramento Kings
0022400955,2025-03-13,22024,MIL vs. LAL,W,126,48.0,30,9.0,8,11,0.477,0.818,0.425,20.0,Milwaukee Bucks
0022400959,2025-03-14,22024,PHI vs. IND,L,100,43.0,13,7.0,9,14,0.451,0.682,0.289,-12.0,Philadelphia 76ers
0022400963,2025-03-14,22024,MIN vs. ORL,W,118,45.0,26,8.0,6,15,0.525,0.714,0.424,7.0,Minnesota Timberwolves
0022400959,2025-03-14,22024,IND @ PHI,W,112,45.0,31,6.0,4,10,0.494,0.778,0.286,12.0,Indiana Pacers
0022400966,2025-03-14,22024,TOR @ UTA,W,126,51.0,28,9.0,6,15,0.484,0.743,0.375,8.0,Toronto Raptors
0022400965,2025-03-14,22024,DEN vs. LAL,W,131,39.0,30,7.0,5,12,0.518,0.789,0.419,5.0,Denver Nuggets
0022400962,2025-03-14,22024,MEM vs. CLE,L,124,45.0,25,11.0,3,14,0.495,0.81,0.306,-9.0,Memphis Grizzlies
0022400967,2025-03-14,22024,SAC @ PHX,L,106,40.0,25,7.0,1,19,0.494,0.9,0.25,-16.0,Sacramento Kings
0022400961,2025-03-14,22024,DAL @ HOU,L,96,34.0,14,4.0,6,7,0.415,0.833,0.364,-37.0,Dallas Mavericks
0022400960,2025-03-14,22024,ATL vs. LAC,L,98,44.0,25,8.0,6,18,0.42,0.882,0.273,-23.0,Atlanta Hawks
0022400965,2025-03-14,22024,LAL @ DEN,L,126,47.0,32,10.0,2,8,0.467,0.813,0.375,-5.0,Los Angeles Lakers
0022400967,2025-03-14,22024,PHX vs. SAC,W,122,34.0,33,12.0,3,11,0.519,0.842,0.558,16.0,Phoenix Suns
0022400966,2025-03-14,22024,UTA vs. TOR,L,118,35.0,23,12.0,2,16,0.438,0.774,0.421,-8.0,Utah Jazz
0022400963,2025-03-14,22024,ORL @ MIN,L,111,31.0,18,9.0,5,11,0.449,0.864,0.429,-7.0,Orlando Magic
0022400964,2025-03-14,22024,SAS vs. CHA,L,134,36.0,27,14.0,5,13,0.505,0.773,0.457,-11.0,San Antonio Spurs
0022400962,2025-03-14,22024,CLE @ MEM,W,133,43.0,32,9.0,4,15,0.5,0.788,0.373,9.0,Cleveland Cavaliers
0022400958,2025-03-14,22024,BOS @ MIA,W,103,41.0,18,8.0,4,14,0.434,0.923,0.38,12.0,Boston Celtics
0022400964,2025-03-14,22024,CHA @ SAS,W,145,34.0,42,7.0,2,18,0.6,0.895,0.565,11.0,Charlotte Hornets
0022400958,2025-03-14,22024,MIA vs. BOS,L,91,38.0,18,10.0,4,17,0.453,0.588,0.382,-12.0,Miami Heat
0022400960,2025-03-14,22024,LAC @ ATL,W,121,40.0,27,14.0,5,13,0.547,0.75,0.444,23.0,Los Angeles Clippers
0022400961,2025-03-14,22024,HOU vs. DAL,W,133,67.0,27,5.0,6,10,0.514,0.833,0.484,37.0,Houston Rockets
0022400968,2025-03-15,22024,BOS @ BKN,W,115,38.0,29,5.0,7,7,0.524,0.737,0.342,2.0,Boston Celtics
0022400973,2025-03-15,22024,NOP @ SAS,L,115,52.0,34,2.0,3,15,0.5,1.0,0.343,-4.0,New Orleans Pelicans
0022400969,2025-03-15,22024,DET vs. OKC,L,107,39.0,29,8.0,3,17,0.477,0.692,0.424,-6.0,Detroit Pistons
0022400970,2025-03-15,22024,HOU vs. CHI,W,117,54.0,24,4.0,6,11,0.449,0.577,0.318,3.0,Houston Rockets
0022400974,2025-03-15,22024,NYK @ GSW,L,94,49.0,20,6.0,6,13,0.43,0.846,0.375,-3.0,New York Knicks
0022400972,2025-03-15,22024,MIL vs. IND,W,126,45.0,28,9.0,4,15,0.544,0.962,0.405,7.0,Milwaukee Bucks
0022400971,2025-03-15,22024,MEM vs. MIA,W,125,51.0,31,7.0,6,10,0.554,0.917,0.387,34.0,Memphis Grizzlies
0022400974,2025-03-15,22024,GSW vs. NYK,W,97,45.0,25,7.0,5,9,0.398,0.818,0.317,3.0,Golden State Warriors
0022400973,2025-03-15,22024,SAS vs. NOP,W,119,37.0,26,10.0,2,10,0.464,0.758,0.41,4.0,San Antonio Spurs
0022400971,2025-03-15,22024,MIA @ MEM,L,91,37.0,24,6.0,4,14,0.398,0.8,0.243,-34.0,Miami Heat
0022400968,2025-03-15,22024,BKN vs. BOS,L,113,45.0,34,4.0,3,9,0.467,0.692,0.435,-2.0,Brooklyn Nets
0022400975,2025-03-15,22024,WAS @ DEN,W,126,44.0,34,11.0,4,17,0.484,0.882,0.422,3.0,Washington Wizards
0022400975,2025-03-15,22024,DEN vs. WAS,L,123,42.0,40,12.0,8,17,0.505,0.882,0.353,-3.0,Denver Nuggets
0022400969,2025-03-15,22024,OKC @ DET,W,113,44.0,17,11.0,8,17,0.483,0.773,0.294,6.0,Oklahoma City Thunder
0022400972,2025-03-15,22024,IND @ MIL,L,119,32.0,29,9.0,4,11,0.479,0.769,0.395,-7.0,Indiana Pacers
0022400970,2025-03-15,22024,CHI @ HOU,L,114,36.0,24,6.0,5,10,0.462,0.875,0.368,-3.0,Chicago Bulls
0022400976,2025-03-16,22024,PHI @ DAL,W,130,39.0,21,13.0,3,11,0.522,0.833,0.389,5.0,Philadelphia 76ers
0022400538,2025-03-16,22024,LAC vs. CHA,W,123,58.0,30,10.0,5,10,0.484,0.87,0.5,35.0,Los Angeles Clippers
0022400980,2025-03-16,22024,TOR @ POR,L,102,47.0,29,12.0,0,18,0.404,0.8,0.323,-3.0,Toronto Raptors
0022400978,2025-03-16,22024,ATL @ BKN,L,114,38.0,27,12.0,11,14,0.467,0.792,0.297,-8.0,Atlanta Hawks
0022400979,2025-03-16,22024,ORL @ CLE,W,108,47.0,21,11.0,3,15,0.42,0.794,0.419,5.0,Orlando Magic
0022400977,2025-03-16,22024,LAL vs. PHX,W,107,40.0,22,7.0,5,8,0.432,0.719,0.359,11.0,Los Angeles Lakers
0022400982,2025-03-16,22024,OKC @ MIL,W,121,50.0,30,3.0,3,9,0.517,0.76,0.345,16.0,Oklahoma City Thunder
0022400981,2025-03-16,22024,UTA @ MIN,L,102,44.0,23,4.0,0,22,0.433,0.8,0.316,-26.0,Utah Jazz
0022400978,2025-03-16,22024,BKN vs. ATL,W,122,40.0,33,7.0,5,15,0.478,0.826,0.486,8.0,Brooklyn Nets
0022400538,2025-03-16,22024,CHA @ LAC,L,88,44.0,27,5.0,5,11,0.394,0.889,0.182,-35.0,Charlotte Hornets
0022400982,2025-03-16,22024,MIL vs. OKC,L,105,34.0,21,7.0,8,9,0.398,0.788,0.382,-16.0,Milwaukee Bucks
0022400977,2025-03-16,22024,PHX @ LAL,L,96,51.0,25,4.0,4,14,0.393,0.81,0.22,-11.0,Phoenix Suns
0022400979,2025-03-16,22024,CLE vs. ORL,L,103,48.0,21,7.0,1,13,0.417,0.65,0.25,-5.0,Cleveland Cavaliers
0022400981,2025-03-16,22024,MIN vs. UTA,W,128,49.0,30,14.0,6,9,0.495,0.692,0.326,26.0,Minnesota Timberwolves
0022400980,2025-03-16,22024,POR vs. TOR,W,105,51.0,21,10.0,7,20,0.409,0.833,0.36,3.0,Portland Trail Blazers
0022400976,2025-03-16,22024,DAL vs. PHI,L,125,45.0,26,4.0,3,15,0.529,0.767,0.294,-5.0,Dallas Mavericks
0022400985,2025-03-17,22024,HOU vs. PHI,W,144,58.0,35,8.0,5,15,0.477,0.833,0.415,7.0,Houston Rockets
0022400989,2025-03-17,22024,CHI @ UTA,W,111,49.0,29,12.0,3,9,0.433,0.813,0.311,14.0,Chicago Bulls
0022400537,2025-03-17,22024,LAL vs. SAS,W,125,42.0,34,13.0,4,9,0.489,0.75,0.396,16.0,Los Angeles Lakers
0022400987,2025-03-17,22024,NOP vs. DET,L,81,39.0,18,7.0,6,16,0.326,0.667,0.156,-46.0,New Orleans Pelicans
0022400995,2025-03-17,22024,WAS @ POR,L,97,49.0,27,6.0,7,16,0.413,0.75,0.3,-15.0,Washington Wizards
0022400991,2025-03-17,22024,TOR @ PHX,L,89,40.0,20,4.0,2,11,0.356,0.739,0.286,-40.0,Toronto Raptors
0022400984,2025-03-17,22024,NYK vs. MIA,W,116,41.0,30,12.0,6,13,0.495,1.0,0.471,21.0,New York Knicks
0022400984,2025-03-17,22024,MIA @ NYK,L,95,39.0,23,9.0,6,20,0.476,0.917,0.261,-21.0,Miami Heat
0022400992,2025-03-17,22024,MEM @ SAC,L,122,48.0,24,8.0,7,17,0.489,1.0,0.433,-10.0,Memphis Grizzlies
0022400990,2025-03-17,22024,DEN @ GSW,W,114,53.0,32,12.0,7,20,0.467,0.778,0.359,9.0,Denver Nuggets
0022400995,2025-03-17,22024,POR vs. WAS,W,112,50.0,25,15.0,3,8,0.424,0.684,0.326,15.0,Portland Trail Blazers
0022400991,2025-03-17,22024,PHX vs. TOR,W,129,54.0,34,7.0,4,10,0.511,1.0,0.513,40.0,Phoenix Suns
0022400987,2025-03-17,22024,DET @ NOP,W,127,50.0,33,10.0,7,13,0.548,0.759,0.371,46.0,Detroit Pistons
0022400986,2025-03-17,22024,IND @ MIN,W,132,48.0,28,7.0,6,20,0.495,0.826,0.459,2.0,Indiana Pacers
0022400985,2025-03-17,22024,PHI @ HOU,L,137,35.0,21,8.0,4,16,0.505,0.68,0.49,-7.0,Philadelphia 76ers
0022400989,2025-03-17,22024,UTA vs. CHI,L,97,48.0,20,4.0,4,17,0.407,0.818,0.214,-14.0,Utah Jazz
0022400537,2025-03-17,22024,SAS @ LAL,L,109,44.0,30,6.0,5,17,0.466,0.857,0.395,-16.0,San Antonio Spurs
0022400990,2025-03-17,22024,GSW vs. DEN,L,105,38.0,24,16.0,10,20,0.488,0.556,0.242,-9.0,Golden State Warriors
0022400992,2025-03-17,22024,SAC vs. MEM,W,132,38.0,35,11.0,7,12,0.523,0.667,0.488,10.0,Sacramento Kings
0022400986,2025-03-17,22024,MIN vs. IND,L,130,44.0,25,11.0,7,14,0.454,0.806,0.31,-2.0,Minnesota Timberwolves
0022400994,2025-03-18,22024,BKN @ BOS,L,96,39.0,21,9.0,2,8,0.409,0.647,0.289,-8.0,Brooklyn Nets
0022400993,2025-03-18,22024,ATL @ CHA,W,134,46.0,27,12.0,8,10,0.538,0.8,0.489,32.0,Atlanta Hawks
0022401012,2025-03-18,22024,GSW vs. MIL,W,104,52.0,25,7.0,6,18,0.416,0.885,0.386,11.0,Golden State Warriors
0022400994,2025-03-18,22024,BOS vs. BKN,W,104,48.0,24,6.0,5,13,0.443,0.818,0.333,8.0,Boston Celtics
0022401012,2025-03-18,22024,MIL @ GSW,L,93,34.0,19,9.0,4,9,0.392,0.704,0.316,-11.0,Milwaukee Bucks
0022400993,2025-03-18,22024,CHA vs. ATL,L,102,39.0,25,7.0,8,17,0.452,0.762,0.333,-32.0,Charlotte Hornets
0022400997,2025-03-18,22024,CLE @ LAC,L,119,29.0,29,6.0,0,8,0.489,0.654,0.341,-13.0,Cleveland Cavaliers
0022400997,2025-03-18,22024,LAC vs. CLE,W,132,49.0,28,7.0,5,12,0.548,0.857,0.457,13.0,Los Angeles Clippers
0022401001,2025-03-19,22024,NOP @ MIN,W,119,46.0,28,5.0,6,13,0.528,0.545,0.448,4.0,New Orleans Pelicans
0022401009,2025-03-19,22024,SAC vs. CLE,W,123,41.0,28,9.0,1,11,0.505,0.938,0.457,4.0,Sacramento Kings
0022401009,2025-03-19,22024,CLE @ SAC,L,119,37.0,24,7.0,1,12,0.548,0.778,0.382,-4.0,Cleveland Cavaliers
0022401000,2025-03-19,22024,MIA vs. DET,L,113,37.0,24,7.0,5,13,0.489,0.833,0.313,-3.0,Miami Heat
0022400998,2025-03-19,22024,IND vs. DAL,W,135,38.0,29,4.0,5,11,0.549,0.784,0.457,4.0,Indiana Pacers
0022401006,2025-03-19,22024,DEN @ LAL,L,108,45.0,25,8.0,4,18,0.471,0.619,0.333,-12.0,Denver Nuggets
0022400627,2025-03-19,22024,WAS @ UTA,L,112,37.0,30,12.0,4,13,0.462,0.778,0.267,-16.0,Washington Wizards
0022401003,2025-03-19,22024,SAS vs. NYK,W,120,52.0,28,7.0,7,13,0.5,0.7,0.457,15.0,San Antonio Spurs
0022401002,2025-03-19,22024,PHI @ OKC,L,100,41.0,24,8.0,3,12,0.368,0.75,0.316,-33.0,Philadelphia 76ers
0022400999,2025-03-19,22024,HOU @ ORL,W,116,46.0,18,10.0,5,15,0.469,0.906,0.314,8.0,Houston Rockets
0022401007,2025-03-19,22024,CHI @ PHX,L,121,40.0,29,7.0,8,13,0.544,0.667,0.395,-6.0,Chicago Bulls
0022400998,2025-03-19,22024,DAL @ IND,L,131,41.0,23,6.0,0,12,0.545,0.75,0.407,-4.0,Dallas Mavericks
0022401007,2025-03-19,22024,PHX vs. CHI,W,127,46.0,34,9.0,6,11,0.49,0.9,0.375,6.0,Phoenix Suns
0022401008,2025-03-19,22024,MEM @ POR,L,99,40.0,23,11.0,4,10,0.402,0.81,0.267,-16.0,Memphis Grizzlies
0022400999,2025-03-19,22024,ORL vs. HOU,L,108,41.0,23,7.0,4,12,0.446,0.85,0.257,-8.0,Orlando Magic
0022401000,2025-03-19,22024,DET @ MIA,W,116,47.0,25,4.0,10,12,0.505,0.833,0.391,3.0,Detroit Pistons
0022401001,2025-03-19,22024,MIN vs. NOP,L,115,40.0,21,7.0,6,14,0.455,0.806,0.41,-4.0,Minnesota Timberwolves
0022400627,2025-03-19,22024,UTA vs. WAS,W,128,42.0,30,7.0,1,16,0.562,0.611,0.405,16.0,Utah Jazz
0022401006,2025-03-19,22024,LAL vs. DEN,W,120,38.0,25,13.0,3,13,0.506,0.714,0.421,12.0,Los Angeles Lakers
0022401008,2025-03-19,22024,POR vs. MEM,W,115,65.0,25,3.0,6,17,0.417,0.81,0.391,16.0,Portland Trail Blazers
0022401002,2025-03-19,22024,OKC vs. PHI,W,133,55.0,36,10.0,5,12,0.522,0.75,0.462,33.0,Oklahoma City Thunder
0022401003,2025-03-19,22024,NYK @ SAS,L,105,44.0,28,7.0,7,10,0.424,0.762,0.297,-15.0,New York Knicks
0022401013,2025-03-20,22024,SAC vs. CHI,L,116,36.0,27,4.0,5,11,0.477,0.826,0.385,-12.0,Sacramento Kings
0022400996,2025-03-20,22024,LAL vs. MIL,L,89,50.0,26,5.0,4,19,0.415,0.625,0.344,-29.0,Los Angeles Lakers
0022401010,2025-03-20,22024,CHA vs. NYK,W,115,52.0,25,1.0,3,11,0.489,0.824,0.469,17.0,Charlotte Hornets
0022401011,2025-03-20,22024,IND vs. BKN,W,105,57.0,18,10.0,8,22,0.432,0.871,0.258,6.0,Indiana Pacers
0022401010,2025-03-20,22024,NYK @ CHA,L,98,38.0,26,9.0,2,7,0.4,0.8,0.256,-17.0,New York Knicks
0022400996,2025-03-20,22024,MIL @ LAL,W,118,41.0,24,12.0,4,9,0.476,0.794,0.314,29.0,Milwaukee Bucks
0022401013,2025-03-20,22024,CHI @ SAC,W,128,40.0,32,9.0,2,12,0.523,0.885,0.429,12.0,Chicago Bulls
0022401005,2025-03-20,22024,TOR @ GSW,L,114,44.0,32,7.0,4,23,0.564,0.789,0.423,-3.0,Toronto Raptors
0022401005,2025-03-20,22024,GSW vs. TOR,W,117,38.0,30,13.0,5,14,0.422,0.786,0.404,3.0,Golden State Warriors
0022401011,2025-03-20,22024,BKN @ IND,L,99,47.0,20,11.0,4,16,0.356,0.722,0.28,-6.0,Brooklyn Nets
0022401019,2025-03-21,22024,DAL vs. DET,W,123,44.0,25,10.0,7,20,0.525,0.75,0.353,6.0,Dallas Mavericks
0022401022,2025-03-21,22024,POR vs. DEN,W,128,38.0,30,12.0,6,17,0.54,0.8,0.4,19.0,Portland Trail Blazers
0022401018,2025-03-21,22024,PHI @ SAS,L,120,32.0,30,10.0,4,16,0.568,0.7,0.378,-8.0,Philadelphia 76ers
0022401022,2025-03-21,22024,DEN @ POR,L,109,31.0,24,10.0,2,20,0.5,0.857,0.346,-19.0,Denver Nuggets
0022401019,2025-03-21,22024,DET @ DAL,L,117,41.0,24,14.0,5,14,0.469,0.737,0.355,-6.0,Detroit Pistons
0022401016,2025-03-21,22024,MIN vs. NOP,W,134,36.0,40,14.0,1,13,0.539,0.95,0.432,41.0,Minnesota Timberwolves
0022401015,2025-03-21,22024,HOU @ MIA,W,102,46.0,14,17.0,4,15,0.464,0.476,0.5,4.0,Houston Rockets
0022401023,2025-03-21,22024,LAC vs. MEM,W,128,43.0,29,7.0,9,13,0.577,0.808,0.5,20.0,Los Angeles Clippers
0022401014,2025-03-21,22024,ORL @ WAS,W,120,55.0,25,9.0,8,12,0.479,0.846,0.405,15.0,Orlando Magic
0022401017,2025-03-21,22024,CHA @ OKC,L,106,29.0,29,6.0,4,16,0.463,1.0,0.463,-35.0,Charlotte Hornets
0022401018,2025-03-21,22024,SAS vs. PHI,W,128,34.0,36,11.0,5,14,0.528,0.833,0.487,8.0,San Antonio Spurs
0022401016,2025-03-21,22024,NOP @ MIN,L,93,33.0,20,11.0,4,25,0.5,0.636,0.355,-41.0,New Orleans Pelicans
0022401014,2025-03-21,22024,WAS vs. ORL,L,105,41.0,23,11.0,4,14,0.425,0.737,0.436,-15.0,Washington Wizards
0022401017,2025-03-21,22024,OKC vs. CHA,W,141,43.0,29,10.0,7,7,0.574,0.706,0.538,35.0,Oklahoma City Thunder
0022401023,2025-03-21,22024,MEM @ LAC,L,108,40.0,28,8.0,3,10,0.421,0.692,0.388,-20.0,Memphis Grizzlies
0022401021,2025-03-21,22024,CLE @ PHX,L,112,44.0,24,11.0,5,11,0.447,0.786,0.378,-11.0,Cleveland Cavaliers
0022401015,2025-03-21,22024,MIA vs. HOU,L,98,34.0,25,8.0,5,20,0.521,0.857,0.417,-4.0,Miami Heat
0022401020,2025-03-21,22024,BOS @ UTA,W,121,48.0,27,13.0,4,10,0.464,0.875,0.333,22.0,Boston Celtics
0022401021,2025-03-21,22024,PHX vs. CLE,W,123,46.0,33,6.0,3,13,0.522,1.0,0.452,11.0,Phoenix Suns
0022401020,2025-03-21,22024,UTA vs. BOS,L,99,38.0,24,7.0,2,17,0.452,0.75,0.4,-22.0,Utah Jazz
0022401027,2025-03-22,22024,SAC vs. MIL,L,108,44.0,21,4.0,2,8,0.451,0.773,0.237,-6.0,Sacramento Kings
0022401027,2025-03-22,22024,MIL @ SAC,W,114,42.0,22,6.0,3,9,0.524,0.65,0.419,6.0,Milwaukee Bucks
0022401025,2025-03-22,22024,ATL vs. GSW,W,124,46.0,37,5.0,3,14,0.57,0.611,0.417,9.0,Atlanta Hawks
0022401025,2025-03-22,22024,GSW @ ATL,L,115,38.0,28,8.0,4,9,0.464,0.808,0.421,-9.0,Golden State Warriors
0022401028,2025-03-22,22024,LAL vs. CHI,L,115,35.0,23,8.0,1,21,0.482,0.727,0.415,-31.0,Los Angeles Lakers
0022401028,2025-03-22,22024,CHI @ LAL,W,146,42.0,41,17.0,5,10,0.583,0.75,0.463,31.0,Chicago Bulls
0022401024,2025-03-22,22024,BKN @ IND,L,103,48.0,20,6.0,1,14,0.433,0.588,0.349,-5.0,Brooklyn Nets
0022401024,2025-03-22,22024,IND vs. BKN,W,108,44.0,32,5.0,6,13,0.476,0.81,0.314,5.0,Indiana Pacers
0022401026,2025-03-22,22024,NYK vs. WAS,W,122,49.0,29,13.0,3,14,0.484,0.778,0.371,19.0,New York Knicks
0022401026,2025-03-22,22024,WAS @ NYK,L,103,41.0,21,9.0,5,20,0.443,0.737,0.306,-19.0,Washington Wizards
0022401029,2025-03-23,22024,DET vs. NOP,W,136,32.0,26,6.0,2,6,0.547,0.725,0.481,6.0,Detroit Pistons
0022401032,2025-03-23,22024,CHA @ MIA,L,105,40.0,24,5.0,4,19,0.471,0.923,0.333,-17.0,Charlotte Hornets
0022401036,2025-03-23,22024,OKC @ LAC,W,103,42.0,28,9.0,8,9,0.402,0.85,0.343,2.0,Oklahoma City Thunder
0022401030,2025-03-23,22024,UTA vs. CLE,L,91,52.0,25,4.0,5,18,0.36,0.611,0.32,-29.0,Utah Jazz
0022401036,2025-03-23,22024,LAC vs. OKC,L,101,48.0,20,6.0,8,14,0.427,0.821,0.308,-2.0,Los Angeles Clippers
0022401034,2025-03-23,22024,POR vs. BOS,L,116,38.0,24,6.0,3,12,0.489,0.688,0.404,-13.0,Portland Trail Blazers
0022401032,2025-03-23,22024,MIA vs. CHA,W,122,32.0,27,10.0,4,10,0.573,0.8,0.414,17.0,Miami Heat
0022401030,2025-03-23,22024,CLE @ UTA,W,120,51.0,28,9.0,7,6,0.458,0.677,0.229,29.0,Cleveland Cavaliers
0022401029,2025-03-23,22024,NOP @ DET,L,130,37.0,35,3.0,5,17,0.576,0.75,0.5,-6.0,New Orleans Pelicans
0022401034,2025-03-23,22024,BOS @ POR,W,129,38.0,31,6.0,6,9,0.545,0.714,0.46,13.0,Boston Celtics
0022401033,2025-03-23,22024,TOR vs. SAS,L,89,46.0,27,8.0,3,21,0.38,0.692,0.256,-34.0,Toronto Raptors
0022401031,2025-03-23,22024,PHI @ ATL,L,119,37.0,24,8.0,4,13,0.44,0.757,0.324,-13.0,Philadelphia 76ers
0022401035,2025-03-23,22024,HOU vs. DEN,L,111,45.0,25,4.0,7,6,0.438,0.647,0.324,-5.0,Houston Rockets
0022401035,2025-03-23,22024,DEN @ HOU,W,116,43.0,28,5.0,4,9,0.506,0.692,0.476,5.0,Denver Nuggets
0022401033,2025-03-23,22024,SAS @ TOR,W,123,46.0,27,15.0,6,14,0.477,0.844,0.326,34.0,San Antonio Spurs
0022401031,2025-03-23,22024,ATL vs. PHI,W,132,39.0,35,11.0,4,16,0.552,0.864,0.459,13.0,Atlanta Hawks
0022401041,2025-03-24,22024,PHI @ NOP,L,99,37.0,19,11.0,6,11,0.391,0.895,0.333,-13.0,Philadelphia 76ers
0022401038,2025-03-24,22024,ORL vs. LAL,W,118,43.0,25,6.0,4,8,0.494,0.826,0.375,12.0,Orlando Magic
0022401042,2025-03-24,22024,CHI @ DEN,W,129,43.0,31,8.0,5,10,0.495,0.846,0.436,10.0,Chicago Bulls
0022401038,2025-03-24,22024,LAL @ ORL,L,106,39.0,19,7.0,1,10,0.463,0.786,0.313,-12.0,Los Angeles Lakers
0022401042,2025-03-24,22024,DEN vs. CHI,L,119,52.0,34,5.0,9,12,0.474,0.667,0.306,-10.0,Denver Nuggets
0022401037,2025-03-24,22024,IND vs. MIN,W,119,46.0,30,9.0,5,11,0.489,1.0,0.371,16.0,Indiana Pacers
0022401041,2025-03-24,22024,NOP vs. PHI,W,112,51.0,36,11.0,5,16,0.494,0.846,0.429,13.0,New Orleans Pelicans
0022401040,2025-03-24,22024,BKN vs. DAL,L,101,37.0,30,7.0,2,18,0.513,0.714,0.333,-19.0,Brooklyn Nets
0022401039,2025-03-24,22024,WAS vs. TOR,L,104,48.0,24,8.0,9,17,0.402,0.676,0.297,-8.0,Washington Wizards
0022401043,2025-03-24,22024,PHX vs. MIL,W,108,52.0,25,2.0,4,16,0.476,0.889,0.389,2.0,Phoenix Suns
0022401043,2025-03-24,22024,MIL @ PHX,L,106,36.0,24,12.0,0,7,0.446,0.69,0.308,-2.0,Milwaukee Bucks
0022401040,2025-03-24,22024,DAL @ BKN,W,120,41.0,34,10.0,1,10,0.563,0.75,0.323,19.0,Dallas Mavericks
0022401044,2025-03-24,22024,BOS @ SAC,W,113,45.0,28,9.0,4,10,0.456,0.6,0.38,18.0,Boston Celtics
0022401039,2025-03-24,22024,TOR @ WAS,W,112,60.0,28,11.0,6,12,0.406,0.741,0.278,8.0,Toronto Raptors
0022401044,2025-03-24,22024,SAC vs. BOS,L,95,45.0,23,7.0,1,14,0.453,0.818,0.333,-18.0,Sacramento Kings
0022401037,2025-03-24,22024,MIN @ IND,L,103,45.0,26,5.0,3,17,0.484,0.6,0.257,-16.0,Minnesota Timberwolves
0022401052,2025-03-25,22024,SAC vs. OKC,L,105,36.0,32,10.0,7,11,0.407,0.667,0.489,-16.0,Sacramento Kings
0022401051,2025-03-25,22024,POR vs. CLE,L,111,45.0,28,9.0,3,9,0.4,0.636,0.327,-11.0,Portland Trail Blazers
0022401048,2025-03-25,22024,DAL @ NYK,L,113,33.0,19,9.0,3,16,0.538,0.84,0.316,-15.0,Dallas Mavericks
0022401049,2025-03-25,22024,HOU vs. ATL,W,121,51.0,17,8.0,2,13,0.452,0.897,0.282,7.0,Houston Rockets
0022401050,2025-03-25,22024,MEM @ UTA,W,140,52.0,38,7.0,4,8,0.531,0.889,0.444,37.0,Memphis Grizzlies
0022401050,2025-03-25,22024,UTA vs. MEM,L,103,28.0,24,6.0,3,13,0.436,0.818,0.405,-37.0,Utah Jazz
0022401045,2025-03-25,22024,ORL @ CHA,W,111,50.0,22,5.0,4,8,0.456,0.842,0.31,7.0,Orlando Magic
0022401046,2025-03-25,22024,SAS @ DET,L,96,41.0,21,7.0,2,10,0.363,0.8,0.318,-26.0,San Antonio Spurs
0022401049,2025-03-25,22024,ATL @ HOU,L,114,42.0,32,8.0,1,14,0.417,0.867,0.306,-7.0,Atlanta Hawks
0022401047,2025-03-25,22024,MIA vs. GSW,W,112,42.0,26,8.0,5,15,0.558,0.75,0.68,26.0,Miami Heat
0022401047,2025-03-25,22024,GSW @ MIA,L,86,38.0,20,8.0,1,12,0.398,0.688,0.237,-26.0,Golden State Warriors
0022401051,2025-03-25,22024,CLE @ POR,W,122,41.0,28,4.0,6,11,0.545,0.824,0.444,11.0,Cleveland Cavaliers
0022401046,2025-03-25,22024,DET vs. SAS,W,122,44.0,33,6.0,5,10,0.564,0.76,0.484,26.0,Detroit Pistons
0022401052,2025-03-25,22024,OKC @ SAC,W,121,52.0,30,7.0,6,15,0.524,0.8,0.594,16.0,Oklahoma City Thunder
0022401045,2025-03-25,22024,CHA vs. ORL,L,104,38.0,26,4.0,3,11,0.42,0.762,0.412,-7.0,Charlotte Hornets
0022401048,2025-03-25,22024,NYK vs. DAL,W,128,36.0,40,9.0,4,14,0.596,0.667,0.385,15.0,New York Knicks
0022401057,2025-03-26,22024,MIL @ DEN,L,117,39.0,30,4.0,6,11,0.517,0.692,0.432,-10.0,Milwaukee Bucks
0022401056,2025-03-26,22024,LAC @ NYK,W,126,45.0,27,4.0,8,5,0.511,0.833,0.533,13.0,Los Angeles Clippers
0022401058,2025-03-26,22024,PHX vs. BOS,L,102,38.0,22,7.0,3,13,0.414,0.81,0.317,-30.0,Phoenix Suns
0022401053,2025-03-26,22024,WAS @ PHI,W,119,49.0,30,3.0,6,10,0.505,0.417,0.409,5.0,Washington Wizards
0022401054,2025-03-26,22024,BKN vs. TOR,L,86,43.0,16,6.0,9,19,0.356,0.842,0.195,-30.0,Brooklyn Nets
0022401057,2025-03-26,22024,DEN vs. MIL,W,127,46.0,36,6.0,4,9,0.544,0.591,0.432,10.0,Denver Nuggets
0022401056,2025-03-26,22024,NYK vs. LAC,L,113,38.0,35,4.0,1,9,0.5,0.727,0.382,-13.0,New York Knicks
0022401053,2025-03-26,22024,PHI vs. WAS,L,114,47.0,22,7.0,5,4,0.429,0.8,0.304,-5.0,Philadelphia 76ers
0022401055,2025-03-26,22024,LAL @ IND,W,120,43.0,26,5.0,3,14,0.519,0.875,0.447,1.0,Los Angeles Lakers
0022401054,2025-03-26,22024,TOR @ BKN,W,116,63.0,34,5.0,3,11,0.422,0.87,0.303,30.0,Toronto Raptors
0022401058,2025-03-26,22024,BOS @ PHX,W,132,48.0,33,8.0,7,10,0.506,0.909,0.423,30.0,Boston Celtics
0022401055,2025-03-26,22024,IND vs. LAL,L,119,36.0,31,9.0,4,9,0.506,0.842,0.417,-1.0,Indiana Pacers
0022401064,2025-03-27,22024,OKC vs. MEM,W,125,45.0,28,9.0,4,12,0.489,0.857,0.419,21.0,Oklahoma City Thunder
0022401066,2025-03-27,22024,POR @ SAC,L,107,32.0,23,11.0,3,10,0.398,0.808,0.32,-21.0,Portland Trail Blazers
0022401064,2025-03-27,22024,MEM @ OKC,L,104,36.0,28,9.0,4,18,0.418,0.957,0.381,-21.0,Memphis Grizzlies
0022401063,2025-03-27,22024,LAL @ CHI,L,117,40.0,30,8.0,7,11,0.495,0.833,0.293,-2.0,Los Angeles Lakers
0022401063,2025-03-27,22024,CHI vs. LAL,W,119,48.0,33,4.0,2,15,0.467,0.636,0.432,2.0,Chicago Bulls
0022401065,2025-03-27,22024,UTA vs. HOU,L,110,33.0,29,5.0,5,16,0.544,0.765,0.478,-11.0,Utah Jazz
0022401060,2025-03-27,22024,DAL @ ORL,W,101,40.0,21,10.0,1,14,0.474,0.727,0.5,9.0,Dallas Mavericks
0022401065,2025-03-27,22024,HOU @ UTA,W,121,51.0,26,7.0,5,9,0.461,0.789,0.324,11.0,Houston Rockets
0022401060,2025-03-27,22024,ORL vs. DAL,L,92,44.0,14,5.0,5,16,0.425,0.792,0.167,-9.0,Orlando Magic
0022401059,2025-03-27,22024,CLE vs. SAS,W,124,56.0,33,7.0,5,13,0.465,0.833,0.354,8.0,Cleveland Cavaliers
0022401062,2025-03-27,22024,ATL @ MIA,L,112,36.0,27,10.0,2,15,0.518,0.727,0.439,-10.0,Atlanta Hawks
0022401061,2025-03-27,22024,IND @ WAS,W,162,50.0,48,8.0,2,12,0.641,0.895,0.574,53.0,Indiana Pacers
0022401066,2025-03-27,22024,SAC vs. POR,W,128,46.0,24,8.0,3,20,0.649,0.815,0.37,21.0,Sacramento Kings
0022401059,2025-03-27,22024,SAS @ CLE,L,116,50.0,27,10.0,3,10,0.406,0.762,0.326,-8.0,San Antonio Spurs
0022401062,2025-03-27,22024,MIA vs. ATL,W,122,37.0,26,10.0,1,13,0.537,0.8,0.545,10.0,Miami Heat
0022401061,2025-03-27,22024,WAS vs. IND,L,109,31.0,19,9.0,2,15,0.447,0.846,0.367,-53.0,Washington Wizards
0022401068,2025-03-28,22024,LAC @ BKN,W,132,48.0,29,11.0,4,12,0.55,0.893,0.514,32.0,Los Angeles Clippers
0022401071,2025-03-28,22024,PHX @ MIN,L,109,34.0,28,6.0,4,16,0.519,0.692,0.486,-15.0,Phoenix Suns
0022401068,2025-03-28,22024,BKN vs. LAC,L,100,43.0,27,10.0,3,14,0.371,0.769,0.298,-32.0,Brooklyn Nets
0022401069,2025-03-28,22024,TOR vs. CHA,W,108,45.0,28,9.0,5,6,0.442,0.667,0.318,11.0,Toronto Raptors
0022401069,2025-03-28,22024,CHA @ TOR,L,97,56.0,29,5.0,5,17,0.406,0.667,0.29,-11.0,Charlotte Hornets
0022401072,2025-03-28,22024,NOP vs. GSW,L,95,46.0,24,6.0,5,15,0.407,0.786,0.304,-16.0,New Orleans Pelicans
0022401070,2025-03-28,22024,NYK @ MIL,W,116,44.0,28,12.0,1,8,0.484,0.875,0.364,9.0,New York Knicks
0022401070,2025-03-28,22024,MIL vs. NYK,L,107,32.0,24,2.0,3,16,0.547,0.632,0.394,-9.0,Milwaukee Bucks
0022401067,2025-03-28,22024,CLE @ DET,L,122,41.0,16,9.0,3,14,0.464,0.763,0.375,-11.0,Cleveland Cavaliers
0022401073,2025-03-28,22024,DEN vs. UTA,W,129,45.0,38,12.0,13,18,0.578,0.786,0.379,36.0,Denver Nuggets
0022401072,2025-03-28,22024,GSW @ NOP,W,111,50.0,29,10.0,1,10,0.413,0.759,0.236,16.0,Golden State Warriors
0022401071,2025-03-28,22024,MIN vs. PHX,W,124,43.0,31,12.0,4,11,0.528,0.846,0.487,15.0,Minnesota Timberwolves
0022401073,2025-03-28,22024,UTA @ DEN,L,93,42.0,21,10.0,0,17,0.355,0.833,0.175,-36.0,Utah Jazz
0022401067,2025-03-28,22024,DET vs. CLE,W,133,43.0,25,8.0,5,13,0.478,0.857,0.441,11.0,Detroit Pistons
0022401077,2025-03-29,22024,CHI vs. DAL,L,119,56.0,31,4.0,3,19,0.473,0.792,0.424,-1.0,Chicago Bulls
0022401076,2025-03-29,22024,MIA @ PHI,W,118,47.0,33,12.0,4,9,0.473,0.769,0.465,23.0,Miami Heat
0022401075,2025-03-29,22024,WAS vs. BKN,L,112,40.0,21,5.0,7,6,0.435,0.879,0.265,-3.0,Washington Wizards
0022401078,2025-03-29,22024,LAL @ MEM,W,134,42.0,30,7.0,3,13,0.506,0.926,0.442,7.0,Los Angeles Lakers
0022401076,2025-03-29,22024,PHI vs. MIA,L,95,37.0,28,7.0,7,18,0.5,0.429,0.406,-23.0,Philadelphia 76ers
0022401075,2025-03-29,22024,BKN @ WAS,W,115,49.0,25,2.0,4,12,0.443,0.95,0.391,3.0,Brooklyn Nets
0022401080,2025-03-29,22024,BOS @ SAS,W,121,54.0,32,2.0,4,9,0.479,0.778,0.333,10.0,Boston Celtics
0022401078,2025-03-29,22024,MEM vs. LAL,L,127,41.0,33,7.0,4,12,0.526,0.722,0.438,-7.0,Memphis Grizzlies
0022401080,2025-03-29,22024,SAS vs. BOS,L,111,35.0,25,6.0,1,4,0.437,0.778,0.35,-10.0,San Antonio Spurs
0022401074,2025-03-29,22024,SAC @ ORL,L,91,41.0,17,6.0,6,16,0.42,0.8,0.25,-30.0,Sacramento Kings
0022401077,2025-03-29,22024,DAL @ CHI,W,120,41.0,28,9.0,8,6,0.465,0.81,0.3,1.0,Dallas Mavericks
0022401079,2025-03-29,22024,OKC vs. IND,W,132,47.0,26,9.0,4,9,0.511,0.826,0.472,21.0,Oklahoma City Thunder
0022401079,2025-03-29,22024,IND @ OKC,L,111,43.0,27,6.0,6,11,0.448,0.731,0.333,-21.0,Indiana Pacers
0022401074,2025-03-29,22024,ORL vs. SAC,W,121,49.0,31,10.0,2,12,0.494,0.625,0.462,30.0,Orlando Magic
0022401082,2025-03-30,22024,NYK vs. POR,W,110,44.0,27,10.0,10,13,0.536,0.769,0.4,17.0,New York Knicks
0022401088,2025-03-30,22024,HOU @ PHX,W,148,45.0,37,14.0,4,9,0.571,0.72,0.581,39.0,Houston Rockets
0022401087,2025-03-30,22024,TOR @ PHI,W,127,46.0,32,10.0,4,10,0.476,0.667,0.447,18.0,Toronto Raptors
0022401086,2025-03-30,22024,GSW @ SAS,W,148,44.0,42,17.0,3,12,0.577,0.789,0.477,42.0,Golden State Warriors
0022401084,2025-03-30,22024,MIN vs. DET,W,123,59.0,24,3.0,9,9,0.473,0.742,0.387,19.0,Minnesota Timberwolves
0022401081,2025-03-30,22024,LAC @ CLE,L,122,44.0,25,6.0,4,12,0.484,0.727,0.39,-5.0,Los Angeles Clippers
0022401083,2025-03-30,22024,MIL vs. ATL,L,124,36.0,21,5.0,2,14,0.476,0.791,0.343,-21.0,Milwaukee Bucks
0022401085,2025-03-30,22024,NOP vs. CHA,W,98,57.0,24,9.0,8,17,0.413,0.765,0.29,4.0,New Orleans Pelicans
0022401084,2025-03-30,22024,DET @ MIN,L,104,44.0,22,3.0,3,7,0.358,0.75,0.316,-19.0,Detroit Pistons
0022401085,2025-03-30,22024,CHA @ NOP,L,94,50.0,20,15.0,6,14,0.352,0.88,0.242,-4.0,Charlotte Hornets
0022401082,2025-03-30,22024,POR @ NYK,L,93,39.0,19,9.0,4,14,0.437,0.571,0.25,-17.0,Portland Trail Blazers
0022401086,2025-03-30,22024,SAS vs. GSW,L,106,34.0,30,4.0,3,21,0.476,0.625,0.381,-42.0,San Antonio Spurs
0022401087,2025-03-30,22024,PHI vs. TOR,L,109,46.0,25,6.0,10,16,0.472,0.895,0.276,-18.0,Philadelphia 76ers
0022401083,2025-03-30,22024,ATL @ MIL,W,145,46.0,36,10.0,2,8,0.532,0.8,0.354,21.0,Atlanta Hawks
0022401081,2025-03-30,22024,CLE vs. LAC,W,127,45.0,33,11.0,3,10,0.505,0.783,0.333,5.0,Cleveland Cavaliers
0022401088,2025-03-30,22024,PHX vs. HOU,L,109,39.0,25,8.0,5,19,0.483,0.882,0.313,-39.0,Phoenix Suns
0022401089,2025-03-31,22024,UTA @ CHA,L,106,41.0,25,13.0,2,10,0.406,0.933,0.269,-4.0,Utah Jazz
0022401096,2025-03-31,22024,HOU @ LAL,L,98,51.0,26,7.0,5,15,0.416,0.824,0.313,-6.0,Houston Rockets
0022401094,2025-03-31,22024,OKC vs. CHI,W,145,44.0,39,11.0,6,14,0.531,0.783,0.535,28.0,Oklahoma City Thunder
0022401091,2025-03-31,22024,ORL vs. LAC,L,87,32.0,18,10.0,4,14,0.395,0.909,0.269,-9.0,Orlando Magic
0022401091,2025-03-31,22024,LAC @ ORL,W,96,47.0,18,12.0,5,16,0.439,0.842,0.258,9.0,Los Angeles Clippers
0022401092,2025-03-31,22024,WAS vs. MIA,L,94,39.0,22,14.0,4,18,0.395,0.722,0.302,-26.0,Washington Wizards
0022401089,2025-03-31,22024,CHA vs. UTA,W,110,47.0,33,3.0,5,18,0.538,0.643,0.395,4.0,Charlotte Hornets
0022401095,2025-03-31,22024,BKN @ DAL,W,113,40.0,32,6.0,3,8,0.433,0.75,0.392,4.0,Brooklyn Nets
0022401090,2025-03-31,22024,IND vs. SAC,W,111,40.0,28,6.0,5,12,0.467,1.0,0.341,2.0,Indiana Pacers
0022401093,2025-03-31,22024,BOS @ MEM,W,117,54.0,30,4.0,3,12,0.406,0.947,0.339,14.0,Boston Celtics
0022401092,2025-03-31,22024,MIA @ WAS,W,120,62.0,29,12.0,2,17,0.505,0.708,0.281,26.0,Miami Heat
0022401094,2025-03-31,22024,CHI @ OKC,L,117,43.0,29,7.0,7,19,0.449,0.813,0.314,-28.0,Chicago Bulls
0022401093,2025-03-31,22024,MEM vs. BOS,L,103,45.0,21,9.0,3,10,0.446,0.625,0.25,-14.0,Memphis Grizzlies
0022401096,2025-03-31,22024,LAL vs. HOU,W,104,45.0,22,11.0,6,11,0.393,0.9,0.348,6.0,Los Angeles Lakers
0022401095,2025-03-31,22024,DAL vs. BKN,L,109,49.0,29,4.0,3,8,0.477,0.586,0.333,-4.0,Dallas Mavericks
0022401090,2025-03-31,22024,SAC @ IND,L,109,45.0,22,7.0,2,11,0.467,0.647,0.444,-2.0,Sacramento Kings
0022401100,2025-04-01,22024,GSW @ MEM,W,134,49.0,29,11.0,3,11,0.424,1.0,0.393,9.0,Golden State Warriors
0022401100,2025-04-01,22024,MEM vs. GSW,L,125,43.0,22,7.0,6,16,0.478,0.864,0.409,-9.0,Memphis Grizzlies
0022401102,2025-04-01,22024,MIN @ DEN,W,140,52.0,35,5.0,2,14,0.468,0.68,0.38,1.0,Minnesota Timberwolves
0022401097,2025-04-01,22024,POR @ ATL,W,127,54.0,30,13.0,5,17,0.456,0.741,0.317,14.0,Portland Trail Blazers
0022400988,2025-04-01,22024,SAS vs. ORL,L,105,38.0,24,7.0,4,17,0.494,0.706,0.406,-11.0,San Antonio Spurs
0022401101,2025-04-01,22024,MIL vs. PHX,W,133,29.0,32,6.0,5,18,0.689,0.933,0.586,10.0,Milwaukee Bucks
0022400988,2025-04-01,22024,ORL @ SAS,W,116,41.0,28,12.0,7,10,0.478,1.0,0.383,11.0,Orlando Magic
0022401098,2025-04-01,22024,PHI @ NYK,L,91,42.0,23,11.0,5,19,0.42,0.773,0.194,-14.0,Philadelphia 76ers
0022401101,2025-04-01,22024,PHX @ MIL,L,123,33.0,26,6.0,0,13,0.478,0.81,0.4,-10.0,Phoenix Suns
0022401099,2025-04-01,22024,CHI vs. TOR,W,137,49.0,36,10.0,2,12,0.568,0.852,0.412,19.0,Chicago Bulls
0022401099,2025-04-01,22024,TOR @ CHI,L,118,35.0,35,7.0,3,12,0.454,0.909,0.444,-19.0,Toronto Raptors
0022401102,2025-04-01,22024,DEN vs. MIN,L,139,45.0,33,7.0,7,16,0.547,0.75,0.353,-1.0,Denver Nuggets
0022401098,2025-04-01,22024,NYK vs. PHI,W,105,44.0,23,10.0,4,18,0.424,0.808,0.387,14.0,New York Knicks
0022401097,2025-04-01,22024,ATL vs. POR,L,113,45.0,26,12.0,8,19,0.446,0.857,0.219,-14.0,Atlanta Hawks
0022401103,2025-04-02,22024,NYK @ CLE,L,105,39.0,24,7.0,2,14,0.444,0.824,0.306,-19.0,New York Knicks
0022401108,2025-04-02,22024,DET @ OKC,L,103,43.0,20,5.0,7,18,0.404,0.84,0.303,-16.0,Detroit Pistons
0022401106,2025-04-02,22024,MIA @ BOS,W,124,34.0,28,9.0,2,4,0.518,0.889,0.467,21.0,Miami Heat
0022401109,2025-04-02,22024,ATL @ DAL,L,118,43.0,29,7.0,3,11,0.433,0.864,0.385,-2.0,Atlanta Hawks
0022401108,2025-04-02,22024,OKC vs. DET,W,119,46.0,25,12.0,11,10,0.438,0.806,0.263,16.0,Oklahoma City Thunder
0022401110,2025-04-02,22024,DEN vs. SAS,L,106,58.0,24,7.0,4,12,0.396,0.68,0.295,-7.0,Denver Nuggets
0022401103,2025-04-02,22024,CLE vs. NYK,W,124,44.0,23,8.0,5,13,0.532,0.857,0.324,19.0,Cleveland Cavaliers
0022401111,2025-04-02,22024,NOP @ LAC,L,98,39.0,29,9.0,4,15,0.506,0.727,0.182,-16.0,New Orleans Pelicans
0022401111,2025-04-02,22024,LAC vs. NOP,W,114,30.0,27,9.0,4,10,0.526,0.808,0.406,16.0,Los Angeles Clippers
0022401110,2025-04-02,22024,SAS @ DEN,W,113,52.0,27,6.0,5,10,0.443,0.769,0.37,7.0,San Antonio Spurs
0022401105,2025-04-02,22024,WAS vs. SAC,W,116,41.0,24,6.0,3,14,0.512,0.722,0.395,5.0,Washington Wizards
0022401104,2025-04-02,22024,CHA @ IND,L,105,44.0,20,3.0,2,18,0.526,0.722,0.417,-14.0,Charlotte Hornets
0022401109,2025-04-02,22024,DAL vs. ATL,W,120,42.0,27,7.0,8,13,0.53,0.81,0.455,2.0,Dallas Mavericks
0022401104,2025-04-02,22024,IND vs. CHA,W,119,38.0,29,10.0,6,6,0.495,0.7,0.409,14.0,Indiana Pacers
0022401107,2025-04-02,22024,UTA @ HOU,L,105,39.0,25,7.0,6,9,0.426,0.652,0.25,-38.0,Utah Jazz
0022401105,2025-04-02,22024,SAC @ WAS,L,111,48.0,25,10.0,3,11,0.421,0.75,0.256,-5.0,Sacramento Kings
0022401107,2025-04-02,22024,HOU vs. UTA,W,143,63.0,30,4.0,6,10,0.538,0.632,0.422,38.0,Houston Rockets
0022401106,2025-04-02,22024,BOS vs. MIA,L,103,43.0,24,3.0,6,13,0.448,0.813,0.279,-21.0,Boston Celtics
0022401117,2025-04-03,22024,GSW @ LAL,W,123,46.0,30,5.0,2,13,0.476,0.839,0.452,7.0,Golden State Warriors
0022401116,2025-04-03,22024,TOR vs. POR,L,103,35.0,29,14.0,1,17,0.458,0.6,0.353,-9.0,Toronto Raptors
0022401115,2025-04-03,22024,PHI vs. MIL,L,113,40.0,30,8.0,4,13,0.483,0.789,0.308,-13.0,Philadelphia 76ers
0022401114,2025-04-03,22024,MEM @ MIA,W,110,49.0,24,8.0,4,18,0.471,0.824,0.421,2.0,Memphis Grizzlies
0022401114,2025-04-03,22024,MIA vs. MEM,L,108,47.0,24,11.0,8,11,0.411,0.842,0.424,-2.0,Miami Heat
0022401112,2025-04-03,22024,WAS vs. ORL,L,97,38.0,16,4.0,3,13,0.447,0.818,0.4,-12.0,Washington Wizards
0022401116,2025-04-03,22024,POR @ TOR,W,112,54.0,20,10.0,6,20,0.488,0.9,0.294,9.0,Portland Trail Blazers
0022401117,2025-04-03,22024,LAL vs. GSW,L,116,39.0,23,5.0,3,8,0.453,0.87,0.383,-7.0,Los Angeles Lakers
0022401115,2025-04-03,22024,MIL @ PHI,W,126,40.0,32,7.0,7,11,0.561,0.667,0.516,13.0,Milwaukee Bucks
0022401113,2025-04-03,22024,BKN vs. MIN,L,90,34.0,30,11.0,0,10,0.427,0.75,0.306,-15.0,Brooklyn Nets
0022401112,2025-04-03,22024,ORL @ WAS,W,109,47.0,27,7.0,8,8,0.463,0.88,0.367,12.0,Orlando Magic
0022401113,2025-04-03,22024,MIN @ BKN,W,105,45.0,27,6.0,10,17,0.5,0.667,0.31,15.0,Minnesota Timberwolves
0022401124,2025-04-04,22024,SAS vs. CLE,L,113,44.0,27,9.0,4,11,0.436,0.789,0.333,-1.0,San Antonio Spurs
0022401126,2025-04-04,22024,LAL vs. NOP,W,124,36.0,26,7.0,2,12,0.519,0.929,0.39,16.0,Los Angeles Lakers
0022401119,2025-04-04,22024,IND vs. UTA,W,140,51.0,38,8.0,17,7,0.573,0.684,0.375,28.0,Indiana Pacers
0022401122,2025-04-04,22024,CHI vs. POR,W,118,61.0,25,2.0,8,17,0.471,0.839,0.37,5.0,Chicago Bulls
0022401127,2025-04-04,22024,DAL @ LAC,L,91,39.0,19,7.0,0,17,0.455,0.654,0.2,-23.0,Dallas Mavericks
0022401127,2025-04-04,22024,LAC vs. DAL,W,114,48.0,23,11.0,4,13,0.494,0.75,0.467,23.0,Los Angeles Clippers
0022401121,2025-04-04,22024,TOR vs. DET,L,105,49.0,24,9.0,6,15,0.418,0.8,0.351,-12.0,Toronto Raptors
0022401118,2025-04-04,22024,CHA vs. SAC,L,102,45.0,17,2.0,2,12,0.398,0.824,0.229,-23.0,Charlotte Hornets
0022401123,2025-04-04,22024,OKC @ HOU,L,111,33.0,24,7.0,6,15,0.483,0.8,0.371,-14.0,Oklahoma City Thunder
0022401123,2025-04-04,22024,HOU vs. OKC,W,125,48.0,24,10.0,5,13,0.489,0.846,0.448,14.0,Houston Rockets
0022401126,2025-04-04,22024,NOP @ LAL,L,108,38.0,27,10.0,2,16,0.488,0.636,0.412,-16.0,New Orleans Pelicans
0022401119,2025-04-04,22024,UTA @ IND,L,112,52.0,21,5.0,1,11,0.375,0.857,0.308,-28.0,Utah Jazz
0022401125,2025-04-04,22024,DEN @ GSW,L,104,38.0,28,8.0,4,25,0.541,0.923,0.387,-14.0,Denver Nuggets
0022401120,2025-04-04,22024,PHX @ BOS,L,103,40.0,24,7.0,2,6,0.441,0.818,0.324,-20.0,Phoenix Suns
0022401122,2025-04-04,22024,POR @ CHI,L,113,54.0,23,7.0,5,5,0.383,0.778,0.262,-5.0,Portland Trail Blazers
0022401120,2025-04-04,22024,BOS vs. PHX,W,123,49.0,28,1.0,4,7,0.517,0.864,0.359,20.0,Boston Celtics
0022401118,2025-04-04,22024,SAC @ CHA,W,125,44.0,26,4.0,3,6,0.495,0.826,0.444,23.0,Sacramento Kings
0022401125,2025-04-04,22024,GSW vs. DEN,W,118,36.0,25,14.0,2,13,0.489,0.889,0.421,14.0,Golden State Warriors
0022401124,2025-04-04,22024,CLE @ SAS,W,114,44.0,31,6.0,4,15,0.471,0.714,0.431,1.0,Cleveland Cavaliers
0022401121,2025-04-04,22024,DET @ TOR,W,117,47.0,27,11.0,7,13,0.461,0.852,0.353,12.0,Detroit Pistons
0022401130,2025-04-05,22024,PHI vs. MIN,L,109,34.0,26,9.0,4,8,0.484,0.6,0.343,-5.0,Philadelphia 76ers
0022401131,2025-04-05,22024,MIL @ MIA,W,121,47.0,29,6.0,3,9,0.517,0.793,0.333,6.0,Milwaukee Bucks
0022401130,2025-04-05,22024,MIN @ PHI,W,114,47.0,22,5.0,7,15,0.506,0.724,0.324,5.0,Minnesota Timberwolves
0022401128,2025-04-05,22024,ATL vs. NYK,L,105,38.0,24,11.0,7,15,0.466,0.75,0.311,-16.0,Atlanta Hawks
0022401128,2025-04-05,22024,NYK @ ATL,W,121,38.0,32,8.0,5,13,0.536,0.842,0.517,16.0,New York Knicks
0022401131,2025-04-05,22024,MIA vs. MIL,L,115,52.0,24,4.0,1,10,0.422,0.875,0.326,-6.0,Miami Heat
0022401132,2025-04-05,22024,DAL @ LAC,L,104,41.0,18,5.0,8,15,0.436,0.763,0.259,-31.0,Dallas Mavericks
0022401129,2025-04-05,22024,DET vs. MEM,L,103,44.0,24,9.0,6,6,0.385,0.783,0.262,-6.0,Detroit Pistons
0022401132,2025-04-05,22024,LAC vs. DAL,W,135,45.0,31,11.0,3,6,0.563,0.8,0.393,31.0,Los Angeles Clippers
0022401129,2025-04-05,22024,MEM @ DET,W,109,64.0,19,4.0,3,14,0.415,0.759,0.281,6.0,Memphis Grizzlies
0022401136,2025-04-06,22024,UTA @ ATL,L,134,32.0,29,10.0,4,10,0.517,0.857,0.426,-13.0,Utah Jazz
0022401142,2025-04-06,22024,DEN vs. IND,L,120,47.0,33,2.0,7,13,0.538,0.667,0.258,-5.0,Denver Nuggets
0022400617,2025-04-06,22024,NOP vs. MIL,L,107,48.0,31,4.0,6,11,0.453,0.643,0.364,-4.0,New Orleans Pelicans
0022401133,2025-04-06,22024,CHI @ CHA,W,131,41.0,26,8.0,1,12,0.535,0.793,0.444,14.0,Chicago Bulls
0022401143,2025-04-06,22024,HOU @ GSW,W,106,49.0,26,11.0,7,15,0.484,0.375,0.333,10.0,Houston Rockets
0022401143,2025-04-06,22024,GSW vs. HOU,L,96,46.0,28,12.0,2,20,0.416,0.545,0.372,-10.0,Golden State Warriors
0022401135,2025-04-06,22024,LAL @ OKC,W,126,43.0,25,6.0,2,15,0.548,0.706,0.55,27.0,Los Angeles Lakers
0022401140,2025-04-06,22024,PHX @ NYK,L,98,35.0,20,11.0,3,12,0.424,0.842,0.118,-14.0,Phoenix Suns
0022401139,2025-04-06,22024,POR vs. SAS,W,120,44.0,25,10.0,5,15,0.472,0.778,0.366,11.0,Portland Trail Blazers
0022401138,2025-04-06,22024,SAC @ CLE,W,120,39.0,25,10.0,3,14,0.537,0.818,0.424,7.0,Sacramento Kings
0022401134,2025-04-06,22024,TOR @ BKN,W,120,47.0,30,16.0,4,18,0.5,0.636,0.333,11.0,Toronto Raptors
0022401135,2025-04-06,22024,OKC vs. LAL,L,99,34.0,20,9.0,3,7,0.433,0.75,0.324,-27.0,Oklahoma City Thunder
0022401134,2025-04-06,22024,BKN vs. TOR,L,109,46.0,25,8.0,7,23,0.476,0.778,0.286,-11.0,Brooklyn Nets
0022401133,2025-04-06,22024,CHA vs. CHI,L,117,40.0,25,7.0,2,12,0.482,0.794,0.267,-14.0,Charlotte Hornets
0022401140,2025-04-06,22024,NYK vs. PHX,W,112,41.0,28,6.0,3,14,0.541,0.833,0.429,14.0,New York Knicks
0022400617,2025-04-06,22024,MIL @ NOP,W,111,51.0,29,10.0,4,7,0.467,0.636,0.344,4.0,Milwaukee Bucks
0022401137,2025-04-06,22024,WAS @ BOS,L,90,32.0,21,5.0,3,10,0.407,0.8,0.267,-34.0,Washington Wizards
0022401138,2025-04-06,22024,CLE vs. SAC,L,113,39.0,31,11.0,5,16,0.523,0.579,0.263,-7.0,Cleveland Cavaliers
0022401142,2025-04-06,22024,IND @ DEN,W,125,41.0,34,10.0,7,6,0.479,0.857,0.341,5.0,Indiana Pacers
0022401136,2025-04-06,22024,ATL vs. UTA,W,147,42.0,43,7.0,3,11,0.568,0.85,0.537,13.0,Atlanta Hawks
0022401139,2025-04-06,22024,SAS @ POR,L,109,45.0,26,9.0,4,18,0.432,0.762,0.324,-11.0,San Antonio Spurs
0022401137,2025-04-06,22024,BOS vs. WAS,W,124,62.0,33,6.0,5,13,0.49,0.667,0.462,34.0,Boston Celtics
0022401144,2025-04-07,22024,SAC @ DET,W,127,50.0,20,5.0,4,10,0.516,0.815,0.407,10.0,Sacramento Kings
0022401145,2025-04-07,22024,PHI @ MIA,L,105,45.0,20,7.0,4,13,0.432,0.68,0.316,-12.0,Philadelphia 76ers
0022401145,2025-04-07,22024,MIA vs. PHI,W,117,47.0,26,7.0,6,13,0.506,0.733,0.444,12.0,Miami Heat
0022401144,2025-04-07,22024,DET vs. SAC,L,117,37.0,30,8.0,4,9,0.472,0.714,0.333,-10.0,Detroit Pistons
0022401148,2025-04-08,22024,WAS @ IND,L,98,50.0,18,2.0,8,11,0.418,0.733,0.282,-6.0,Washington Wizards
0022401146,2025-04-08,22024,MEM @ CHA,W,124,52.0,23,12.0,3,13,0.452,0.846,0.327,24.0,Memphis Grizzlies
0022401146,2025-04-08,22024,CHA vs. MEM,L,100,38.0,22,3.0,4,15,0.457,0.652,0.289,-24.0,Charlotte Hornets
0022401151,2025-04-08,22024,NYK vs. BOS,L,117,52.0,28,8.0,6,11,0.475,0.625,0.289,-2.0,New York Knicks
0022401155,2025-04-08,22024,LAC vs. SAS,W,122,50.0,30,6.0,0,15,0.516,0.75,0.467,5.0,Los Angeles Clippers
0022401147,2025-04-08,22024,CHI @ CLE,L,113,45.0,26,9.0,3,20,0.477,0.842,0.349,-22.0,Chicago Bulls
0022401154,2025-04-08,22024,PHX vs. GSW,L,95,41.0,22,12.0,4,19,0.398,0.867,0.279,-38.0,Phoenix Suns
0022401147,2025-04-08,22024,CLE vs. CHI,W,135,45.0,35,13.0,3,12,0.51,0.615,0.5,22.0,Cleveland Cavaliers
0022401149,2025-04-08,22024,ORL vs. ATL,W,119,43.0,23,13.0,6,13,0.5,0.677,0.412,7.0,Orlando Magic
0022401151,2025-04-08,22024,BOS @ NYK,W,119,38.0,26,8.0,4,15,0.46,0.8,0.388,2.0,Boston Celtics
0022401150,2025-04-08,22024,BKN vs. NOP,W,119,40.0,30,11.0,4,16,0.494,0.833,0.425,5.0,Brooklyn Nets
0022401152,2025-04-08,22024,MIL vs. MIN,W,110,43.0,27,8.0,2,11,0.476,0.72,0.333,7.0,Milwaukee Bucks
0022401150,2025-04-08,22024,NOP @ BKN,L,114,42.0,26,10.0,6,17,0.476,0.774,0.364,-5.0,New Orleans Pelicans
0022401153,2025-04-08,22024,LAL @ OKC,L,120,45.0,21,2.0,6,18,0.463,0.757,0.45,-16.0,Los Angeles Lakers
0022401153,2025-04-08,22024,OKC vs. LAL,W,136,44.0,26,9.0,5,6,0.5,0.7,0.486,16.0,Oklahoma City Thunder
0022401154,2025-04-08,22024,GSW @ PHX,W,133,57.0,31,14.0,3,15,0.484,0.824,0.375,38.0,Golden State Warriors
0022401155,2025-04-08,22024,SAS @ LAC,L,117,34.0,29,8.0,4,16,0.529,0.625,0.405,-5.0,San Antonio Spurs
0022401152,2025-04-08,22024,MIN @ MIL,L,103,42.0,25,4.0,3,13,0.461,0.889,0.325,-7.0,Minnesota Timberwolves
0022401148,2025-04-08,22024,IND vs. WAS,W,104,49.0,21,7.0,5,7,0.379,0.784,0.257,6.0,Indiana Pacers
0022401149,2025-04-08,22024,ATL @ ORL,L,112,41.0,25,7.0,6,18,0.455,0.818,0.341,-7.0,Atlanta Hawks
0022401159,2025-04-09,22024,LAL @ DAL,W,112,39.0,22,14.0,0,9,0.467,0.762,0.333,15.0,Los Angeles Lakers
0022401157,2025-04-09,22024,WAS vs. PHI,L,103,47.0,22,9.0,2,16,0.391,0.833,0.303,-19.0,Washington Wizards
0022401165,2025-04-09,22024,SAC vs. DEN,L,116,40.0,25,2.0,5,8,0.467,0.824,0.444,-8.0,Sacramento Kings
0022401160,2025-04-09,22024,CHI vs. MIA,W,119,46.0,33,8.0,7,16,0.517,1.0,0.378,8.0,Chicago Bulls
0022401164,2025-04-09,22024,PHX vs. OKC,L,112,38.0,31,10.0,3,13,0.483,0.684,0.357,-13.0,Phoenix Suns
0022401166,2025-04-09,22024,LAC vs. HOU,W,134,43.0,33,10.0,3,11,0.533,1.0,0.514,17.0,Los Angeles Clippers
0022401163,2025-04-09,22024,SAS @ GSW,W,114,43.0,23,6.0,5,13,0.481,0.857,0.391,3.0,San Antonio Spurs
0022401156,2025-04-09,22024,BOS @ ORL,L,76,43.0,20,5.0,5,15,0.39,0.833,0.175,-20.0,Boston Celtics
0022401162,2025-04-09,22024,UTA vs. POR,W,133,56.0,27,14.0,4,24,0.51,0.818,0.417,7.0,Utah Jazz
0022401159,2025-04-09,22024,DAL vs. LAL,L,97,38.0,30,6.0,6,19,0.5,0.696,0.346,-15.0,Dallas Mavericks
0022401158,2025-04-09,22024,CHA @ TOR,L,96,41.0,23,5.0,3,19,0.439,0.813,0.314,-30.0,Charlotte Hornets
0022401157,2025-04-09,22024,PHI @ WAS,W,122,55.0,20,10.0,8,16,0.429,0.737,0.32,19.0,Philadelphia 76ers
0022401163,2025-04-09,22024,GSW vs. SAS,L,111,45.0,29,8.0,2,10,0.419,0.821,0.333,-3.0,Golden State Warriors
0022401166,2025-04-09,22024,HOU @ LAC,L,117,36.0,24,7.0,4,13,0.511,0.7,0.5,-17.0,Houston Rockets
0022401156,2025-04-09,22024,ORL vs. BOS,W,96,49.0,23,5.0,3,10,0.407,0.75,0.356,20.0,Orlando Magic
0022401160,2025-04-09,22024,MIA @ CHI,L,111,39.0,28,11.0,3,13,0.478,0.647,0.364,-8.0,Miami Heat
0022401164,2025-04-09,22024,OKC @ PHX,W,125,44.0,24,11.0,2,10,0.523,0.852,0.4,13.0,Oklahoma City Thunder
0022401162,2025-04-09,22024,POR @ UTA,L,126,43.0,27,13.0,5,16,0.462,0.679,0.244,-7.0,Portland Trail Blazers
0022401158,2025-04-09,22024,TOR vs. CHA,W,126,55.0,37,8.0,2,8,0.471,0.75,0.365,30.0,Toronto Raptors
0022401165,2025-04-09,22024,DEN @ SAC,W,124,45.0,30,7.0,5,7,0.5,0.806,0.382,8.0,Denver Nuggets
0022401170,2025-04-10,22024,MIN @ MEM,W,141,41.0,29,6.0,3,16,0.552,0.893,0.455,16.0,Minnesota Timberwolves
0022401170,2025-04-10,22024,MEM vs. MIN,L,125,33.0,26,5.0,2,15,0.517,0.714,0.5,-16.0,Memphis Grizzlies
0022401161,2025-04-10,22024,NOP @ MIL,L,111,53.0,28,8.0,0,16,0.427,0.737,0.319,-25.0,New Orleans Pelicans
0022401167,2025-04-10,22024,NYK @ DET,L,106,34.0,32,11.0,6,14,0.467,0.786,0.324,-9.0,New York Knicks
0022401169,2025-04-10,22024,BKN vs. ATL,L,109,41.0,31,8.0,2,17,0.4,0.682,0.423,-24.0,Brooklyn Nets
0022401169,2025-04-10,22024,ATL @ BKN,W,133,51.0,36,11.0,1,15,0.571,0.667,0.417,24.0,Atlanta Hawks
0022401168,2025-04-10,22024,CLE @ IND,L,112,50.0,24,6.0,3,11,0.439,0.692,0.459,-2.0,Cleveland Cavaliers
0022401167,2025-04-10,22024,DET vs. NYK,W,115,35.0,20,5.0,6,15,0.573,0.722,0.364,9.0,Detroit Pistons
0022401161,2025-04-10,22024,MIL vs. NOP,W,136,43.0,27,13.0,4,11,0.544,0.667,0.4,25.0,Milwaukee Bucks
0022401168,2025-04-10,22024,IND vs. CLE,W,114,46.0,28,3.0,11,9,0.462,0.7,0.341,2.0,Indiana Pacers
0022401177,2025-04-11,22024,MIA @ NOP,W,153,60.0,36,12.0,5,9,0.558,0.773,0.444,49.0,Miami Heat
0022401182,2025-04-11,22024,SAS @ PHX,L,98,40.0,28,7.0,2,14,0.433,0.7,0.382,-19.0,San Antonio Spurs
0022401178,2025-04-11,22024,TOR @ DAL,L,102,43.0,22,11.0,4,10,0.4,0.611,0.282,-22.0,Toronto Raptors
0022401178,2025-04-11,22024,DAL vs. TOR,W,124,56.0,34,8.0,10,17,0.551,0.647,0.441,22.0,Dallas Mavericks
0022401171,2025-04-11,22024,DET vs. MIL,L,119,42.0,30,1.0,9,10,0.495,0.5,0.462,-6.0,Detroit Pistons
0022401181,2025-04-11,22024,UTA vs. OKC,L,111,57.0,23,7.0,3,16,0.379,0.8,0.27,-34.0,Utah Jazz
0022401184,2025-04-11,22024,LAC @ SAC,W,101,37.0,19,6.0,2,12,0.513,0.778,0.333,1.0,Los Angeles Clippers
0022401185,2025-04-11,22024,HOU @ LAL,L,109,37.0,22,8.0,5,18,0.456,0.75,0.353,-31.0,Houston Rockets
0022401181,2025-04-11,22024,OKC @ UTA,W,145,47.0,41,12.0,4,10,0.56,0.692,0.453,34.0,Oklahoma City Thunder
0022401180,2025-04-11,22024,DEN vs. MEM,W,117,52.0,32,9.0,2,12,0.484,0.774,0.208,8.0,Denver Nuggets
0022401185,2025-04-11,22024,LAL vs. HOU,W,140,42.0,28,11.0,1,12,0.609,0.6,0.514,31.0,Los Angeles Lakers
0022401180,2025-04-11,22024,MEM @ DEN,L,109,41.0,26,8.0,5,12,0.451,0.684,0.326,-8.0,Memphis Grizzlies
0022401179,2025-04-11,22024,MIN vs. BKN,W,117,48.0,27,5.0,5,12,0.545,0.759,0.355,26.0,Minnesota Timberwolves
0022401171,2025-04-11,22024,MIL @ DET,W,125,44.0,30,7.0,8,7,0.457,0.815,0.436,6.0,Milwaukee Bucks
0022401174,2025-04-11,22024,BOS vs. CHA,W,130,52.0,35,9.0,8,10,0.516,0.75,0.451,36.0,Boston Celtics
0022401175,2025-04-11,22024,NYK vs. CLE,L,102,35.0,22,11.0,2,8,0.409,0.7,0.39,-6.0,New York Knicks
0022401175,2025-04-11,22024,CLE @ NYK,W,108,49.0,23,7.0,2,15,0.494,0.7,0.355,6.0,Cleveland Cavaliers
0022401184,2025-04-11,22024,SAC vs. LAC,L,100,43.0,23,5.0,1,11,0.435,0.941,0.323,-1.0,Sacramento Kings
0022401182,2025-04-11,22024,PHX vs. SAS,W,117,52.0,27,9.0,10,11,0.463,0.909,0.404,19.0,Phoenix Suns
0022401173,2025-04-11,22024,ATL @ PHI,W,124,53.0,28,9.0,5,14,0.479,0.75,0.381,14.0,Atlanta Hawks
0022401176,2025-04-11,22024,WAS @ CHI,L,89,41.0,26,7.0,5,16,0.385,0.75,0.244,-30.0,Washington Wizards
0022401177,2025-04-11,22024,NOP vs. MIA,L,104,42.0,27,6.0,2,13,0.4,0.7,0.378,-49.0,New Orleans Pelicans
0022401172,2025-04-11,22024,IND vs. ORL,L,115,44.0,24,8.0,7,17,0.449,0.657,0.414,-14.0,Indiana Pacers
0022401183,2025-04-11,22024,POR vs. GSW,L,86,52.0,21,9.0,5,22,0.376,0.727,0.2,-17.0,Portland Trail Blazers
0022401183,2025-04-11,22024,GSW @ POR,W,103,45.0,26,15.0,7,14,0.398,0.821,0.318,17.0,Golden State Warriors
0022401173,2025-04-11,22024,PHI vs. ATL,L,110,45.0,29,6.0,6,14,0.443,0.8,0.343,-14.0,Philadelphia 76ers
0022401176,2025-04-11,22024,CHI vs. WAS,W,119,54.0,32,8.0,7,12,0.462,0.909,0.317,30.0,Chicago Bulls
0022401174,2025-04-11,22024,CHA @ BOS,L,94,48.0,25,7.0,4,17,0.387,0.7,0.375,-36.0,Charlotte Hornets
0022401179,2025-04-11,22024,BKN @ MIN,L,91,41.0,24,7.0,1,9,0.367,0.765,0.293,-26.0,Brooklyn Nets
0022401172,2025-04-11,22024,ORL @ IND,W,129,35.0,32,14.0,11,19,0.576,0.857,0.406,14.0,Orlando Magic
0022401199,2025-04-13,22024,POR vs. LAL,W,109,56.0,27,7.0,6,14,0.438,0.476,0.357,28.0,Portland Trail Blazers
0022401189,2025-04-13,22024,IND @ CLE,W,126,61.0,27,15.0,10,13,0.403,0.909,0.238,8.0,Indiana Pacers
0022401196,2025-04-13,22024,OKC @ NOP,W,115,54.0,16,8.0,4,10,0.418,0.889,0.191,15.0,Oklahoma City Thunder
0022401191,2025-04-13,22024,PHI vs. CHI,L,102,48.0,20,7.0,6,14,0.383,0.857,0.273,-20.0,Philadelphia 76ers
0022401193,2025-04-13,22024,HOU vs. DEN,L,111,45.0,32,5.0,4,10,0.45,0.643,0.353,-15.0,Houston Rockets
0022401186,2025-04-13,22024,ATL vs. ORL,W,117,44.0,32,8.0,2,15,0.534,0.6,0.425,12.0,Atlanta Hawks
0022401188,2025-04-13,22024,NYK @ BKN,W,113,40.0,27,10.0,3,11,0.43,0.885,0.381,8.0,New York Knicks
0022401186,2025-04-13,22024,ORL @ ATL,L,105,43.0,25,11.0,5,14,0.455,0.667,0.429,-12.0,Orlando Magic
0022401192,2025-04-13,22024,MIL vs. DET,W,140,38.0,30,5.0,7,20,0.581,0.773,0.523,7.0,Milwaukee Bucks
0022401200,2025-04-13,22024,SAC vs. PHX,W,109,43.0,31,6.0,4,11,0.523,1.0,0.412,11.0,Sacramento Kings
0022401192,2025-04-13,22024,DET @ MIL,L,133,42.0,35,9.0,3,13,0.477,0.643,0.373,-7.0,Detroit Pistons
0022401194,2025-04-13,22024,MEM vs. DAL,W,132,53.0,31,13.0,7,11,0.5,0.867,0.375,35.0,Memphis Grizzlies
0022401199,2025-04-13,22024,LAL @ POR,L,81,42.0,21,9.0,11,20,0.388,0.714,0.321,-28.0,Los Angeles Lakers
0022401190,2025-04-13,22024,WAS @ MIA,W,119,43.0,33,4.0,3,10,0.511,0.647,0.432,1.0,Washington Wizards
0022401190,2025-04-13,22024,MIA vs. WAS,L,118,46.0,28,8.0,6,8,0.5,0.833,0.313,-1.0,Miami Heat
0022401188,2025-04-13,22024,BKN vs. NYK,L,105,42.0,21,4.0,2,18,0.514,0.68,0.343,-8.0,Brooklyn Nets
0022401195,2025-04-13,22024,MIN vs. UTA,W,116,54.0,23,9.0,9,13,0.469,0.688,0.302,11.0,Minnesota Timberwolves
0022401197,2025-04-13,22024,SAS vs. TOR,W,125,50.0,22,11.0,2,12,0.512,0.875,0.344,7.0,San Antonio Spurs
0022401198,2025-04-13,22024,LAC @ GSW,W,124,42.0,28,11.0,3,16,0.558,0.778,0.467,5.0,Los Angeles Clippers
0022401198,2025-04-13,22024,GSW vs. LAC,L,119,25.0,31,11.0,6,15,0.544,0.783,0.455,-5.0,Golden State Warriors
0022401200,2025-04-13,22024,PHX @ SAC,L,98,37.0,28,6.0,1,11,0.476,0.5,0.341,-11.0,Phoenix Suns
0022401187,2025-04-13,22024,BOS vs. CHA,W,93,49.0,22,12.0,6,13,0.389,0.692,0.311,7.0,Boston Celtics
0022401189,2025-04-13,22024,CLE vs. IND,L,118,65.0,21,6.0,9,21,0.383,0.545,0.3,-8.0,Cleveland Cavaliers
0022401196,2025-04-13,22024,NOP vs. OKC,L,100,47.0,22,6.0,4,12,0.385,0.767,0.184,-15.0,New Orleans Pelicans
0022401193,2025-04-13,22024,DEN @ HOU,W,126,47.0,28,7.0,6,9,0.511,0.839,0.345,15.0,Denver Nuggets
0022401195,2025-04-13,22024,UTA @ MIN,L,105,40.0,24,6.0,5,13,0.449,0.818,0.381,-11.0,Utah Jazz
0022401194,2025-04-13,22024,DAL @ MEM,L,97,38.0,20,6.0,3,18,0.437,0.727,0.179,-35.0,Dallas Mavericks
0022401191,2025-04-13,22024,CHI @ PHI,W,122,59.0,29,10.0,4,12,0.456,0.75,0.325,20.0,Chicago Bulls
0022401187,2025-04-13,22024,CHA @ BOS,L,86,51.0,23,10.0,4,17,0.376,0.611,0.282,-7.0,Charlotte Hornets
0022401197,2025-04-13,22024,TOR @ SAS,L,118,42.0,32,8.0,1,13,0.474,0.75,0.359,-7.0,Toronto Raptors
0022500002,2025-10-21,22025,GSW @ LAL,W,119,40.0,29,10.0,4,18,0.487,0.897,0.425,10.0,Golden State Warriors
0022500001,2025-10-21,22025,HOU @ OKC,L,124,52.0,23,6.0,5,22,0.443,0.871,0.282,-1.0,Houston Rockets
0022500001,2025-10-21,22025,OKC vs. HOU,W,125,38.0,29,12.0,4,11,0.442,0.8,0.25,1.0,Oklahoma City Thunder
0022500002,2025-10-21,22025,LAL vs. GSW,L,109,39.0,23,7.0,2,19,0.545,0.607,0.25,-10.0,Los Angeles Lakers
0022500080,2025-10-22,22025,CHA vs. BKN,W,136,50.0,33,5.0,5,16,0.533,0.697,0.472,19.0,Charlotte Hornets
0022500082,2025-10-22,22025,ATL vs. TOR,L,118,34.0,25,7.0,6,15,0.422,0.865,0.286,-20.0,Atlanta Hawks
0022500087,2025-10-22,22025,UTA vs. LAC,W,129,46.0,38,11.0,6,12,0.552,0.8,0.386,21.0,Utah Jazz
0022500085,2025-10-22,22025,MEM vs. NOP,W,128,39.0,20,5.0,12,17,0.513,0.814,0.297,6.0,Memphis Grizzlies
0022500003,2025-10-22,22025,NYK vs. CLE,W,119,48.0,22,8.0,4,13,0.43,0.861,0.35,8.0,New York Knicks
0022500088,2025-10-22,22025,PHX vs. SAC,W,120,51.0,23,7.0,7,15,0.474,0.714,0.294,4.0,Phoenix Suns
0022500003,2025-10-22,22025,CLE @ NYK,L,111,32.0,21,8.0,4,15,0.465,0.667,0.413,-8.0,Cleveland Cavaliers
0022500081,2025-10-22,22025,ORL vs. MIA,W,125,46.0,23,8.0,7,15,0.467,0.829,0.4,4.0,Orlando Magic
0022500087,2025-10-22,22025,LAC @ UTA,L,108,38.0,28,8.0,6,15,0.443,0.762,0.311,-21.0,Los Angeles Clippers
0022500089,2025-10-22,22025,POR vs. MIN,L,114,39.0,25,10.0,3,15,0.4,0.829,0.31,-4.0,Portland Trail Blazers
0022500088,2025-10-22,22025,SAC @ PHX,L,116,37.0,24,10.0,10,13,0.5,0.565,0.375,-4.0,Sacramento Kings
0022500084,2025-10-22,22025,DET @ CHI,L,111,46.0,29,8.0,10,10,0.443,0.692,0.292,-4.0,Detroit Pistons
0022500081,2025-10-22,22025,MIA @ ORL,L,121,47.0,26,9.0,4,17,0.484,0.778,0.343,-4.0,Miami Heat
0022500086,2025-10-22,22025,WAS @ MIL,L,120,56.0,23,5.0,4,13,0.469,0.579,0.405,-13.0,Washington Wizards
0022500085,2025-10-22,22025,NOP @ MEM,L,122,47.0,20,10.0,4,14,0.459,0.71,0.37,-6.0,New Orleans Pelicans
0022500004,2025-10-22,22025,SAS @ DAL,W,125,50.0,24,10.0,5,14,0.575,0.607,0.4,33.0,San Antonio Spurs
0022500080,2025-10-22,22025,BKN @ CHA,L,117,38.0,25,8.0,3,17,0.443,0.735,0.35,-19.0,Brooklyn Nets
0022500083,2025-10-22,22025,PHI @ BOS,W,117,40.0,23,3.0,4,14,0.459,0.767,0.39,1.0,Philadelphia 76ers
0022500084,2025-10-22,22025,CHI vs. DET,W,115,50.0,29,6.0,8,17,0.448,0.813,0.367,4.0,Chicago Bulls
0022500082,2025-10-22,22025,TOR @ ATL,W,138,54.0,36,10.0,4,19,0.568,0.828,0.24,20.0,Toronto Raptors
0022500089,2025-10-22,22025,MIN @ POR,W,118,45.0,21,10.0,10,19,0.488,0.792,0.5,4.0,Minnesota Timberwolves
0022500086,2025-10-22,22025,MIL vs. WAS,W,133,46.0,31,8.0,6,8,0.51,0.789,0.409,13.0,Milwaukee Bucks
0022500004,2025-10-22,22025,DAL vs. SAS,L,92,37.0,20,5.0,3,16,0.373,0.808,0.429,-33.0,Dallas Mavericks
0022500083,2025-10-22,22025,BOS vs. PHI,L,116,42.0,16,7.0,4,11,0.451,0.885,0.256,-1.0,Boston Celtics
0022500006,2025-10-23,22025,GSW vs. DEN,W,137,43.0,33,11.0,3,8,0.505,0.76,0.383,6.0,Golden State Warriors
0022500005,2025-10-23,22025,IND vs. OKC,L,135,55.0,21,6.0,4,14,0.438,0.75,0.302,-6.0,Indiana Pacers
0022500005,2025-10-23,22025,OKC @ IND,W,141,60.0,17,6.0,2,14,0.453,0.882,0.286,6.0,Oklahoma City Thunder
0022500006,2025-10-23,22025,DEN @ GSW,L,131,43.0,32,8.0,4,13,0.537,0.929,0.4,-6.0,Denver Nuggets
0022500018,2025-10-24,22025,BOS @ NYK,L,95,37.0,19,10.0,7,15,0.427,0.667,0.341,-10.0,Boston Celtics
0022500097,2025-10-24,22025,POR vs. GSW,W,139,38.0,30,13.0,5,18,0.538,0.92,0.471,20.0,Portland Trail Blazers
0022500096,2025-10-24,22025,WAS @ DAL,W,117,48.0,27,11.0,8,15,0.456,0.69,0.417,10.0,Washington Wizards
0022500095,2025-10-24,22025,NOP vs. SAS,L,116,45.0,24,10.0,3,13,0.433,0.759,0.313,-4.0,New Orleans Pelicans
0022500098,2025-10-24,22025,SAC vs. UTA,W,105,33.0,23,10.0,4,13,0.482,0.733,0.438,1.0,Sacramento Kings
0022500093,2025-10-24,22025,DET @ HOU,W,115,48.0,26,6.0,11,17,0.467,0.652,0.41,4.0,Detroit Pistons
0022500093,2025-10-24,22025,HOU vs. DET,L,111,45.0,15,14.0,2,13,0.386,0.771,0.455,-4.0,Houston Rockets
0022500092,2025-10-24,22025,TOR vs. MIL,L,116,41.0,25,10.0,4,16,0.494,0.656,0.407,-6.0,Toronto Raptors
0022500019,2025-10-24,22025,MIN @ LAL,L,110,40.0,24,4.0,3,12,0.466,0.714,0.342,-18.0,Minnesota Timberwolves
0022500099,2025-10-24,22025,PHX @ LAC,L,102,37.0,23,12.0,4,18,0.411,0.8,0.34,-27.0,Phoenix Suns
0022500092,2025-10-24,22025,MIL @ TOR,W,122,51.0,25,9.0,5,18,0.522,0.56,0.35,6.0,Milwaukee Bucks
0022500097,2025-10-24,22025,GSW @ POR,L,119,41.0,24,12.0,3,25,0.438,0.846,0.421,-20.0,Golden State Warriors
0022500091,2025-10-24,22025,BKN vs. CLE,L,124,38.0,30,9.0,0,19,0.51,1.0,0.422,-7.0,Brooklyn Nets
0022500095,2025-10-24,22025,SAS @ NOP,W,120,59.0,25,6.0,13,18,0.459,0.654,0.302,4.0,San Antonio Spurs
0022500094,2025-10-24,22025,MIA @ MEM,W,146,57.0,34,15.0,4,19,0.539,0.773,0.475,32.0,Miami Heat
0022500098,2025-10-24,22025,UTA @ SAC,L,104,50.0,25,6.0,1,19,0.442,0.882,0.317,-1.0,Utah Jazz
0022500090,2025-10-24,22025,ORL vs. ATL,L,107,45.0,21,7.0,3,22,0.474,0.649,0.29,-4.0,Orlando Magic
0022500094,2025-10-24,22025,MEM vs. MIA,L,114,41.0,29,8.0,4,20,0.4,0.893,0.289,-32.0,Memphis Grizzlies
0022500019,2025-10-24,22025,LAL vs. MIN,W,128,38.0,26,6.0,3,10,0.592,0.813,0.414,18.0,Los Angeles Lakers
0022500099,2025-10-24,22025,LAC vs. PHX,W,129,45.0,32,12.0,5,17,0.592,0.885,0.552,27.0,Los Angeles Clippers
0022500090,2025-10-24,22025,ATL @ ORL,W,111,40.0,26,9.0,5,16,0.482,0.75,0.276,4.0,Atlanta Hawks
0022500091,2025-10-24,22025,CLE @ BKN,W,131,36.0,32,14.0,5,17,0.537,0.714,0.429,7.0,Cleveland Cavaliers
0022500096,2025-10-24,22025,DAL vs. WAS,L,107,48.0,23,11.0,5,21,0.432,0.778,0.294,-10.0,Dallas Mavericks
0022500018,2025-10-24,22025,NYK vs. BOS,W,105,53.0,23,7.0,4,15,0.384,0.88,0.378,10.0,New York Knicks
0022500102,2025-10-25,22025,PHI vs. CHA,W,125,40.0,29,10.0,5,15,0.471,0.781,0.462,4.0,Philadelphia 76ers
0022500100,2025-10-25,22025,ORL vs. CHI,L,98,53.0,12,8.0,5,20,0.391,0.818,0.125,-12.0,Orlando Magic
0022500104,2025-10-25,22025,PHX @ DEN,L,111,38.0,24,7.0,4,19,0.432,0.818,0.34,-22.0,Phoenix Suns
0022500103,2025-10-25,22025,MEM vs. IND,W,128,49.0,31,6.0,4,4,0.454,0.781,0.385,25.0,Memphis Grizzlies
0022500100,2025-10-25,22025,CHI @ ORL,W,110,46.0,26,13.0,2,18,0.47,0.759,0.37,12.0,Chicago Bulls
0022500102,2025-10-25,22025,CHA @ PHI,L,121,45.0,30,6.0,3,16,0.483,0.679,0.381,-4.0,Charlotte Hornets
0022500101,2025-10-25,22025,OKC @ ATL,W,117,50.0,21,13.0,3,12,0.462,0.895,0.378,17.0,Oklahoma City Thunder
0022500101,2025-10-25,22025,ATL vs. OKC,L,100,46.0,25,7.0,5,16,0.412,0.667,0.41,-17.0,Atlanta Hawks
0022500104,2025-10-25,22025,DEN vs. PHX,W,133,43.0,31,14.0,1,16,0.512,0.905,0.29,22.0,Denver Nuggets
0022500103,2025-10-25,22025,IND @ MEM,L,103,44.0,25,2.0,5,13,0.404,0.739,0.35,-25.0,Indiana Pacers
0022500105,2025-10-26,22025,BKN @ SAS,L,107,34.0,22,9.0,0,11,0.391,0.958,0.32,-11.0,Brooklyn Nets
0022500107,2025-10-26,22025,CLE vs. MIL,W,118,44.0,23,10.0,2,16,0.448,0.8,0.3,5.0,Cleveland Cavaliers
0022500112,2025-10-26,22025,POR @ LAC,L,107,42.0,24,12.0,2,16,0.37,0.824,0.268,-7.0,Portland Trail Blazers
0022500110,2025-10-26,22025,IND @ MIN,L,110,49.0,24,7.0,5,16,0.429,0.667,0.35,-4.0,Indiana Pacers
0022500109,2025-10-26,22025,WAS vs. CHA,L,113,40.0,25,5.0,4,15,0.451,0.84,0.294,-26.0,Washington Wizards
0022500106,2025-10-26,22025,BOS @ DET,L,113,38.0,17,11.0,8,12,0.426,0.75,0.333,-6.0,Boston Celtics
0022500110,2025-10-26,22025,MIN vs. IND,W,114,48.0,19,9.0,4,14,0.464,0.703,0.303,4.0,Minnesota Timberwolves
0022500111,2025-10-26,22025,TOR @ DAL,L,129,43.0,33,10.0,1,14,0.49,0.75,0.394,-10.0,Toronto Raptors
0022500108,2025-10-26,22025,NYK @ MIA,L,107,52.0,23,9.0,3,15,0.388,0.762,0.278,-8.0,New York Knicks
0022500113,2025-10-26,22025,SAC vs. LAL,L,120,40.0,27,13.0,4,15,0.446,0.667,0.419,-7.0,Sacramento Kings
0022500113,2025-10-26,22025,LAL @ SAC,W,127,47.0,26,9.0,3,17,0.488,0.891,0.32,7.0,Los Angeles Lakers
0022500105,2025-10-26,22025,SAS vs. BKN,W,118,45.0,20,7.0,6,12,0.5,0.778,0.444,11.0,San Antonio Spurs
0022500107,2025-10-26,22025,MIL @ CLE,L,113,37.0,25,12.0,6,17,0.506,0.714,0.394,-5.0,Milwaukee Bucks
0022500109,2025-10-26,22025,CHA @ WAS,W,139,52.0,30,12.0,4,11,0.511,0.833,0.395,26.0,Charlotte Hornets
0022500106,2025-10-26,22025,DET vs. BOS,W,119,55.0,22,7.0,5,16,0.419,0.889,0.265,6.0,Detroit Pistons
0022500111,2025-10-26,22025,DAL vs. TOR,W,139,49.0,32,12.0,7,20,0.588,0.744,0.385,10.0,Dallas Mavericks
0022500108,2025-10-26,22025,MIA vs. NYK,W,115,50.0,25,7.0,1,16,0.458,0.839,0.351,8.0,Miami Heat
0022500112,2025-10-26,22025,LAC vs. POR,W,114,46.0,26,11.0,8,22,0.55,0.933,0.387,7.0,Los Angeles Clippers
0022500115,2025-10-27,22025,ATL @ CHI,L,123,36.0,32,8.0,1,6,0.5,0.7,0.344,-5.0,Atlanta Hawks
0022500117,2025-10-27,22025,NOP vs. BOS,L,90,35.0,17,7.0,0,13,0.333,0.893,0.25,-32.0,New Orleans Pelicans
0022500119,2025-10-27,22025,DAL vs. OKC,L,94,36.0,20,6.0,4,8,0.379,0.727,0.308,-7.0,Dallas Mavericks
0022500008,2025-10-27,22025,DEN @ MIN,W,127,46.0,24,5.0,4,12,0.523,0.88,0.5,13.0,Denver Nuggets
0022500118,2025-10-27,22025,TOR @ SAS,L,103,20.0,29,9.0,4,15,0.468,0.739,0.375,-18.0,Toronto Raptors
0022500120,2025-10-27,22025,UTA vs. PHX,W,138,64.0,27,8.0,4,18,0.407,0.944,0.327,4.0,Utah Jazz
0022500122,2025-10-27,22025,LAL vs. POR,L,108,42.0,23,11.0,5,23,0.465,0.808,0.259,-14.0,Los Angeles Lakers
0022500007,2025-10-27,22025,DET vs. CLE,L,95,48.0,20,12.0,4,25,0.379,0.667,0.324,-21.0,Detroit Pistons
0022500114,2025-10-27,22025,ORL @ PHI,L,124,43.0,27,4.0,7,13,0.549,0.684,0.32,-12.0,Orlando Magic
0022500117,2025-10-27,22025,BOS @ NOP,W,122,54.0,25,5.0,7,11,0.484,0.8,0.34,32.0,Boston Celtics
0022500121,2025-10-27,22025,MEM @ GSW,L,118,39.0,32,8.0,3,13,0.455,0.929,0.308,-13.0,Memphis Grizzlies
0022500007,2025-10-27,22025,CLE @ DET,W,116,48.0,25,11.0,4,19,0.459,0.771,0.314,21.0,Cleveland Cavaliers
0022500114,2025-10-27,22025,PHI vs. ORL,W,136,39.0,25,5.0,9,6,0.495,0.813,0.424,12.0,Philadelphia 76ers
0022500119,2025-10-27,22025,OKC @ DAL,W,101,55.0,21,5.0,5,13,0.467,0.846,0.2,7.0,Oklahoma City Thunder
0022500121,2025-10-27,22025,GSW vs. MEM,W,131,39.0,36,7.0,5,16,0.53,0.8,0.442,13.0,Golden State Warriors
0022500116,2025-10-27,22025,BKN @ HOU,L,109,37.0,22,3.0,0,12,0.477,0.667,0.375,-28.0,Brooklyn Nets
0022500122,2025-10-27,22025,POR @ LAL,W,122,49.0,24,12.0,9,18,0.456,0.933,0.326,14.0,Portland Trail Blazers
0022500008,2025-10-27,22025,MIN vs. DEN,L,114,33.0,19,8.0,9,14,0.471,0.828,0.313,-13.0,Minnesota Timberwolves
0022500115,2025-10-27,22025,CHI vs. ATL,W,128,51.0,33,5.0,4,14,0.522,0.762,0.372,5.0,Chicago Bulls
0022500120,2025-10-27,22025,PHX @ UTA,L,134,48.0,37,13.0,8,14,0.425,0.774,0.364,-4.0,Phoenix Suns
0022500116,2025-10-27,22025,HOU vs. BKN,W,137,39.0,33,10.0,4,9,0.576,0.885,0.5,28.0,Houston Rockets
0022500118,2025-10-27,22025,SAS vs. TOR,W,121,44.0,29,11.0,3,20,0.582,0.833,0.481,18.0,San Antonio Spurs
0022500127,2025-10-28,22025,GSW vs. LAC,W,98,42.0,24,11.0,3,13,0.453,0.75,0.378,19.0,Golden State Warriors
0022500125,2025-10-28,22025,NYK @ MIL,L,111,45.0,24,9.0,2,13,0.424,0.87,0.325,-10.0,New York Knicks
0022500125,2025-10-28,22025,MIL vs. NYK,W,121,38.0,27,7.0,8,13,0.544,0.875,0.412,10.0,Milwaukee Bucks
0022500126,2025-10-28,22025,SAC @ OKC,L,101,46.0,21,11.0,3,17,0.424,0.905,0.345,-6.0,Sacramento Kings
0022500126,2025-10-28,22025,OKC vs. SAC,W,107,44.0,26,11.0,10,15,0.457,0.9,0.318,6.0,Oklahoma City Thunder
0022500127,2025-10-28,22025,LAC @ GSW,L,79,47.0,10,7.0,2,13,0.366,0.813,0.182,-19.0,Los Angeles Clippers
0022500124,2025-10-28,22025,MIA vs. CHA,W,144,37.0,34,8.0,2,11,0.542,0.909,0.444,27.0,Miami Heat
0022500123,2025-10-28,22025,WAS vs. PHI,L,134,50.0,33,10.0,5,15,0.477,0.714,0.395,-5.0,Washington Wizards
0022500123,2025-10-28,22025,PHI @ WAS,W,139,55.0,26,7.0,11,14,0.45,0.865,0.405,5.0,Philadelphia 76ers
0022500124,2025-10-28,22025,CHA @ MIA,L,117,41.0,26,9.0,3,17,0.444,0.826,0.4,-27.0,Charlotte Hornets
0022500131,2025-10-29,22025,HOU @ TOR,W,139,53.0,31,9.0,8,15,0.575,0.765,0.433,18.0,Houston Rockets
0022500137,2025-10-29,22025,PHX vs. MEM,L,113,40.0,25,11.0,4,20,0.477,0.882,0.4,-1.0,Phoenix Suns
0022500135,2025-10-29,22025,UTA vs. POR,L,134,46.0,30,10.0,7,21,0.488,0.837,0.314,-2.0,Utah Jazz
0022500133,2025-10-29,22025,IND @ DAL,L,105,52.0,20,8.0,7,12,0.349,0.643,0.289,-2.0,Indiana Pacers
0022500128,2025-10-29,22025,BOS vs. CLE,W,125,53.0,29,11.0,3,9,0.442,0.833,0.368,20.0,Boston Celtics
0022500135,2025-10-29,22025,POR @ UTA,W,136,39.0,34,14.0,5,16,0.479,0.852,0.382,2.0,Portland Trail Blazers
0022500129,2025-10-29,22025,DET vs. ORL,W,135,46.0,29,11.0,8,13,0.495,0.882,0.406,19.0,Detroit Pistons
0022500128,2025-10-29,22025,CLE @ BOS,L,105,42.0,25,6.0,4,14,0.402,0.75,0.327,-20.0,Cleveland Cavaliers
0022500130,2025-10-29,22025,ATL @ BKN,W,117,44.0,33,11.0,8,8,0.473,0.727,0.394,5.0,Atlanta Hawks
0022500129,2025-10-29,22025,ORL @ DET,L,116,43.0,22,5.0,5,16,0.458,0.7,0.387,-19.0,Orlando Magic
0022500131,2025-10-29,22025,TOR vs. HOU,L,121,22.0,29,6.0,2,10,0.506,0.737,0.525,-18.0,Toronto Raptors
0022500134,2025-10-29,22025,DEN vs. NOP,W,122,56.0,40,6.0,4,14,0.533,0.857,0.333,34.0,Denver Nuggets
0022500132,2025-10-29,22025,CHI vs. SAC,W,126,46.0,34,6.0,2,15,0.538,0.778,0.438,13.0,Chicago Bulls
0022500133,2025-10-29,22025,DAL vs. IND,W,107,47.0,21,4.0,7,19,0.456,0.811,0.208,2.0,Dallas Mavericks
0022500136,2025-10-29,22025,MIN vs. LAL,L,115,34.0,30,8.0,5,18,0.5,0.818,0.5,-1.0,Minnesota Timberwolves
0022500137,2025-10-29,22025,MEM @ PHX,W,114,41.0,31,12.0,3,17,0.473,0.846,0.395,1.0,Memphis Grizzlies
0022500132,2025-10-29,22025,SAC @ CHI,L,113,31.0,28,10.0,2,10,0.524,0.769,0.25,-13.0,Sacramento Kings
0022500136,2025-10-29,22025,LAL @ MIN,W,116,40.0,34,6.0,5,18,0.542,0.682,0.355,1.0,Los Angeles Lakers
0022500134,2025-10-29,22025,NOP @ DEN,L,88,36.0,17,9.0,3,13,0.376,0.586,0.206,-34.0,New Orleans Pelicans
0022500130,2025-10-29,22025,BKN vs. ATL,L,112,47.0,23,4.0,4,16,0.455,0.778,0.297,-5.0,Brooklyn Nets
0022500141,2025-10-30,22025,MIA @ SAS,L,101,41.0,29,6.0,2,14,0.433,0.727,0.395,-6.0,Miami Heat
0022500140,2025-10-30,22025,OKC vs. WAS,W,127,47.0,29,16.0,8,6,0.449,0.821,0.327,19.0,Oklahoma City Thunder
0022500141,2025-10-30,22025,SAS vs. MIA,W,107,48.0,26,10.0,8,11,0.442,0.739,0.341,6.0,San Antonio Spurs
0022500139,2025-10-30,22025,GSW @ MIL,L,110,44.0,23,8.0,6,19,0.424,0.962,0.342,-10.0,Golden State Warriors
0022500138,2025-10-30,22025,CHA vs. ORL,L,107,41.0,24,5.0,6,21,0.506,0.8,0.367,-16.0,Charlotte Hornets
0022500138,2025-10-30,22025,ORL @ CHA,W,123,38.0,29,10.0,7,13,0.517,0.739,0.421,16.0,Orlando Magic
0022500139,2025-10-30,22025,MIL vs. GSW,W,120,34.0,25,7.0,2,12,0.479,0.692,0.413,10.0,Milwaukee Bucks
0022500140,2025-10-30,22025,WAS @ OKC,L,108,49.0,25,3.0,6,22,0.452,0.882,0.425,-19.0,Washington Wizards
0022500021,2025-10-31,22025,PHI vs. BOS,L,108,40.0,27,6.0,7,18,0.474,0.724,0.382,-1.0,Philadelphia 76ers
0022500023,2025-10-31,22025,CHI vs. NYK,W,135,41.0,31,8.0,6,7,0.536,0.8,0.459,10.0,Chicago Bulls
0022500025,2025-10-31,22025,PHX vs. UTA,W,118,44.0,30,10.0,6,9,0.473,0.833,0.354,22.0,Phoenix Suns
0022500020,2025-10-31,22025,ATL @ IND,W,128,55.0,30,10.0,5,10,0.543,0.8,0.333,20.0,Atlanta Hawks
0022500025,2025-10-31,22025,UTA @ PHX,L,96,48.0,23,4.0,3,21,0.375,0.75,0.324,-22.0,Utah Jazz
0022500022,2025-10-31,22025,TOR @ CLE,W,112,48.0,27,9.0,4,16,0.488,0.792,0.433,11.0,Toronto Raptors
0022500024,2025-10-31,22025,MEM vs. LAL,L,112,42.0,28,9.0,0,11,0.441,0.842,0.311,-5.0,Memphis Grizzlies
0022500026,2025-10-31,22025,POR vs. DEN,W,109,43.0,26,11.0,5,12,0.418,0.71,0.282,2.0,Portland Trail Blazers
0022500022,2025-10-31,22025,CLE vs. TOR,L,101,42.0,24,10.0,10,13,0.4,0.652,0.304,-11.0,Cleveland Cavaliers
0022500027,2025-10-31,22025,NOP @ LAC,L,124,43.0,28,8.0,4,15,0.482,0.897,0.486,-2.0,New Orleans Pelicans
0022500020,2025-10-31,22025,IND vs. ATL,L,108,49.0,23,6.0,3,12,0.354,0.758,0.277,-20.0,Indiana Pacers
0022500021,2025-10-31,22025,BOS @ PHI,W,109,45.0,26,8.0,7,9,0.436,0.583,0.311,1.0,Boston Celtics
0022500024,2025-10-31,22025,LAL @ MEM,W,117,40.0,24,8.0,3,13,0.513,0.788,0.342,5.0,Los Angeles Lakers
0022500026,2025-10-31,22025,DEN @ POR,L,107,46.0,19,6.0,7,16,0.481,0.806,0.24,-2.0,Denver Nuggets
0022500023,2025-10-31,22025,NYK @ CHI,L,125,39.0,27,3.0,5,12,0.495,0.739,0.4,-10.0,New York Knicks
0022500027,2025-10-31,22025,LAC vs. NOP,W,126,37.0,28,12.0,6,12,0.517,0.905,0.385,2.0,Los Angeles Clippers
0022500143,2025-11-01,22025,MIN @ CHA,W,122,38.0,31,8.0,2,10,0.54,0.786,0.472,17.0,Minnesota Timberwolves
0022500147,2025-11-01,22025,DAL @ DET,W,122,47.0,29,10.0,4,7,0.495,0.676,0.375,12.0,Detroit Pistons
0022500142,2025-11-01,22025,MIL vs. SAC,L,133,37.0,30,5.0,2,11,0.598,0.645,0.469,-2.0,Milwaukee Bucks
0022500146,2025-11-01,22025,HOU @ BOS,W,128,53.0,30,6.0,11,18,0.545,0.714,0.655,27.0,Houston Rockets
0022500143,2025-11-01,22025,CHA vs. MIN,L,105,45.0,23,4.0,4,14,0.395,0.889,0.289,-17.0,Charlotte Hornets
0022500144,2025-11-01,22025,GSW @ IND,L,109,44.0,25,5.0,4,16,0.433,0.864,0.273,-5.0,Golden State Warriors
0022500145,2025-11-01,22025,WAS vs. ORL,L,94,40.0,19,7.0,9,17,0.398,0.467,0.333,-31.0,Washington Wizards
0022500145,2025-11-01,22025,ORL @ WAS,W,125,53.0,32,13.0,10,15,0.511,0.864,0.333,31.0,Orlando Magic
0022500146,2025-11-01,22025,BOS vs. HOU,L,101,36.0,24,9.0,2,10,0.388,1.0,0.318,-27.0,Boston Celtics
0022500144,2025-11-01,22025,IND vs. GSW,W,114,47.0,24,7.0,3,12,0.449,0.857,0.303,5.0,Indiana Pacers
0022500147,2025-11-01,22025,DAL @ DET,L,110,43.0,23,3.0,3,15,0.425,0.839,0.356,-12.0,Dallas Mavericks
0022500142,2025-11-01,22025,SAC @ MIL,W,135,38.0,30,8.0,1,9,0.517,0.875,0.357,2.0,Sacramento Kings
0022500152,2025-11-02,22025,MEM @ TOR,L,104,41.0,24,6.0,0,11,0.437,0.85,0.314,-13.0,Memphis Grizzlies
0022500151,2025-11-02,22025,CLE vs. ATL,W,117,44.0,30,12.0,4,16,0.412,0.944,0.351,8.0,Cleveland Cavaliers
0022500152,2025-11-02,22025,TOR vs. MEM,W,117,49.0,32,5.0,7,15,0.506,0.8,0.297,13.0,Toronto Raptors
0022500155,2025-11-02,22025,LAL vs. MIA,W,130,41.0,33,14.0,2,11,0.505,0.826,0.326,10.0,Los Angeles Lakers
0022500154,2025-11-02,22025,PHX vs. SAS,W,130,39.0,34,8.0,4,20,0.582,0.864,0.576,12.0,Phoenix Suns
0022500148,2025-11-02,22025,NOP @ OKC,L,106,38.0,26,6.0,3,16,0.438,0.625,0.4,-31.0,New Orleans Pelicans
0022500151,2025-11-02,22025,ATL @ CLE,L,109,46.0,28,9.0,3,22,0.506,0.714,0.261,-8.0,Atlanta Hawks
0022500148,2025-11-02,22025,OKC vs. NOP,W,137,42.0,33,12.0,5,11,0.56,0.885,0.417,31.0,Oklahoma City Thunder
0022500150,2025-11-02,22025,CHA vs. UTA,W,126,46.0,31,6.0,6,14,0.489,1.0,0.419,23.0,Charlotte Hornets
0022500154,2025-11-02,22025,SAS @ PHX,L,118,41.0,21,11.0,5,14,0.459,0.783,0.244,-12.0,San Antonio Spurs
0022500153,2025-11-02,22025,NYK vs. CHI,W,128,47.0,31,7.0,5,11,0.453,1.0,0.476,12.0,New York Knicks
0022500149,2025-11-02,22025,PHI @ BKN,W,129,44.0,34,10.0,6,15,0.521,0.824,0.375,24.0,Philadelphia 76ers
0022500155,2025-11-02,22025,MIA @ LAL,L,120,42.0,29,7.0,3,15,0.512,0.694,0.273,-10.0,Miami Heat
0022500149,2025-11-02,22025,BKN vs. PHI,L,105,44.0,21,10.0,4,18,0.429,0.769,0.179,-24.0,Brooklyn Nets
0022500153,2025-11-02,22025,CHI @ NYK,L,116,46.0,28,7.0,3,14,0.484,0.818,0.425,-12.0,Chicago Bulls
0022500150,2025-11-02,22025,UTA @ CHA,L,103,38.0,27,7.0,3,10,0.409,0.828,0.219,-23.0,Utah Jazz
0022500164,2025-11-03,22025,MIA @ LAC,W,120,37.0,33,12.0,3,16,0.542,0.75,0.48,1.0,Miami Heat
0022500159,2025-11-03,22025,NYK vs. WAS,W,119,49.0,32,12.0,4,12,0.468,0.8,0.366,17.0,New York Knicks
0022500159,2025-11-03,22025,WAS @ NYK,L,102,44.0,30,7.0,5,20,0.469,0.684,0.371,-17.0,Washington Wizards
0022500156,2025-11-03,22025,BKN vs. MIN,L,109,40.0,25,9.0,4,12,0.404,0.658,0.3,-16.0,Brooklyn Nets
0022500157,2025-11-03,22025,MIL @ IND,W,117,43.0,24,6.0,5,18,0.477,0.591,0.426,2.0,Milwaukee Bucks
0022500163,2025-11-03,22025,LAL @ POR,W,123,34.0,29,11.0,5,17,0.588,0.875,0.391,8.0,Los Angeles Lakers
0022500161,2025-11-03,22025,DET @ MEM,W,114,43.0,23,11.0,9,12,0.506,0.69,0.323,8.0,Detroit Pistons
0022500164,2025-11-03,22025,LAC vs. MIA,L,119,44.0,25,13.0,4,20,0.5,0.737,0.415,-1.0,Los Angeles Clippers
0022500160,2025-11-03,22025,HOU vs. DAL,W,110,54.0,23,9.0,7,17,0.461,0.667,0.276,8.0,Houston Rockets
0022500162,2025-11-03,22025,DEN vs. SAC,W,130,40.0,33,9.0,5,7,0.515,0.75,0.316,6.0,Denver Nuggets
0022500160,2025-11-03,22025,DAL @ HOU,L,102,40.0,30,12.0,6,15,0.449,0.65,0.25,-8.0,Dallas Mavericks
0022500158,2025-11-03,22025,BOS vs. UTA,L,103,36.0,21,12.0,4,10,0.416,0.818,0.216,-2.0,Boston Celtics
0022500157,2025-11-03,22025,IND vs. MIL,L,115,45.0,24,8.0,4,11,0.433,0.763,0.242,-2.0,Indiana Pacers
0022500161,2025-11-03,22025,MEM vs. DET,L,106,49.0,25,8.0,5,20,0.402,0.88,0.341,-8.0,Memphis Grizzlies
0022500156,2025-11-03,22025,MIN @ BKN,W,125,53.0,33,6.0,4,16,0.564,0.657,0.4,16.0,Minnesota Timberwolves
0022500162,2025-11-03,22025,SAC @ DEN,L,124,47.0,27,5.0,1,15,0.522,0.84,0.333,-6.0,Sacramento Kings
0022500163,2025-11-03,22025,POR vs. LAL,L,115,38.0,23,13.0,3,18,0.494,0.733,0.225,-8.0,Portland Trail Blazers
0022500158,2025-11-03,22025,UTA @ BOS,W,105,55.0,23,4.0,2,18,0.452,0.8,0.29,2.0,Utah Jazz
0022500170,2025-11-04,22025,OKC @ LAC,W,126,40.0,28,12.0,6,10,0.523,0.818,0.474,19.0,Oklahoma City Thunder
0022500169,2025-11-04,22025,PHX @ GSW,L,107,46.0,25,10.0,5,17,0.44,0.938,0.364,-11.0,Phoenix Suns
0022500165,2025-11-04,22025,MIL @ TOR,L,100,41.0,26,5.0,4,12,0.43,0.714,0.289,-28.0,Milwaukee Bucks
0022500169,2025-11-04,22025,GSW vs. PHX,W,118,39.0,33,9.0,4,15,0.494,0.85,0.452,11.0,Golden State Warriors
0022500166,2025-11-04,22025,ATL vs. ORL,W,127,34.0,23,11.0,6,18,0.556,0.81,0.433,15.0,Atlanta Hawks
0022500170,2025-11-04,22025,LAC vs. OKC,L,107,42.0,26,9.0,2,19,0.413,0.852,0.419,-19.0,Los Angeles Clippers
0022500167,2025-11-04,22025,PHI @ CHI,L,111,40.0,22,12.0,11,16,0.426,0.833,0.367,-2.0,Philadelphia 76ers
0022500165,2025-11-04,22025,TOR vs. MIL,W,128,50.0,33,8.0,6,9,0.484,0.793,0.447,28.0,Toronto Raptors
0022500168,2025-11-04,22025,NOP vs. CHA,W,116,39.0,27,9.0,3,12,0.478,0.684,0.447,4.0,New Orleans Pelicans
0022500168,2025-11-04,22025,CHA @ NOP,L,112,49.0,20,8.0,6,19,0.476,0.75,0.342,-4.0,Charlotte Hornets
0022500166,2025-11-04,22025,ORL @ ATL,L,112,41.0,26,9.0,1,17,0.434,0.879,0.324,-15.0,Orlando Magic
0022500167,2025-11-04,22025,CHI vs. PHI,W,113,48.0,26,11.0,9,18,0.472,0.8,0.382,2.0,Chicago Bulls
0022500176,2025-11-05,22025,HOU @ MEM,W,124,54.0,29,9.0,3,13,0.475,0.833,0.433,15.0,Houston Rockets
0022500175,2025-11-05,22025,MIN @ NYK,L,114,31.0,30,6.0,2,17,0.482,0.882,0.475,-23.0,Minnesota Timberwolves
0022500180,2025-11-05,22025,POR vs. OKC,W,121,49.0,24,8.0,6,15,0.409,0.938,0.442,2.0,Portland Trail Blazers
0022500181,2025-11-05,22025,GSW @ SAC,L,116,44.0,28,10.0,6,18,0.449,0.826,0.395,-5.0,Golden State Warriors
0022500172,2025-11-05,22025,UTA @ DET,L,103,44.0,24,7.0,2,15,0.384,0.862,0.308,-11.0,Utah Jazz
0022500171,2025-11-05,22025,PHI @ CLE,L,121,43.0,26,9.0,2,18,0.489,0.7,0.387,-11.0,Philadelphia 76ers
0022500173,2025-11-05,22025,IND vs. BKN,L,103,56.0,29,6.0,5,16,0.414,0.615,0.361,-9.0,Indiana Pacers
0022500174,2025-11-05,22025,BOS vs. WAS,W,136,40.0,31,12.0,3,5,0.547,0.762,0.39,29.0,Boston Celtics
0022500178,2025-11-05,22025,DEN vs. MIA,W,122,61.0,33,10.0,4,16,0.426,0.893,0.275,10.0,Denver Nuggets
0022500177,2025-11-05,22025,DAL vs. NOP,L,99,44.0,18,11.0,7,15,0.416,0.75,0.313,-2.0,Dallas Mavericks
0022500172,2025-11-05,22025,DET vs. UTA,W,114,52.0,24,5.0,6,13,0.495,0.591,0.367,11.0,Detroit Pistons
0022500179,2025-11-05,22025,LAL vs. SAS,W,118,38.0,23,8.0,5,12,0.446,0.773,0.323,2.0,Los Angeles Lakers
0022500175,2025-11-05,22025,NYK vs. MIN,W,137,50.0,32,7.0,8,14,0.539,0.889,0.452,23.0,New York Knicks
0022500178,2025-11-05,22025,MIA @ DEN,L,112,38.0,26,13.0,4,14,0.442,0.88,0.341,-10.0,Miami Heat
0022500177,2025-11-05,22025,NOP @ DAL,W,101,56.0,18,10.0,3,13,0.429,0.813,0.323,2.0,New Orleans Pelicans
0022500179,2025-11-05,22025,SAS @ LAL,L,116,37.0,22,7.0,1,19,0.486,0.775,0.394,-2.0,San Antonio Spurs
0022500174,2025-11-05,22025,WAS @ BOS,L,107,40.0,25,2.0,5,19,0.488,0.741,0.333,-29.0,Washington Wizards
0022500181,2025-11-05,22025,SAC vs. GSW,W,121,47.0,27,7.0,5,16,0.494,0.848,0.478,5.0,Sacramento Kings
0022500171,2025-11-05,22025,CLE vs. PHI,W,132,34.0,33,9.0,7,14,0.533,0.941,0.409,11.0,Cleveland Cavaliers
0022500173,2025-11-05,22025,BKN @ IND,W,112,45.0,26,9.0,5,12,0.419,0.743,0.35,9.0,Brooklyn Nets
0022500180,2025-11-05,22025,OKC @ POR,L,119,50.0,24,9.0,5,14,0.418,0.903,0.395,-2.0,Oklahoma City Thunder
0022500176,2025-11-05,22025,MEM vs. HOU,L,109,47.0,25,10.0,9,15,0.382,0.8,0.333,-15.0,Memphis Grizzlies
0022500182,2025-11-06,22025,PHX vs. LAC,W,115,44.0,27,13.0,2,15,0.446,0.737,0.388,13.0,Phoenix Suns
0022500182,2025-11-06,22025,LAC @ PHX,L,102,41.0,24,8.0,4,15,0.443,0.733,0.323,-13.0,Los Angeles Clippers
0022500028,2025-11-07,22025,BOS @ ORL,L,110,44.0,26,9.0,8,14,0.453,0.688,0.351,-13.0,Boston Celtics
0022500028,2025-11-07,22025,ORL vs. BOS,W,123,44.0,28,8.0,7,15,0.5,0.774,0.472,13.0,Orlando Magic
0022500038,2025-11-07,22025,SAC vs. OKC,L,101,38.0,27,6.0,3,15,0.413,0.667,0.375,-31.0,Sacramento Kings
0022500030,2025-11-07,22025,ATL vs. TOR,L,97,54.0,24,8.0,7,15,0.344,0.957,0.237,-12.0,Atlanta Hawks
0022500029,2025-11-07,22025,WAS vs. CLE,L,115,44.0,32,5.0,7,20,0.451,0.783,0.366,-33.0,Washington Wizards
0022500037,2025-11-07,22025,DEN vs. GSW,W,129,41.0,34,8.0,4,8,0.561,0.84,0.485,25.0,Denver Nuggets
0022500031,2025-11-07,22025,DET @ BKN,W,125,46.0,32,14.0,1,13,0.576,0.7,0.231,18.0,Detroit Pistons
0022500029,2025-11-07,22025,CLE @ WAS,W,148,57.0,34,15.0,6,10,0.473,0.774,0.444,33.0,Cleveland Cavaliers
0022500037,2025-11-07,22025,GSW @ DEN,L,104,46.0,28,4.0,5,12,0.421,0.8,0.293,-25.0,Golden State Warriors
0022500033,2025-11-07,22025,CHA @ MIA,L,108,57.0,22,4.0,9,18,0.381,0.889,0.256,-18.0,Charlotte Hornets
0022500033,2025-11-07,22025,MIA vs. CHA,W,126,37.0,31,10.0,7,8,0.515,0.857,0.429,18.0,Miami Heat
0022500031,2025-11-07,22025,BKN vs. DET,L,107,30.0,26,5.0,1,19,0.425,0.846,0.37,-18.0,Brooklyn Nets
0022500032,2025-11-07,22025,SAS vs. HOU,W,121,40.0,30,15.0,4,20,0.46,0.92,0.4,11.0,San Antonio Spurs
0022500034,2025-11-07,22025,MEM vs. DAL,W,118,42.0,27,8.0,1,13,0.482,0.821,0.371,14.0,Memphis Grizzlies
0022500034,2025-11-07,22025,DAL @ MEM,L,104,44.0,25,7.0,6,17,0.488,0.625,0.256,-14.0,Dallas Mavericks
0022500030,2025-11-07,22025,TOR @ ATL,W,109,48.0,23,11.0,6,12,0.407,0.92,0.316,12.0,Toronto Raptors
0022500035,2025-11-07,22025,CHI @ MIL,L,110,45.0,34,9.0,3,14,0.489,0.75,0.303,-16.0,Chicago Bulls
0022500032,2025-11-07,22025,HOU @ SAS,L,110,41.0,25,12.0,4,23,0.459,0.905,0.481,-11.0,Houston Rockets
0022500036,2025-11-07,22025,UTA @ MIN,L,97,40.0,28,11.0,3,17,0.372,0.72,0.231,-40.0,Utah Jazz
0022500038,2025-11-07,22025,OKC @ SAC,W,132,52.0,27,9.0,8,11,0.538,0.875,0.371,31.0,Oklahoma City Thunder
0022500035,2025-11-07,22025,MIL vs. CHI,W,126,53.0,27,10.0,6,11,0.466,0.778,0.41,16.0,Milwaukee Bucks
0022500036,2025-11-07,22025,MIN vs. UTA,W,137,52.0,32,10.0,10,21,0.568,0.741,0.472,40.0,Minnesota Timberwolves
0022500183,2025-11-08,22025,DAL @ WAS,W,111,51.0,26,15.0,6,13,0.452,0.7,0.25,6.0,Dallas Mavericks
0022500186,2025-11-08,22025,CHI @ CLE,L,122,49.0,27,8.0,4,13,0.452,0.917,0.448,-6.0,Chicago Bulls
0022500186,2025-11-08,22025,CLE vs. CHI,W,128,39.0,32,6.0,7,9,0.489,0.731,0.37,6.0,Cleveland Cavaliers
0022500183,2025-11-08,22025,WAS vs. DAL,L,105,44.0,17,7.0,7,18,0.416,0.87,0.314,-6.0,Washington Wizards
0022500190,2025-11-08,22025,PHX @ LAC,W,114,42.0,30,9.0,2,12,0.482,0.857,0.421,11.0,Phoenix Suns
0022500185,2025-11-08,22025,ATL vs. LAL,W,122,37.0,37,13.0,6,11,0.516,0.909,0.41,20.0,Atlanta Hawks
0022500187,2025-11-08,22025,POR @ MIA,L,131,57.0,29,8.0,4,20,0.45,0.826,0.275,-5.0,Portland Trail Blazers
0022500185,2025-11-08,22025,LAL @ ATL,L,102,47.0,23,8.0,5,19,0.457,0.8,0.4,-20.0,Los Angeles Lakers
0022500184,2025-11-08,22025,TOR @ PHI,L,120,38.0,29,7.0,5,10,0.456,0.786,0.421,-10.0,Toronto Raptors
0022500188,2025-11-08,22025,NOP @ SAS,L,119,40.0,27,7.0,2,11,0.479,0.824,0.395,-7.0,New Orleans Pelicans
0022500190,2025-11-08,22025,LAC vs. PHX,L,103,27.0,26,5.0,5,11,0.532,0.611,0.303,-11.0,Los Angeles Clippers
0022500187,2025-11-08,22025,MIA vs. POR,W,136,47.0,37,17.0,5,14,0.51,0.778,0.286,5.0,Miami Heat
0022500188,2025-11-08,22025,SAS vs. NOP,W,126,43.0,31,6.0,6,12,0.533,0.889,0.35,7.0,San Antonio Spurs
0022500189,2025-11-08,22025,IND @ DEN,L,100,43.0,20,9.0,6,11,0.355,0.765,0.222,-17.0,Indiana Pacers
0022500189,2025-11-08,22025,DEN vs. IND,W,117,55.0,32,8.0,2,16,0.484,0.826,0.296,17.0,Denver Nuggets
0022500184,2025-11-08,22025,PHI vs. TOR,W,130,54.0,31,4.0,9,13,0.51,0.786,0.286,10.0,Philadelphia 76ers
0022500196,2025-11-09,22025,IND @ GSW,L,83,53.0,21,7.0,6,20,0.34,0.727,0.282,-31.0,Indiana Pacers
0022500195,2025-11-09,22025,PHI vs. DET,L,108,44.0,22,8.0,6,19,0.429,0.857,0.364,-3.0,Philadelphia 76ers
0022500191,2025-11-09,22025,HOU @ MIL,W,122,50.0,24,8.0,3,17,0.533,0.762,0.385,7.0,Houston Rockets
0022500191,2025-11-09,22025,MIL vs. HOU,L,115,27.0,25,11.0,6,13,0.557,0.583,0.448,-7.0,Milwaukee Bucks
0022500194,2025-11-09,22025,OKC @ MEM,W,114,51.0,19,10.0,3,6,0.432,0.846,0.233,14.0,Oklahoma City Thunder
0022500193,2025-11-09,22025,BOS @ ORL,W,111,41.0,22,10.0,2,14,0.471,0.72,0.394,4.0,Boston Celtics
0022500192,2025-11-09,22025,NYK vs. BKN,W,134,46.0,31,9.0,3,14,0.539,0.808,0.459,36.0,New York Knicks
0022500196,2025-11-09,22025,GSW vs. IND,W,114,50.0,22,11.0,6,10,0.432,0.703,0.273,31.0,Golden State Warriors
0022500195,2025-11-09,22025,DET @ PHI,W,111,37.0,23,12.0,5,15,0.476,0.714,0.433,3.0,Detroit Pistons
0022500192,2025-11-09,22025,BKN @ NYK,L,98,38.0,21,5.0,8,19,0.402,0.75,0.311,-36.0,Brooklyn Nets
0022500194,2025-11-09,22025,MEM vs. OKC,L,100,50.0,30,3.0,6,14,0.385,0.722,0.386,-14.0,Memphis Grizzlies
0022500197,2025-11-09,22025,SAC vs. MIN,L,117,43.0,25,8.0,3,16,0.444,0.774,0.448,-27.0,Sacramento Kings
0022500197,2025-11-09,22025,MIN @ SAC,W,144,44.0,28,11.0,9,10,0.536,0.917,0.391,27.0,Minnesota Timberwolves
0022500193,2025-11-09,22025,ORL vs. BOS,L,107,42.0,21,8.0,4,17,0.449,0.938,0.241,-4.0,Orlando Magic
0022500199,2025-11-10,22025,DET vs. WAS,W,137,63.0,27,16.0,5,14,0.412,0.789,0.317,2.0,Detroit Pistons
0022500204,2025-11-10,22025,NOP @ PHX,L,98,40.0,18,12.0,3,19,0.41,0.769,0.313,-23.0,New Orleans Pelicans
0022500206,2025-11-10,22025,ATL @ LAC,W,105,41.0,30,7.0,8,11,0.452,0.8,0.382,3.0,Atlanta Hawks
0022500202,2025-11-10,22025,CHI vs. SAS,L,117,45.0,29,10.0,4,12,0.441,0.826,0.421,-4.0,Chicago Bulls
0022500206,2025-11-10,22025,LAC vs. ATL,L,102,42.0,19,7.0,9,11,0.439,0.72,0.316,-3.0,Los Angeles Clippers
0022500201,2025-11-10,22025,MIA vs. CLE,W,140,56.0,32,5.0,6,14,0.469,0.878,0.333,2.0,Miami Heat
0022500200,2025-11-10,22025,POR @ ORL,L,112,38.0,22,5.0,3,8,0.444,0.731,0.361,-3.0,Portland Trail Blazers
0022500203,2025-11-10,22025,DAL vs. MIL,L,114,52.0,25,8.0,8,14,0.416,0.756,0.231,-2.0,Dallas Mavericks
0022500200,2025-11-10,22025,ORL vs. POR,W,115,50.0,26,6.0,7,13,0.448,0.853,0.267,3.0,Orlando Magic
0022500198,2025-11-10,22025,CHA vs. LAL,L,111,37.0,28,6.0,6,22,0.521,0.909,0.472,-10.0,Charlotte Hornets
0022500199,2025-11-10,22025,WAS @ DET,L,135,46.0,26,10.0,6,20,0.526,0.769,0.395,-2.0,Washington Wizards
0022500201,2025-11-10,22025,CLE @ MIA,L,138,60.0,26,8.0,4,7,0.408,0.704,0.323,-2.0,Cleveland Cavaliers
0022500205,2025-11-10,22025,MIN @ UTA,W,120,42.0,25,8.0,5,10,0.472,0.929,0.303,7.0,Minnesota Timberwolves
0022500202,2025-11-10,22025,SAS @ CHI,W,121,47.0,30,10.0,7,15,0.512,0.852,0.303,4.0,San Antonio Spurs
0022500203,2025-11-10,22025,MIL @ DAL,W,116,44.0,24,9.0,6,13,0.451,0.8,0.389,2.0,Milwaukee Bucks
0022500198,2025-11-10,22025,LAL @ CHA,W,121,36.0,25,12.0,2,11,0.5,0.85,0.359,10.0,Los Angeles Lakers
0022500205,2025-11-10,22025,UTA vs. MIN,L,113,50.0,30,5.0,5,15,0.4,0.833,0.327,-7.0,Utah Jazz
0022500204,2025-11-10,22025,PHX vs. NOP,W,121,43.0,29,12.0,7,18,0.5,0.774,0.442,23.0,Phoenix Suns
0022500211,2025-11-11,22025,IND @ UTA,L,128,35.0,29,6.0,6,8,0.465,0.897,0.27,-24.0,Indiana Pacers
0022500209,2025-11-11,22025,PHI vs. BOS,W,102,44.0,24,2.0,6,9,0.429,0.842,0.389,2.0,Philadelphia 76ers
0022500209,2025-11-11,22025,BOS @ PHI,L,100,53.0,23,4.0,6,10,0.391,0.789,0.342,-2.0,Boston Celtics
0022500212,2025-11-11,22025,SAC vs. DEN,L,108,35.0,31,4.0,3,10,0.482,0.696,0.303,-14.0,Sacramento Kings
0022500207,2025-11-11,22025,TOR @ BKN,W,119,50.0,31,5.0,4,8,0.495,0.8,0.257,10.0,Toronto Raptors
0022500212,2025-11-11,22025,DEN @ SAC,W,122,48.0,24,6.0,2,12,0.512,0.778,0.394,14.0,Denver Nuggets
0022500210,2025-11-11,22025,GSW @ OKC,L,102,32.0,23,16.0,4,20,0.446,0.793,0.371,-24.0,Golden State Warriors
0022500207,2025-11-11,22025,BKN vs. TOR,L,109,36.0,24,7.0,5,12,0.395,0.969,0.341,-10.0,Brooklyn Nets
0022500210,2025-11-11,22025,OKC vs. GSW,W,126,40.0,29,12.0,4,19,0.506,0.839,0.444,24.0,Oklahoma City Thunder
0022500208,2025-11-11,22025,NYK vs. MEM,W,133,44.0,35,12.0,2,14,0.48,0.85,0.4,13.0,New York Knicks
0022500208,2025-11-11,22025,MEM @ NYK,L,120,44.0,36,7.0,3,22,0.512,0.833,0.368,-13.0,Memphis Grizzlies
0022500211,2025-11-11,22025,UTA vs. IND,W,152,45.0,38,3.0,3,14,0.554,0.886,0.452,24.0,Utah Jazz
0022500219,2025-11-12,22025,NOP vs. POR,L,117,35.0,28,6.0,2,10,0.473,0.857,0.333,-8.0,New Orleans Pelicans
0022500213,2025-11-12,22025,CHA vs. MIL,W,111,50.0,27,5.0,5,13,0.442,0.852,0.3,11.0,Charlotte Hornets
0022500215,2025-11-12,22025,ORL @ NYK,W,124,49.0,29,10.0,4,15,0.488,0.848,0.364,17.0,Orlando Magic
0022500217,2025-11-12,22025,CLE @ MIA,W,130,49.0,32,13.0,10,12,0.433,0.839,0.298,14.0,Cleveland Cavaliers
0022500216,2025-11-12,22025,BOS vs. MEM,W,131,58.0,34,4.0,8,10,0.505,0.833,0.412,36.0,Boston Celtics
0022500222,2025-11-12,22025,LAL @ OKC,L,92,42.0,19,9.0,0,20,0.403,0.679,0.314,-29.0,Los Angeles Lakers
0022500224,2025-11-12,22025,DEN @ LAC,W,130,42.0,22,9.0,3,11,0.524,0.829,0.382,14.0,Denver Nuggets
0022500218,2025-11-12,22025,HOU vs. WAS,W,135,53.0,32,9.0,6,10,0.531,0.696,0.486,23.0,Houston Rockets
0022500216,2025-11-12,22025,MEM @ BOS,L,95,41.0,25,8.0,4,10,0.337,0.808,0.233,-36.0,Memphis Grizzlies
0022500219,2025-11-12,22025,POR @ NOP,W,125,39.0,26,5.0,5,13,0.578,0.941,0.351,8.0,Portland Trail Blazers
0022500217,2025-11-12,22025,MIA vs. CLE,L,116,44.0,29,6.0,6,21,0.479,0.846,0.405,-14.0,Miami Heat
0022500220,2025-11-12,22025,SAS vs. GSW,L,120,49.0,30,5.0,3,20,0.489,0.875,0.359,-5.0,San Antonio Spurs
0022500221,2025-11-12,22025,PHX @ DAL,W,123,46.0,31,13.0,3,12,0.463,0.808,0.4,9.0,Phoenix Suns
0022500223,2025-11-12,22025,SAC vs. ATL,L,100,35.0,22,7.0,1,18,0.391,0.778,0.359,-33.0,Sacramento Kings
0022500220,2025-11-12,22025,GSW @ SAS,W,125,40.0,30,13.0,3,15,0.424,0.889,0.368,5.0,Golden State Warriors
0022500213,2025-11-12,22025,MIL @ CHA,L,100,34.0,29,6.0,6,9,0.455,0.615,0.4,-11.0,Milwaukee Bucks
0022500215,2025-11-12,22025,NYK vs. ORL,L,107,37.0,20,10.0,3,14,0.443,0.783,0.306,-17.0,New York Knicks
0022500222,2025-11-12,22025,OKC vs. LAL,W,121,42.0,28,14.0,4,11,0.5,0.913,0.308,29.0,Oklahoma City Thunder
0022500223,2025-11-12,22025,ATL @ SAC,W,133,45.0,42,14.0,6,19,0.576,0.818,0.425,33.0,Atlanta Hawks
0022500214,2025-11-12,22025,DET vs. CHI,W,124,44.0,30,13.0,5,18,0.556,0.688,0.433,11.0,Detroit Pistons
0022500218,2025-11-12,22025,WAS @ HOU,L,112,37.0,25,6.0,5,12,0.457,0.684,0.395,-23.0,Washington Wizards
0022500224,2025-11-12,22025,LAC vs. DEN,L,116,36.0,28,4.0,7,14,0.488,0.947,0.432,-14.0,Los Angeles Clippers
0022500221,2025-11-12,22025,DAL vs. PHX,L,114,45.0,32,10.0,10,19,0.5,0.647,0.362,-9.0,Dallas Mavericks
0022500214,2025-11-12,22025,CHI @ DET,L,113,44.0,21,11.0,6,21,0.477,0.679,0.364,-11.0,Chicago Bulls
0022500227,2025-11-13,22025,ATL @ UTA,W,132,43.0,36,18.0,6,16,0.511,0.727,0.511,10.0,Atlanta Hawks
0022500225,2025-11-13,22025,TOR @ CLE,W,126,43.0,37,6.0,7,13,0.557,0.941,0.387,13.0,Toronto Raptors
0022500226,2025-11-13,22025,IND @ PHX,L,98,41.0,20,4.0,3,12,0.364,0.931,0.28,-35.0,Indiana Pacers
0022500227,2025-11-13,22025,UTA vs. ATL,L,122,49.0,39,9.0,5,24,0.489,0.619,0.432,-10.0,Utah Jazz
0022500226,2025-11-13,22025,PHX vs. IND,W,133,43.0,19,6.0,6,11,0.576,0.815,0.371,35.0,Phoenix Suns
0022500225,2025-11-13,22025,CLE vs. TOR,L,113,37.0,26,7.0,6,12,0.451,0.808,0.244,-13.0,Cleveland Cavaliers
0022500043,2025-11-14,22025,CHA @ MIL,L,134,39.0,31,11.0,1,13,0.48,0.793,0.378,-13.0,Charlotte Hornets
0022500040,2025-11-14,22025,ORL vs. BKN,W,105,46.0,21,3.0,5,19,0.462,0.857,0.385,7.0,Orlando Magic
0022500046,2025-11-14,22025,LAC @ DAL,W,133,45.0,22,16.0,6,20,0.474,0.833,0.31,6.0,Los Angeles Clippers
0022500039,2025-11-14,22025,NYK vs. MIA,W,140,51.0,32,9.0,2,8,0.462,0.793,0.396,8.0,New York Knicks
0022500044,2025-11-14,22025,SAC @ MIN,L,110,44.0,32,12.0,4,15,0.441,0.593,0.364,-14.0,Sacramento Kings
0022500041,2025-11-14,22025,DET vs. PHI,W,114,46.0,32,9.0,7,13,0.446,0.833,0.415,9.0,Detroit Pistons
0022500039,2025-11-14,22025,MIA @ NYK,L,132,46.0,30,4.0,5,11,0.463,0.735,0.432,-8.0,Miami Heat
0022500045,2025-11-14,22025,LAL @ NOP,W,118,45.0,28,13.0,5,17,0.524,0.769,0.294,14.0,Los Angeles Lakers
0022500042,2025-11-14,22025,HOU vs. POR,W,140,49.0,26,16.0,6,6,0.5,0.85,0.378,24.0,Houston Rockets
0022500047,2025-11-14,22025,GSW @ SAS,W,109,39.0,18,9.0,8,14,0.422,0.889,0.378,1.0,Golden State Warriors
0022500041,2025-11-14,22025,PHI @ DET,L,105,46.0,19,9.0,4,15,0.433,0.867,0.359,-9.0,Philadelphia 76ers
0022500040,2025-11-14,22025,BKN @ ORL,L,98,34.0,23,9.0,4,5,0.427,0.75,0.256,-7.0,Brooklyn Nets
0022500044,2025-11-14,22025,MIN vs. SAC,W,124,51.0,28,10.0,3,17,0.488,0.7,0.324,14.0,Minnesota Timberwolves
0022500045,2025-11-14,22025,NOP vs. LAL,L,104,42.0,24,11.0,3,20,0.438,0.778,0.353,-14.0,New Orleans Pelicans
0022500047,2025-11-14,22025,SAS vs. GSW,L,108,47.0,28,8.0,6,20,0.459,0.842,0.368,-1.0,San Antonio Spurs
0022500046,2025-11-14,22025,DAL vs. LAC,L,127,50.0,18,11.0,7,22,0.444,0.763,0.278,-6.0,Dallas Mavericks
0022500042,2025-11-14,22025,POR @ HOU,L,116,44.0,18,4.0,2,20,0.472,0.704,0.361,-24.0,Portland Trail Blazers
0022500043,2025-11-14,22025,MIL vs. CHA,W,147,39.0,37,10.0,3,22,0.647,0.773,0.588,13.0,Milwaukee Bucks
0022500229,2025-11-15,22025,OKC @ CHA,W,109,50.0,26,9.0,6,14,0.506,0.8,0.478,13.0,Oklahoma City Thunder
0022500228,2025-11-15,22025,CLE vs. MEM,W,108,49.0,24,7.0,9,20,0.458,0.655,0.325,8.0,Cleveland Cavaliers
0022500232,2025-11-15,22025,DEN @ MIN,W,123,47.0,29,9.0,6,12,0.47,0.816,0.483,11.0,Denver Nuggets
0022500230,2025-11-15,22025,IND vs. TOR,L,111,40.0,22,5.0,3,15,0.425,0.815,0.349,-18.0,Indiana Pacers
0022500231,2025-11-15,22025,MIL vs. LAL,L,95,39.0,20,6.0,4,17,0.4,0.667,0.385,-24.0,Milwaukee Bucks
0022500230,2025-11-15,22025,TOR @ IND,W,129,46.0,29,13.0,3,12,0.552,0.619,0.233,18.0,Toronto Raptors
0022500229,2025-11-15,22025,CHA vs. OKC,L,96,42.0,23,6.0,5,12,0.385,0.857,0.381,-13.0,Charlotte Hornets
0022500232,2025-11-15,22025,MIN vs. DEN,L,112,40.0,23,9.0,7,13,0.466,0.87,0.294,-11.0,Minnesota Timberwolves
0022500228,2025-11-15,22025,MEM @ CLE,L,100,46.0,21,9.0,5,15,0.36,0.725,0.281,-8.0,Memphis Grizzlies
0022500231,2025-11-15,22025,LAL @ MIL,W,119,47.0,23,13.0,4,15,0.494,0.909,0.394,24.0,Los Angeles Lakers
0022500235,2025-11-16,22025,WAS vs. BKN,L,106,33.0,21,7.0,3,10,0.44,0.909,0.353,-23.0,Washington Wizards
0022500237,2025-11-16,22025,GSW @ NOP,W,124,47.0,34,14.0,4,21,0.457,0.824,0.429,18.0,Golden State Warriors
0022500233,2025-11-16,22025,LAC @ BOS,L,118,44.0,23,4.0,7,13,0.469,0.933,0.4,-3.0,Los Angeles Clippers
0022500238,2025-11-16,22025,POR @ DAL,L,133,53.0,26,8.0,5,11,0.407,0.844,0.298,-5.0,Portland Trail Blazers
0022500234,2025-11-16,22025,SAS vs. SAC,W,123,46.0,38,7.0,4,14,0.54,0.833,0.368,13.0,San Antonio Spurs
0022500240,2025-11-16,22025,CHI @ UTA,L,147,60.0,38,7.0,10,17,0.454,0.938,0.38,-3.0,Chicago Bulls
0022500240,2025-11-16,22025,UTA vs. CHI,W,150,53.0,29,13.0,6,9,0.441,0.829,0.367,3.0,Utah Jazz
0022500235,2025-11-16,22025,BKN @ WAS,W,129,44.0,32,4.0,8,14,0.532,0.8,0.415,23.0,Brooklyn Nets
0022500239,2025-11-16,22025,PHX vs. ATL,L,122,47.0,23,9.0,3,17,0.485,0.947,0.333,-2.0,Phoenix Suns
0022500238,2025-11-16,22025,DAL vs. POR,W,138,47.0,33,7.0,9,14,0.505,0.675,0.441,5.0,Dallas Mavericks
0022500239,2025-11-16,22025,ATL @ PHX,W,124,34.0,35,11.0,3,17,0.529,0.833,0.326,2.0,Atlanta Hawks
0022500236,2025-11-16,22025,ORL @ HOU,L,113,38.0,21,11.0,9,8,0.418,0.735,0.324,-4.0,Orlando Magic
0022500237,2025-11-16,22025,NOP vs. GSW,L,106,45.0,22,11.0,4,20,0.458,0.759,0.276,-18.0,New Orleans Pelicans
0022500234,2025-11-16,22025,SAC @ SAS,L,110,37.0,25,10.0,3,12,0.471,0.727,0.364,-13.0,Sacramento Kings
0022500236,2025-11-16,22025,HOU vs. ORL,W,117,60.0,19,4.0,4,14,0.42,0.862,0.4,4.0,Houston Rockets
0022500233,2025-11-16,22025,BOS vs. LAC,W,121,49.0,26,6.0,6,6,0.447,0.765,0.41,3.0,Boston Celtics
0022500246,2025-11-17,22025,DAL @ MIN,L,96,43.0,13,7.0,4,20,0.4,0.613,0.3,-24.0,Dallas Mavericks
0022500242,2025-11-17,22025,DET vs. IND,W,127,43.0,29,9.0,8,16,0.545,0.733,0.257,15.0,Detroit Pistons
0022500246,2025-11-17,22025,MIN vs. DAL,W,120,59.0,27,16.0,5,16,0.454,0.72,0.318,24.0,Minnesota Timberwolves
0022500248,2025-11-17,22025,DEN vs. CHI,L,127,53.0,21,6.0,5,8,0.474,0.84,0.389,-3.0,Denver Nuggets
0022500241,2025-11-17,22025,MIL @ CLE,L,106,34.0,26,9.0,1,14,0.419,0.733,0.472,-12.0,Milwaukee Bucks
0022500244,2025-11-17,22025,NYK @ MIA,L,113,48.0,23,7.0,7,15,0.457,0.75,0.25,-2.0,New York Knicks
0022500248,2025-11-17,22025,CHI @ DEN,W,130,53.0,31,5.0,4,9,0.471,0.789,0.358,3.0,Chicago Bulls
0022500247,2025-11-17,22025,OKC @ NOP,W,126,38.0,30,12.0,6,16,0.494,0.821,0.405,17.0,Oklahoma City Thunder
0022500247,2025-11-17,22025,NOP vs. OKC,L,109,35.0,21,9.0,4,20,0.488,0.867,0.429,-17.0,New Orleans Pelicans
0022500243,2025-11-17,22025,PHI vs. LAC,W,110,46.0,26,7.0,4,9,0.464,0.7,0.333,2.0,Philadelphia 76ers
0022500244,2025-11-17,22025,MIA vs. NYK,W,115,40.0,29,5.0,5,12,0.446,0.846,0.4,2.0,Miami Heat
0022500241,2025-11-17,22025,CLE vs. MIL,W,118,45.0,25,7.0,5,16,0.557,0.714,0.429,12.0,Cleveland Cavaliers
0022500245,2025-11-17,22025,TOR vs. CHA,W,110,43.0,25,8.0,7,17,0.5,0.75,0.4,2.0,Toronto Raptors
0022500243,2025-11-17,22025,LAC @ PHI,L,108,45.0,18,6.0,3,10,0.402,0.963,0.308,-2.0,Los Angeles Clippers
0022500242,2025-11-17,22025,IND @ DET,L,112,43.0,19,8.0,5,21,0.417,0.733,0.29,-15.0,Indiana Pacers
0022500245,2025-11-17,22025,CHA @ TOR,L,108,48.0,19,11.0,9,16,0.425,0.8,0.25,-2.0,Charlotte Hornets
0022500251,2025-11-18,22025,ATL vs. DET,L,112,35.0,31,9.0,5,17,0.483,0.867,0.341,-8.0,Atlanta Hawks
0022500252,2025-11-18,22025,SAS vs. MEM,W,111,38.0,23,10.0,3,9,0.483,0.846,0.381,10.0,San Antonio Spurs
0022500251,2025-11-18,22025,DET @ ATL,W,120,39.0,28,12.0,4,12,0.542,0.833,0.323,8.0,Detroit Pistons
0022500250,2025-11-18,22025,BKN vs. BOS,L,99,39.0,25,12.0,2,13,0.402,0.704,0.368,-14.0,Brooklyn Nets
0022500250,2025-11-18,22025,BOS @ BKN,W,113,49.0,25,6.0,5,19,0.493,0.769,0.452,14.0,Boston Celtics
0022500252,2025-11-18,22025,MEM @ SAS,L,101,59.0,30,6.0,4,14,0.404,0.556,0.308,-10.0,Memphis Grizzlies
0022500254,2025-11-18,22025,PHX @ POR,W,127,46.0,24,19.0,4,15,0.48,0.864,0.35,17.0,Phoenix Suns
0022500249,2025-11-18,22025,ORL vs. GSW,W,121,43.0,28,14.0,3,14,0.506,0.931,0.25,8.0,Orlando Magic
0022500253,2025-11-18,22025,UTA @ LAL,L,126,33.0,33,13.0,2,18,0.522,0.944,0.289,-14.0,Utah Jazz
0022500253,2025-11-18,22025,LAL vs. UTA,W,140,41.0,31,9.0,1,17,0.595,0.725,0.344,14.0,Los Angeles Lakers
0022500254,2025-11-18,22025,POR vs. PHX,L,110,43.0,24,7.0,6,19,0.433,0.8,0.244,-17.0,Portland Trail Blazers
0022500249,2025-11-18,22025,GSW @ ORL,L,113,36.0,26,11.0,3,18,0.5,0.786,0.361,-8.0,Golden State Warriors
0022500263,2025-11-19,22025,CHI @ POR,W,122,38.0,36,10.0,9,16,0.479,0.643,0.429,1.0,Chicago Bulls
0022500256,2025-11-19,22025,CHA @ IND,L,118,48.0,28,7.0,2,12,0.402,0.864,0.289,-9.0,Charlotte Hornets
0022500255,2025-11-19,22025,HOU @ CLE,W,114,51.0,23,9.0,4,13,0.456,0.852,0.375,10.0,Houston Rockets
0022500263,2025-11-19,22025,POR vs. CHI,L,121,64.0,27,10.0,5,15,0.411,0.656,0.286,-1.0,Portland Trail Blazers
0022500261,2025-11-19,22025,SAC @ OKC,L,99,45.0,21,12.0,0,18,0.442,0.652,0.286,-14.0,Sacramento Kings
0022500261,2025-11-19,22025,OKC vs. SAC,W,113,45.0,22,9.0,10,16,0.466,0.913,0.263,14.0,Oklahoma City Thunder
0022500260,2025-11-19,22025,DEN @ NOP,W,125,41.0,35,8.0,1,20,0.554,0.815,0.355,7.0,Denver Nuggets
0022500258,2025-11-19,22025,TOR @ PHI,W,121,31.0,33,12.0,2,14,0.536,0.833,0.379,9.0,Toronto Raptors
0022500259,2025-11-19,22025,WAS @ MIN,L,109,43.0,25,6.0,6,17,0.489,0.75,0.438,-11.0,Washington Wizards
0022500258,2025-11-19,22025,PHI vs. TOR,L,112,41.0,24,11.0,6,21,0.471,0.889,0.4,-9.0,Philadelphia 76ers
0022500260,2025-11-19,22025,NOP vs. DEN,L,118,44.0,25,12.0,5,12,0.449,0.742,0.206,-7.0,New Orleans Pelicans
0022500262,2025-11-19,22025,DAL vs. NYK,L,111,50.0,23,6.0,5,17,0.412,0.833,0.364,-2.0,Dallas Mavericks
0022500256,2025-11-19,22025,IND vs. CHA,W,127,43.0,32,5.0,8,15,0.541,0.826,0.421,9.0,Indiana Pacers
0022500255,2025-11-19,22025,CLE vs. HOU,L,104,39.0,20,4.0,5,12,0.444,0.625,0.308,-10.0,Cleveland Cavaliers
0022500257,2025-11-19,22025,MIA vs. GSW,W,110,52.0,30,10.0,3,14,0.406,0.731,0.371,14.0,Miami Heat
0022500257,2025-11-19,22025,GSW @ MIA,L,96,62.0,24,8.0,5,21,0.358,0.75,0.265,-14.0,Golden State Warriors
0022500262,2025-11-19,22025,NYK @ DAL,W,113,49.0,27,8.0,10,9,0.441,0.543,0.286,2.0,New York Knicks
0022500259,2025-11-19,22025,MIN vs. WAS,W,120,50.0,28,11.0,4,9,0.447,0.719,0.342,11.0,Minnesota Timberwolves
0022500264,2025-11-20,22025,LAC @ ORL,L,101,43.0,20,7.0,6,21,0.404,0.789,0.389,-28.0,Los Angeles Clippers
0022500264,2025-11-20,22025,ORL vs. LAC,W,129,51.0,32,12.0,4,10,0.479,0.875,0.529,28.0,Orlando Magic
0022500265,2025-11-20,22025,SAC @ MEM,L,96,32.0,24,5.0,5,16,0.463,0.733,0.333,-41.0,Sacramento Kings
0022500266,2025-11-20,22025,MIL vs. PHI,L,114,42.0,30,7.0,2,14,0.489,0.769,0.389,-9.0,Milwaukee Bucks
0022500267,2025-11-20,22025,SAS vs. ATL,W,135,43.0,34,10.0,4,10,0.527,0.733,0.425,9.0,San Antonio Spurs
0022500266,2025-11-20,22025,PHI @ MIL,W,123,52.0,30,9.0,6,14,0.433,0.808,0.34,9.0,Philadelphia 76ers
0022500265,2025-11-20,22025,MEM vs. SAC,W,137,49.0,42,11.0,3,7,0.505,0.769,0.315,41.0,Memphis Grizzlies
0022500267,2025-11-20,22025,ATL @ SAS,L,126,39.0,30,7.0,6,16,0.563,0.615,0.541,-9.0,Atlanta Hawks
0022500048,2025-11-21,22025,CLE vs. IND,W,120,52.0,28,5.0,8,14,0.483,0.778,0.371,11.0,Cleveland Cavaliers
0022500051,2025-11-21,22025,MIA @ CHI,W,143,53.0,35,13.0,7,10,0.47,0.795,0.368,36.0,Miami Heat
0022500053,2025-11-21,22025,MIN @ PHX,L,113,37.0,18,17.0,4,19,0.453,0.697,0.324,-1.0,Minnesota Timberwolves
0022500050,2025-11-21,22025,WAS @ TOR,L,110,29.0,26,9.0,4,17,0.453,0.833,0.293,-30.0,Washington Wizards
0022500052,2025-11-21,22025,NOP @ DAL,L,115,42.0,25,15.0,4,13,0.462,0.774,0.259,-3.0,New Orleans Pelicans
0022500049,2025-11-21,22025,BKN @ BOS,W,113,41.0,31,5.0,6,13,0.524,0.667,0.394,8.0,Brooklyn Nets
0022500051,2025-11-21,22025,CHI vs. MIA,L,107,39.0,26,5.0,13,18,0.411,0.75,0.279,-36.0,Chicago Bulls
0022500053,2025-11-21,22025,PHX vs. MIN,W,114,45.0,25,13.0,2,27,0.481,0.759,0.452,1.0,Phoenix Suns
0022500050,2025-11-21,22025,TOR vs. WAS,W,140,48.0,36,13.0,4,14,0.578,0.769,0.5,30.0,Toronto Raptors
0022500054,2025-11-21,22025,DEN @ HOU,W,112,38.0,28,8.0,7,14,0.526,0.778,0.379,3.0,Denver Nuggets
0022500052,2025-11-21,22025,DAL vs. NOP,W,118,47.0,30,9.0,9,20,0.476,0.786,0.372,3.0,Dallas Mavericks
0022500054,2025-11-21,22025,HOU vs. DEN,L,109,41.0,21,8.0,2,14,0.441,0.65,0.389,-3.0,Houston Rockets
0022500055,2025-11-21,22025,OKC @ UTA,W,144,26.0,36,15.0,4,13,0.614,0.76,0.622,32.0,Oklahoma City Thunder
0022500055,2025-11-21,22025,UTA vs. OKC,L,112,39.0,30,10.0,3,27,0.481,0.833,0.421,-32.0,Utah Jazz
0022500056,2025-11-21,22025,GSW vs. POR,L,123,32.0,29,14.0,4,13,0.482,0.867,0.395,-4.0,Golden State Warriors
0022500048,2025-11-21,22025,IND @ CLE,L,109,43.0,25,10.0,6,12,0.42,0.923,0.297,-11.0,Indiana Pacers
0022500049,2025-11-21,22025,BOS vs. BKN,L,105,44.0,24,7.0,1,13,0.467,0.714,0.324,-8.0,Boston Celtics
0022500056,2025-11-21,22025,POR @ GSW,W,127,52.0,31,8.0,5,20,0.477,0.844,0.356,4.0,Portland Trail Blazers
0022500268,2025-11-22,22025,CHA vs. LAC,L,116,38.0,24,5.0,2,10,0.482,0.885,0.306,-15.0,Charlotte Hornets
0022500269,2025-11-22,22025,ORL vs. NYK,W,133,36.0,28,5.0,2,13,0.553,0.867,0.394,12.0,Orlando Magic
0022500272,2025-11-22,22025,MIL vs. DET,L,116,35.0,29,8.0,7,15,0.512,0.833,0.465,-13.0,Milwaukee Bucks
0022500270,2025-11-22,22025,ATL @ NOP,W,115,42.0,28,6.0,7,7,0.467,0.737,0.37,17.0,Atlanta Hawks
0022500274,2025-11-22,22025,SAC @ DEN,W,128,37.0,32,8.0,3,6,0.527,0.957,0.333,5.0,Sacramento Kings
0022500269,2025-11-22,22025,NYK @ ORL,L,121,36.0,28,5.0,4,17,0.544,0.786,0.351,-12.0,New York Knicks
0022500271,2025-11-22,22025,WAS @ CHI,L,120,55.0,33,9.0,4,15,0.458,0.8,0.444,-1.0,Washington Wizards
0022500273,2025-11-22,22025,DAL vs. MEM,L,96,41.0,19,4.0,9,10,0.385,0.875,0.333,-6.0,Dallas Mavericks
0022500272,2025-11-22,22025,DET @ MIL,W,129,32.0,31,10.0,6,14,0.628,0.625,0.533,13.0,Detroit Pistons
0022500268,2025-11-22,22025,LAC @ CHA,W,131,41.0,30,8.0,2,8,0.511,0.833,0.442,15.0,Los Angeles Clippers
0022500270,2025-11-22,22025,NOP vs. ATL,L,98,48.0,21,5.0,6,14,0.417,0.833,0.296,-17.0,New Orleans Pelicans
0022500274,2025-11-22,22025,DEN vs. SAC,L,123,38.0,28,1.0,3,13,0.489,0.826,0.378,-5.0,Denver Nuggets
0022500273,2025-11-22,22025,MEM @ DAL,W,102,61.0,26,5.0,5,12,0.402,0.833,0.258,6.0,Memphis Grizzlies
0022500271,2025-11-22,22025,CHI vs. WAS,W,121,54.0,26,5.0,5,10,0.42,0.833,0.273,1.0,Chicago Bulls
0022500281,2025-11-23,22025,PHX vs. SAS,W,111,43.0,27,10.0,6,6,0.443,0.688,0.368,9.0,Phoenix Suns
0022500278,2025-11-23,22025,LAC @ CLE,L,105,40.0,23,6.0,2,15,0.463,0.885,0.308,-15.0,Los Angeles Clippers
0022500280,2025-11-23,22025,OKC vs. POR,W,122,49.0,33,9.0,8,14,0.529,0.739,0.417,27.0,Oklahoma City Thunder
0022500278,2025-11-23,22025,CLE vs. LAC,W,120,41.0,28,10.0,4,12,0.517,0.65,0.378,15.0,Cleveland Cavaliers
0022500276,2025-11-23,22025,CHA @ ATL,L,110,43.0,26,4.0,2,15,0.453,0.9,0.318,-3.0,Charlotte Hornets
0022500277,2025-11-23,22025,ORL @ BOS,L,129,44.0,33,3.0,4,7,0.47,0.792,0.421,-9.0,Orlando Magic
0022500279,2025-11-23,22025,TOR vs. BKN,W,119,32.0,30,12.0,4,9,0.464,0.897,0.5,10.0,Toronto Raptors
0022500276,2025-11-23,22025,ATL vs. CHA,W,113,37.0,32,6.0,5,7,0.495,0.75,0.355,3.0,Atlanta Hawks
0022500282,2025-11-23,22025,LAL @ UTA,W,108,45.0,23,7.0,4,14,0.442,0.815,0.263,2.0,Los Angeles Lakers
0022500277,2025-11-23,22025,BOS vs. ORL,W,138,37.0,29,6.0,8,5,0.602,0.773,0.455,9.0,Boston Celtics
0022500275,2025-11-23,22025,MIA @ PHI,W,127,58.0,32,7.0,2,13,0.49,0.667,0.344,10.0,Miami Heat
0022500280,2025-11-23,22025,POR @ OKC,L,95,45.0,18,8.0,4,16,0.37,0.714,0.255,-27.0,Portland Trail Blazers
0022500282,2025-11-23,22025,UTA vs. LAL,L,106,45.0,27,7.0,2,14,0.426,0.722,0.325,-2.0,Utah Jazz
0022500275,2025-11-23,22025,PHI vs. MIA,L,117,47.0,28,7.0,9,14,0.449,0.789,0.341,-10.0,Philadelphia 76ers
0022500279,2025-11-23,22025,BKN @ TOR,L,109,40.0,23,5.0,7,19,0.467,0.871,0.353,-10.0,Brooklyn Nets
0022500281,2025-11-23,22025,SAS @ PHX,L,102,50.0,17,4.0,4,19,0.416,0.824,0.294,-9.0,San Antonio Spurs
0022500284,2025-11-24,22025,TOR vs. CLE,W,110,51.0,28,8.0,1,15,0.489,0.667,0.278,11.0,Toronto Raptors
0022500290,2025-11-24,22025,HOU @ PHX,W,114,41.0,26,13.0,4,14,0.489,0.882,0.419,22.0,Houston Rockets
0022500291,2025-11-24,22025,UTA @ GSW,L,117,47.0,32,7.0,6,14,0.475,0.667,0.306,-17.0,Utah Jazz
0022500283,2025-11-24,22025,IND vs. DET,L,117,30.0,22,11.0,4,13,0.476,0.765,0.419,-5.0,Indiana Pacers
0022500289,2025-11-24,22025,NOP vs. CHI,W,143,55.0,28,13.0,5,10,0.51,0.686,0.371,13.0,New Orleans Pelicans
0022500284,2025-11-24,22025,CLE @ TOR,L,99,37.0,27,11.0,4,12,0.414,1.0,0.292,-11.0,Cleveland Cavaliers
0022500289,2025-11-24,22025,CHI @ NOP,L,130,33.0,29,4.0,3,17,0.524,0.75,0.4,-13.0,Chicago Bulls
0022500288,2025-11-24,22025,MIL vs. POR,L,103,39.0,22,10.0,5,13,0.442,0.778,0.351,-12.0,Milwaukee Bucks
0022500286,2025-11-24,22025,DAL @ MIA,L,102,50.0,22,8.0,5,16,0.392,0.875,0.3,-4.0,Dallas Mavericks
0022500291,2025-11-24,22025,GSW vs. UTA,W,134,50.0,34,11.0,5,10,0.49,0.722,0.365,17.0,Golden State Warriors
0022500287,2025-11-24,22025,MEM vs. DEN,L,115,40.0,33,6.0,4,11,0.462,0.867,0.34,-10.0,Memphis Grizzlies
0022500285,2025-11-24,22025,BKN vs. NYK,L,100,44.0,19,5.0,1,10,0.379,0.714,0.292,-13.0,Brooklyn Nets
0022500283,2025-11-24,22025,DET @ IND,W,122,45.0,24,8.0,4,15,0.5,0.784,0.36,5.0,Detroit Pistons
0022500285,2025-11-24,22025,NYK @ BKN,W,113,43.0,28,6.0,6,8,0.511,0.786,0.343,13.0,New York Knicks
0022500288,2025-11-24,22025,POR @ MIL,W,115,48.0,24,8.0,8,14,0.456,0.758,0.419,12.0,Portland Trail Blazers
0022500290,2025-11-24,22025,PHX vs. HOU,L,92,39.0,11,9.0,4,21,0.413,0.684,0.351,-22.0,Phoenix Suns
0022500286,2025-11-24,22025,MIA vs. DAL,W,106,53.0,22,8.0,7,13,0.447,0.708,0.185,4.0,Miami Heat
0022500287,2025-11-24,22025,DEN @ MEM,W,125,46.0,32,5.0,3,14,0.505,0.786,0.512,10.0,Denver Nuggets
0022500292,2025-11-24,22025,MIN @ SAC,L,112,55.0,21,9.0,4,16,0.412,0.864,0.31,-5.0,Minnesota Timberwolves
0022500292,2025-11-24,22025,SAC vs. MIN,W,117,49.0,27,9.0,3,12,0.433,0.929,0.269,5.0,Sacramento Kings
0022500058,2025-11-25,22025,PHI vs. ORL,L,103,38.0,22,7.0,4,21,0.451,0.909,0.36,-41.0,Philadelphia 76ers
0022500058,2025-11-25,22025,ORL @ PHI,W,144,47.0,38,10.0,4,11,0.535,0.821,0.382,41.0,Orlando Magic
0022500059,2025-11-25,22025,LAL vs. LAC,W,135,38.0,29,9.0,4,11,0.575,0.846,0.448,17.0,Los Angeles Lakers
0022500057,2025-11-25,22025,ATL @ WAS,L,113,44.0,33,4.0,6,18,0.453,0.75,0.349,-19.0,Atlanta Hawks
0022500059,2025-11-25,22025,LAC @ LAL,L,118,29.0,24,7.0,2,14,0.519,0.875,0.371,-17.0,Los Angeles Clippers
0022500057,2025-11-25,22025,WAS vs. ATL,W,132,36.0,30,13.0,8,12,0.571,0.654,0.5,19.0,Washington Wizards
0022500064,2025-11-26,22025,MIN @ OKC,L,105,44.0,25,4.0,5,14,0.413,0.595,0.459,-8.0,Minnesota Timberwolves
0022500060,2025-11-26,22025,BOS vs. DET,W,117,44.0,24,9.0,7,12,0.437,0.875,0.465,3.0,Boston Celtics
0022500065,2025-11-26,22025,NOP vs. MEM,L,128,40.0,34,10.0,9,14,0.495,0.9,0.422,-5.0,New Orleans Pelicans
0022500067,2025-11-26,22025,SAS @ POR,W,115,57.0,17,12.0,6,9,0.406,0.88,0.333,13.0,San Antonio Spurs
0022500068,2025-11-26,22025,PHX @ SAC,W,112,47.0,25,14.0,5,14,0.462,0.7,0.333,12.0,Phoenix Suns
0022500067,2025-11-26,22025,POR vs. SAS,L,102,48.0,21,3.0,9,18,0.425,0.633,0.25,-13.0,Portland Trail Blazers
0022500061,2025-11-26,22025,CHA vs. NYK,L,101,35.0,15,5.0,3,17,0.412,0.75,0.302,-28.0,Charlotte Hornets
0022500066,2025-11-26,22025,GSW vs. HOU,L,100,47.0,25,8.0,5,16,0.427,0.857,0.279,-4.0,Golden State Warriors
0022500062,2025-11-26,22025,MIL @ MIA,L,103,47.0,31,7.0,1,13,0.421,0.643,0.333,-3.0,Milwaukee Bucks
0022500065,2025-11-26,22025,MEM @ NOP,W,133,49.0,38,9.0,8,16,0.536,0.857,0.459,5.0,Memphis Grizzlies
0022500068,2025-11-26,22025,SAC vs. PHX,L,100,41.0,20,9.0,6,19,0.465,0.8,0.353,-12.0,Sacramento Kings
0022500061,2025-11-26,22025,NYK @ CHA,W,129,41.0,26,12.0,4,14,0.568,0.889,0.52,28.0,New York Knicks
0022500064,2025-11-26,22025,OKC vs. MIN,W,113,39.0,19,8.0,3,7,0.475,0.789,0.269,8.0,Oklahoma City Thunder
0022500063,2025-11-26,22025,TOR vs. IND,W,97,48.0,18,9.0,4,13,0.389,0.815,0.192,2.0,Toronto Raptors
0022500062,2025-11-26,22025,MIA vs. MIL,W,106,47.0,32,9.0,7,14,0.459,0.9,0.278,3.0,Miami Heat
0022500066,2025-11-26,22025,HOU @ GSW,W,104,53.0,24,7.0,3,10,0.394,0.625,0.282,4.0,Houston Rockets
0022500063,2025-11-26,22025,IND @ TOR,L,95,43.0,20,7.0,7,18,0.449,0.609,0.333,-2.0,Indiana Pacers
0022500060,2025-11-26,22025,DET @ BOS,L,114,56.0,20,5.0,7,13,0.398,0.806,0.306,-3.0,Detroit Pistons
0022500072,2025-11-28,22025,DET vs. ORL,L,109,49.0,22,7.0,8,24,0.44,0.774,0.393,-3.0,Detroit Pistons
0022500076,2025-11-28,22025,DEN vs. SAS,L,136,44.0,27,5.0,5,16,0.527,0.8,0.41,-3.0,Denver Nuggets
0022500077,2025-11-28,22025,SAC @ UTA,L,119,44.0,27,9.0,5,9,0.448,0.719,0.345,-9.0,Sacramento Kings
0022500078,2025-11-28,22025,DAL @ LAL,L,119,39.0,28,8.0,4,11,0.484,0.85,0.438,-10.0,Dallas Mavericks
0022500078,2025-11-28,22025,LAL vs. DAL,W,129,34.0,27,4.0,4,14,0.592,0.808,0.514,10.0,Los Angeles Lakers
0022500076,2025-11-28,22025,SAS @ DEN,W,139,35.0,30,10.0,5,8,0.489,0.938,0.405,3.0,San Antonio Spurs
0022500079,2025-11-28,22025,MEM @ LAC,W,112,53.0,24,5.0,6,15,0.443,0.773,0.425,5.0,Memphis Grizzlies
0022500075,2025-11-28,22025,OKC vs. PHX,W,123,37.0,27,9.0,3,10,0.483,0.857,0.469,4.0,Oklahoma City Thunder
0022500070,2025-11-28,22025,BKN vs. PHI,L,103,41.0,21,5.0,5,18,0.4,0.846,0.302,-12.0,Brooklyn Nets
0022500070,2025-11-28,22025,PHI @ BKN,W,115,41.0,28,12.0,7,11,0.489,0.9,0.297,12.0,Philadelphia 76ers
0022500071,2025-11-28,22025,CHA vs. CHI,W,123,46.0,28,6.0,10,12,0.454,0.833,0.333,7.0,Charlotte Hornets
0022500071,2025-11-28,22025,CHI @ CHA,L,116,44.0,31,8.0,1,10,0.474,0.8,0.222,-7.0,Chicago Bulls
0022500074,2025-11-28,22025,NYK vs. MIL,W,118,44.0,25,10.0,2,12,0.452,0.848,0.412,9.0,New York Knicks
0022500072,2025-11-28,22025,ORL @ DET,W,112,44.0,14,15.0,7,13,0.412,0.844,0.167,3.0,Orlando Magic
0022500075,2025-11-28,22025,PHX @ OKC,L,119,51.0,20,7.0,4,18,0.457,0.833,0.341,-4.0,Phoenix Suns
0022500073,2025-11-28,22025,WAS @ IND,L,86,42.0,18,6.0,7,17,0.393,0.65,0.219,-33.0,Washington Wizards
0022500079,2025-11-28,22025,LAC vs. MEM,L,107,39.0,19,13.0,5,13,0.427,0.905,0.316,-5.0,Los Angeles Clippers
0022500069,2025-11-28,22025,CLE @ ATL,L,123,48.0,29,9.0,4,17,0.463,0.9,0.436,-7.0,Cleveland Cavaliers
0022500073,2025-11-28,22025,IND vs. WAS,W,119,50.0,27,9.0,8,11,0.522,0.769,0.382,33.0,Indiana Pacers
0022500074,2025-11-28,22025,MIL @ NYK,L,109,35.0,24,9.0,4,15,0.521,0.68,0.439,-9.0,Milwaukee Bucks
0022500077,2025-11-28,22025,UTA vs. SAC,W,128,49.0,32,7.0,5,12,0.483,0.775,0.325,9.0,Utah Jazz
0022500069,2025-11-28,22025,ATL vs. CLE,W,130,38.0,36,11.0,5,12,0.527,0.692,0.372,7.0,Atlanta Hawks
0022500293,2025-11-29,22025,MIN vs. BOS,W,119,37.0,31,3.0,4,14,0.494,0.8,0.438,4.0,Minnesota Timberwolves
0022500294,2025-11-29,22025,CHA vs. TOR,W,118,39.0,24,10.0,5,9,0.441,0.897,0.256,7.0,Charlotte Hornets
0022500298,2025-11-29,22025,NOP @ GSW,L,96,50.0,16,7.0,2,13,0.372,0.735,0.233,-8.0,New Orleans Pelicans
0022500293,2025-11-29,22025,BOS @ MIN,L,115,43.0,24,10.0,7,10,0.469,0.6,0.348,-4.0,Boston Celtics
0022500296,2025-11-29,22025,MIA vs. DET,L,135,38.0,27,12.0,3,17,0.5,0.846,0.483,-3.0,Miami Heat
0022500294,2025-11-29,22025,TOR @ CHA,L,111,52.0,34,6.0,3,15,0.444,0.824,0.31,-7.0,Toronto Raptors
0022500300,2025-11-29,22025,DAL @ LAC,W,114,37.0,22,15.0,2,8,0.444,0.821,0.282,4.0,Dallas Mavericks
0022500297,2025-11-29,22025,BKN @ MIL,L,99,31.0,23,4.0,4,18,0.468,0.647,0.381,-17.0,Brooklyn Nets
0022500298,2025-11-29,22025,GSW vs. NOP,W,104,47.0,28,5.0,3,9,0.409,0.8,0.255,8.0,Golden State Warriors
0022500296,2025-11-29,22025,DET @ MIA,W,138,43.0,29,11.0,3,21,0.591,0.739,0.423,3.0,Detroit Pistons
0022500297,2025-11-29,22025,MIL vs. BKN,W,116,43.0,31,13.0,2,12,0.524,0.706,0.41,17.0,Milwaukee Bucks
0022500299,2025-11-29,22025,DEN @ PHX,W,130,40.0,36,2.0,5,16,0.579,0.952,0.579,18.0,Denver Nuggets
0022500295,2025-11-29,22025,CHI @ IND,L,101,45.0,24,5.0,3,13,0.448,0.563,0.412,-2.0,Chicago Bulls
0022500295,2025-11-29,22025,IND vs. CHI,W,103,44.0,24,8.0,10,12,0.461,0.727,0.317,2.0,Indiana Pacers
0022500299,2025-11-29,22025,PHX vs. DEN,L,112,32.0,23,11.0,2,7,0.443,0.769,0.333,-18.0,Phoenix Suns
0022500300,2025-11-29,22025,LAC vs. DAL,L,110,46.0,25,5.0,6,18,0.463,0.935,0.28,-4.0,Los Angeles Clippers
0022500301,2025-11-30,22025,UTA vs. HOU,L,101,33.0,32,8.0,4,17,0.443,0.933,0.281,-28.0,Utah Jazz
0022500301,2025-11-30,22025,HOU @ UTA,W,129,50.0,30,14.0,7,14,0.529,0.788,0.355,28.0,Houston Rockets
0022500305,2025-11-30,22025,POR vs. OKC,L,115,49.0,22,8.0,5,14,0.393,0.784,0.327,-8.0,Portland Trail Blazers
0022500302,2025-11-30,22025,CLE vs. BOS,L,115,43.0,28,7.0,2,13,0.457,0.692,0.385,-2.0,Cleveland Cavaliers
0022500307,2025-11-30,22025,SAC vs. MEM,L,107,34.0,25,14.0,7,8,0.457,0.591,0.296,-8.0,Sacramento Kings
0022500307,2025-11-30,22025,MEM @ SAC,W,115,52.0,28,4.0,7,23,0.523,0.727,0.375,8.0,Memphis Grizzlies
0022500306,2025-11-30,22025,MIN vs. SAS,W,125,36.0,35,5.0,0,12,0.563,0.769,0.459,13.0,Minnesota Timberwolves
0022500308,2025-11-30,22025,NOP @ LAL,L,121,40.0,23,6.0,1,8,0.505,0.8,0.5,-12.0,New Orleans Pelicans
0022500303,2025-11-30,22025,NYK vs. TOR,W,116,61.0,27,9.0,3,18,0.458,0.75,0.356,22.0,New York Knicks
0022500303,2025-11-30,22025,TOR @ NYK,L,94,40.0,27,9.0,6,18,0.42,0.529,0.297,-22.0,Toronto Raptors
0022500302,2025-11-30,22025,BOS @ CLE,W,117,46.0,19,9.0,4,16,0.494,0.793,0.35,2.0,Boston Celtics
0022500305,2025-11-30,22025,OKC @ POR,W,123,49.0,27,7.0,9,12,0.489,0.781,0.345,8.0,Oklahoma City Thunder
0022500306,2025-11-30,22025,SAS @ MIN,L,112,33.0,17,10.0,1,10,0.524,0.842,0.242,-13.0,San Antonio Spurs
0022500304,2025-11-30,22025,ATL @ PHI,W,142,58.0,36,10.0,6,21,0.462,0.756,0.333,8.0,Atlanta Hawks
0022500308,2025-11-30,22025,LAL vs. NOP,W,133,46.0,26,4.0,10,8,0.483,0.872,0.366,12.0,Los Angeles Lakers
0022500304,2025-11-30,22025,PHI vs. ATL,L,134,46.0,26,14.0,6,18,0.438,0.842,0.227,-8.0,Philadelphia 76ers
0022500313,2025-12-01,22025,MIA vs. LAC,W,140,50.0,34,7.0,10,11,0.53,0.833,0.522,17.0,Miami Heat
0022500317,2025-12-01,22025,LAL vs. PHX,L,108,39.0,18,1.0,0,21,0.513,0.867,0.394,-17.0,Los Angeles Lakers
0022500309,2025-12-01,22025,ATL @ DET,L,98,34.0,27,15.0,4,13,0.427,0.727,0.35,-1.0,Atlanta Hawks
0022500316,2025-12-01,22025,UTA vs. HOU,W,133,50.0,33,8.0,4,13,0.5,0.763,0.4,8.0,Utah Jazz
0022500313,2025-12-01,22025,LAC @ MIA,L,123,46.0,23,8.0,3,11,0.448,0.8,0.31,-17.0,Los Angeles Clippers
0022500315,2025-12-01,22025,DAL @ DEN,W,131,43.0,35,4.0,4,8,0.558,0.643,0.516,10.0,Dallas Mavericks
0022500311,2025-12-01,22025,MIL @ WAS,L,126,35.0,29,5.0,4,16,0.548,0.619,0.553,-3.0,Milwaukee Bucks
0022500309,2025-12-01,22025,DET vs. ATL,W,99,60.0,18,11.0,9,22,0.442,0.75,0.192,1.0,Detroit Pistons
0022500314,2025-12-01,22025,CHI @ ORL,L,120,43.0,30,9.0,4,20,0.5,0.727,0.432,-5.0,Chicago Bulls
0022500315,2025-12-01,22025,DEN vs. DAL,L,121,47.0,37,5.0,5,7,0.475,0.833,0.324,-10.0,Denver Nuggets
0022500316,2025-12-01,22025,HOU @ UTA,L,125,46.0,27,6.0,8,13,0.441,0.805,0.294,-8.0,Houston Rockets
0022500312,2025-12-01,22025,CHA @ BKN,L,103,42.0,26,5.0,7,16,0.447,0.833,0.375,-13.0,Charlotte Hornets
0022500312,2025-12-01,22025,BKN vs. CHA,W,116,43.0,33,10.0,3,11,0.448,0.765,0.395,13.0,Brooklyn Nets
0022500311,2025-12-01,22025,WAS vs. MIL,W,129,41.0,29,9.0,4,10,0.52,0.667,0.361,3.0,Washington Wizards
0022500314,2025-12-01,22025,ORL vs. CHI,W,125,46.0,25,12.0,11,17,0.511,0.788,0.273,5.0,Orlando Magic
0022500310,2025-12-01,22025,CLE @ IND,W,135,48.0,27,7.0,8,8,0.51,0.724,0.35,16.0,Cleveland Cavaliers
0022500310,2025-12-01,22025,IND vs. CLE,L,119,36.0,19,5.0,6,14,0.482,0.73,0.333,-16.0,Indiana Pacers
0022500317,2025-12-01,22025,PHX @ LAL,W,125,33.0,35,16.0,1,11,0.565,0.5,0.436,17.0,Phoenix Suns
0022500319,2025-12-02,22025,TOR vs. POR,W,121,43.0,33,10.0,3,18,0.533,0.667,0.367,3.0,Toronto Raptors
0022500323,2025-12-02,22025,OKC @ GSW,W,124,41.0,24,8.0,5,15,0.582,0.739,0.469,12.0,Oklahoma City Thunder
0022500318,2025-12-02,22025,WAS @ PHI,L,102,53.0,23,5.0,11,15,0.398,0.719,0.25,-19.0,Washington Wizards
0022500322,2025-12-02,22025,SAS vs. MEM,W,126,40.0,28,7.0,7,6,0.457,0.774,0.462,7.0,San Antonio Spurs
0022500323,2025-12-02,22025,GSW vs. OKC,L,112,43.0,30,5.0,2,15,0.453,0.8,0.429,-12.0,Golden State Warriors
0022500320,2025-12-02,22025,NYK @ BOS,L,117,33.0,29,5.0,2,10,0.506,0.706,0.432,-6.0,New York Knicks
0022500321,2025-12-02,22025,NOP vs. MIN,L,142,42.0,26,5.0,1,12,0.549,0.857,0.571,-7.0,New Orleans Pelicans
0022500319,2025-12-02,22025,POR @ TOR,L,118,39.0,23,7.0,7,15,0.494,0.656,0.375,-3.0,Portland Trail Blazers
0022500318,2025-12-02,22025,PHI vs. WAS,W,121,51.0,26,12.0,6,10,0.451,0.706,0.425,19.0,Philadelphia 76ers
0022500320,2025-12-02,22025,BOS vs. NYK,W,123,38.0,18,6.0,3,10,0.563,0.857,0.325,6.0,Boston Celtics
0022500322,2025-12-02,22025,MEM @ SAS,L,119,50.0,28,4.0,6,15,0.5,0.833,0.346,-7.0,Memphis Grizzlies
0022500321,2025-12-02,22025,MIN @ NOP,W,149,41.0,29,7.0,4,9,0.5,0.862,0.392,7.0,Minnesota Timberwolves
0022500329,2025-12-03,22025,BKN @ CHI,W,113,42.0,30,12.0,8,20,0.487,0.818,0.413,10.0,Brooklyn Nets
0022500327,2025-12-03,22025,LAC @ ATL,W,115,54.0,29,12.0,1,12,0.494,0.85,0.313,23.0,Los Angeles Clippers
0022500325,2025-12-03,22025,DEN @ IND,W,135,38.0,23,6.0,5,10,0.59,0.769,0.607,15.0,Denver Nuggets
0022500328,2025-12-03,22025,CHA @ NYK,L,104,44.0,19,4.0,7,13,0.4,0.905,0.31,-15.0,Charlotte Hornets
0022500330,2025-12-03,22025,HOU vs. SAC,W,121,62.0,24,10.0,8,16,0.527,0.833,0.313,26.0,Houston Rockets
0022500331,2025-12-03,22025,MIL vs. DET,W,113,40.0,28,6.0,6,15,0.488,0.952,0.295,4.0,Milwaukee Bucks
0022500325,2025-12-03,22025,IND vs. DEN,L,120,38.0,24,6.0,5,12,0.519,0.793,0.464,-15.0,Indiana Pacers
0022500332,2025-12-03,22025,DAL vs. MIA,W,118,50.0,31,6.0,7,13,0.505,0.833,0.5,10.0,Dallas Mavericks
0022500327,2025-12-03,22025,ATL vs. LAC,L,92,38.0,20,9.0,1,16,0.4,0.786,0.333,-23.0,Atlanta Hawks
0022500331,2025-12-03,22025,DET @ MIL,L,109,44.0,25,8.0,5,14,0.4,0.792,0.326,-4.0,Detroit Pistons
0022500329,2025-12-03,22025,CHI vs. BKN,L,103,42.0,20,14.0,1,16,0.422,0.8,0.233,-10.0,Chicago Bulls
0022500330,2025-12-03,22025,SAC @ HOU,L,95,32.0,21,10.0,7,12,0.412,0.5,0.294,-26.0,Sacramento Kings
0022500326,2025-12-03,22025,SAS @ ORL,W,114,52.0,20,5.0,5,19,0.462,0.708,0.342,2.0,San Antonio Spurs
0022500328,2025-12-03,22025,NYK vs. CHA,W,119,44.0,28,9.0,6,9,0.477,0.852,0.316,15.0,New York Knicks
0022500326,2025-12-03,22025,ORL vs. SAS,L,112,48.0,27,11.0,3,10,0.455,0.684,0.333,-2.0,Orlando Magic
0022500324,2025-12-03,22025,CLE vs. POR,L,110,45.0,23,9.0,11,7,0.404,0.875,0.25,-12.0,Cleveland Cavaliers
0022500324,2025-12-03,22025,POR @ CLE,W,122,54.0,27,4.0,4,11,0.435,0.872,0.412,12.0,Portland Trail Blazers
0022500332,2025-12-03,22025,MIA @ DAL,L,108,41.0,29,11.0,5,10,0.396,0.944,0.297,-10.0,Miami Heat
0022500337,2025-12-04,22025,NOP vs. MIN,L,116,43.0,29,11.0,2,12,0.453,0.885,0.28,-9.0,New Orleans Pelicans
0022500334,2025-12-04,22025,WAS vs. BOS,L,101,37.0,21,5.0,4,18,0.417,0.84,0.323,-45.0,Washington Wizards
0022500334,2025-12-04,22025,BOS @ WAS,W,146,46.0,35,14.0,8,9,0.545,0.857,0.426,45.0,Boston Celtics
0022500333,2025-12-04,22025,GSW @ PHI,L,98,43.0,27,12.0,4,13,0.416,0.75,0.286,-1.0,Golden State Warriors
0022500337,2025-12-04,22025,MIN @ NOP,W,125,49.0,30,5.0,10,19,0.457,0.897,0.395,9.0,Minnesota Timberwolves
0022500333,2025-12-04,22025,PHI vs. GSW,W,99,47.0,23,8.0,7,19,0.459,0.786,0.27,1.0,Philadelphia 76ers
0022500336,2025-12-04,22025,TOR vs. LAL,L,120,41.0,39,9.0,8,15,0.494,0.81,0.405,-3.0,Toronto Raptors
0022500336,2025-12-04,22025,LAL @ TOR,W,123,38.0,26,7.0,7,11,0.5,0.846,0.419,3.0,Los Angeles Lakers
0022500335,2025-12-04,22025,BKN vs. UTA,L,110,44.0,22,6.0,7,17,0.427,0.763,0.262,-13.0,Brooklyn Nets
0022500335,2025-12-04,22025,UTA @ BKN,W,123,39.0,31,7.0,1,12,0.506,0.926,0.56,13.0,Utah Jazz
0022500348,2025-12-05,22025,PHI @ MIL,W,116,42.0,25,12.0,1,12,0.453,0.955,0.395,15.0,Philadelphia 76ers
0022500338,2025-12-05,22025,LAL @ BOS,L,105,35.0,15,8.0,2,14,0.429,0.862,0.4,-21.0,Los Angeles Lakers
0022500345,2025-12-05,22025,IND @ CHI,W,120,35.0,24,13.0,8,13,0.536,0.75,0.462,15.0,Indiana Pacers
0022500344,2025-12-05,22025,CHA @ TOR,W,111,47.0,26,14.0,6,24,0.5,0.727,0.361,25.0,Charlotte Hornets
0022500349,2025-12-05,22025,DAL @ OKC,L,111,35.0,28,2.0,3,11,0.477,0.65,0.432,-21.0,Dallas Mavericks
0022500343,2025-12-05,22025,NYK vs. UTA,W,146,46.0,30,9.0,2,12,0.56,0.885,0.5,34.0,New York Knicks
0022500342,2025-12-05,22025,POR @ DET,L,116,48.0,22,6.0,8,17,0.424,0.914,0.324,-6.0,Portland Trail Blazers
0022500344,2025-12-05,22025,TOR vs. CHA,L,86,41.0,19,12.0,4,19,0.37,0.692,0.31,-25.0,Toronto Raptors
0022500348,2025-12-05,22025,MIL vs. PHI,L,101,37.0,26,8.0,3,16,0.461,0.741,0.344,-15.0,Milwaukee Bucks
0022500343,2025-12-05,22025,UTA @ NYK,L,112,37.0,23,8.0,1,12,0.402,0.771,0.357,-34.0,Utah Jazz
0022500345,2025-12-05,22025,CHI vs. IND,L,105,46.0,21,7.0,2,18,0.442,0.828,0.371,-15.0,Chicago Bulls
0022500340,2025-12-05,22025,ATL vs. DEN,L,133,45.0,35,8.0,2,12,0.516,0.938,0.435,-1.0,Atlanta Hawks
0022500347,2025-12-05,22025,MEM vs. LAC,W,107,42.0,28,9.0,4,15,0.538,0.722,0.357,9.0,Memphis Grizzlies
0022500341,2025-12-05,22025,SAS @ CLE,L,117,38.0,28,9.0,3,14,0.452,0.692,0.349,-13.0,San Antonio Spurs
0022500347,2025-12-05,22025,LAC @ MEM,L,98,37.0,22,11.0,2,16,0.438,0.824,0.318,-9.0,Los Angeles Clippers
0022500341,2025-12-05,22025,CLE vs. SAS,W,130,48.0,32,10.0,4,14,0.581,0.759,0.308,13.0,Cleveland Cavaliers
0022500342,2025-12-05,22025,DET vs. POR,W,122,37.0,24,8.0,7,13,0.463,0.75,0.417,6.0,Detroit Pistons
0022500346,2025-12-05,22025,HOU vs. PHX,W,117,40.0,25,9.0,8,21,0.592,0.895,0.556,19.0,Houston Rockets
0022500340,2025-12-05,22025,DEN @ ATL,W,134,42.0,28,9.0,6,12,0.528,0.8,0.432,1.0,Denver Nuggets
0022500349,2025-12-05,22025,OKC vs. DAL,W,132,43.0,30,5.0,3,6,0.56,0.929,0.4,21.0,Oklahoma City Thunder
0022500346,2025-12-05,22025,PHX @ HOU,L,98,34.0,14,12.0,2,13,0.39,0.789,0.139,-19.0,Phoenix Suns
0022500339,2025-12-05,22025,ORL vs. MIA,W,106,42.0,24,5.0,3,10,0.413,0.75,0.353,1.0,Orlando Magic
0022500338,2025-12-05,22025,BOS vs. LAL,W,126,38.0,31,9.0,5,14,0.548,0.833,0.533,21.0,Boston Celtics
0022500339,2025-12-05,22025,MIA @ ORL,L,105,44.0,23,4.0,8,15,0.5,0.667,0.368,-1.0,Miami Heat
0022500356,2025-12-06,22025,DAL vs. HOU,W,122,31.0,22,13.0,4,12,0.598,0.85,0.368,13.0,Dallas Mavericks
0022500352,2025-12-06,22025,CLE vs. GSW,L,94,61.0,15,7.0,4,12,0.346,0.833,0.238,-5.0,Cleveland Cavaliers
0022500351,2025-12-06,22025,ATL @ WAS,W,131,45.0,36,13.0,4,12,0.531,1.0,0.333,15.0,Atlanta Hawks
0022500352,2025-12-06,22025,GSW @ CLE,W,99,46.0,25,8.0,8,13,0.384,0.87,0.371,5.0,Golden State Warriors
0022500354,2025-12-06,22025,MIA vs. SAC,L,111,41.0,23,5.0,4,13,0.482,0.625,0.29,-16.0,Miami Heat
0022500353,2025-12-06,22025,MIL @ DET,L,112,36.0,24,11.0,5,12,0.44,0.688,0.421,-12.0,Milwaukee Bucks
0022500356,2025-12-06,22025,HOU @ DAL,L,109,37.0,22,8.0,6,18,0.506,0.846,0.345,-13.0,Houston Rockets
0022500351,2025-12-06,22025,WAS vs. ATL,L,116,26.0,29,6.0,5,20,0.513,0.895,0.447,-15.0,Washington Wizards
0022500350,2025-12-06,22025,BKN vs. NOP,W,119,45.0,36,6.0,7,16,0.528,0.786,0.4,18.0,Brooklyn Nets
0022500353,2025-12-06,22025,DET vs. MIL,W,124,53.0,31,5.0,4,15,0.5,0.742,0.375,12.0,Detroit Pistons
0022500355,2025-12-06,22025,MIN vs. LAC,W,109,35.0,23,6.0,5,13,0.5,0.882,0.44,3.0,Minnesota Timberwolves
0022500354,2025-12-06,22025,SAC @ MIA,W,127,45.0,24,11.0,5,10,0.527,0.714,0.424,16.0,Sacramento Kings
0022500355,2025-12-06,22025,LAC @ MIN,L,106,35.0,16,8.0,3,10,0.471,0.68,0.31,-3.0,Los Angeles Clippers
0022500350,2025-12-06,22025,NOP @ BKN,L,101,36.0,30,9.0,3,15,0.451,0.818,0.36,-18.0,New Orleans Pelicans
0022500362,2025-12-07,22025,LAL @ PHI,W,112,52.0,25,3.0,8,10,0.482,0.63,0.361,4.0,Los Angeles Lakers
0022500360,2025-12-07,22025,MEM vs. POR,W,119,51.0,28,18.0,4,22,0.449,0.744,0.286,23.0,Memphis Grizzlies
0022500359,2025-12-07,22025,DEN @ CHA,W,115,35.0,29,8.0,2,10,0.518,0.727,0.371,9.0,Denver Nuggets
0022500358,2025-12-07,22025,BOS @ TOR,W,121,41.0,24,8.0,9,11,0.478,0.929,0.426,8.0,Boston Celtics
0022500357,2025-12-07,22025,NYK vs. ORL,W,106,52.0,24,8.0,7,11,0.429,0.85,0.314,6.0,New York Knicks
0022500360,2025-12-07,22025,POR @ MEM,L,96,40.0,21,8.0,5,25,0.398,0.833,0.349,-23.0,Portland Trail Blazers
0022500363,2025-12-07,22025,OKC @ UTA,W,131,44.0,32,9.0,3,13,0.58,0.444,0.5,30.0,Oklahoma City Thunder
0022500361,2025-12-07,22025,CHI vs. GSW,L,91,38.0,24,12.0,4,15,0.36,0.842,0.275,-32.0,Chicago Bulls
0022500359,2025-12-07,22025,CHA vs. DEN,L,106,47.0,24,7.0,3,13,0.447,0.762,0.304,-9.0,Charlotte Hornets
0022500363,2025-12-07,22025,UTA vs. OKC,L,101,37.0,25,6.0,3,17,0.471,0.75,0.333,-30.0,Utah Jazz
0022500361,2025-12-07,22025,GSW @ CHI,W,123,51.0,27,11.0,2,15,0.5,0.684,0.468,32.0,Golden State Warriors
0022500358,2025-12-07,22025,TOR vs. BOS,L,113,42.0,22,5.0,3,12,0.489,0.857,0.409,-8.0,Toronto Raptors
0022500357,2025-12-07,22025,ORL @ NYK,L,100,48.0,23,7.0,4,11,0.383,0.667,0.286,-6.0,Orlando Magic
0022500362,2025-12-07,22025,PHI vs. LAL,L,108,54.0,21,5.0,4,6,0.353,0.885,0.361,-4.0,Philadelphia 76ers
0022500364,2025-12-08,22025,SAC @ IND,L,105,51.0,28,6.0,4,19,0.466,0.696,0.318,-11.0,Sacramento Kings
0022500365,2025-12-08,22025,MIN vs. PHX,L,105,46.0,26,5.0,1,13,0.47,0.696,0.262,-3.0,Minnesota Timberwolves
0022500366,2025-12-08,22025,SAS @ NOP,W,135,43.0,29,5.0,0,13,0.5,0.8,0.472,3.0,San Antonio Spurs
0022500364,2025-12-08,22025,IND vs. SAC,W,116,41.0,25,14.0,7,13,0.437,0.929,0.4,11.0,Indiana Pacers
0022500365,2025-12-08,22025,PHX @ MIN,W,108,43.0,26,8.0,2,9,0.456,0.7,0.364,3.0,Phoenix Suns
0022500366,2025-12-08,22025,NOP vs. SAS,L,132,33.0,35,8.0,6,9,0.58,0.885,0.269,-3.0,New Orleans Pelicans
0022501202,2025-12-09,22025,TOR vs. NYK,L,101,37.0,28,9.0,4,13,0.433,0.667,0.289,-16.0,Toronto Raptors
0022501201,2025-12-09,22025,ORL vs. MIA,W,117,47.0,30,5.0,6,16,0.506,0.875,0.469,9.0,Orlando Magic
0022501201,2025-12-09,22025,MIA @ ORL,L,108,39.0,25,8.0,6,8,0.452,0.842,0.242,-9.0,Miami Heat
0022501202,2025-12-09,22025,NYK @ TOR,W,117,48.0,19,9.0,7,13,0.525,0.607,0.457,16.0,New York Knicks
0022501204,2025-12-10,22025,LAL vs. SAS,L,119,43.0,27,4.0,7,11,0.494,0.739,0.432,-13.0,Los Angeles Lakers
0022501203,2025-12-10,22025,OKC vs. PHX,W,138,43.0,32,14.0,7,14,0.591,0.923,0.55,49.0,Oklahoma City Thunder
0022501203,2025-12-10,22025,PHX @ OKC,L,89,37.0,24,12.0,2,20,0.393,0.813,0.323,-49.0,Phoenix Suns
0022501204,2025-12-10,22025,SAS @ LAL,W,132,50.0,25,9.0,3,10,0.5,0.806,0.447,13.0,San Antonio Spurs
0022501206,2025-12-11,22025,MIL vs. BOS,W,116,40.0,28,5.0,5,15,0.582,0.786,0.448,15.0,Milwaukee Bucks
0022501207,2025-12-11,22025,POR @ NOP,L,120,41.0,27,5.0,7,15,0.441,0.727,0.292,-23.0,Portland Trail Blazers
0022501205,2025-12-11,22025,HOU vs. LAC,W,115,51.0,26,9.0,1,18,0.462,0.81,0.353,2.0,Houston Rockets
0022501205,2025-12-11,22025,LAC @ HOU,L,113,28.0,25,15.0,5,15,0.5,0.808,0.368,-2.0,Los Angeles Clippers
0022501206,2025-12-11,22025,BOS @ MIL,L,101,39.0,18,7.0,1,13,0.386,0.76,0.286,-15.0,Boston Celtics
0022501207,2025-12-11,22025,NOP vs. POR,W,143,57.0,36,10.0,8,8,0.518,0.882,0.375,23.0,New Orleans Pelicans
0022501208,2025-12-11,22025,DEN @ SAC,W,136,46.0,35,9.0,0,12,0.591,0.69,0.414,31.0,Denver Nuggets
0022501208,2025-12-11,22025,SAC vs. DEN,L,105,38.0,21,9.0,4,16,0.448,0.696,0.289,-31.0,Sacramento Kings
0022501210,2025-12-12,22025,ATL @ DET,L,115,37.0,28,9.0,8,20,0.459,0.839,0.306,-27.0,Atlanta Hawks
0022501209,2025-12-12,22025,CHI @ CHA,W,129,44.0,29,3.0,6,11,0.553,0.789,0.357,3.0,Chicago Bulls
0022501212,2025-12-12,22025,CLE @ WAS,W,130,48.0,28,11.0,1,7,0.423,0.917,0.283,4.0,Cleveland Cavaliers
0022501213,2025-12-12,22025,UTA @ MEM,W,130,58.0,33,6.0,4,13,0.462,0.68,0.362,4.0,Utah Jazz
0022501214,2025-12-12,22025,BKN @ DAL,L,111,43.0,26,8.0,5,17,0.453,0.842,0.436,-8.0,Brooklyn Nets
0022501210,2025-12-12,22025,DET vs. ATL,W,142,40.0,34,16.0,6,12,0.582,0.828,0.414,27.0,Detroit Pistons
0022501215,2025-12-12,22025,MIN @ GSW,W,127,44.0,30,8.0,3,10,0.539,0.714,0.355,7.0,Minnesota Timberwolves
0022501212,2025-12-12,22025,WAS vs. CLE,L,126,49.0,29,6.0,6,16,0.488,0.813,0.364,-4.0,Washington Wizards
0022501214,2025-12-12,22025,DAL vs. BKN,W,119,40.0,33,10.0,8,14,0.489,0.773,0.333,8.0,Dallas Mavericks
0022501213,2025-12-12,22025,MEM vs. UTA,L,126,49.0,32,4.0,5,10,0.465,0.714,0.463,-4.0,Memphis Grizzlies
0022501215,2025-12-12,22025,GSW vs. MIN,L,120,42.0,27,7.0,2,13,0.458,0.773,0.326,-7.0,Golden State Warriors
0022501209,2025-12-12,22025,CHA vs. CHI,L,126,32.0,30,5.0,3,8,0.526,0.8,0.432,-3.0,Charlotte Hornets
0022501211,2025-12-12,22025,PHI vs. IND,W,115,50.0,22,6.0,4,12,0.443,0.767,0.324,10.0,Philadelphia 76ers
0022501211,2025-12-12,22025,IND @ PHI,L,105,46.0,26,6.0,4,7,0.396,0.842,0.342,-10.0,Indiana Pacers
0022501230,2025-12-13,22025,SAS @ OKC,L,109,51.0,20,13.0,4,14,0.413,0.889,0.243,-2.0,Oklahoma City Thunder
0022501230,2025-12-13,22025,SAS @ OKC,W,111,52.0,21,9.0,6,19,0.411,0.75,0.31,2.0,San Antonio Spurs
0022501229,2025-12-13,22025,NYK @ ORL,W,132,41.0,28,9.0,7,12,0.607,0.742,0.35,12.0,New York Knicks
0022501229,2025-12-13,22025,NYK @ ORL,L,120,41.0,28,9.0,3,14,0.464,0.68,0.31,-12.0,Orlando Magic
0022501218,2025-12-14,22025,CLE vs. CHA,L,111,46.0,27,10.0,3,14,0.4,0.793,0.316,-8.0,Cleveland Cavaliers
0022501217,2025-12-14,22025,ATL vs. PHI,W,120,57.0,33,8.0,6,16,0.434,0.81,0.515,3.0,Atlanta Hawks
0022501228,2025-12-14,22025,LAL @ PHX,W,116,54.0,20,13.0,8,21,0.432,0.767,0.189,2.0,Los Angeles Lakers
0022501221,2025-12-14,22025,POR vs. GSW,W,136,43.0,30,11.0,4,17,0.506,0.897,0.513,5.0,Portland Trail Blazers
0022501220,2025-12-14,22025,SAC @ MIN,L,103,36.0,21,5.0,9,15,0.457,0.76,0.435,-14.0,Sacramento Kings
0022501218,2025-12-14,22025,CHA @ CLE,W,119,53.0,28,9.0,7,16,0.439,0.762,0.386,8.0,Charlotte Hornets
0022501216,2025-12-14,22025,IND vs. WAS,L,89,41.0,20,2.0,7,8,0.369,0.81,0.256,-19.0,Indiana Pacers
0022501221,2025-12-14,22025,GSW @ POR,L,131,36.0,34,14.0,5,18,0.506,0.826,0.511,-5.0,Golden State Warriors
0022501223,2025-12-14,22025,NOP @ CHI,W,114,53.0,21,7.0,5,14,0.462,0.8,0.242,10.0,New Orleans Pelicans
0022501219,2025-12-14,22025,MIL @ BKN,L,82,37.0,20,8.0,1,20,0.392,0.75,0.229,-45.0,Milwaukee Bucks
0022501223,2025-12-14,22025,CHI vs. NOP,L,104,43.0,26,10.0,4,13,0.413,0.882,0.265,-10.0,Chicago Bulls
0022501217,2025-12-14,22025,PHI @ ATL,L,117,54.0,25,10.0,10,11,0.376,0.828,0.415,-3.0,Philadelphia 76ers
0022501219,2025-12-14,22025,BKN vs. MIL,W,127,43.0,33,14.0,4,13,0.529,0.947,0.442,45.0,Brooklyn Nets
0022501228,2025-12-14,22025,PHX vs. LAL,L,114,37.0,29,11.0,5,19,0.488,0.84,0.351,-2.0,Phoenix Suns
0022501220,2025-12-14,22025,MIN vs. SAC,W,117,48.0,25,12.0,5,11,0.457,0.704,0.324,14.0,Minnesota Timberwolves
0022501216,2025-12-14,22025,WAS @ IND,W,108,56.0,19,5.0,3,11,0.461,0.615,0.357,19.0,Washington Wizards
0022501225,2025-12-15,22025,DEN vs. HOU,W,128,38.0,24,10.0,4,10,0.506,0.818,0.441,3.0,Denver Nuggets
0022501224,2025-12-15,22025,DAL @ UTA,L,133,54.0,24,6.0,6,14,0.49,0.683,0.333,-7.0,Dallas Mavericks
0022501226,2025-12-15,22025,MEM @ LAC,W,121,32.0,33,10.0,7,11,0.523,0.882,0.41,18.0,Memphis Grizzlies
0022501222,2025-12-15,22025,DET @ BOS,W,112,39.0,21,9.0,3,10,0.461,0.68,0.361,7.0,Detroit Pistons
0022501227,2025-12-15,22025,MIA vs. TOR,L,96,45.0,20,12.0,7,18,0.422,0.739,0.29,-9.6,Miami Heat
0022501222,2025-12-15,22025,BOS vs. DET,L,105,37.0,16,7.0,5,12,0.463,0.704,0.256,-7.0,Boston Celtics
0022501224,2025-12-15,22025,UTA vs. DAL,W,140,47.0,33,8.0,4,13,0.515,0.818,0.361,7.0,Utah Jazz
0022501227,2025-12-15,22025,TOR @ MIA,W,106,45.0,33,9.0,7,19,0.477,0.667,0.4,10.0,Toronto Raptors
0022501226,2025-12-15,22025,LAC vs. MEM,L,103,39.0,26,4.0,2,18,0.463,0.727,0.361,-18.0,Los Angeles Clippers
0022501225,2025-12-15,22025,HOU @ DEN,L,125,46.0,29,7.0,8,16,0.505,0.731,0.48,-3.0,Houston Rockets
0022500367,2025-12-17,22025,CLE @ CHI,L,111,40.0,26,6.0,3,20,0.483,0.833,0.308,-16.0,Cleveland Cavaliers
0022500368,2025-12-17,22025,MEM @ MIN,W,116,54.0,23,10.0,4,18,0.438,0.84,0.324,6.0,Memphis Grizzlies
0022500367,2025-12-17,22025,CHI vs. CLE,W,127,43.0,35,12.0,3,15,0.562,0.722,0.389,16.0,Chicago Bulls
0022500368,2025-12-17,22025,MIN vs. MEM,L,110,52.0,26,11.0,8,18,0.398,0.704,0.295,-6.0,Minnesota Timberwolves
0022500378,2025-12-18,22025,PHX vs. GSW,W,99,49.0,19,16.0,6,15,0.409,0.773,0.286,1.0,Phoenix Suns
0022500376,2025-12-18,22025,DET @ DAL,L,114,62.0,26,11.0,4,10,0.385,0.7,0.182,-2.0,Detroit Pistons
0022500377,2025-12-18,22025,ORL @ DEN,L,115,44.0,30,9.0,6,9,0.473,0.692,0.333,-11.0,Orlando Magic
0022500369,2025-12-18,22025,OKC vs. LAC,W,122,38.0,28,18.0,4,8,0.475,0.813,0.361,21.0,Oklahoma City Thunder
0022500380,2025-12-18,22025,POR vs. SAC,W,134,44.0,30,6.0,6,19,0.476,0.636,0.333,1.0,Portland Trail Blazers
0022500369,2025-12-18,22025,LAC @ OKC,L,101,49.0,25,6.0,7,28,0.487,0.773,0.313,-21.0,Los Angeles Clippers
0022500380,2025-12-18,22025,SAC @ POR,L,133,42.0,29,13.0,7,18,0.511,0.912,0.316,-1.0,Sacramento Kings
0022500370,2025-12-18,22025,WAS @ SAS,L,94,46.0,29,10.0,5,12,0.404,0.643,0.25,-25.0,Washington Wizards
0022500377,2025-12-18,22025,DEN vs. ORL,W,126,40.0,31,7.0,3,13,0.557,0.8,0.444,11.0,Denver Nuggets
0022500375,2025-12-18,22025,NOP vs. HOU,W,133,41.0,27,15.0,7,12,0.505,0.857,0.407,5.0,New Orleans Pelicans
0022500375,2025-12-18,22025,HOU @ NOP,L,128,58.0,30,6.0,8,18,0.467,0.667,0.313,-5.0,Houston Rockets
0022500378,2025-12-18,22025,GSW @ PHX,L,98,54.0,27,9.0,3,20,0.393,0.889,0.286,-1.0,Golden State Warriors
0022500370,2025-12-18,22025,SAS vs. WAS,W,119,53.0,29,6.0,9,14,0.489,0.8,0.357,25.0,San Antonio Spurs
0022500372,2025-12-18,22025,IND vs. NYK,L,113,52.0,22,8.0,6,14,0.462,0.889,0.324,-1.0,Indiana Pacers
0022500374,2025-12-18,22025,MIL vs. TOR,L,105,38.0,25,10.0,2,16,0.452,0.875,0.405,-6.0,Milwaukee Bucks
0022500374,2025-12-18,22025,TOR @ MIL,W,111,45.0,31,9.0,2,16,0.5,0.667,0.371,6.0,Toronto Raptors
0022500371,2025-12-18,22025,ATL @ CHA,L,126,35.0,31,6.0,2,15,0.522,0.864,0.297,-7.0,Atlanta Hawks
0022500373,2025-12-18,22025,MIA @ BKN,W,106,51.0,23,9.0,8,14,0.461,0.789,0.321,11.0,Miami Heat
0022500379,2025-12-18,22025,UTA vs. LAL,L,135,39.0,31,4.0,1,13,0.518,0.66,0.486,-8.0,Utah Jazz
0022500376,2025-12-18,22025,DAL vs. DET,W,116,51.0,22,4.0,15,17,0.449,0.861,0.185,2.0,Dallas Mavericks
0022500373,2025-12-18,22025,BKN vs. MIA,L,95,49.0,24,7.0,7,12,0.388,0.727,0.224,-11.0,Brooklyn Nets
0022500379,2025-12-18,22025,LAL @ UTA,W,143,48.0,32,7.0,2,7,0.527,0.821,0.333,8.0,Los Angeles Lakers
0022500371,2025-12-18,22025,CHA vs. ATL,W,133,37.0,39,11.0,3,14,0.538,0.647,0.49,7.0,Charlotte Hornets
0022500372,2025-12-18,22025,NYK @ IND,W,114,46.0,31,10.0,5,16,0.467,0.579,0.395,1.0,New York Knicks
0022500385,2025-12-19,22025,OKC @ MIN,L,107,52.0,16,7.0,10,11,0.37,0.933,0.282,-5.0,Oklahoma City Thunder
0022500382,2025-12-19,22025,PHI @ NYK,W,116,36.0,21,7.0,8,10,0.455,0.905,0.415,9.0,Philadelphia 76ers
0022500382,2025-12-19,22025,NYK vs. PHI,L,107,57.0,26,3.0,3,18,0.443,0.84,0.25,-9.0,New York Knicks
0022500383,2025-12-19,22025,ATL vs. SAS,L,98,43.0,26,7.0,1,16,0.404,0.75,0.25,-28.0,Atlanta Hawks
0022500384,2025-12-19,22025,CHI @ CLE,W,136,48.0,34,12.0,5,12,0.52,0.8,0.383,11.0,Chicago Bulls
0022500385,2025-12-19,22025,MIN vs. OKC,W,112,57.0,20,8.0,6,13,0.375,0.702,0.351,5.0,Minnesota Timberwolves
0022500384,2025-12-19,22025,CLE vs. CHI,L,125,46.0,31,10.0,1,15,0.475,0.789,0.359,-11.0,Cleveland Cavaliers
0022500381,2025-12-19,22025,MIA @ BOS,L,116,47.0,27,6.0,1,13,0.392,0.708,0.388,-13.0,Miami Heat
0022500383,2025-12-19,22025,SAS @ ATL,W,126,56.0,31,11.0,4,14,0.543,0.688,0.361,28.0,San Antonio Spurs
0022500381,2025-12-19,22025,BOS vs. MIA,W,129,46.0,25,8.0,8,14,0.537,0.833,0.488,13.0,Boston Celtics
0022500389,2025-12-20,22025,NOP vs. IND,W,128,49.0,25,6.0,2,16,0.529,0.853,0.333,19.0,New Orleans Pelicans
0022500395,2025-12-20,22025,LAC vs. LAL,W,103,48.0,22,8.0,6,16,0.425,0.95,0.372,15.0,Los Angeles Clippers
0022500387,2025-12-20,22025,PHI vs. DAL,W,121,47.0,27,11.0,2,8,0.431,0.75,0.3,7.0,Philadelphia 76ers
0022500393,2025-12-20,22025,UTA vs. ORL,L,127,52.0,34,7.0,2,12,0.419,0.8,0.349,-1.0,Utah Jazz
0022500388,2025-12-20,22025,BOS @ TOR,W,112,55.0,22,7.0,4,9,0.463,0.8,0.308,16.0,Boston Celtics
0022500390,2025-12-20,22025,CHA @ DET,L,86,43.0,21,12.0,7,23,0.315,0.85,0.317,-26.0,Charlotte Hornets
0022500386,2025-12-20,22025,DEN vs. HOU,L,101,39.0,21,9.0,2,11,0.402,0.826,0.276,-14.0,Denver Nuggets
0022500390,2025-12-20,22025,DET vs. CHA,W,112,61.0,23,16.0,10,20,0.441,0.75,0.214,26.0,Detroit Pistons
0022500389,2025-12-20,22025,IND @ NOP,L,109,42.0,28,7.0,4,14,0.426,0.7,0.19,-19.0,Indiana Pacers
0022500393,2025-12-20,22025,ORL @ UTA,W,128,52.0,32,6.0,9,13,0.49,0.697,0.297,1.0,Orlando Magic
0022500391,2025-12-20,22025,WAS @ MEM,W,130,54.0,32,5.0,3,13,0.475,0.731,0.386,8.0,Washington Wizards
0022500386,2025-12-20,22025,HOU @ DEN,W,115,47.0,24,6.0,8,19,0.506,0.783,0.543,14.0,Houston Rockets
0022500392,2025-12-20,22025,PHX @ GSW,L,116,34.0,23,12.0,6,14,0.477,0.833,0.343,-3.0,Phoenix Suns
0022500388,2025-12-20,22025,TOR vs. BOS,L,96,37.0,30,2.0,7,12,0.414,0.727,0.34,-16.0,Toronto Raptors
0022500387,2025-12-20,22025,DAL @ PHI,L,114,44.0,24,5.0,7,18,0.542,0.955,0.167,-7.0,Dallas Mavericks
0022500395,2025-12-20,22025,LAL @ LAC,L,88,43.0,16,7.0,3,11,0.386,0.609,0.158,-15.0,Los Angeles Lakers
0022500394,2025-12-20,22025,POR @ SAC,W,98,46.0,18,12.0,3,20,0.432,0.68,0.344,5.0,Portland Trail Blazers
0022500392,2025-12-20,22025,GSW vs. PHX,W,119,49.0,29,9.0,7,20,0.457,0.75,0.347,3.0,Golden State Warriors
0022500391,2025-12-20,22025,MEM vs. WAS,L,122,48.0,31,7.0,3,14,0.45,0.727,0.364,-8.0,Memphis Grizzlies
0022500394,2025-12-20,22025,SAC vs. POR,L,93,50.0,18,14.0,6,15,0.379,0.677,0.194,-5.0,Sacramento Kings
0022500401,2025-12-21,22025,SAC vs. HOU,W,125,55.0,29,8.0,5,11,0.463,0.694,0.375,1.0,Sacramento Kings
0022500401,2025-12-21,22025,HOU @ SAC,L,124,47.0,31,9.0,2,14,0.479,0.75,0.421,-1.0,Houston Rockets
0022500400,2025-12-21,22025,MIN vs. MIL,W,103,46.0,28,10.0,4,10,0.42,0.652,0.304,3.0,Minnesota Timberwolves
0022500399,2025-12-21,22025,SAS @ WAS,W,124,61.0,26,3.0,5,9,0.413,0.781,0.317,11.0,San Antonio Spurs
0022500398,2025-12-21,22025,MIA @ NYK,L,125,45.0,26,5.0,1,11,0.471,0.743,0.486,-7.0,Miami Heat
0022500396,2025-12-21,22025,ATL vs. CHI,L,150,35.0,39,6.0,7,10,0.52,0.781,0.489,-2.0,Atlanta Hawks
0022500399,2025-12-21,22025,WAS vs. SAS,L,113,43.0,20,5.0,7,5,0.442,0.75,0.244,-11.0,Washington Wizards
0022500398,2025-12-21,22025,NYK vs. MIA,W,132,36.0,28,7.0,3,12,0.553,0.857,0.526,7.0,New York Knicks
0022500397,2025-12-21,22025,TOR @ BKN,L,81,39.0,23,6.0,5,15,0.372,0.875,0.278,-15.0,Toronto Raptors
0022500397,2025-12-21,22025,BKN vs. TOR,W,96,48.0,29,7.0,4,21,0.467,0.75,0.4,15.0,Brooklyn Nets
0022500400,2025-12-21,22025,MIL @ MIN,L,100,51.0,27,6.0,2,16,0.402,0.85,0.289,-3.0,Milwaukee Bucks
0022500396,2025-12-21,22025,CHI @ ATL,W,152,40.0,41,9.0,3,11,0.576,0.667,0.476,2.0,Chicago Bulls
0022500405,2025-12-22,22025,DEN vs. UTA,W,135,51.0,37,8.0,7,10,0.5,0.76,0.511,23.0,Denver Nuggets
0022500406,2025-12-22,22025,MEM @ OKC,L,103,46.0,26,8.0,5,21,0.41,0.739,0.439,-16.0,Memphis Grizzlies
0022500403,2025-12-22,22025,BOS vs. IND,W,103,49.0,19,6.0,6,13,0.427,0.842,0.297,8.0,Boston Celtics
0022500407,2025-12-22,22025,GSW vs. ORL,W,120,47.0,33,8.0,6,13,0.517,0.708,0.297,23.0,Golden State Warriors
0022500403,2025-12-22,22025,IND @ BOS,L,95,36.0,19,4.0,3,12,0.388,0.889,0.325,-8.0,Indiana Pacers
0022500404,2025-12-22,22025,NOP vs. DAL,W,119,51.0,28,9.0,2,12,0.454,0.852,0.235,6.0,New Orleans Pelicans
0022500407,2025-12-22,22025,ORL @ GSW,L,97,48.0,21,8.0,5,18,0.414,0.692,0.259,-23.0,Orlando Magic
0022500408,2025-12-22,22025,POR vs. DET,L,102,38.0,21,6.0,6,18,0.446,0.674,0.219,-8.0,Portland Trail Blazers
0022500402,2025-12-22,22025,CLE vs. CHA,W,139,30.0,36,9.0,2,13,0.552,1.0,0.545,7.0,Cleveland Cavaliers
0022500402,2025-12-22,22025,CHA @ CLE,L,132,44.0,29,10.0,3,19,0.489,0.76,0.5,-7.0,Charlotte Hornets
0022500405,2025-12-22,22025,UTA @ DEN,L,112,49.0,30,5.0,1,14,0.427,0.842,0.341,-23.0,Utah Jazz
0022500408,2025-12-22,22025,DET @ POR,W,110,48.0,28,11.0,7,8,0.436,0.625,0.233,8.0,Detroit Pistons
0022500406,2025-12-22,22025,OKC vs. MEM,W,119,46.0,20,14.0,4,13,0.489,0.857,0.385,16.0,Oklahoma City Thunder
0022500404,2025-12-22,22025,DAL @ NOP,L,113,57.0,29,9.0,5,16,0.442,0.524,0.303,-6.0,Dallas Mavericks
0022500413,2025-12-23,22025,MIL @ IND,W,111,48.0,20,6.0,7,15,0.512,0.708,0.333,17.0,Milwaukee Bucks
0022500416,2025-12-23,22025,NYK @ MIN,L,104,55.0,20,8.0,2,19,0.414,0.733,0.367,-11.0,New York Knicks
0022500413,2025-12-23,22025,IND vs. MIL,L,94,40.0,20,7.0,3,12,0.407,0.606,0.258,-17.0,Indiana Pacers
0022500417,2025-12-23,22025,OKC @ SAS,L,110,36.0,23,5.0,1,13,0.541,0.857,0.4,-20.0,Oklahoma City Thunder
0022500419,2025-12-23,22025,MEM @ UTA,W,137,41.0,41,10.0,8,15,0.557,0.69,0.422,9.0,Memphis Grizzlies
0022500411,2025-12-23,22025,ATL vs. CHI,L,123,38.0,38,9.0,4,11,0.505,0.65,0.333,-3.0,Atlanta Hawks
0022500416,2025-12-23,22025,MIN vs. NYK,W,115,42.0,25,12.0,9,11,0.452,0.696,0.326,11.0,Minnesota Timberwolves
0022500417,2025-12-23,22025,SAS vs. OKC,W,130,34.0,34,10.0,3,9,0.571,0.75,0.444,20.0,San Antonio Spurs
0022500422,2025-12-23,22025,LAC vs. HOU,W,128,34.0,25,7.0,4,8,0.545,0.889,0.541,20.0,Los Angeles Clippers
0022500412,2025-12-23,22025,NOP @ CLE,L,118,43.0,26,10.0,2,16,0.457,0.84,0.423,-23.0,New Orleans Pelicans
0022500410,2025-12-23,22025,PHI vs. BKN,L,106,43.0,15,12.0,5,16,0.407,0.868,0.259,-8.0,Philadelphia 76ers
0022500409,2025-12-23,22025,CHA vs. WAS,W,126,51.0,35,3.0,6,4,0.452,0.815,0.4,17.0,Charlotte Hornets
0022500415,2025-12-23,22025,DEN @ DAL,L,130,34.0,39,8.0,1,15,0.575,1.0,0.488,-1.0,Denver Nuggets
0022500420,2025-12-23,22025,POR vs. ORL,L,106,45.0,23,9.0,7,17,0.471,0.789,0.281,-4.0,Portland Trail Blazers
0022500409,2025-12-23,22025,WAS @ CHA,L,109,49.0,22,3.0,7,6,0.412,0.826,0.286,-17.0,Washington Wizards
0022500418,2025-12-23,22025,PHX vs. LAL,W,132,38.0,35,10.0,6,13,0.588,0.9,0.412,24.0,Phoenix Suns
0022500421,2025-12-23,22025,DET @ SAC,W,136,42.0,38,9.0,8,15,0.537,0.714,0.438,9.0,Detroit Pistons
0022500421,2025-12-23,22025,SAC vs. DET,L,127,42.0,26,12.0,5,13,0.457,0.865,0.333,-9.0,Sacramento Kings
0022500412,2025-12-23,22025,CLE vs. NOP,W,141,49.0,40,8.0,6,13,0.533,0.818,0.408,23.0,Cleveland Cavaliers
0022500419,2025-12-23,22025,UTA vs. MEM,L,128,40.0,29,9.0,2,13,0.444,0.889,0.356,-9.0,Utah Jazz
0022500422,2025-12-23,22025,HOU @ LAC,L,108,42.0,25,5.0,6,13,0.5,0.722,0.3,-20.0,Houston Rockets
0022500414,2025-12-23,22025,TOR @ MIA,W,112,50.0,29,12.0,5,16,0.477,0.889,0.368,21.0,Toronto Raptors
0022500420,2025-12-23,22025,ORL @ POR,W,110,38.0,26,10.0,5,14,0.435,0.913,0.455,4.0,Orlando Magic
0022500418,2025-12-23,22025,LAL @ PHX,L,108,38.0,22,7.0,4,17,0.481,0.621,0.375,-24.0,Los Angeles Lakers
0022500415,2025-12-23,22025,DAL vs. DEN,W,131,36.0,34,9.0,2,10,0.57,0.933,0.407,1.0,Dallas Mavericks
0022500410,2025-12-23,22025,BKN @ PHI,W,114,39.0,24,8.0,2,18,0.427,0.818,0.378,8.0,Brooklyn Nets
0022500414,2025-12-23,22025,MIA vs. TOR,L,91,40.0,18,12.0,1,17,0.402,0.85,0.267,-21.0,Miami Heat
0022500411,2025-12-23,22025,CHI @ ATL,W,126,48.0,35,4.0,5,16,0.505,0.75,0.333,3.0,Chicago Bulls
0022500010,2025-12-25,22025,SAS @ OKC,W,117,49.0,20,3.0,4,12,0.536,0.762,0.379,15.0,San Antonio Spurs
0022500011,2025-12-25,22025,GSW vs. DAL,W,126,49.0,33,9.0,4,11,0.444,0.923,0.28,10.0,Golden State Warriors
0022500013,2025-12-25,22025,MIN @ DEN,L,138,47.0,31,10.0,12,13,0.49,0.8,0.267,-4.0,Minnesota Timberwolves
0022500009,2025-12-25,22025,CLE @ NYK,L,124,45.0,30,7.0,0,14,0.523,0.826,0.441,-2.0,Cleveland Cavaliers
0022500009,2025-12-25,22025,NYK vs. CLE,W,126,43.0,28,9.0,4,13,0.468,0.773,0.477,2.0,New York Knicks
0022500011,2025-12-25,22025,DAL @ GSW,L,116,41.0,18,5.0,5,11,0.551,0.667,0.286,-10.0,Dallas Mavericks
0022500012,2025-12-25,22025,HOU @ LAL,W,119,48.0,24,10.0,6,15,0.533,0.789,0.333,23.0,Houston Rockets
0022500010,2025-12-25,22025,OKC vs. SAS,L,102,48.0,23,7.0,6,7,0.389,0.68,0.25,-15.0,Oklahoma City Thunder
0022500013,2025-12-25,22025,DEN vs. MIN,W,142,45.0,31,6.0,5,17,0.465,0.906,0.442,4.0,Denver Nuggets
0022500012,2025-12-25,22025,LAL vs. HOU,L,96,25.0,19,7.0,5,16,0.506,0.636,0.367,-23.0,Los Angeles Lakers
0022500429,2025-12-26,22025,PHX @ NOP,W,115,52.0,26,9.0,4,17,0.484,0.76,0.2,7.0,Phoenix Suns
0022500427,2025-12-26,22025,PHI @ CHI,L,102,46.0,22,7.0,4,8,0.376,0.875,0.282,-7.0,Philadelphia 76ers
0022500431,2025-12-26,22025,LAC @ POR,W,119,32.0,21,6.0,5,12,0.507,0.935,0.5,16.0,Los Angeles Clippers
0022500429,2025-12-26,22025,NOP vs. PHX,L,108,38.0,22,10.0,2,12,0.443,0.595,0.2,-7.0,New Orleans Pelicans
0022500424,2025-12-26,22025,ORL vs. CHA,L,105,42.0,22,7.0,7,9,0.398,0.87,0.314,-15.0,Orlando Magic
0022500426,2025-12-26,22025,BOS @ IND,W,140,43.0,26,8.0,3,12,0.566,0.765,0.513,18.0,Boston Celtics
0022500424,2025-12-26,22025,CHA @ ORL,W,120,53.0,23,3.0,6,14,0.471,0.679,0.487,15.0,Charlotte Hornets
0022500430,2025-12-26,22025,DET @ UTA,L,129,41.0,38,11.0,10,17,0.522,0.652,0.486,-2.0,Detroit Pistons
0022500425,2025-12-26,22025,TOR @ WAS,L,117,33.0,26,10.0,5,11,0.44,0.926,0.333,-21.0,Toronto Raptors
0022500428,2025-12-26,22025,MEM vs. MIL,W,125,42.0,28,12.0,9,13,0.506,0.813,0.382,21.0,Memphis Grizzlies
0022500423,2025-12-26,22025,ATL vs. MIA,L,111,42.0,26,6.0,5,21,0.471,0.905,0.333,-15.0,Atlanta Hawks
0022500423,2025-12-26,22025,MIA @ ATL,W,126,52.0,29,14.0,2,10,0.471,0.944,0.306,15.0,Miami Heat
0022500426,2025-12-26,22025,IND vs. BOS,L,122,35.0,29,6.0,3,14,0.494,0.8,0.409,-18.0,Indiana Pacers
0022500428,2025-12-26,22025,MIL @ MEM,L,104,48.0,18,11.0,2,22,0.429,0.75,0.359,-21.0,Milwaukee Bucks
0022500425,2025-12-26,22025,WAS vs. TOR,W,138,46.0,26,8.0,7,13,0.593,0.833,0.455,21.0,Washington Wizards
0022500431,2025-12-26,22025,POR vs. LAC,L,103,43.0,23,6.0,2,15,0.45,0.682,0.41,-16.0,Portland Trail Blazers
0022500427,2025-12-26,22025,CHI vs. PHI,W,109,52.0,31,3.0,6,11,0.442,0.76,0.341,7.0,Chicago Bulls
0022500430,2025-12-26,22025,UTA vs. DET,W,131,42.0,35,12.0,8,17,0.489,0.962,0.474,2.0,Utah Jazz
0022500435,2025-12-27,22025,ATL vs. NYK,L,125,37.0,33,6.0,3,11,0.483,0.815,0.395,-3.0,Atlanta Hawks
0022500433,2025-12-27,22025,DEN @ ORL,L,126,49.0,27,5.0,3,16,0.512,0.9,0.379,-1.0,Denver Nuggets
0022500432,2025-12-27,22025,DAL @ SAC,L,107,51.0,23,6.0,8,19,0.46,0.7,0.481,-6.0,Dallas Mavericks
0022500438,2025-12-27,22025,HOU vs. CLE,W,117,51.0,27,12.0,9,15,0.489,0.714,0.457,17.0,Houston Rockets
0022500434,2025-12-27,22025,PHX @ NOP,W,123,55.0,26,7.0,3,16,0.459,0.684,0.455,9.0,Phoenix Suns
0022500439,2025-12-27,22025,BKN @ MIN,W,123,39.0,32,8.0,2,15,0.548,0.952,0.275,16.0,Brooklyn Nets
0022500432,2025-12-27,22025,SAC vs. DAL,W,113,50.0,32,16.0,7,11,0.433,0.75,0.447,6.0,Sacramento Kings
0022500434,2025-12-27,22025,NOP vs. PHX,L,114,43.0,16,11.0,7,13,0.437,0.879,0.333,-9.0,New Orleans Pelicans
0022500438,2025-12-27,22025,CLE @ HOU,L,100,42.0,23,10.0,6,14,0.427,0.636,0.306,-17.0,Cleveland Cavaliers
0022500440,2025-12-27,22025,UTA @ SAS,W,127,37.0,34,9.0,4,15,0.542,0.769,0.459,13.0,Utah Jazz
0022500440,2025-12-27,22025,SAS vs. UTA,L,114,46.0,30,6.0,7,11,0.434,0.857,0.227,-13.0,San Antonio Spurs
0022500436,2025-12-27,22025,MIA vs. IND,W,142,49.0,33,17.0,5,10,0.514,0.952,0.387,26.0,Miami Heat
0022500437,2025-12-27,22025,MIL @ CHI,W,112,47.0,22,12.0,3,10,0.465,0.792,0.361,9.0,Milwaukee Bucks
0022500436,2025-12-27,22025,IND @ MIA,L,116,45.0,30,6.0,5,26,0.495,0.75,0.316,-26.0,Indiana Pacers
0022500433,2025-12-27,22025,ORL vs. DEN,W,127,35.0,32,8.0,0,6,0.517,0.676,0.345,1.0,Orlando Magic
0022500439,2025-12-27,22025,MIN vs. BKN,L,107,34.0,27,8.0,1,11,0.446,0.714,0.419,-16.0,Minnesota Timberwolves
0022500437,2025-12-27,22025,CHI vs. MIL,L,103,52.0,28,5.0,2,15,0.419,0.75,0.342,-9.0,Chicago Bulls
0022500435,2025-12-27,22025,NYK @ ATL,W,128,55.0,27,9.0,4,12,0.453,0.844,0.349,3.0,New York Knicks
0022500445,2025-12-28,22025,DET @ LAC,L,99,45.0,18,9.0,6,13,0.415,0.857,0.241,-13.0,Detroit Pistons
0022500446,2025-12-28,22025,SAC @ LAL,L,101,39.0,24,11.0,3,19,0.482,0.684,0.276,-24.0,Sacramento Kings
0022500446,2025-12-28,22025,LAL vs. SAC,W,125,41.0,25,14.0,4,15,0.528,0.889,0.395,24.0,Los Angeles Lakers
0022500443,2025-12-28,22025,WAS vs. MEM,W,116,54.0,26,9.0,12,19,0.424,0.96,0.242,4.0,Washington Wizards
0022500444,2025-12-28,22025,BOS @ POR,L,108,39.0,19,13.0,5,19,0.44,0.789,0.295,-6.0,Boston Celtics
0022500444,2025-12-28,22025,POR vs. BOS,W,114,48.0,26,7.0,2,20,0.472,0.571,0.353,6.0,Portland Trail Blazers
0022500445,2025-12-28,22025,LAC vs. DET,W,112,35.0,18,12.0,6,10,0.467,0.966,0.412,13.0,Los Angeles Clippers
0022500441,2025-12-28,22025,TOR vs. GSW,W,141,55.0,40,10.0,2,14,0.509,0.889,0.31,14.0,Toronto Raptors
0022500442,2025-12-28,22025,OKC vs. PHI,W,129,35.0,27,12.0,6,13,0.575,0.76,0.357,25.0,Oklahoma City Thunder
0022500443,2025-12-28,22025,MEM @ WAS,L,112,43.0,27,14.0,8,16,0.417,0.81,0.281,-4.0,Memphis Grizzlies
0022500441,2025-12-28,22025,GSW @ TOR,L,127,42.0,25,9.0,9,20,0.448,0.893,0.364,-14.0,Golden State Warriors
0022500442,2025-12-28,22025,PHI @ OKC,L,104,38.0,21,5.0,5,23,0.422,0.81,0.395,-25.0,Philadelphia 76ers
0022500448,2025-12-29,22025,PHX @ WAS,W,115,51.0,25,8.0,3,10,0.406,0.889,0.425,14.0,Phoenix Suns
0022500452,2025-12-29,22025,CHI vs. MIN,L,101,42.0,25,3.0,7,16,0.409,0.857,0.342,-35.0,Chicago Bulls
0022500456,2025-12-29,22025,SAS vs. CLE,L,101,52.0,21,7.0,2,18,0.386,0.833,0.226,-12.0,San Antonio Spurs
0022500455,2025-12-29,22025,OKC vs. ATL,W,140,49.0,27,9.0,7,13,0.541,0.957,0.375,11.0,Oklahoma City Thunder
0022500449,2025-12-29,22025,GSW @ BKN,W,120,40.0,26,11.0,5,13,0.532,0.824,0.303,13.0,Golden State Warriors
0022500454,2025-12-29,22025,NYK @ NOP,W,130,42.0,35,8.0,4,8,0.484,0.947,0.455,5.0,New York Knicks
0022500455,2025-12-29,22025,ATL @ OKC,L,129,38.0,32,11.0,4,16,0.474,0.706,0.463,-11.0,Atlanta Hawks
0022500450,2025-12-29,22025,DEN @ MIA,L,123,36.0,29,5.0,4,10,0.528,0.818,0.355,-24.0,Denver Nuggets
0022500450,2025-12-29,22025,MIA vs. DEN,W,147,46.0,40,8.0,4,9,0.535,0.826,0.478,24.0,Miami Heat
0022500457,2025-12-29,22025,DAL @ POR,L,122,41.0,33,6.0,7,12,0.505,0.792,0.344,-3.0,Dallas Mavericks
0022500451,2025-12-29,22025,ORL @ TOR,L,106,52.0,25,4.0,5,8,0.407,0.852,0.281,-1.0,Orlando Magic
0022500452,2025-12-29,22025,MIN @ CHI,W,136,46.0,32,9.0,9,3,0.537,0.76,0.405,35.0,Minnesota Timberwolves
0022500447,2025-12-29,22025,MIL @ CHA,W,123,31.0,29,9.0,5,8,0.524,0.864,0.471,10.0,Milwaukee Bucks
0022500451,2025-12-29,22025,TOR vs. ORL,W,107,58.0,22,6.0,7,6,0.394,0.724,0.235,1.0,Toronto Raptors
0022500453,2025-12-29,22025,HOU vs. IND,W,126,50.0,21,4.0,6,16,0.59,0.75,0.37,7.0,Houston Rockets
0022500448,2025-12-29,22025,WAS vs. PHX,L,101,43.0,21,6.0,8,15,0.462,0.762,0.406,-14.0,Washington Wizards
0022500449,2025-12-29,22025,BKN vs. GSW,L,107,34.0,22,10.0,5,15,0.45,0.739,0.429,-13.0,Brooklyn Nets
0022500454,2025-12-29,22025,NOP vs. NYK,L,125,50.0,27,6.0,8,11,0.458,0.852,0.389,-5.0,New Orleans Pelicans
0022500456,2025-12-29,22025,CLE @ SAS,W,113,47.0,29,12.0,4,12,0.427,0.9,0.31,12.0,Cleveland Cavaliers
0022500447,2025-12-29,22025,CHA vs. MIL,L,113,47.0,28,5.0,3,13,0.43,0.8,0.37,-10.0,Charlotte Hornets
0022500453,2025-12-29,22025,IND @ HOU,L,119,29.0,30,12.0,3,9,0.5,0.65,0.529,-7.0,Indiana Pacers
0022500457,2025-12-29,22025,POR vs. DAL,W,125,48.0,27,3.0,3,15,0.474,0.773,0.39,3.0,Portland Trail Blazers
0022500458,2025-12-30,22025,PHI @ MEM,W,139,41.0,33,14.0,5,8,0.459,0.815,0.357,3.0,Philadelphia 76ers
0022500461,2025-12-30,22025,LAC vs. SAC,W,131,42.0,29,13.0,9,3,0.511,0.781,0.368,41.0,Los Angeles Clippers
0022500458,2025-12-30,22025,MEM vs. PHI,L,136,51.0,28,2.0,10,20,0.554,0.885,0.379,-3.0,Memphis Grizzlies
0022500460,2025-12-30,22025,DET @ LAL,W,128,37.0,30,12.0,4,18,0.632,0.724,0.458,22.0,Detroit Pistons
0022500459,2025-12-30,22025,UTA vs. BOS,L,119,40.0,31,4.0,3,13,0.471,0.84,0.381,-10.0,Utah Jazz
0022500461,2025-12-30,22025,SAC @ LAC,L,90,39.0,18,1.0,8,18,0.41,0.929,0.333,-41.0,Sacramento Kings
0022500459,2025-12-30,22025,BOS @ UTA,W,129,44.0,27,8.0,9,7,0.511,0.87,0.295,10.0,Boston Celtics
0022500460,2025-12-30,22025,LAL vs. DET,L,106,33.0,28,10.0,3,20,0.451,0.677,0.282,-22.0,Los Angeles Lakers
0022500468,2025-12-31,22025,TOR vs. DEN,L,103,50.0,27,6.0,4,8,0.37,0.81,0.267,-3.0,Toronto Raptors
0022500467,2025-12-31,22025,NYK @ SAS,L,132,40.0,32,7.0,2,10,0.479,0.9,0.423,-2.0,New York Knicks
0022500468,2025-12-31,22025,DEN @ TOR,W,106,47.0,17,5.0,5,10,0.425,0.824,0.294,3.0,Denver Nuggets
0022500469,2025-12-31,22025,WAS @ MIL,W,114,44.0,31,8.0,8,10,0.436,0.65,0.487,1.0,Washington Wizards
0022500462,2025-12-31,22025,GSW @ CHA,W,132,37.0,35,7.0,3,19,0.554,0.941,0.49,7.0,Golden State Warriors
0022500466,2025-12-31,22025,CHI vs. NOP,W,134,49.0,33,5.0,7,7,0.511,0.735,0.349,16.0,Chicago Bulls
0022500466,2025-12-31,22025,NOP @ CHI,L,118,46.0,25,4.0,9,10,0.429,0.815,0.316,-16.0,New Orleans Pelicans
0022500464,2025-12-31,22025,ORL @ IND,W,112,49.0,28,9.0,4,19,0.478,0.821,0.143,2.0,Orlando Magic
0022500462,2025-12-31,22025,CHA vs. GSW,L,125,37.0,35,11.0,1,15,0.516,0.765,0.4,-7.0,Charlotte Hornets
0022500464,2025-12-31,22025,IND vs. ORL,L,110,39.0,22,10.0,3,16,0.434,0.813,0.343,-2.0,Indiana Pacers
0022500470,2025-12-31,22025,OKC vs. POR,W,124,41.0,29,15.0,10,14,0.489,0.769,0.327,29.0,Oklahoma City Thunder
0022500465,2025-12-31,22025,PHX @ CLE,L,113,52.0,23,8.0,5,13,0.4,0.875,0.417,-16.0,Phoenix Suns
0022500465,2025-12-31,22025,CLE vs. PHX,W,129,54.0,31,7.0,9,14,0.5,0.818,0.395,16.0,Cleveland Cavaliers
0022500463,2025-12-31,22025,ATL vs. MIN,W,126,49.0,38,9.0,4,8,0.49,0.5,0.381,24.0,Atlanta Hawks
0022500467,2025-12-31,22025,SAS vs. NYK,W,134,48.0,25,7.0,3,11,0.494,0.8,0.368,2.0,San Antonio Spurs
0022500470,2025-12-31,22025,POR @ OKC,L,95,50.0,20,10.0,3,24,0.391,0.765,0.4,-29.0,Portland Trail Blazers
0022500463,2025-12-31,22025,MIN @ ATL,L,102,46.0,22,5.0,6,14,0.425,0.778,0.35,-24.0,Minnesota Timberwolves
0022500469,2025-12-31,22025,MIL vs. WAS,L,113,48.0,24,2.0,6,15,0.461,0.682,0.41,-1.0,Milwaukee Bucks
0022500472,2026-01-01,22025,MIA @ DET,W,118,49.0,25,14.0,6,18,0.434,0.9,0.359,6.0,Miami Heat
0022500475,2026-01-01,22025,UTA @ LAC,L,101,35.0,20,7.0,5,18,0.462,0.767,0.222,-17.0,Utah Jazz
0022500471,2026-01-01,22025,BKN vs. HOU,L,96,27.0,18,12.0,2,13,0.447,0.6,0.333,-24.0,Brooklyn Nets
0022500472,2026-01-01,22025,DET vs. MIA,L,112,40.0,25,11.0,9,20,0.475,0.871,0.346,-6.0,Detroit Pistons
0022500473,2026-01-01,22025,PHI @ DAL,W,123,43.0,22,10.0,7,11,0.533,0.875,0.361,15.0,Philadelphia 76ers
0022500473,2026-01-01,22025,DAL vs. PHI,L,108,39.0,23,8.0,1,13,0.447,0.9,0.214,-15.0,Dallas Mavericks
0022500475,2026-01-01,22025,LAC vs. UTA,W,118,47.0,20,8.0,7,12,0.449,0.846,0.314,17.0,Los Angeles Clippers
0022500471,2026-01-01,22025,HOU @ BKN,W,120,45.0,28,8.0,7,14,0.573,0.778,0.414,24.0,Houston Rockets
0022500474,2026-01-01,22025,BOS @ SAC,W,120,40.0,25,8.0,6,12,0.506,0.833,0.415,14.0,Boston Celtics
0022500474,2026-01-01,22025,SAC vs. BOS,L,106,32.0,29,7.0,2,9,0.471,0.933,0.333,-14.0,Sacramento Kings
0022500478,2026-01-02,22025,CLE vs. DEN,W,113,55.0,32,6.0,8,16,0.5,0.579,0.41,5.0,Cleveland Cavaliers
0022500480,2026-01-02,22025,ORL @ CHI,L,114,36.0,28,10.0,5,11,0.5,0.667,0.438,-7.0,Orlando Magic
0022500483,2026-01-02,22025,PHX vs. SAC,W,129,42.0,23,16.0,9,12,0.563,0.821,0.258,27.0,Phoenix Suns
0022500479,2026-01-02,22025,NYK vs. ATL,L,99,52.0,27,8.0,6,14,0.371,0.857,0.214,-12.0,New York Knicks
0022500483,2026-01-02,22025,SAC @ PHX,L,102,42.0,20,6.0,3,21,0.412,0.688,0.357,-27.0,Sacramento Kings
0022500477,2026-01-02,22025,WAS vs. BKN,W,119,51.0,24,10.0,9,18,0.511,0.875,0.379,20.0,Washington Wizards
0022500485,2026-01-02,22025,MEM @ LAL,L,121,34.0,32,10.0,2,15,0.479,0.652,0.333,-7.0,Memphis Grizzlies
0022500481,2026-01-02,22025,CHA @ MIL,L,121,39.0,27,5.0,3,14,0.488,0.821,0.45,-1.0,Charlotte Hornets
0022500480,2026-01-02,22025,CHI vs. ORL,W,121,47.0,31,6.0,5,12,0.5,0.895,0.341,7.0,Chicago Bulls
0022500478,2026-01-02,22025,DEN @ CLE,L,108,32.0,26,8.0,3,8,0.426,0.846,0.362,-5.0,Denver Nuggets
0022500476,2026-01-02,22025,SAS @ IND,W,123,49.0,23,8.0,2,12,0.449,0.786,0.283,10.0,San Antonio Spurs
0022500484,2026-01-02,22025,GSW vs. OKC,L,94,43.0,23,8.0,5,16,0.356,0.739,0.295,-37.0,Golden State Warriors
0022500479,2026-01-02,22025,ATL @ NYK,W,111,49.0,31,12.0,2,13,0.477,0.6,0.333,12.0,Atlanta Hawks
0022500485,2026-01-02,22025,LAL vs. MEM,W,128,42.0,26,9.0,4,20,0.584,0.871,0.344,7.0,Los Angeles Lakers
0022500481,2026-01-02,22025,MIL vs. CHA,W,122,36.0,31,7.0,4,11,0.517,0.889,0.432,1.0,Milwaukee Bucks
0022500476,2026-01-02,22025,IND vs. SAS,L,113,39.0,26,9.0,4,14,0.512,0.867,0.4,-10.0,Indiana Pacers
0022500482,2026-01-02,22025,POR @ NOP,W,122,46.0,27,6.0,7,9,0.446,0.8,0.34,13.0,Portland Trail Blazers
0022500482,2026-01-02,22025,NOP vs. POR,L,109,42.0,22,8.0,11,15,0.449,0.722,0.267,-13.0,New Orleans Pelicans
0022500484,2026-01-02,22025,OKC @ GSW,W,131,51.0,34,10.0,5,13,0.522,1.0,0.421,37.0,Oklahoma City Thunder
0022500477,2026-01-02,22025,BKN @ WAS,L,99,33.0,20,15.0,8,16,0.395,0.893,0.207,-20.0,Brooklyn Nets
0022500488,2026-01-03,22025,ATL @ TOR,L,117,36.0,32,10.0,3,15,0.462,0.842,0.436,-17.0,Atlanta Hawks
0022500490,2026-01-03,22025,POR @ SAS,W,115,51.0,24,3.0,4,11,0.44,0.593,0.422,5.0,Portland Trail Blazers
0022500490,2026-01-03,22025,SAS vs. POR,L,110,48.0,27,8.0,7,6,0.43,0.87,0.323,-5.0,San Antonio Spurs
0022500487,2026-01-03,22025,NYK vs. PHI,L,119,44.0,23,9.0,2,16,0.427,0.844,0.4,-11.0,New York Knicks
0022500492,2026-01-03,22025,UTA @ GSW,L,114,37.0,32,7.0,2,15,0.523,0.647,0.371,-9.0,Utah Jazz
0022500487,2026-01-03,22025,PHI @ NYK,W,130,47.0,25,7.0,10,13,0.544,0.652,0.472,11.0,Philadelphia 76ers
0022500493,2026-01-03,22025,LAC vs. BOS,L,115,30.0,26,4.0,4,9,0.5,0.941,0.395,-31.0,Los Angeles Clippers
0022500489,2026-01-03,22025,CHA @ CHI,W,112,52.0,23,7.0,3,11,0.429,0.826,0.366,13.0,Charlotte Hornets
0022500493,2026-01-03,22025,BOS @ LAC,W,146,46.0,30,4.0,6,6,0.552,0.842,0.471,31.0,Boston Celtics
0022500486,2026-01-03,22025,MIA vs. MIN,L,115,37.0,27,7.0,2,18,0.471,0.864,0.378,-10.0,Miami Heat
0022500491,2026-01-03,22025,DAL vs. HOU,W,110,47.0,24,6.0,10,15,0.55,0.778,0.381,6.0,Dallas Mavericks
0022500491,2026-01-03,22025,HOU @ DAL,L,104,51.0,24,13.0,7,9,0.387,0.8,0.244,-6.0,Houston Rockets
0022500486,2026-01-03,22025,MIN @ MIA,W,125,40.0,26,9.0,5,14,0.541,0.88,0.289,10.0,Minnesota Timberwolves
0022500492,2026-01-03,22025,GSW vs. UTA,W,123,45.0,32,9.0,2,14,0.494,0.75,0.422,9.0,Golden State Warriors
0022500489,2026-01-03,22025,CHI vs. CHA,L,99,43.0,32,9.0,5,11,0.448,0.714,0.268,-13.0,Chicago Bulls
0022500488,2026-01-03,22025,TOR vs. ATL,W,134,48.0,28,10.0,8,14,0.533,0.923,0.387,17.0,Toronto Raptors
0022500501,2026-01-04,22025,MEM @ LAL,L,114,47.0,29,6.0,1,8,0.42,0.909,0.244,-6.0,Memphis Grizzlies
0022500498,2026-01-04,22025,MIN @ WAS,W,141,51.0,29,14.0,6,14,0.561,0.741,0.297,26.0,Minnesota Timberwolves
0022500497,2026-01-04,22025,NOP @ MIA,L,106,42.0,28,9.0,7,24,0.467,0.75,0.4,-19.0,New Orleans Pelicans
0022500496,2026-01-04,22025,BKN vs. DEN,W,127,44.0,29,7.0,5,10,0.506,0.838,0.424,12.0,Brooklyn Nets
0022500496,2026-01-04,22025,DEN @ BKN,L,115,33.0,29,4.0,5,9,0.482,0.786,0.355,-12.0,Denver Nuggets
0022500500,2026-01-04,22025,MIL @ SAC,W,115,48.0,23,4.0,2,13,0.448,0.9,0.27,17.0,Milwaukee Bucks
0022500501,2026-01-04,22025,LAL vs. MEM,W,120,45.0,30,4.0,6,10,0.475,0.805,0.268,6.0,Los Angeles Lakers
0022500498,2026-01-04,22025,WAS vs. MIN,L,115,35.0,21,9.0,5,19,0.489,0.895,0.333,-26.0,Washington Wizards
0022500495,2026-01-04,22025,ORL vs. IND,W,135,36.0,34,7.0,6,7,0.56,0.765,0.469,8.0,Orlando Magic
0022500499,2026-01-04,22025,PHX vs. OKC,W,108,49.0,21,2.0,1,15,0.443,0.724,0.395,3.0,Phoenix Suns
0022500494,2026-01-04,22025,CLE vs. DET,L,110,44.0,23,11.0,10,17,0.438,0.867,0.333,-4.0,Cleveland Cavaliers
0022500495,2026-01-04,22025,IND @ ORL,L,127,41.0,38,3.0,3,11,0.552,0.762,0.441,-8.0,Indiana Pacers
0022500497,2026-01-04,22025,MIA vs. NOP,W,125,43.0,30,19.0,7,15,0.465,0.722,0.409,19.0,Miami Heat
0022500499,2026-01-04,22025,OKC @ PHX,L,105,29.0,20,2.0,4,9,0.476,0.895,0.313,-3.0,Oklahoma City Thunder
0022500500,2026-01-04,22025,SAC vs. MIL,L,98,38.0,17,10.0,7,10,0.425,0.781,0.2,-17.0,Sacramento Kings
0022500494,2026-01-04,22025,DET @ CLE,W,114,45.0,25,11.0,9,16,0.411,1.0,0.375,4.0,Detroit Pistons
0022500509,2026-01-05,22025,POR vs. UTA,W,137,45.0,32,9.0,4,13,0.527,0.952,0.396,20.0,Portland Trail Blazers
0022500504,2026-01-05,22025,TOR vs. ATL,W,118,46.0,34,10.0,5,13,0.522,0.632,0.324,18.0,Toronto Raptors
0022500505,2026-01-05,22025,PHX @ HOU,L,97,40.0,23,11.0,0,10,0.42,0.75,0.341,-3.0,Phoenix Suns
0022500509,2026-01-05,22025,UTA @ POR,L,117,42.0,32,11.0,2,15,0.489,0.824,0.419,-20.0,Utah Jazz
0022500503,2026-01-05,22025,BOS vs. CHI,W,115,54.0,22,7.0,4,7,0.404,0.846,0.385,14.0,Boston Celtics
0022500506,2026-01-05,22025,CHA @ OKC,W,124,52.0,25,4.0,7,21,0.532,0.92,0.514,27.0,Charlotte Hornets
0022500508,2026-01-05,22025,LAC vs. GSW,W,103,48.0,25,5.0,9,20,0.481,0.905,0.345,1.0,Los Angeles Clippers
0022500507,2026-01-05,22025,PHI vs. DEN,L,124,42.0,28,9.0,9,14,0.469,0.789,0.378,-1.0,Philadelphia 76ers
0022500505,2026-01-05,22025,HOU vs. PHX,W,100,51.0,20,5.0,1,14,0.437,0.714,0.243,3.0,Houston Rockets
0022500506,2026-01-05,22025,OKC vs. CHA,L,97,33.0,18,14.0,5,7,0.366,0.667,0.282,-27.0,Oklahoma City Thunder
0022500502,2026-01-05,22025,DET vs. NYK,W,121,44.0,25,12.0,11,15,0.547,0.688,0.516,31.0,Detroit Pistons
0022500508,2026-01-05,22025,GSW @ LAC,L,102,40.0,27,18.0,4,7,0.38,0.815,0.244,-1.0,Golden State Warriors
0022500507,2026-01-05,22025,DEN @ PHI,W,125,38.0,26,6.0,6,17,0.531,0.75,0.486,1.0,Denver Nuggets
0022500504,2026-01-05,22025,ATL @ TOR,L,100,46.0,28,11.0,1,14,0.393,0.857,0.353,-18.0,Atlanta Hawks
0022500502,2026-01-05,22025,NYK @ DET,L,90,30.0,15,7.0,3,20,0.421,0.929,0.433,-31.0,New York Knicks
0022500503,2026-01-05,22025,CHI @ BOS,L,101,45.0,25,2.0,4,11,0.442,0.9,0.348,-14.0,Chicago Bulls
0022500514,2026-01-06,22025,NOP vs. LAL,L,103,44.0,28,8.0,2,15,0.44,0.722,0.25,-8.0,New Orleans Pelicans
0022500515,2026-01-06,22025,SAC vs. DAL,L,98,43.0,23,11.0,6,12,0.424,0.647,0.29,-2.0,Sacramento Kings
0022500510,2026-01-06,22025,CLE @ IND,W,120,48.0,33,7.0,6,19,0.557,0.667,0.385,4.0,Cleveland Cavaliers
0022500512,2026-01-06,22025,MEM vs. SAS,W,106,61.0,28,7.0,9,20,0.398,0.667,0.367,1.0,Memphis Grizzlies
0022500515,2026-01-06,22025,DAL @ SAC,W,100,55.0,19,6.0,3,16,0.406,0.667,0.296,2.0,Dallas Mavericks
0022500511,2026-01-06,22025,ORL @ WAS,L,112,48.0,28,8.0,4,19,0.457,0.667,0.364,-8.0,Orlando Magic
0022500514,2026-01-06,22025,LAL @ NOP,W,111,44.0,30,11.0,6,14,0.506,0.667,0.355,8.0,Los Angeles Lakers
0022500511,2026-01-06,22025,WAS vs. ORL,W,120,45.0,25,12.0,10,14,0.453,0.939,0.324,8.0,Washington Wizards
0022500513,2026-01-06,22025,MIN vs. MIA,W,122,63.0,27,7.0,8,12,0.459,0.783,0.359,28.0,Minnesota Timberwolves
0022500512,2026-01-06,22025,SAS @ MEM,L,105,50.0,26,9.0,4,14,0.373,0.833,0.304,-1.0,San Antonio Spurs
0022500510,2026-01-06,22025,IND vs. CLE,L,116,32.0,32,10.0,4,11,0.462,0.737,0.457,-4.0,Indiana Pacers
0022500513,2026-01-06,22025,MIA @ MIN,L,94,50.0,28,5.0,4,17,0.357,0.75,0.324,-28.0,Miami Heat
0022500516,2026-01-07,22025,CHA vs. TOR,L,96,50.0,19,3.0,6,18,0.39,0.818,0.368,-1.0,Charlotte Hornets
0022500520,2026-01-07,22025,BOS vs. DEN,L,110,53.0,16,6.0,6,14,0.453,0.6,0.395,-4.0,Boston Celtics
0022500523,2026-01-07,22025,SAS vs. LAL,W,107,50.0,24,10.0,5,14,0.488,0.821,0.16,16.0,San Antonio Spurs
0022500518,2026-01-07,22025,WAS @ PHI,L,110,42.0,29,7.0,6,22,0.494,1.0,0.394,-21.0,Washington Wizards
0022500522,2026-01-07,22025,LAC @ NYK,L,111,40.0,21,7.0,5,10,0.435,0.842,0.357,-12.0,Los Angeles Clippers
0022500518,2026-01-07,22025,PHI vs. WAS,W,131,34.0,30,15.0,5,10,0.536,0.844,0.378,21.0,Philadelphia 76ers
0022500521,2026-01-07,22025,BKN vs. ORL,L,103,44.0,23,11.0,8,19,0.419,0.636,0.333,-1.0,Brooklyn Nets
0022500519,2026-01-07,22025,ATL vs. NOP,W,117,49.0,30,13.0,10,19,0.463,0.647,0.383,17.0,Atlanta Hawks
0022500517,2026-01-07,22025,CHI @ DET,L,93,45.0,27,5.0,8,17,0.425,0.667,0.382,-15.0,Chicago Bulls
0022500527,2026-01-07,22025,HOU @ POR,L,102,57.0,20,8.0,7,14,0.374,0.69,0.222,-1.0,Houston Rockets
0022500525,2026-01-07,22025,OKC vs. UTA,W,129,51.0,26,14.0,11,11,0.436,0.81,0.184,4.0,Oklahoma City Thunder
0022500519,2026-01-07,22025,NOP @ ATL,L,100,40.0,26,13.0,9,19,0.442,0.64,0.286,-17.0,New Orleans Pelicans
0022500521,2026-01-07,22025,ORL @ BKN,W,104,55.0,28,12.0,4,18,0.427,0.722,0.273,1.0,Orlando Magic
0022500520,2026-01-07,22025,DEN @ BOS,W,114,39.0,27,7.0,8,7,0.448,0.667,0.455,4.0,Denver Nuggets
0022500524,2026-01-07,22025,MEM vs. PHX,L,98,47.0,23,9.0,2,18,0.424,0.571,0.324,-19.0,Memphis Grizzlies
0022500522,2026-01-07,22025,NYK vs. LAC,W,123,48.0,31,5.0,6,10,0.5,0.882,0.424,12.0,New York Knicks
0022500517,2026-01-07,22025,DET vs. CHI,W,108,39.0,35,10.0,8,8,0.489,0.75,0.364,15.0,Detroit Pistons
0022500526,2026-01-07,22025,MIL @ GSW,L,113,36.0,29,3.0,3,12,0.541,0.583,0.438,-7.0,Milwaukee Bucks
0022500527,2026-01-07,22025,POR vs. HOU,W,103,38.0,21,7.0,3,13,0.434,0.76,0.3,1.0,Portland Trail Blazers
0022500526,2026-01-07,22025,GSW vs. MIL,W,120,41.0,31,6.0,2,9,0.494,0.778,0.383,7.0,Golden State Warriors
0022500524,2026-01-07,22025,PHX @ MEM,W,117,51.0,31,11.0,5,16,0.464,0.625,0.393,19.0,Phoenix Suns
0022500523,2026-01-07,22025,LAL @ SAS,L,91,45.0,16,9.0,2,17,0.395,0.636,0.231,-16.0,Los Angeles Lakers
0022500516,2026-01-07,22025,TOR @ CHA,W,97,42.0,18,6.0,4,5,0.413,0.737,0.206,1.0,Toronto Raptors
0022500525,2026-01-07,22025,UTA @ OKC,L,125,65.0,33,8.0,5,20,0.441,0.762,0.268,-4.0,Utah Jazz
0022500528,2026-01-08,22025,CHA vs. IND,L,112,35.0,29,8.0,3,16,0.453,0.75,0.364,-2.0,Charlotte Hornets
0022500530,2026-01-08,22025,CLE @ MIN,L,122,38.0,31,9.0,2,12,0.527,0.714,0.333,-9.0,Cleveland Cavaliers
0022500531,2026-01-08,22025,DAL @ UTA,L,114,47.0,30,4.0,2,20,0.518,0.846,0.417,-2.0,Dallas Mavericks
0022500531,2026-01-08,22025,UTA vs. DAL,W,116,42.0,32,11.0,3,9,0.495,0.643,0.317,2.0,Utah Jazz
0022500528,2026-01-08,22025,IND @ CHA,W,114,41.0,25,9.0,6,19,0.5,0.952,0.444,2.0,Indiana Pacers
0022500530,2026-01-08,22025,MIN vs. CLE,W,131,45.0,33,8.0,2,17,0.573,0.529,0.526,9.0,Minnesota Timberwolves
0022500532,2026-01-09,22025,BOS vs. TOR,W,125,40.0,28,3.0,5,7,0.54,0.895,0.5,8.0,Boston Celtics
0022500534,2026-01-09,22025,NOP @ WAS,W,128,51.0,30,12.0,4,17,0.537,0.625,0.324,21.0,New Orleans Pelicans
0022500540,2026-01-09,22025,POR vs. HOU,W,111,43.0,26,9.0,3,13,0.416,0.913,0.364,6.0,Portland Trail Blazers
0022500533,2026-01-09,22025,PHI @ ORL,W,103,52.0,20,12.0,6,12,0.411,0.875,0.143,12.0,Philadelphia 76ers
0022500535,2026-01-09,22025,BKN vs. LAC,L,105,39.0,26,12.0,4,12,0.4,0.909,0.319,-16.0,Brooklyn Nets
0022500540,2026-01-09,22025,HOU @ POR,L,105,56.0,21,8.0,8,13,0.417,0.625,0.227,-6.0,Houston Rockets
0022500532,2026-01-09,22025,TOR @ BOS,L,117,31.0,39,7.0,6,6,0.489,0.9,0.383,-8.0,Toronto Raptors
0022500539,2026-01-09,22025,GSW vs. SAC,W,137,41.0,39,4.0,6,10,0.547,1.0,0.422,34.0,Golden State Warriors
0022500538,2026-01-09,22025,NYK @ PHX,L,107,50.0,22,3.0,1,17,0.451,0.81,0.39,-5.0,New York Knicks
0022500536,2026-01-09,22025,MEM vs. OKC,L,116,52.0,35,4.0,4,17,0.466,0.833,0.341,-1.0,Memphis Grizzlies
0022500541,2026-01-09,22025,MIL @ LAL,W,105,44.0,23,10.0,3,16,0.481,0.773,0.353,4.0,Milwaukee Bucks
0022500535,2026-01-09,22025,LAC @ BKN,W,121,37.0,28,9.0,8,15,0.592,0.895,0.583,16.0,Los Angeles Clippers
0022500538,2026-01-09,22025,PHX vs. NYK,W,112,37.0,23,4.0,4,9,0.447,0.87,0.381,5.0,Phoenix Suns
0022500534,2026-01-09,22025,WAS vs. NOP,L,107,40.0,24,10.0,8,19,0.425,0.667,0.314,-21.0,Washington Wizards
0022500541,2026-01-09,22025,LAL vs. MIL,L,101,45.0,28,9.0,0,12,0.429,0.571,0.417,-4.0,Los Angeles Lakers
0022500537,2026-01-09,22025,DEN vs. ATL,L,87,44.0,22,6.0,2,19,0.417,0.8,0.344,-23.0,Denver Nuggets
0022500533,2026-01-09,22025,ORL vs. PHI,L,91,42.0,21,5.0,10,18,0.409,0.833,0.138,-12.0,Orlando Magic
0022500537,2026-01-09,22025,ATL @ DEN,W,110,40.0,31,14.0,6,6,0.489,0.5,0.372,23.0,Atlanta Hawks
0022500539,2026-01-09,22025,SAC @ GSW,L,103,31.0,23,6.0,6,12,0.5,0.769,0.259,-34.0,Sacramento Kings
0022500536,2026-01-09,22025,OKC @ MEM,W,117,36.0,24,9.0,8,6,0.473,0.786,0.243,1.0,Oklahoma City Thunder
0022500546,2026-01-10,22025,DAL @ CHI,L,107,42.0,25,7.0,6,14,0.429,0.64,0.371,-18.0,Dallas Mavericks
0022500547,2026-01-10,22025,CHA @ UTA,W,150,65.0,35,10.0,5,12,0.525,0.8,0.407,55.0,Charlotte Hornets
0022500544,2026-01-10,22025,DET vs. LAC,L,92,47.0,21,18.0,13,24,0.398,0.72,0.229,-6.0,Detroit Pistons
0022500543,2026-01-10,22025,IND vs. MIA,W,123,54.0,37,13.0,4,16,0.449,0.818,0.425,24.0,Indiana Pacers
0022500542,2026-01-10,22025,CLE vs. MIN,W,146,31.0,38,10.0,2,9,0.598,0.84,0.484,12.0,Cleveland Cavaliers
0022500545,2026-01-10,22025,BOS vs. SAS,L,95,52.0,22,5.0,5,10,0.409,0.75,0.364,-5.0,Boston Celtics
0022500546,2026-01-10,22025,CHI vs. DAL,W,125,52.0,31,10.0,7,14,0.515,0.833,0.326,18.0,Chicago Bulls
0022500545,2026-01-10,22025,SAS @ BOS,W,100,53.0,22,5.0,4,8,0.4,0.7,0.227,5.0,San Antonio Spurs
0022500547,2026-01-10,22025,UTA vs. CHA,L,95,31.0,22,6.0,2,15,0.409,0.762,0.226,-55.0,Utah Jazz
0022500543,2026-01-10,22025,MIA @ IND,L,99,51.0,17,6.0,5,19,0.391,0.793,0.133,-24.0,Miami Heat
0022500542,2026-01-10,22025,MIN @ CLE,L,134,40.0,31,8.0,7,15,0.573,0.8,0.5,-12.0,Minnesota Timberwolves
0022500544,2026-01-10,22025,LAC @ DET,W,98,37.0,17,18.0,6,21,0.431,0.694,0.355,6.0,Los Angeles Clippers
0022500553,2026-01-11,22025,OKC vs. MIA,W,124,46.0,23,12.0,5,13,0.505,0.714,0.294,12.0,Oklahoma City Thunder
0022500549,2026-01-11,22025,BKN @ MEM,L,98,43.0,25,10.0,6,10,0.409,0.5,0.375,-5.0,Brooklyn Nets
0022500549,2026-01-11,22025,MEM vs. BKN,W,103,54.0,27,6.0,7,14,0.42,1.0,0.324,5.0,Memphis Grizzlies
0022500552,2026-01-11,22025,MIN vs. SAS,W,104,50.0,23,9.0,7,9,0.433,0.56,0.308,1.0,Minnesota Timberwolves
0022500550,2026-01-11,22025,PHI @ TOR,L,115,44.0,11,9.0,11,22,0.456,0.806,0.258,-1.0,Philadelphia 76ers
0022500554,2026-01-11,22025,MIL @ DEN,L,104,44.0,29,5.0,6,9,0.447,0.7,0.412,-4.0,Milwaukee Bucks
0022500552,2026-01-11,22025,SAS @ MIN,L,103,49.0,19,6.0,1,14,0.386,0.88,0.342,-1.0,San Antonio Spurs
0022500553,2026-01-11,22025,MIA @ OKC,L,112,37.0,35,9.0,4,23,0.537,0.538,0.531,-12.0,Miami Heat
0022500555,2026-01-11,22025,PHX vs. WAS,W,112,51.0,32,11.0,7,14,0.421,0.789,0.327,19.0,Phoenix Suns
0022500556,2026-01-11,22025,ATL @ GSW,W,124,46.0,33,9.0,4,7,0.489,0.68,0.385,13.0,Atlanta Hawks
0022500548,2026-01-11,22025,NOP @ ORL,L,118,26.0,27,8.0,9,14,0.575,0.8,0.538,-10.0,New Orleans Pelicans
0022500557,2026-01-11,22025,HOU @ SAC,L,98,44.0,23,4.0,5,11,0.429,0.655,0.233,-13.0,Houston Rockets
0022500554,2026-01-11,22025,DEN vs. MIL,W,108,45.0,23,5.0,5,7,0.402,0.774,0.4,4.0,Denver Nuggets
0022500555,2026-01-11,22025,WAS @ PHX,L,93,49.0,22,9.0,7,22,0.395,1.0,0.233,-19.0,Washington Wizards
0022500548,2026-01-11,22025,ORL vs. NOP,W,128,39.0,27,10.0,3,11,0.524,0.886,0.458,10.0,Orlando Magic
0022500551,2026-01-11,22025,NYK @ POR,W,123,45.0,32,11.0,7,12,0.505,0.75,0.37,9.0,New York Knicks
0022500556,2026-01-11,22025,GSW vs. ATL,L,111,48.0,28,5.0,4,15,0.467,0.81,0.238,-13.0,Golden State Warriors
0022500550,2026-01-11,22025,TOR vs. PHI,W,116,48.0,29,14.0,6,15,0.398,0.744,0.156,1.0,Toronto Raptors
0022500557,2026-01-11,22025,SAC vs. HOU,W,111,45.0,25,4.0,1,9,0.484,0.75,0.348,13.0,Sacramento Kings
0022500551,2026-01-11,22025,POR vs. NYK,L,114,39.0,24,9.0,6,15,0.476,0.88,0.308,-9.0,Portland Trail Blazers
0022500563,2026-01-12,22025,LAC vs. CHA,W,117,37.0,22,7.0,0,5,0.446,0.81,0.367,8.0,Los Angeles Clippers
0022500558,2026-01-12,22025,CLE vs. UTA,L,112,30.0,33,10.0,6,13,0.446,1.0,0.415,-11.0,Cleveland Cavaliers
0022500562,2026-01-12,22025,LAL @ SAC,L,112,39.0,21,9.0,2,10,0.488,0.786,0.222,-12.0,Los Angeles Lakers
0022500559,2026-01-12,22025,BOS @ IND,L,96,46.0,22,9.0,1,12,0.455,0.778,0.257,-2.0,Boston Celtics
0022500558,2026-01-12,22025,UTA @ CLE,W,123,50.0,32,7.0,4,16,0.482,0.893,0.439,11.0,Utah Jazz
0022500563,2026-01-12,22025,CHA @ LAC,L,109,49.0,24,3.0,4,10,0.489,0.765,0.303,-8.0,Charlotte Hornets
0022500560,2026-01-12,22025,TOR vs. PHI,L,102,38.0,29,7.0,2,9,0.402,0.88,0.162,-13.0,Toronto Raptors
0022500561,2026-01-12,22025,BKN @ DAL,L,105,43.0,23,5.0,8,17,0.453,0.9,0.243,-8.0,Brooklyn Nets
0022500560,2026-01-12,22025,PHI @ TOR,W,115,36.0,22,4.0,2,16,0.527,0.913,0.444,13.0,Philadelphia 76ers
0022500559,2026-01-12,22025,IND vs. BOS,W,98,40.0,29,8.0,3,11,0.464,0.667,0.432,2.0,Indiana Pacers
0022500561,2026-01-12,22025,DAL vs. BKN,W,113,37.0,28,9.0,3,12,0.506,0.75,0.441,8.0,Dallas Mavericks
0022500562,2026-01-12,22025,SAC vs. LAL,W,124,32.0,23,6.0,4,12,0.585,0.786,0.654,12.0,Sacramento Kings
0022500564,2026-01-13,22025,MIA vs. PHX,W,127,41.0,28,8.0,2,12,0.522,0.818,0.342,6.0,Miami Heat
0022500569,2026-01-13,22025,ATL @ LAL,L,116,32.0,30,11.0,1,6,0.45,0.722,0.283,-25.0,Atlanta Hawks
0022500569,2026-01-13,22025,LAL vs. ATL,W,141,47.0,36,2.0,3,14,0.578,0.867,0.559,25.0,Los Angeles Lakers
0022500568,2026-01-13,22025,OKC vs. SAS,W,119,43.0,26,7.0,11,11,0.519,0.889,0.367,21.0,Oklahoma City Thunder
0022500564,2026-01-13,22025,PHX @ MIA,L,121,48.0,22,10.0,1,12,0.431,0.95,0.292,-5.8,Phoenix Suns
0022500565,2026-01-13,22025,CHI @ HOU,L,113,40.0,24,5.0,3,7,0.436,0.826,0.324,-6.0,Chicago Bulls
0022500568,2026-01-13,22025,SAS @ OKC,L,98,42.0,21,4.0,3,11,0.4,0.708,0.351,-21.0,San Antonio Spurs
0022500567,2026-01-13,22025,DEN @ NOP,W,122,32.0,24,8.0,3,7,0.488,0.813,0.4,6.0,Denver Nuggets
0022500566,2026-01-13,22025,MIL vs. MIN,L,106,32.0,29,12.0,4,19,0.482,0.579,0.361,-33.0,Milwaukee Bucks
0022500570,2026-01-13,22025,POR @ GSW,L,97,45.0,20,7.0,3,22,0.434,0.647,0.298,-22.0,Portland Trail Blazers
0022500565,2026-01-13,22025,HOU vs. CHI,W,119,50.0,24,5.0,2,9,0.511,0.759,0.292,6.0,Houston Rockets
0022500570,2026-01-13,22025,GSW vs. POR,W,119,34.0,34,16.0,5,14,0.472,0.923,0.404,22.0,Golden State Warriors
0022500566,2026-01-13,22025,MIN @ MIL,W,139,44.0,37,9.0,2,15,0.598,0.583,0.524,33.0,Minnesota Timberwolves
0022500567,2026-01-13,22025,NOP vs. DEN,L,116,51.0,21,6.0,4,15,0.453,0.871,0.379,-6.0,New Orleans Pelicans
0022500574,2026-01-14,22025,NOP vs. BKN,W,116,53.0,24,5.0,7,8,0.443,0.76,0.333,3.0,New Orleans Pelicans
0022500573,2026-01-14,22025,CHI vs. UTA,W,128,43.0,36,10.0,5,13,0.511,0.81,0.395,2.0,Chicago Bulls
0022500576,2026-01-14,22025,SAC vs. NYK,W,112,48.0,23,4.0,6,15,0.473,0.842,0.37,11.0,Sacramento Kings
0022500571,2026-01-14,22025,IND vs. TOR,L,101,46.0,26,6.0,7,10,0.384,0.742,0.286,-14.0,Indiana Pacers
0022500576,2026-01-14,22025,NYK @ SAC,L,101,45.0,23,11.0,6,9,0.39,0.652,0.195,-11.0,New York Knicks
0022500572,2026-01-14,22025,PHI vs. CLE,L,107,42.0,22,9.0,5,12,0.404,0.885,0.279,-26.0,Philadelphia 76ers
0022500575,2026-01-14,22025,DEN @ DAL,W,118,39.0,21,4.0,1,9,0.494,0.818,0.421,9.0,Denver Nuggets
0022500574,2026-01-14,22025,BKN @ NOP,L,113,43.0,24,3.0,5,10,0.474,0.583,0.372,-3.0,Brooklyn Nets
0022500577,2026-01-14,22025,WAS @ LAC,L,105,41.0,25,5.0,3,11,0.456,0.765,0.263,-14.0,Washington Wizards
0022500572,2026-01-14,22025,CLE @ PHI,W,133,52.0,41,6.0,5,15,0.526,0.722,0.435,26.0,Cleveland Cavaliers
0022500573,2026-01-14,22025,UTA @ CHI,L,126,36.0,30,9.0,2,13,0.547,0.889,0.286,-2.0,Utah Jazz
0022500577,2026-01-14,22025,LAC vs. WAS,W,119,40.0,25,9.0,5,8,0.47,1.0,0.378,14.0,Los Angeles Clippers
0022500571,2026-01-14,22025,TOR @ IND,W,115,49.0,30,4.0,5,11,0.494,0.654,0.357,14.0,Toronto Raptors
0022500575,2026-01-14,22025,DAL vs. DEN,L,109,47.0,16,6.0,3,6,0.441,0.667,0.147,-9.0,Dallas Mavericks
0022500578,2026-01-15,22025,MEM @ ORL,W,118,54.0,28,9.0,4,16,0.432,0.913,0.375,7.0,Orlando Magic
0022500584,2026-01-15,22025,NYK @ GSW,L,113,41.0,28,3.0,2,10,0.462,0.789,0.368,-13.0,New York Knicks
0022500582,2026-01-15,22025,SAS vs. MIL,W,119,50.0,28,7.0,2,16,0.506,0.852,0.432,18.0,San Antonio Spurs
0022500583,2026-01-15,22025,UTA @ DAL,L,122,39.0,33,9.0,4,17,0.49,0.783,0.278,-22.0,Utah Jazz
0022500582,2026-01-15,22025,MIL @ SAS,L,101,37.0,24,6.0,3,13,0.391,0.727,0.354,-18.0,Milwaukee Bucks
0022500580,2026-01-15,22025,MIA vs. BOS,L,114,40.0,25,7.0,2,10,0.448,0.778,0.357,-5.0,Miami Heat
0022500583,2026-01-15,22025,DAL vs. UTA,W,144,46.0,37,13.0,7,13,0.567,0.789,0.413,22.0,Dallas Mavericks
0022500578,2026-01-15,22025,MEM @ ORL,L,111,37.0,27,5.0,6,16,0.458,0.857,0.472,-7.0,Memphis Grizzlies
0022500586,2026-01-15,22025,LAL vs. CHA,L,117,35.0,18,8.0,4,9,0.462,0.739,0.368,-18.0,Los Angeles Lakers
0022500579,2026-01-15,22025,DET vs. PHX,W,108,54.0,25,10.0,7,17,0.469,0.622,0.281,3.0,Detroit Pistons
0022500581,2026-01-15,22025,HOU vs. OKC,L,91,60.0,17,10.0,7,14,0.337,0.824,0.292,-20.0,Houston Rockets
0022500579,2026-01-15,22025,PHX @ DET,L,105,41.0,21,14.0,9,13,0.414,0.64,0.37,-3.0,Phoenix Suns
0022500585,2026-01-15,22025,POR vs. ATL,W,117,54.0,23,13.0,5,14,0.453,0.708,0.304,16.0,Portland Trail Blazers
0022500585,2026-01-15,22025,ATL @ POR,L,101,40.0,23,10.0,4,18,0.432,0.773,0.318,-16.0,Atlanta Hawks
0022500581,2026-01-15,22025,OKC @ HOU,W,111,44.0,25,9.0,12,11,0.461,0.867,0.39,20.0,Oklahoma City Thunder
0022500584,2026-01-15,22025,GSW vs. NYK,W,126,38.0,26,7.0,6,12,0.539,0.769,0.444,13.0,Golden State Warriors
0022500580,2026-01-15,22025,BOS @ MIA,W,119,51.0,22,5.0,5,13,0.451,0.96,0.333,5.0,Boston Celtics
0022500586,2026-01-15,22025,CHA @ LAL,W,135,50.0,34,3.0,5,12,0.543,0.938,0.465,18.0,Charlotte Hornets
0022500588,2026-01-16,22025,NOP @ IND,L,119,42.0,22,4.0,4,8,0.5,0.8,0.419,-8.0,New Orleans Pelicans
0022500590,2026-01-16,22025,LAC @ TOR,W,121,36.0,25,12.0,3,16,0.519,0.867,0.361,4.0,Los Angeles Clippers
0022500591,2026-01-16,22025,HOU vs. MIN,W,110,42.0,19,10.0,5,12,0.464,0.588,0.429,5.0,Houston Rockets
0022500590,2026-01-16,22025,TOR vs. LAC,L,117,36.0,30,4.0,5,18,0.483,0.846,0.333,-4.0,Toronto Raptors
0022500587,2026-01-16,22025,BKN vs. CHI,W,112,47.0,30,7.0,4,14,0.429,0.882,0.475,3.0,Brooklyn Nets
0022500592,2026-01-16,22025,SAC vs. WAS,W,128,45.0,36,5.0,5,18,0.58,0.633,0.484,13.0,Sacramento Kings
0022500592,2026-01-16,22025,WAS @ SAC,L,115,34.0,23,9.0,2,11,0.489,0.762,0.324,-13.0,Washington Wizards
0022500591,2026-01-16,22025,MIN @ HOU,L,105,45.0,21,7.0,7,14,0.463,0.571,0.367,-5.0,Minnesota Timberwolves
0022500589,2026-01-16,22025,CLE @ PHI,W,117,42.0,38,7.0,5,18,0.518,0.706,0.5,2.0,Cleveland Cavaliers
0022500589,2026-01-16,22025,PHI vs. CLE,L,115,37.0,28,11.0,8,10,0.473,0.895,0.375,-2.0,Philadelphia 76ers
0022500588,2026-01-16,22025,IND vs. NOP,W,127,43.0,37,5.0,7,7,0.515,0.667,0.349,8.0,Indiana Pacers
0022500587,2026-01-16,22025,CHI @ BKN,L,109,41.0,28,10.0,10,7,0.477,0.8,0.314,-3.0,Chicago Bulls
0022500599,2026-01-17,22025,GSW vs. CHA,W,136,41.0,34,8.0,7,11,0.548,0.846,0.442,20.0,Golden State Warriors
0022500595,2026-01-17,22025,DET vs. IND,W,121,51.0,32,15.0,6,19,0.495,0.684,0.471,43.0,Detroit Pistons
0022500595,2026-01-17,22025,IND @ DET,L,78,42.0,18,13.0,2,24,0.354,0.519,0.229,-43.0,Indiana Pacers
0022500593,2026-01-17,22025,DAL vs. UTA,W,138,44.0,36,8.0,2,11,0.538,0.611,0.439,18.0,Dallas Mavericks
0022500596,2026-01-17,22025,PHX @ NYK,W,106,37.0,22,9.0,2,12,0.415,0.852,0.357,7.0,Phoenix Suns
0022500601,2026-01-17,22025,LAL @ POR,L,116,27.0,25,8.0,6,15,0.494,0.905,0.419,-16.0,Los Angeles Lakers
0022500598,2026-01-17,22025,MIN @ SAS,L,123,41.0,22,7.0,7,11,0.467,0.893,0.412,-3.0,Minnesota Timberwolves
0022500594,2026-01-17,22025,ATL vs. BOS,L,106,47.0,29,10.0,4,11,0.373,0.882,0.326,-26.0,Atlanta Hawks
0022500593,2026-01-17,22025,UTA @ DAL,L,120,41.0,30,5.0,3,15,0.539,0.7,0.323,-18.0,Utah Jazz
0022500597,2026-01-17,22025,MIA vs. OKC,W,122,51.0,30,7.0,4,4,0.369,0.714,0.4,2.0,Miami Heat
0022500594,2026-01-17,22025,BOS @ ATL,W,132,55.0,27,9.0,8,16,0.505,0.818,0.423,26.0,Boston Celtics
0022500601,2026-01-17,22025,POR vs. LAL,W,132,42.0,24,9.0,5,15,0.523,0.765,0.381,16.0,Portland Trail Blazers
0022500600,2026-01-17,22025,DEN vs. WAS,W,121,38.0,31,7.0,4,12,0.529,0.739,0.4,6.0,Denver Nuggets
0022500599,2026-01-17,22025,CHA @ GSW,L,116,44.0,27,5.0,3,17,0.457,0.824,0.364,-20.0,Charlotte Hornets
0022500598,2026-01-17,22025,SAS vs. MIN,W,126,43.0,35,6.0,5,11,0.5,0.607,0.395,3.0,San Antonio Spurs
0022500596,2026-01-17,22025,NYK vs. PHX,L,99,47.0,20,9.0,5,17,0.402,0.76,0.318,-7.0,New York Knicks
0022500597,2026-01-17,22025,OKC @ MIA,L,120,46.0,23,3.0,6,14,0.545,0.821,0.448,-2.0,Oklahoma City Thunder
0022500600,2026-01-17,22025,WAS @ DEN,L,115,48.0,20,9.0,4,11,0.458,0.552,0.367,-6.0,Washington Wizards
0022500605,2026-01-18,22025,DEN vs. CHA,L,87,29.0,21,7.0,5,8,0.405,0.833,0.211,-23.0,Denver Nuggets
0022500603,2026-01-18,22025,CHI vs. BKN,W,124,44.0,41,8.0,5,7,0.521,0.667,0.435,22.0,Chicago Bulls
0022500604,2026-01-18,22025,NOP @ HOU,L,110,39.0,27,10.0,5,13,0.5,0.8,0.385,-9.0,New Orleans Pelicans
0022500604,2026-01-18,22025,HOU vs. NOP,W,119,47.0,22,9.0,4,15,0.5,0.727,0.361,9.0,Houston Rockets
0022500607,2026-01-18,22025,TOR @ LAL,L,93,43.0,30,7.0,5,9,0.418,0.667,0.219,-17.0,Toronto Raptors
0022500606,2026-01-18,22025,POR @ SAC,W,117,43.0,18,7.0,4,14,0.482,0.879,0.25,7.0,Portland Trail Blazers
0022500607,2026-01-18,22025,LAL vs. TOR,W,110,48.0,25,6.0,6,15,0.482,0.824,0.389,17.0,Los Angeles Lakers
0022500603,2026-01-18,22025,BKN @ CHI,L,102,38.0,33,4.0,4,11,0.458,0.667,0.432,-22.0,Brooklyn Nets
0022500606,2026-01-18,22025,SAC vs. POR,L,110,40.0,29,8.0,5,16,0.488,0.833,0.355,-7.0,Sacramento Kings
0022500602,2026-01-18,22025,ORL @ MEM,W,126,42.0,31,12.0,7,12,0.527,0.68,0.371,17.0,Memphis Grizzlies
0022500605,2026-01-18,22025,CHA @ DEN,W,110,52.0,30,4.0,3,12,0.494,0.846,0.324,23.0,Charlotte Hornets
0022500602,2026-01-18,22025,ORL @ MEM,L,109,42.0,30,5.0,6,17,0.442,0.938,0.303,-17.0,Orlando Magic
0022500015,2026-01-19,22025,OKC @ CLE,W,136,38.0,32,11.0,6,11,0.556,0.65,0.489,32.0,Oklahoma City Thunder
0022500609,2026-01-19,22025,IND @ PHI,L,104,46.0,24,4.0,9,22,0.476,0.786,0.382,-9.0,Indiana Pacers
0022500609,2026-01-19,22025,PHI vs. IND,W,113,40.0,22,18.0,5,8,0.477,0.667,0.294,9.0,Philadelphia 76ers
0022500016,2026-01-19,22025,NYK vs. DAL,L,97,53.0,22,10.0,5,17,0.4,0.6,0.29,-17.0,New York Knicks
0022500612,2026-01-19,22025,MIA @ GSW,L,112,54.0,30,6.0,2,19,0.394,0.875,0.289,-23.0,Miami Heat
0022500611,2026-01-19,22025,SAS vs. UTA,W,123,38.0,32,9.0,12,13,0.557,0.76,0.421,13.0,San Antonio Spurs
0022500015,2026-01-19,22025,CLE vs. OKC,L,104,54.0,20,8.0,5,21,0.374,0.8,0.229,-32.0,Cleveland Cavaliers
0022500612,2026-01-19,22025,GSW vs. MIA,W,135,46.0,38,11.0,3,13,0.516,0.765,0.471,23.0,Golden State Warriors
0022500017,2026-01-19,22025,DET vs. BOS,W,104,41.0,24,9.0,9,8,0.432,0.739,0.314,1.0,Detroit Pistons
0022500610,2026-01-19,22025,PHX @ BKN,W,126,35.0,29,4.0,4,12,0.571,0.783,0.513,9.0,Phoenix Suns
0022500611,2026-01-19,22025,UTA @ SAS,L,110,42.0,31,10.0,1,13,0.402,0.852,0.351,-13.0,Utah Jazz
0022500608,2026-01-19,22025,LAC @ WAS,W,110,43.0,20,12.0,6,16,0.462,0.868,0.179,4.0,Los Angeles Clippers
0022500017,2026-01-19,22025,BOS @ DET,L,103,45.0,13,7.0,4,14,0.398,0.8,0.317,-1.0,Boston Celtics
0022500014,2026-01-19,22025,ATL vs. MIL,L,110,51.0,33,9.0,6,10,0.406,0.833,0.286,-2.0,Atlanta Hawks
0022500016,2026-01-19,22025,DAL @ NYK,W,114,49.0,25,9.0,5,17,0.488,0.679,0.469,17.0,Dallas Mavericks
0022500610,2026-01-19,22025,BKN vs. PHX,L,117,28.0,28,7.0,1,7,0.506,0.952,0.395,-9.0,Brooklyn Nets
0022500608,2026-01-19,22025,WAS vs. LAC,L,106,45.0,27,7.0,5,19,0.43,0.864,0.371,-4.0,Washington Wizards
0022500014,2026-01-19,22025,MIL @ ATL,W,112,47.0,24,8.0,6,13,0.494,0.72,0.444,2.0,Milwaukee Bucks
0022500615,2026-01-20,22025,SAS @ HOU,L,106,45.0,24,7.0,5,9,0.39,1.0,0.28,-5.0,San Antonio Spurs
0022500617,2026-01-20,22025,DEN vs. LAL,L,107,31.0,27,6.0,7,5,0.448,0.737,0.405,-8.0,Denver Nuggets
0022500618,2026-01-20,22025,GSW vs. TOR,L,127,36.0,28,7.0,1,17,0.516,0.654,0.372,-18.0,Golden State Warriors
0022500619,2026-01-20,22025,MIA @ SAC,W,130,46.0,33,6.0,2,10,0.48,0.625,0.5,13.0,Miami Heat
0022500618,2026-01-20,22025,TOR @ GSW,W,145,37.0,42,7.0,3,15,0.593,1.0,0.618,18.0,Toronto Raptors
0022500613,2026-01-20,22025,PHI vs. PHX,L,110,49.0,20,12.0,6,19,0.419,0.778,0.324,-6.0,Philadelphia 76ers
0022500617,2026-01-20,22025,LAL @ DEN,W,115,51.0,24,3.0,2,12,0.506,0.656,0.4,8.0,Los Angeles Lakers
0022500614,2026-01-20,22025,LAC @ CHI,L,110,41.0,24,6.0,5,16,0.467,0.824,0.333,-28.0,Los Angeles Clippers
0022500616,2026-01-20,22025,MIN @ UTA,L,122,46.0,28,12.0,6,11,0.44,0.741,0.298,-5.0,Minnesota Timberwolves
0022500613,2026-01-20,22025,PHX @ PHI,W,116,42.0,25,5.0,2,22,0.435,1.0,0.41,6.0,Phoenix Suns
0022500619,2026-01-20,22025,SAC vs. MIA,L,117,49.0,27,6.0,4,15,0.506,0.857,0.367,-13.0,Sacramento Kings
0022500615,2026-01-20,22025,HOU vs. SAS,W,111,43.0,29,5.0,9,14,0.518,0.682,0.37,5.0,Houston Rockets
0022500614,2026-01-20,22025,CHI vs. LAC,W,138,42.0,40,10.0,11,12,0.565,0.75,0.532,28.0,Chicago Bulls
0022500616,2026-01-20,22025,UTA vs. MIN,W,127,45.0,31,8.0,4,16,0.552,0.731,0.414,5.0,Utah Jazz
0022500626,2026-01-21,22025,TOR @ SAC,W,122,47.0,30,11.0,3,10,0.457,0.92,0.394,13.0,Toronto Raptors
0022500625,2026-01-21,22025,OKC @ MIL,W,122,42.0,24,12.0,3,8,0.544,0.667,0.389,20.0,Oklahoma City Thunder
0022500621,2026-01-21,22025,IND @ BOS,L,104,42.0,31,6.0,2,13,0.394,0.783,0.267,-15.0,Indiana Pacers
0022500620,2026-01-21,22025,CLE @ CHA,W,94,60.0,20,6.0,8,20,0.391,0.75,0.2,7.0,Cleveland Cavaliers
0022500625,2026-01-21,22025,MIL vs. OKC,L,102,39.0,30,6.0,0,16,0.494,0.667,0.39,-20.0,Milwaukee Bucks
0022500620,2026-01-21,22025,CHA vs. CLE,L,87,47.0,20,12.0,4,12,0.337,0.722,0.17,-7.0,Charlotte Hornets
0022500621,2026-01-21,22025,BOS vs. IND,W,119,54.0,24,8.0,6,14,0.477,0.92,0.387,15.0,Boston Celtics
0022500624,2026-01-21,22025,NOP vs. DET,L,104,46.0,19,13.0,6,17,0.419,0.833,0.219,-8.0,New Orleans Pelicans
0022500626,2026-01-21,22025,SAC vs. TOR,L,109,45.0,25,6.0,6,14,0.466,0.818,0.273,-13.0,Sacramento Kings
0022500623,2026-01-21,22025,ATL @ MEM,W,124,42.0,34,9.0,6,16,0.467,0.75,0.444,2.0,Atlanta Hawks
0022500622,2026-01-21,22025,NYK vs. BKN,W,120,56.0,28,10.0,6,12,0.575,0.706,0.5,54.0,New York Knicks
0022500622,2026-01-21,22025,BKN @ NYK,L,66,27.0,15,5.0,4,14,0.291,0.692,0.275,-54.0,Brooklyn Nets
0022500623,2026-01-21,22025,MEM vs. ATL,L,122,43.0,26,7.0,7,17,0.462,0.889,0.343,-2.0,Memphis Grizzlies
0022500624,2026-01-21,22025,DET @ NOP,W,112,47.0,26,12.0,8,18,0.443,0.792,0.385,8.0,Detroit Pistons
0022500628,2026-01-22,22025,PHI vs. HOU,W,128,46.0,41,13.0,4,15,0.551,0.864,0.344,6.0,Philadelphia 76ers
0022500634,2026-01-22,22025,POR vs. MIA,W,127,50.0,26,10.0,5,18,0.5,0.846,0.4,17.0,Portland Trail Blazers
0022500631,2026-01-22,22025,MIN vs. CHI,L,115,45.0,29,6.0,9,14,0.462,0.933,0.366,-5.0,Minnesota Timberwolves
0022500627,2026-01-22,22025,CHA @ ORL,W,124,47.0,26,7.0,4,14,0.544,0.84,0.472,27.0,Charlotte Hornets
0022500634,2026-01-22,22025,MIA @ POR,L,110,40.0,27,12.0,4,15,0.457,0.789,0.2,-17.0,Miami Heat
0022500633,2026-01-22,22025,LAL @ LAC,L,104,34.0,24,14.0,8,10,0.455,0.722,0.333,-8.0,Los Angeles Lakers
0022500630,2026-01-22,22025,DAL vs. GSW,W,123,54.0,25,6.0,6,21,0.5,0.8,0.371,8.0,Dallas Mavericks
0022500633,2026-01-22,22025,LAC vs. LAL,W,112,49.0,23,8.0,0,18,0.476,0.952,0.387,8.0,Los Angeles Clippers
0022500630,2026-01-22,22025,GSW @ DAL,L,115,35.0,29,15.0,7,10,0.448,0.778,0.326,-8.0,Golden State Warriors
0022500632,2026-01-22,22025,SAS @ UTA,W,126,41.0,30,8.0,11,10,0.506,0.833,0.419,17.0,San Antonio Spurs
0022500632,2026-01-22,22025,UTA vs. SAS,L,109,44.0,31,5.0,3,16,0.478,0.846,0.4,-17.0,Utah Jazz
0022500629,2026-01-22,22025,WAS vs. DEN,L,97,42.0,20,9.0,6,14,0.381,0.833,0.302,-10.0,Washington Wizards
0022500631,2026-01-22,22025,CHI @ MIN,W,120,43.0,28,7.0,1,11,0.442,0.818,0.436,5.0,Chicago Bulls
0022500629,2026-01-22,22025,DEN @ WAS,W,107,46.0,22,9.0,6,11,0.446,0.923,0.346,10.0,Denver Nuggets
0022500627,2026-01-22,22025,ORL vs. CHA,L,97,31.0,25,7.0,4,12,0.418,0.773,0.378,-27.0,Orlando Magic
0022500628,2026-01-22,22025,HOU @ PHI,L,122,46.0,33,13.0,5,16,0.465,0.5,0.45,-6.0,Houston Rockets
0022500641,2026-01-23,22025,IND @ OKC,W,117,51.0,34,5.0,1,10,0.469,0.55,0.421,3.0,Indiana Pacers
0022500641,2026-01-23,22025,OKC vs. IND,L,114,41.0,18,4.0,8,9,0.488,0.9,0.269,-3.0,Oklahoma City Thunder
0022500635,2026-01-23,22025,DET vs. HOU,L,104,35.0,22,9.0,4,16,0.476,0.708,0.219,-7.0,Detroit Pistons
0022500640,2026-01-23,22025,MIL vs. DEN,L,100,51.0,24,7.0,8,10,0.4,0.741,0.308,-2.0,Milwaukee Bucks
0022500637,2026-01-23,22025,BOS @ BKN,W,130,41.0,35,8.0,5,8,0.45,0.625,0.431,4.0,Boston Celtics
0022500638,2026-01-23,22025,SAC @ CLE,L,118,43.0,26,5.0,2,11,0.472,0.955,0.394,-5.0,Sacramento Kings
0022500637,2026-01-23,22025,BKN vs. BOS,L,126,58.0,22,5.0,6,17,0.442,0.853,0.295,-4.0,Brooklyn Nets
0022500639,2026-01-23,22025,NOP @ MEM,W,133,49.0,29,14.0,4,10,0.465,0.848,0.361,6.0,New Orleans Pelicans
0022500639,2026-01-23,22025,MEM vs. NOP,L,127,47.0,34,4.0,10,19,0.489,0.864,0.383,-6.0,Memphis Grizzlies
0022500638,2026-01-23,22025,CLE vs. SAC,W,123,48.0,23,6.0,6,6,0.458,0.815,0.361,5.0,Cleveland Cavaliers
0022500640,2026-01-23,22025,DEN @ MIL,W,102,47.0,27,8.0,3,7,0.402,0.87,0.293,2.0,Denver Nuggets
0022500642,2026-01-23,22025,POR vs. TOR,L,98,45.0,22,7.0,3,13,0.398,0.7,0.289,-12.0,Portland Trail Blazers
0022500642,2026-01-23,22025,TOR @ POR,W,110,46.0,28,7.0,9,16,0.529,0.647,0.31,12.0,Toronto Raptors
0022500635,2026-01-23,22025,HOU @ DET,W,111,43.0,21,11.0,7,15,0.494,0.8,0.346,7.0,Houston Rockets
0022500636,2026-01-23,22025,ATL vs. PHX,W,110,48.0,28,5.0,3,21,0.531,0.688,0.5,7.0,Atlanta Hawks
0022500636,2026-01-23,22025,PHX @ ATL,L,103,42.0,24,15.0,3,12,0.442,0.889,0.324,-7.0,Phoenix Suns
0022500648,2026-01-24,22025,LAL @ DAL,W,116,57.0,26,7.0,8,14,0.444,0.759,0.412,6.0,Los Angeles Lakers
0022500648,2026-01-24,22025,DAL vs. LAL,L,110,43.0,22,10.0,6,11,0.415,0.759,0.345,-6.0,Dallas Mavericks
0022500645,2026-01-24,22025,CHA vs. WAS,W,119,46.0,30,8.0,3,21,0.519,0.767,0.389,4.0,Charlotte Hornets
0022500649,2026-01-24,22025,MIA @ UTA,W,147,64.0,35,10.0,6,13,0.435,0.81,0.404,31.0,Miami Heat
0022500647,2026-01-24,22025,CHI vs. BOS,W,114,44.0,32,2.0,6,15,0.506,0.875,0.467,3.0,Chicago Bulls
0022500646,2026-01-24,22025,ORL vs. CLE,L,105,37.0,21,8.0,3,16,0.407,0.875,0.275,-14.0,Orlando Magic
0022500645,2026-01-24,22025,WAS @ CHA,L,115,34.0,35,14.0,6,13,0.458,0.889,0.358,-4.0,Washington Wizards
0022500643,2026-01-24,22025,PHI vs. NYK,L,109,37.0,24,7.0,4,13,0.506,0.759,0.31,-3.0,Philadelphia 76ers
0022500643,2026-01-24,22025,NYK @ PHI,W,112,53.0,27,6.0,5,10,0.441,0.556,0.341,3.0,New York Knicks
0022500647,2026-01-24,22025,BOS @ CHI,L,111,38.0,28,10.0,5,6,0.444,0.889,0.319,-3.0,Boston Celtics
0022500649,2026-01-24,22025,UTA vs. MIA,L,116,34.0,36,9.0,10,14,0.478,0.75,0.28,-31.0,Utah Jazz
0022500646,2026-01-24,22025,CLE @ ORL,W,119,38.0,27,11.0,6,14,0.531,0.818,0.441,14.0,Cleveland Cavaliers
0022500654,2026-01-25,22025,SAS vs. NOP,L,95,46.0,22,2.0,5,11,0.395,0.594,0.273,-9.0,San Antonio Spurs
0022500654,2026-01-25,22025,NOP @ SAS,W,104,58.0,23,3.0,5,10,0.402,0.765,0.265,9.0,New Orleans Pelicans
0022500653,2026-01-25,22025,TOR @ OKC,W,103,51.0,28,10.0,6,11,0.43,0.654,0.353,2.0,Toronto Raptors
0022500644,2026-01-25,22025,GSW @ MIN,W,111,45.0,31,20.0,5,12,0.421,0.938,0.314,26.0,Golden State Warriors
0022500656,2026-01-25,22025,BKN @ LAC,L,89,36.0,23,14.0,4,16,0.341,0.88,0.209,-37.0,Brooklyn Nets
0022500656,2026-01-25,22025,LAC vs. BKN,W,126,51.0,20,12.0,5,19,0.564,0.897,0.48,37.0,Los Angeles Clippers
0022500644,2026-01-25,22025,MIN vs. GSW,L,85,50.0,16,6.0,5,25,0.38,0.6,0.342,-26.0,Minnesota Timberwolves
0022500650,2026-01-25,22025,SAC @ DET,L,116,33.0,32,7.0,7,19,0.524,0.607,0.44,-23.0,Sacramento Kings
0022500653,2026-01-25,22025,OKC vs. TOR,L,101,37.0,21,5.0,5,11,0.44,0.774,0.256,-2.0,Oklahoma City Thunder
0022500650,2026-01-25,22025,DET vs. SAC,W,139,43.0,31,15.0,5,18,0.549,0.821,0.516,23.0,Detroit Pistons
0022500655,2026-01-25,22025,MIA @ PHX,W,111,59.0,21,6.0,3,10,0.419,0.828,0.257,9.0,Miami Heat
0022500655,2026-01-25,22025,PHX vs. MIA,L,102,56.0,14,6.0,7,10,0.37,0.808,0.2,-9.0,Phoenix Suns
0022500657,2026-01-26,22025,CHA vs. PHI,W,130,53.0,34,8.0,4,23,0.566,0.704,0.415,37.0,Charlotte Hornets
0022500660,2026-01-26,22025,BOS vs. POR,W,102,41.0,24,11.0,4,17,0.433,0.611,0.382,8.0,Boston Celtics
0022500659,2026-01-26,22025,IND @ ATL,L,116,42.0,31,11.0,7,16,0.462,0.8,0.286,-16.0,Indiana Pacers
0022500662,2026-01-26,22025,HOU vs. MEM,W,108,57.0,29,9.0,3,16,0.446,0.75,0.297,9.0,Houston Rockets
0022500660,2026-01-26,22025,POR @ BOS,L,94,46.0,17,11.0,8,18,0.41,0.667,0.25,-8.0,Portland Trail Blazers
0022500662,2026-01-26,22025,MEM @ HOU,L,99,52.0,26,9.0,5,13,0.371,0.824,0.189,-9.0,Memphis Grizzlies
0022500661,2026-01-26,22025,LAL @ CHI,W,129,35.0,26,7.0,3,6,0.561,0.724,0.485,10.6,Los Angeles Lakers
0022500661,2026-01-26,22025,CHI vs. LAL,L,118,40.0,31,5.0,0,15,0.524,0.778,0.367,-11.0,Chicago Bulls
0022500657,2026-01-26,22025,PHI @ CHA,L,93,33.0,20,14.0,3,17,0.393,0.737,0.3,-37.0,Philadelphia 76ers
0022500663,2026-01-26,22025,MIN vs. GSW,W,108,56.0,29,12.0,10,22,0.457,0.769,0.4,25.0,Minnesota Timberwolves
0022500658,2026-01-26,22025,CLE vs. ORL,W,114,45.0,23,6.0,5,14,0.532,0.704,0.44,16.0,Cleveland Cavaliers
0022500658,2026-01-26,22025,ORL @ CLE,L,98,42.0,21,10.0,6,11,0.404,0.733,0.282,-16.0,Orlando Magic
0022500663,2026-01-26,22025,GSW @ MIN,L,83,45.0,21,13.0,4,18,0.347,0.615,0.231,-25.0,Golden State Warriors
0022500659,2026-01-26,22025,ATL vs. IND,W,132,46.0,35,11.0,9,14,0.5,0.941,0.419,16.0,Atlanta Hawks
