GAME_ID,GAME_DATE,TEAM_NAME,MATCHUP,WL,WIN,PTS,REB,AST,STL,BLK,TOV,FG_PCT,FT_PCT,FG3_PCT,PLUS_MINUS,SEASON_ID
22200001,2022-10-18,Philadelphia 76ers,PHI @ BOS,L,0,117,31.0,16,8.0,3,14,0.5,0.857,0.382,-9.0,22022
22200001,2022-10-18,Boston Celtics,BOS vs. PHI,W,1,126,36.0,24,8.0,3,10,0.561,0.786,0.343,9.0,22022
22200002,2022-10-18,Los Angeles Lakers,LAL @ GSW,L,0,109,48.0,23,12.0,4,21,0.426,0.76,0.25,-14.0,22022
22200002,2022-10-18,Golden State Warriors,GSW vs. LAL,W,1,123,48.0,31,11.0,4,18,0.455,0.739,0.356,14.0,22022
22200011,2022-10-19,Charlotte Hornets,CHA @ SAS,W,1,129,51.0,26,7.0,10,15,0.511,0.87,0.448,27.0,22022
22200004,2022-10-19,Indiana Pacers,IND vs. WAS,L,0,107,42.0,21,7.0,5,15,0.402,0.667,0.357,-7.0,22022
22200009,2022-10-19,New York Knicks,NYK @ MEM,L,0,112,54.0,28,7.0,5,12,0.404,0.833,0.243,-3.0,22022
22200006,2022-10-19,Brooklyn Nets,BKN vs. NOP,L,0,108,39.0,22,10.0,10,16,0.449,0.75,0.303,-22.0,22022
22200013,2022-10-19,Phoenix Suns,PHX vs. DAL,W,1,107,40.0,25,4.0,5,12,0.471,0.864,0.364,2.0,22022
22200010,2022-10-19,Minnesota Timberwolves,MIN vs. OKC,W,1,115,55.0,25,6.0,5,14,0.415,0.818,0.263,7.0,22022
22200014,2022-10-19,Portland Trail Blazers,POR @ SAC,W,1,115,44.0,20,11.0,2,11,0.443,0.788,0.393,7.0,22022
22200007,2022-10-19,Miami Heat,MIA vs. CHI,L,0,108,46.0,21,6.0,2,19,0.463,0.786,0.429,-8.0,22022
22200014,2022-10-19,Sacramento Kings,SAC vs. POR,L,0,108,41.0,27,8.0,5,15,0.459,0.684,0.386,-7.0,22022
22200011,2022-10-19,San Antonio Spurs,SAS vs. CHA,L,0,102,44.0,22,8.0,8,15,0.404,0.714,0.206,-27.0,22022
22200010,2022-10-19,Oklahoma City Thunder,OKC @ MIN,L,0,108,57.0,22,6.0,6,13,0.384,0.818,0.311,-7.0,22022
22200008,2022-10-19,Toronto Raptors,TOR vs. CLE,W,1,108,41.0,19,15.0,4,13,0.419,0.719,0.433,3.0,22022
22200005,2022-10-19,Houston Rockets,HOU @ ATL,L,0,107,54.0,25,4.0,3,15,0.429,0.933,0.257,-10.0,22022
22200009,2022-10-19,Memphis Grizzlies,MEM vs. NYK,W,1,115,64.0,27,6.0,7,13,0.389,0.609,0.34,3.0,22022
22200005,2022-10-19,Atlanta Hawks,ATL vs. HOU,W,1,117,38.0,30,12.0,5,9,0.5,0.833,0.28,10.0,22022
22200003,2022-10-19,Detroit Pistons,DET vs. ORL,W,1,113,41.0,31,11.0,4,12,0.426,0.792,0.368,4.0,22022
22200004,2022-10-19,Washington Wizards,WAS @ IND,W,1,114,53.0,21,5.0,10,16,0.457,0.792,0.355,7.0,22022
22200008,2022-10-19,Cleveland Cavaliers,CLE @ TOR,L,0,105,38.0,25,5.0,5,17,0.494,0.826,0.357,-3.0,22022
22200012,2022-10-19,Denver Nuggets,DEN @ UTA,L,0,102,35.0,21,10.0,3,21,0.482,0.944,0.227,-21.0,22022
22200006,2022-10-19,New Orleans Pelicans,NOP @ BKN,W,1,130,61.0,31,9.0,4,12,0.49,0.72,0.462,22.0,22022
22200007,2022-10-19,Chicago Bulls,CHI @ MIA,W,1,116,46.0,23,12.0,6,14,0.441,0.75,0.361,8.0,22022
22200003,2022-10-19,Orlando Magic,ORL @ DET,L,0,109,48.0,21,5.0,5,18,0.488,0.737,0.367,-4.0,22022
22200012,2022-10-19,Utah Jazz,UTA vs. DEN,W,1,123,43.0,27,10.0,1,19,0.506,0.742,0.421,21.0,22022
22200013,2022-10-19,Dallas Mavericks,DAL @ PHX,L,0,105,40.0,17,6.0,4,12,0.467,0.618,0.4,-2.0,22022
22200015,2022-10-20,Milwaukee Bucks,MIL @ PHI,W,1,90,48.0,24,4.0,6,12,0.405,0.643,0.31,2.0,22022
22200016,2022-10-20,Los Angeles Clippers,LAC @ LAL,W,1,103,58.0,18,7.0,7,22,0.463,0.645,0.31,6.0,22022
22200015,2022-10-20,Philadelphia 76ers,PHI vs. MIL,L,0,88,44.0,17,6.0,5,10,0.434,0.846,0.208,-2.0,22022
22200016,2022-10-20,Los Angeles Lakers,LAL vs. LAC,L,0,97,38.0,23,13.0,5,10,0.351,0.846,0.2,-6.0,22022
22200022,2022-10-21,Miami Heat,MIA vs. BOS,L,0,104,36.0,23,8.0,3,9,0.457,0.8,0.308,-7.0,22022
22200026,2022-10-21,Denver Nuggets,DEN @ GSW,W,1,128,41.0,30,10.0,2,20,0.535,0.84,0.441,5.0,22022
22200024,2022-10-21,Houston Rockets,HOU vs. MEM,L,0,122,45.0,18,4.0,6,14,0.473,0.6,0.457,-7.0,22022
22200020,2022-10-21,Atlanta Hawks,ATL vs. ORL,W,1,108,46.0,26,10.0,2,17,0.449,0.938,0.419,10.0,22022
22200022,2022-10-21,Boston Celtics,BOS @ MIA,W,1,111,43.0,17,4.0,11,19,0.519,1.0,0.424,7.0,22022
22200020,2022-10-21,Orlando Magic,ORL @ ATL,L,0,98,44.0,16,9.0,7,19,0.413,0.8,0.235,-10.0,22022
22200017,2022-10-21,Charlotte Hornets,CHA vs. NOP,L,0,112,37.0,30,9.0,4,13,0.454,0.786,0.382,-12.0,22022
22200017,2022-10-21,New Orleans Pelicans,NOP @ CHA,W,1,124,53.0,23,9.0,7,15,0.472,0.865,0.364,12.0,22022
22200025,2022-10-21,Minnesota Timberwolves,MIN vs. UTA,L,0,126,60.0,20,5.0,7,20,0.458,0.739,0.333,-6.0,22022
22200019,2022-10-21,Chicago Bulls,CHI @ WAS,L,0,100,38.0,19,8.0,3,13,0.418,0.818,0.259,-2.0,22022
22200021,2022-10-21,Brooklyn Nets,BKN vs. TOR,W,1,109,44.0,26,3.0,13,13,0.475,0.69,0.371,4.0,22022
22200026,2022-10-21,Golden State Warriors,GSW vs. DEN,L,0,123,35.0,34,10.0,3,18,0.477,0.889,0.341,-5.0,22022
22200023,2022-10-21,New York Knicks,NYK vs. DET,W,1,130,50.0,29,4.0,6,12,0.526,0.636,0.421,24.0,22022
22200021,2022-10-21,Toronto Raptors,TOR @ BKN,L,0,105,41.0,25,9.0,4,13,0.488,0.667,0.393,-4.0,22022
22200018,2022-10-21,San Antonio Spurs,SAS @ IND,W,1,137,37.0,34,9.0,4,17,0.543,0.727,0.548,3.0,22022
22200019,2022-10-21,Washington Wizards,WAS vs. CHI,W,1,102,39.0,26,8.0,8,16,0.513,0.909,0.385,2.0,22022
22200027,2022-10-21,Portland Trail Blazers,POR vs. PHX,W,1,113,48.0,14,8.0,5,18,0.439,0.861,0.345,2.0,22022
22200023,2022-10-21,Detroit Pistons,DET @ NYK,L,0,106,49.0,26,6.0,2,15,0.433,0.594,0.25,-24.0,22022
22200027,2022-10-21,Phoenix Suns,PHX @ POR,L,0,111,41.0,31,14.0,1,16,0.457,0.714,0.37,-2.0,22022
22200018,2022-10-21,Indiana Pacers,IND vs. SAS,L,0,134,42.0,32,8.0,6,16,0.49,0.955,0.314,-3.0,22022
22200025,2022-10-21,Utah Jazz,UTA @ MIN,W,1,132,54.0,39,11.0,8,13,0.441,0.667,0.4,6.0,22022
22200024,2022-10-21,Memphis Grizzlies,MEM @ HOU,W,1,129,50.0,26,8.0,10,12,0.459,0.69,0.452,7.0,22022
22200035,2022-10-22,Oklahoma City Thunder,OKC @ DEN,L,0,117,47.0,29,10.0,5,12,0.447,0.783,0.395,-5.0,22022
22200036,2022-10-22,Los Angeles Clippers,LAC @ SAC,W,1,111,40.0,24,8.0,3,13,0.506,0.909,0.409,2.0,22022
22200031,2022-10-22,Miami Heat,MIA vs. TOR,W,1,112,44.0,28,2.0,2,15,0.5,0.926,0.367,3.0,22022
22200034,2022-10-22,Dallas Mavericks,DAL vs. MEM,W,1,137,52.0,23,7.0,7,15,0.5,0.833,0.436,41.0,22022
22200034,2022-10-22,Memphis Grizzlies,MEM @ DAL,L,0,96,29.0,20,4.0,8,17,0.43,0.792,0.273,-41.0,22022
22200035,2022-10-22,Denver Nuggets,DEN vs. OKC,W,1,122,46.0,33,5.0,6,18,0.494,0.581,0.526,5.0,22022
22200033,2022-10-22,Houston Rockets,HOU @ MIL,L,0,105,47.0,20,9.0,6,12,0.387,0.773,0.432,-20.0,22022
22200028,2022-10-22,San Antonio Spurs,SAS @ PHI,W,1,114,43.0,27,5.0,7,14,0.483,0.8,0.421,9.0,22022
22200032,2022-10-22,Chicago Bulls,CHI vs. CLE,L,0,96,35.0,19,12.0,7,10,0.405,0.84,0.241,-32.0,22022
22200029,2022-10-22,Indiana Pacers,IND vs. DET,W,1,124,59.0,28,7.0,15,11,0.437,0.75,0.381,9.0,22022
22200031,2022-10-22,Toronto Raptors,TOR @ MIA,L,0,109,37.0,24,9.0,5,6,0.425,0.75,0.359,-3.0,22022
22200032,2022-10-22,Cleveland Cavaliers,CLE @ CHI,W,1,128,48.0,32,4.0,5,17,0.565,0.889,0.593,32.0,22022
22200029,2022-10-22,Detroit Pistons,DET @ IND,L,0,115,53.0,26,5.0,3,13,0.389,0.767,0.429,-9.0,22022
22200028,2022-10-22,Philadelphia 76ers,PHI vs. SAS,L,0,105,40.0,26,6.0,5,12,0.44,0.75,0.323,-9.0,22022
22200030,2022-10-22,Boston Celtics,BOS @ ORL,W,1,126,37.0,24,5.0,6,8,0.483,0.821,0.404,6.0,22022
22200030,2022-10-22,Orlando Magic,ORL vs. BOS,L,0,120,48.0,21,5.0,7,9,0.474,0.652,0.441,-6.0,22022
22200036,2022-10-22,Sacramento Kings,SAC vs. LAC,L,0,109,39.0,24,5.0,5,12,0.471,0.577,0.4,-2.0,22022
22200033,2022-10-22,Milwaukee Bucks,MIL vs. HOU,W,1,125,47.0,29,6.0,10,16,0.565,0.619,0.516,20.0,22022
22200039,2022-10-23,Washington Wizards,WAS @ CLE,L,0,107,35.0,25,9.0,4,18,0.494,0.6,0.429,-10.0,22022
22200040,2022-10-23,New Orleans Pelicans,NOP vs. UTA,L,0,121,45.0,30,8.0,6,17,0.471,0.773,0.296,-4.0,22022
22200039,2022-10-23,Cleveland Cavaliers,CLE vs. WAS,W,1,117,48.0,19,10.0,5,13,0.427,0.88,0.394,10.0,22022
22200038,2022-10-23,Charlotte Hornets,CHA @ ATL,W,1,126,52.0,28,7.0,6,13,0.522,0.7,0.423,17.0,22022
22200040,2022-10-23,Utah Jazz,UTA @ NOP,W,1,122,44.0,29,13.0,6,16,0.439,0.821,0.342,4.0,22022
22200038,2022-10-23,Atlanta Hawks,ATL vs. CHA,L,0,109,45.0,23,8.0,9,12,0.411,0.821,0.229,-17.0,22022
22200042,2022-10-23,Sacramento Kings,SAC @ GSW,L,0,125,51.0,31,10.0,2,16,0.47,0.8,0.256,-5.0,22022
22200043,2022-10-23,Los Angeles Clippers,LAC vs. PHX,L,0,95,43.0,16,10.0,0,14,0.439,0.7,0.281,-17.0,22022
22200041,2022-10-23,Oklahoma City Thunder,OKC vs. MIN,L,0,106,42.0,24,7.0,4,11,0.436,0.714,0.22,-10.0,22022
22200037,2022-10-23,Los Angeles Lakers,LAL vs. POR,L,0,104,40.0,26,9.0,9,13,0.446,0.8,0.182,-2.0,22022
22200043,2022-10-23,Phoenix Suns,PHX @ LAC,W,1,112,49.0,29,5.0,3,12,0.462,0.917,0.357,17.0,22022
22200037,2022-10-23,Portland Trail Blazers,POR @ LAL,W,1,106,52.0,19,6.0,5,19,0.44,0.815,0.37,2.0,22022
22200042,2022-10-23,Golden State Warriors,GSW vs. SAC,W,1,130,37.0,24,7.0,5,13,0.517,0.722,0.424,5.0,22022
22200041,2022-10-23,Minnesota Timberwolves,MIN @ OKC,W,1,116,54.0,24,9.0,3,15,0.523,0.636,0.294,10.0,22022
22200046,2022-10-24,Orlando Magic,ORL @ NYK,L,0,102,41.0,14,6.0,4,12,0.419,0.852,0.2,-13.0,22022
22200047,2022-10-24,Boston Celtics,BOS @ CHI,L,0,102,45.0,26,5.0,7,10,0.37,0.833,0.375,-18.0,22022
22200044,2022-10-24,Philadelphia 76ers,PHI vs. IND,W,1,120,39.0,25,8.0,7,7,0.475,0.893,0.442,14.0,22022
22200046,2022-10-24,New York Knicks,NYK vs. ORL,W,1,115,50.0,24,7.0,3,13,0.462,0.72,0.297,13.0,22022
22200051,2022-10-24,Portland Trail Blazers,POR vs. DEN,W,1,135,45.0,23,3.0,6,8,0.578,0.742,0.457,25.0,22022
22200048,2022-10-24,Utah Jazz,UTA @ HOU,L,0,108,49.0,23,8.0,10,20,0.473,0.563,0.344,-6.0,22022
22200050,2022-10-24,San Antonio Spurs,SAS @ MIN,W,1,115,50.0,37,11.0,0,13,0.457,0.538,0.324,9.0,22022
22200047,2022-10-24,Chicago Bulls,CHI vs. BOS,W,1,120,60.0,29,4.0,6,13,0.483,0.897,0.476,18.0,22022
22200045,2022-10-24,Miami Heat,MIA vs. TOR,L,0,90,46.0,19,5.0,3,12,0.349,0.889,0.235,-8.0,22022
22200049,2022-10-24,Memphis Grizzlies,MEM vs. BKN,W,1,134,38.0,21,7.0,3,8,0.5,0.774,0.471,10.0,22022
22200051,2022-10-24,Denver Nuggets,DEN @ POR,L,0,110,38.0,28,4.0,1,8,0.495,0.571,0.387,-25.0,22022
22200044,2022-10-24,Indiana Pacers,IND @ PHI,L,0,106,47.0,27,3.0,4,13,0.422,0.783,0.273,-14.0,22022
22200048,2022-10-24,Houston Rockets,HOU vs. UTA,W,1,114,47.0,17,7.0,7,15,0.422,0.844,0.314,6.0,22022
22200050,2022-10-24,Minnesota Timberwolves,MIN vs. SAS,L,0,106,50.0,24,7.0,5,16,0.442,0.917,0.258,-9.0,22022
22200045,2022-10-24,Toronto Raptors,TOR @ MIA,W,1,98,52.0,22,6.0,6,12,0.395,0.8,0.438,8.0,22022
22200049,2022-10-24,Brooklyn Nets,BKN @ MEM,L,0,124,35.0,27,4.0,7,11,0.54,0.808,0.31,-10.0,22022
22200054,2022-10-25,Los Angeles Clippers,LAC @ OKC,L,0,94,47.0,21,5.0,14,18,0.422,0.778,0.323,-14.0,22022
22200053,2022-10-25,New Orleans Pelicans,NOP vs. DAL,W,1,113,26.0,25,7.0,3,14,0.579,0.722,0.444,2.0,22022
22200055,2022-10-25,Phoenix Suns,PHX vs. GSW,W,1,134,48.0,31,8.0,4,13,0.511,0.824,0.414,29.0,22022
22200054,2022-10-25,Oklahoma City Thunder,OKC vs. LAC,W,1,108,60.0,19,12.0,8,5,0.382,0.8,0.133,14.0,22022
22200052,2022-10-25,Washington Wizards,WAS vs. DET,W,1,120,47.0,26,7.0,7,11,0.518,0.846,0.303,21.0,22022
22200055,2022-10-25,Golden State Warriors,GSW @ PHX,L,0,105,40.0,28,7.0,7,13,0.451,0.765,0.286,-29.0,22022
22200053,2022-10-25,Dallas Mavericks,DAL @ NOP,L,0,111,37.0,18,8.0,5,11,0.5,0.708,0.308,-2.0,22022
22200052,2022-10-25,Detroit Pistons,DET @ WAS,L,0,99,41.0,12,6.0,1,13,0.409,0.76,0.286,-21.0,22022
22200065,2022-10-26,Miami Heat,MIA @ POR,W,1,119,46.0,34,13.0,2,16,0.506,0.842,0.395,21.0,22022
22200056,2022-10-26,Cleveland Cavaliers,CLE vs. ORL,W,1,103,43.0,25,6.0,3,12,0.414,0.7,0.303,11.0,22022
22200062,2022-10-26,Minnesota Timberwolves,MIN vs. SAS,W,1,134,30.0,37,9.0,6,16,0.65,0.625,0.588,12.0,22022
22200058,2022-10-26,New York Knicks,NYK vs. CHA,W,1,134,46.0,26,5.0,11,16,0.536,0.864,0.367,3.0,22022
22200062,2022-10-26,San Antonio Spurs,SAS @ MIN,L,0,122,41.0,34,6.0,2,16,0.453,0.909,0.444,-12.0,22022
22200063,2022-10-26,Utah Jazz,UTA vs. HOU,W,1,109,53.0,28,11.0,5,15,0.422,0.667,0.289,8.0,22022
22200064,2022-10-26,Los Angeles Lakers,LAL @ DEN,L,0,99,47.0,25,8.0,4,14,0.444,0.688,0.267,-11.0,22022
22200060,2022-10-26,Brooklyn Nets,BKN @ MIL,L,0,99,37.0,23,7.0,6,14,0.395,0.8,0.259,-11.0,22022
22200058,2022-10-26,Charlotte Hornets,CHA @ NYK,L,0,131,42.0,31,9.0,5,15,0.495,0.667,0.419,-3.0,22022
22200063,2022-10-26,Houston Rockets,HOU @ UTA,L,0,101,49.0,19,7.0,2,19,0.383,0.75,0.275,-8.0,22022
22200060,2022-10-26,Milwaukee Bucks,MIL vs. BKN,W,1,110,54.0,21,8.0,12,18,0.443,0.759,0.278,11.0,22022
22200065,2022-10-26,Portland Trail Blazers,POR vs. MIA,L,0,98,38.0,20,9.0,4,19,0.436,0.692,0.324,-21.0,22022
22200064,2022-10-26,Denver Nuggets,DEN vs. LAL,W,1,110,54.0,34,12.0,5,11,0.457,0.81,0.265,11.0,22022
22200059,2022-10-26,Toronto Raptors,TOR vs. PHI,W,1,119,39.0,32,9.0,5,9,0.548,0.786,0.432,10.0,22022
22200061,2022-10-26,Chicago Bulls,CHI vs. IND,W,1,124,44.0,34,10.0,5,17,0.494,0.917,0.533,15.0,22022
22200057,2022-10-26,Detroit Pistons,DET vs. ATL,L,0,113,40.0,23,4.0,6,13,0.462,0.682,0.438,-5.0,22022
22200061,2022-10-26,Indiana Pacers,IND @ CHI,L,0,109,38.0,31,5.0,12,16,0.43,0.792,0.4,-15.0,22022
22200059,2022-10-26,Philadelphia 76ers,PHI @ TOR,L,0,109,34.0,29,6.0,2,12,0.506,0.684,0.444,-10.0,22022
22200057,2022-10-26,Atlanta Hawks,ATL @ DET,W,1,118,46.0,22,6.0,12,12,0.495,0.8,0.364,5.0,22022
22200056,2022-10-26,Orlando Magic,ORL @ CLE,L,0,92,43.0,19,6.0,6,16,0.432,0.762,0.25,-11.0,22022
22200068,2022-10-27,Miami Heat,MIA @ GSW,L,0,110,31.0,25,16.0,5,12,0.443,0.818,0.326,-13.0,22022
22200066,2022-10-27,Dallas Mavericks,DAL @ BKN,W,1,129,37.0,25,8.0,4,17,0.506,0.771,0.5,4.0,22022
22200067,2022-10-27,Los Angeles Clippers,LAC @ OKC,L,0,110,44.0,21,6.0,5,19,0.537,0.722,0.321,-8.0,22022
22200068,2022-10-27,Golden State Warriors,GSW vs. MIA,W,1,123,50.0,30,4.0,2,19,0.5,0.867,0.391,13.0,22022
22200066,2022-10-27,Brooklyn Nets,BKN vs. DAL,L,0,125,45.0,20,10.0,6,13,0.462,0.9,0.343,-4.0,22022
22200069,2022-10-27,Sacramento Kings,SAC vs. MEM,L,0,110,40.0,28,5.0,2,13,0.482,0.818,0.316,-15.0,22022
22200069,2022-10-27,Memphis Grizzlies,MEM @ SAC,W,1,125,43.0,27,5.0,3,12,0.533,0.722,0.424,15.0,22022
22200067,2022-10-27,Oklahoma City Thunder,OKC vs. LAC,W,1,118,36.0,27,10.0,4,11,0.495,0.875,0.447,8.0,22022
22200075,2022-10-28,New York Knicks,NYK @ MIL,L,0,108,54.0,19,6.0,5,12,0.398,0.688,0.343,-11.0,22022
22200073,2022-10-28,Toronto Raptors,TOR vs. PHI,L,0,90,45.0,20,9.0,5,17,0.384,0.625,0.231,-22.0,22022
22200076,2022-10-28,Minnesota Timberwolves,MIN vs. LAL,W,1,111,49.0,27,13.0,8,10,0.414,0.667,0.325,9.0,22022
22200079,2022-10-28,New Orleans Pelicans,NOP @ PHX,L,0,111,33.0,25,10.0,1,13,0.442,0.909,0.405,-13.0,22022
22200080,2022-10-28,Houston Rockets,HOU @ POR,L,0,111,39.0,23,10.0,6,15,0.426,0.81,0.368,-14.0,22022
22200078,2022-10-28,Utah Jazz,UTA @ DEN,L,0,101,38.0,24,7.0,8,9,0.418,0.789,0.256,-16.0,22022
22200079,2022-10-28,Phoenix Suns,PHX vs. NOP,W,1,124,47.0,33,7.0,7,12,0.522,0.9,0.303,13.0,22022
22200070,2022-10-28,Atlanta Hawks,ATL @ DET,W,1,136,45.0,31,5.0,8,6,0.567,0.778,0.414,24.0,22022
22200074,2022-10-28,Indiana Pacers,IND @ WAS,W,1,127,41.0,30,4.0,7,13,0.506,0.909,0.517,10.0,22022
22200071,2022-10-28,Orlando Magic,ORL vs. CHA,W,1,113,48.0,28,8.0,5,12,0.494,0.731,0.27,20.0,22022
22200070,2022-10-28,Detroit Pistons,DET vs. ATL,L,0,112,42.0,18,2.0,4,10,0.43,0.816,0.219,-24.0,22022
22200073,2022-10-28,Philadelphia 76ers,PHI @ TOR,W,1,112,41.0,25,11.0,6,14,0.524,0.909,0.421,22.0,22022
22200078,2022-10-28,Denver Nuggets,DEN vs. UTA,W,1,117,58.0,18,2.0,4,12,0.459,0.647,0.459,16.0,22022
22200080,2022-10-28,Portland Trail Blazers,POR vs. HOU,W,1,125,45.0,30,9.0,6,15,0.533,0.8,0.371,14.0,22022
22200071,2022-10-28,Charlotte Hornets,CHA @ ORL,L,0,93,47.0,21,3.0,4,14,0.384,0.667,0.289,-20.0,22022
22200075,2022-10-28,Milwaukee Bucks,MIL vs. NYK,W,1,119,60.0,23,8.0,8,6,0.385,0.815,0.289,11.0,22022
22200074,2022-10-28,Washington Wizards,WAS vs. IND,L,0,117,38.0,25,5.0,3,13,0.477,0.821,0.4,-10.0,22022
22200077,2022-10-28,Chicago Bulls,CHI @ SAS,L,0,124,42.0,20,13.0,3,12,0.475,0.808,0.333,-5.0,22022
22200072,2022-10-28,Cleveland Cavaliers,CLE @ BOS,W,1,132,42.0,18,5.0,2,15,0.517,0.765,0.457,9.0,22022
22200077,2022-10-28,San Antonio Spurs,SAS vs. CHI,W,1,129,42.0,37,7.0,3,20,0.535,0.808,0.421,5.0,22022
22200076,2022-10-28,Los Angeles Lakers,LAL @ MIN,L,0,102,55.0,20,8.0,5,22,0.416,0.704,0.31,-9.0,22022
22200072,2022-10-28,Boston Celtics,BOS vs. CLE,L,0,123,34.0,28,9.0,2,19,0.512,0.813,0.394,-9.0,22022
22200086,2022-10-29,Oklahoma City Thunder,OKC @ DAL,W,1,117,47.0,25,9.0,6,15,0.494,0.774,0.2,6.0,22022
22200084,2022-10-29,Philadelphia 76ers,PHI @ CHI,W,1,114,41.0,28,8.0,6,17,0.494,0.815,0.483,5.0,22022
22200081,2022-10-29,Sacramento Kings,SAC vs. MIA,W,1,119,43.0,27,1.0,6,20,0.553,0.724,0.452,6.0,22022
22200083,2022-10-29,Brooklyn Nets,BKN vs. IND,L,0,116,34.0,29,6.0,9,9,0.5,0.769,0.359,-9.0,22022
22200081,2022-10-29,Miami Heat,MIA @ SAC,L,0,113,34.0,18,7.0,3,8,0.427,0.839,0.393,-6.0,22022
22200087,2022-10-29,Utah Jazz,UTA vs. MEM,W,1,124,34.0,30,8.0,6,19,0.517,0.75,0.432,1.0,22022
22200087,2022-10-29,Memphis Grizzlies,MEM @ UTA,L,0,123,40.0,24,11.0,5,20,0.568,0.733,0.444,-1.0,22022
22200085,2022-10-29,Atlanta Hawks,ATL @ MIL,L,0,115,42.0,19,5.0,2,12,0.479,0.8,0.448,-8.0,22022
22200082,2022-10-29,Golden State Warriors,GSW @ CHA,L,0,113,49.0,31,8.0,6,10,0.44,0.75,0.295,-7.0,22022
22200084,2022-10-29,Chicago Bulls,CHI vs. PHI,L,0,109,40.0,22,7.0,3,18,0.45,0.897,0.355,-5.0,22022
22200082,2022-10-29,Charlotte Hornets,CHA vs. GSW,W,1,120,55.0,32,2.0,2,10,0.422,0.774,0.323,7.0,22022
22200083,2022-10-29,Indiana Pacers,IND @ BKN,W,1,125,53.0,31,7.0,1,10,0.426,0.846,0.5,9.0,22022
22200086,2022-10-29,Dallas Mavericks,DAL vs. OKC,L,0,111,49.0,17,8.0,5,16,0.4,0.794,0.2,-6.0,22022
22200085,2022-10-29,Milwaukee Bucks,MIL vs. ATL,W,1,123,49.0,24,8.0,5,11,0.489,0.655,0.389,8.0,22022
22200091,2022-10-30,Detroit Pistons,DET vs. GSW,W,1,128,47.0,24,4.0,3,15,0.482,0.895,0.424,14.0,22022
22200093,2022-10-30,Orlando Magic,ORL @ DAL,L,0,105,47.0,20,2.0,5,12,0.457,0.741,0.379,-9.0,22022
22200095,2022-10-30,Denver Nuggets,DEN @ LAL,L,0,110,48.0,24,3.0,8,9,0.427,0.722,0.375,-11.0,22022
22200089,2022-10-30,Boston Celtics,BOS vs. WAS,W,1,112,47.0,29,4.0,5,13,0.456,0.95,0.447,18.0,22022
22200090,2022-10-30,Cleveland Cavaliers,CLE vs. NYK,W,1,121,43.0,33,3.0,5,14,0.461,0.842,0.46,13.0,22022
22200092,2022-10-30,San Antonio Spurs,SAS vs. MIN,W,1,107,52.0,27,6.0,7,19,0.419,0.76,0.4,9.0,22022
22200093,2022-10-30,Dallas Mavericks,DAL vs. ORL,W,1,114,37.0,15,10.0,1,4,0.494,0.75,0.314,9.0,22022
22200094,2022-10-30,Phoenix Suns,PHX vs. HOU,W,1,124,36.0,29,9.0,8,11,0.536,0.733,0.3,15.0,22022
22200088,2022-10-30,Los Angeles Clippers,LAC vs. NOP,L,0,91,39.0,24,3.0,6,14,0.419,0.615,0.282,-21.0,22022
22200095,2022-10-30,Los Angeles Lakers,LAL vs. DEN,W,1,121,51.0,24,5.0,5,8,0.479,0.8,0.433,11.0,22022
22200088,2022-10-30,New Orleans Pelicans,NOP @ LAC,W,1,112,50.0,32,9.0,1,10,0.495,0.625,0.417,21.0,22022
22200091,2022-10-30,Golden State Warriors,GSW @ DET,L,0,114,42.0,23,8.0,4,14,0.424,0.96,0.308,-14.0,22022
22200092,2022-10-30,Minnesota Timberwolves,MIN @ SAS,L,0,98,45.0,21,11.0,7,11,0.404,0.7,0.138,-9.0,22022
22200094,2022-10-30,Houston Rockets,HOU @ PHX,L,0,109,49.0,18,7.0,1,15,0.437,0.846,0.324,-15.0,22022
22200089,2022-10-30,Washington Wizards,WAS @ BOS,L,0,94,51.0,22,5.0,6,8,0.388,0.688,0.219,-18.0,22022
22200090,2022-10-30,New York Knicks,NYK @ CLE,L,0,108,45.0,26,9.0,2,14,0.489,0.5,0.37,-13.0,22022
22200100,2022-10-31,Detroit Pistons,DET @ MIL,L,0,108,43.0,19,9.0,3,12,0.446,0.857,0.276,-2.0,22022
22200102,2022-10-31,Los Angeles Clippers,LAC vs. HOU,W,1,95,46.0,23,7.0,10,13,0.425,0.706,0.25,2.0,22022
22200102,2022-10-31,Houston Rockets,HOU @ LAC,L,0,93,44.0,17,9.0,8,13,0.386,0.739,0.286,-2.0,22022
22200097,2022-10-31,Washington Wizards,WAS vs. PHI,L,0,111,41.0,22,8.0,4,15,0.469,0.962,0.4,-7.0,22022
22200098,2022-10-31,Brooklyn Nets,BKN vs. IND,W,1,116,39.0,26,11.0,9,19,0.538,0.95,0.367,7.0,22022
22200096,2022-10-31,Charlotte Hornets,CHA vs. SAC,L,0,108,38.0,31,11.0,6,20,0.512,0.571,0.483,-7.0,22022
22200101,2022-10-31,Memphis Grizzlies,MEM @ UTA,L,0,105,52.0,14,8.0,4,16,0.413,0.548,0.231,-16.0,22022
22200101,2022-10-31,Utah Jazz,UTA vs. MEM,W,1,121,48.0,26,10.0,6,15,0.472,0.818,0.404,16.0,22022
22200099,2022-10-31,Toronto Raptors,TOR vs. ATL,W,1,139,44.0,25,13.0,9,6,0.5,0.825,0.412,30.0,22022
22200097,2022-10-31,Philadelphia 76ers,PHI @ WAS,W,1,118,37.0,26,14.0,3,13,0.554,0.7,0.4,7.0,22022
22200100,2022-10-31,Milwaukee Bucks,MIL vs. DET,W,1,110,50.0,20,5.0,5,16,0.437,0.793,0.275,2.0,22022
22200096,2022-10-31,Sacramento Kings,SAC @ CHA,W,1,115,42.0,26,8.0,4,19,0.435,0.857,0.386,7.0,22022
22200099,2022-10-31,Atlanta Hawks,ATL @ TOR,L,0,109,37.0,28,1.0,4,18,0.464,0.8,0.379,-30.0,22022
22200098,2022-10-31,Indiana Pacers,IND @ BKN,L,0,109,38.0,23,11.0,5,24,0.471,0.696,0.282,-7.0,22022
22200104,2022-11-01,Miami Heat,MIA vs. GSW,W,1,116,39.0,32,7.0,3,15,0.455,1.0,0.381,7.0,22022
22200106,2022-11-01,Minnesota Timberwolves,MIN @ PHX,L,0,107,42.0,24,5.0,4,16,0.425,0.833,0.382,-9.0,22022
22200105,2022-11-01,Oklahoma City Thunder,OKC vs. ORL,W,1,116,36.0,28,13.0,9,15,0.474,0.8,0.294,8.0,22022
22200106,2022-11-01,Phoenix Suns,PHX vs. MIN,W,1,116,34.0,31,9.0,8,9,0.461,0.773,0.395,9.0,22022
22200105,2022-11-01,Orlando Magic,ORL @ OKC,L,0,108,49.0,20,7.0,10,24,0.448,1.0,0.345,-8.0,22022
22200103,2022-11-01,Brooklyn Nets,BKN vs. CHI,L,0,99,38.0,27,4.0,7,18,0.486,0.789,0.375,-9.0,22022
22200104,2022-11-01,Golden State Warriors,GSW @ MIA,L,0,109,41.0,31,8.0,5,20,0.464,0.765,0.367,-7.0,22022
22200103,2022-11-01,Chicago Bulls,CHI @ BKN,W,1,108,44.0,20,8.0,4,9,0.438,0.857,0.4,9.0,22022
22200115,2022-11-02,Dallas Mavericks,DAL vs. UTA,W,1,103,37.0,20,9.0,4,11,0.5,0.533,0.289,3.0,22022
22200112,2022-11-02,Houston Rockets,HOU vs. LAC,L,0,101,50.0,17,9.0,5,19,0.42,0.762,0.289,-8.0,22022
22200113,2022-11-02,Milwaukee Bucks,MIL vs. DET,W,1,116,52.0,24,17.0,5,16,0.467,0.833,0.263,25.0,22022
22200116,2022-11-02,Memphis Grizzlies,MEM @ POR,W,1,111,46.0,28,7.0,5,14,0.458,0.815,0.464,5.0,22022
22200117,2022-11-02,New Orleans Pelicans,NOP @ LAL,L,0,117,51.0,35,10.0,5,13,0.461,0.714,0.32,-3.0,22022
22200114,2022-11-02,San Antonio Spurs,SAS vs. TOR,L,0,100,46.0,29,3.0,6,23,0.394,0.857,0.326,-43.0,22022
22200110,2022-11-02,New York Knicks,NYK vs. ATL,L,0,99,52.0,23,3.0,9,16,0.411,0.75,0.278,-13.0,22022
22200107,2022-11-02,Cleveland Cavaliers,CLE vs. BOS,W,1,114,51.0,24,6.0,4,11,0.42,0.792,0.282,1.0,22022
22200109,2022-11-02,Sacramento Kings,SAC @ MIA,L,0,107,39.0,29,4.0,3,12,0.477,0.857,0.361,-3.0,22022
22200108,2022-11-02,Philadelphia 76ers,PHI vs. WAS,L,0,111,32.0,25,3.0,1,8,0.464,0.7,0.528,-10.0,22022
22200116,2022-11-02,Portland Trail Blazers,POR vs. MEM,L,0,106,46.0,27,5.0,3,20,0.404,0.808,0.394,-5.0,22022
22200114,2022-11-02,Toronto Raptors,TOR @ SAS,W,1,143,50.0,31,16.0,6,11,0.538,0.938,0.424,43.0,22022
22200117,2022-11-02,Los Angeles Lakers,LAL vs. NOP,W,1,120,56.0,30,6.0,8,17,0.459,0.87,0.278,3.0,22022
22200115,2022-11-02,Utah Jazz,UTA @ DAL,L,0,100,40.0,28,6.0,1,16,0.464,0.857,0.333,-3.0,22022
22200113,2022-11-02,Detroit Pistons,DET @ MIL,L,0,91,35.0,18,7.0,3,21,0.418,0.933,0.355,-25.0,22022
22200109,2022-11-02,Miami Heat,MIA vs. SAC,W,1,110,46.0,27,5.0,5,11,0.494,0.846,0.324,3.0,22022
22200111,2022-11-02,Chicago Bulls,CHI vs. CHA,W,1,106,51.0,28,6.0,9,19,0.432,0.889,0.452,18.0,22022
22200107,2022-11-02,Boston Celtics,BOS @ CLE,L,0,113,52.0,26,5.0,9,14,0.409,0.963,0.268,-1.0,22022
22200112,2022-11-02,Los Angeles Clippers,LAC @ HOU,W,1,109,43.0,20,10.0,6,14,0.488,0.789,0.364,8.0,22022
22200110,2022-11-02,Atlanta Hawks,ATL @ NYK,W,1,112,51.0,28,11.0,4,7,0.411,0.75,0.353,13.0,22022
22200111,2022-11-02,Charlotte Hornets,CHA @ CHI,L,0,88,47.0,22,12.0,12,16,0.391,0.563,0.219,-18.0,22022
22200108,2022-11-02,Washington Wizards,WAS @ PHI,W,1,121,43.0,27,4.0,9,7,0.577,0.813,0.238,10.0,22022
22200119,2022-11-03,Denver Nuggets,DEN @ OKC,W,1,122,47.0,32,5.0,2,18,0.536,0.875,0.581,12.0,22022
22200118,2022-11-03,Orlando Magic,ORL vs. GSW,W,1,130,46.0,20,9.0,6,19,0.538,0.717,0.433,1.0,22022
22200118,2022-11-03,Golden State Warriors,GSW @ ORL,L,0,129,35.0,31,5.0,3,14,0.515,0.667,0.442,-1.0,22022
22200119,2022-11-03,Oklahoma City Thunder,OKC vs. DEN,L,0,110,40.0,19,9.0,5,10,0.484,0.737,0.207,-12.0,22022
22200127,2022-11-04,Dallas Mavericks,DAL vs. TOR,W,1,111,31.0,23,12.0,3,18,0.506,0.84,0.353,1.0,22022
22200130,2022-11-04,Portland Trail Blazers,POR @ PHX,W,1,108,42.0,30,6.0,3,17,0.506,0.8,0.435,2.0,22022
22200129,2022-11-04,Milwaukee Bucks,MIL @ MIN,W,1,115,51.0,29,7.0,2,13,0.482,0.571,0.447,13.0,22022
22200120,2022-11-04,Cleveland Cavaliers,CLE @ DET,W,1,112,47.0,30,5.0,13,18,0.543,0.813,0.423,24.0,22022
22200129,2022-11-04,Minnesota Timberwolves,MIN vs. MIL,L,0,102,47.0,22,2.0,4,16,0.424,0.765,0.268,-13.0,22022
22200120,2022-11-04,Detroit Pistons,DET vs. CLE,L,0,88,34.0,16,10.0,6,18,0.373,0.867,0.351,-24.0,22022
22200126,2022-11-04,Los Angeles Clippers,LAC @ SAS,W,1,113,44.0,26,6.0,5,16,0.525,0.737,0.455,7.0,22022
22200124,2022-11-04,Chicago Bulls,CHI @ BOS,L,0,119,37.0,21,8.0,5,17,0.518,0.88,0.393,-4.0,22022
22200131,2022-11-04,Los Angeles Lakers,LAL vs. UTA,L,0,116,40.0,22,6.0,6,11,0.482,0.893,0.423,-14.0,22022
22200122,2022-11-04,New York Knicks,NYK @ PHI,W,1,106,50.0,24,5.0,8,21,0.463,0.852,0.273,2.0,22022
22200121,2022-11-04,Miami Heat,MIA @ IND,L,0,99,42.0,17,10.0,2,19,0.383,1.0,0.282,-2.0,22022
22200131,2022-11-04,Utah Jazz,UTA @ LAL,W,1,130,48.0,31,8.0,3,8,0.505,0.9,0.425,14.0,22022
22200128,2022-11-04,New Orleans Pelicans,NOP vs. GSW,W,1,114,37.0,24,10.0,2,15,0.506,0.69,0.414,9.0,22022
22200122,2022-11-04,Philadelphia 76ers,PHI vs. NYK,L,0,104,44.0,27,12.0,8,15,0.378,0.81,0.277,-2.0,22022
22200125,2022-11-04,Charlotte Hornets,CHA @ MEM,L,0,99,41.0,22,11.0,7,18,0.384,0.806,0.296,-31.0,22022
22200130,2022-11-04,Phoenix Suns,PHX vs. POR,L,0,106,39.0,26,8.0,4,17,0.434,0.952,0.412,-2.0,22022
22200123,2022-11-04,Washington Wizards,WAS vs. BKN,L,0,86,39.0,18,4.0,3,13,0.361,0.818,0.235,-42.0,22022
22200125,2022-11-04,Memphis Grizzlies,MEM vs. CHA,W,1,130,60.0,34,6.0,10,18,0.51,0.778,0.444,31.0,22022
22200127,2022-11-04,Toronto Raptors,TOR @ DAL,L,0,110,44.0,20,10.0,4,19,0.443,0.84,0.324,-1.0,22022
22200123,2022-11-04,Brooklyn Nets,BKN @ WAS,W,1,128,48.0,32,8.0,7,7,0.556,1.0,0.5,42.0,22022
22200126,2022-11-04,San Antonio Spurs,SAS vs. LAC,L,0,106,35.0,23,7.0,2,13,0.477,0.556,0.387,-7.0,22022
22200128,2022-11-04,Golden State Warriors,GSW @ NOP,L,0,105,29.0,23,7.0,1,22,0.493,0.92,0.375,-9.0,22022
22200121,2022-11-04,Indiana Pacers,IND vs. MIA,W,1,101,42.0,28,7.0,5,19,0.463,0.652,0.308,2.0,22022
22200124,2022-11-04,Boston Celtics,BOS vs. CHI,W,1,123,39.0,24,5.0,7,13,0.494,0.821,0.29,4.0,22022
22200139,2022-11-05,Portland Trail Blazers,POR @ PHX,L,0,82,40.0,22,5.0,7,17,0.38,0.625,0.467,-20.0,22022
22200138,2022-11-05,San Antonio Spurs,SAS @ DEN,L,0,101,28.0,28,8.0,3,15,0.488,0.579,0.4,-20.0,22022
22200138,2022-11-05,Denver Nuggets,DEN vs. SAS,W,1,126,47.0,37,10.0,0,16,0.609,0.5,0.517,22.4,22022
22200135,2022-11-05,Boston Celtics,BOS @ NYK,W,1,133,34.0,30,5.0,2,12,0.534,1.0,0.529,10.4,22022
22200139,2022-11-05,Phoenix Suns,PHX vs. POR,W,1,102,44.0,22,7.0,14,14,0.427,0.75,0.367,20.0,22022
22200132,2022-11-05,Orlando Magic,ORL vs. SAC,L,0,123,48.0,27,8.0,4,17,0.543,0.95,0.174,-3.0,22022
22200134,2022-11-05,New Orleans Pelicans,NOP @ ATL,L,0,121,59.0,23,8.0,6,16,0.435,0.714,0.304,-3.0,22022
22200134,2022-11-05,Atlanta Hawks,ATL vs. NOP,W,1,124,50.0,28,12.0,8,13,0.456,0.84,0.25,3.0,22022
22200136,2022-11-05,Milwaukee Bucks,MIL vs. OKC,W,1,108,55.0,23,7.0,6,18,0.422,0.882,0.362,14.0,22022
22200133,2022-11-05,Charlotte Hornets,CHA vs. BKN,L,0,94,50.0,22,3.0,6,15,0.372,0.696,0.333,-4.0,22022
22200137,2022-11-05,Houston Rockets,HOU @ MIN,L,0,117,33.0,27,10.0,0,22,0.476,0.677,0.421,-12.0,22022
22200136,2022-11-05,Oklahoma City Thunder,OKC @ MIL,L,0,94,38.0,22,6.0,3,15,0.429,0.625,0.343,-14.0,22022
22200132,2022-11-05,Sacramento Kings,SAC @ ORL,W,1,126,36.0,24,5.0,4,14,0.505,0.654,0.375,3.0,22022
22200137,2022-11-05,Minnesota Timberwolves,MIN vs. HOU,W,1,129,36.0,38,11.0,5,24,0.613,0.8,0.455,12.0,22022
22200135,2022-11-05,New York Knicks,NYK vs. BOS,L,0,118,44.0,22,6.0,4,13,0.511,0.938,0.407,-12.6,22022
22200133,2022-11-05,Brooklyn Nets,BKN @ CHA,W,1,98,41.0,23,8.0,10,11,0.393,0.909,0.333,4.0,22022
22200140,2022-11-06,Cleveland Cavaliers,CLE @ LAL,W,1,114,48.0,19,7.0,6,12,0.44,0.889,0.25,14.0,22022
22200142,2022-11-06,Washington Wizards,WAS @ MEM,L,0,97,49.0,25,5.0,5,10,0.427,0.7,0.195,-6.0,22022
22200140,2022-11-06,Los Angeles Lakers,LAL vs. CLE,L,0,100,43.0,24,4.0,4,16,0.46,0.571,0.296,-14.0,22022
22200141,2022-11-06,Chicago Bulls,CHI @ TOR,L,0,104,46.0,27,5.0,10,17,0.455,0.846,0.361,-9.0,22022
22200143,2022-11-06,Utah Jazz,UTA @ LAC,W,1,110,42.0,18,5.0,4,20,0.467,0.962,0.375,8.0,22022
22200143,2022-11-06,Los Angeles Clippers,LAC vs. UTA,L,0,102,32.0,22,11.0,2,13,0.494,0.615,0.242,-8.0,22022
22200142,2022-11-06,Memphis Grizzlies,MEM vs. WAS,W,1,103,50.0,20,8.0,2,10,0.429,0.8,0.31,6.0,22022
22200141,2022-11-06,Toronto Raptors,TOR vs. CHI,W,1,113,52.0,28,11.0,10,9,0.427,0.75,0.27,9.0,22022
22200144,2022-11-07,Charlotte Hornets,CHA vs. WAS,L,0,100,45.0,27,8.0,7,10,0.416,0.688,0.156,-8.0,22022
22200151,2022-11-07,Toronto Raptors,TOR @ CHI,L,0,97,31.0,24,10.0,7,14,0.424,0.727,0.321,-14.0,22022
22200146,2022-11-07,Oklahoma City Thunder,OKC @ DET,L,0,103,46.0,23,9.0,11,10,0.402,0.647,0.303,-9.0,22022
22200145,2022-11-07,Houston Rockets,HOU @ ORL,W,1,134,40.0,31,9.0,6,20,0.529,0.72,0.5,7.0,22022
22200158,2022-11-07,Los Angeles Clippers,LAC vs. CLE,W,1,119,31.0,19,8.0,2,9,0.506,0.786,0.447,2.0,22022
22200145,2022-11-07,Orlando Magic,ORL vs. HOU,L,0,127,37.0,27,7.0,4,19,0.549,0.806,0.48,-7.0,22022
22200154,2022-11-07,Denver Nuggets,DEN @ SAS,W,1,115,40.0,33,14.0,7,20,0.534,0.65,0.333,6.0,22022
22200150,2022-11-07,Portland Trail Blazers,POR @ MIA,W,1,110,37.0,27,7.0,2,18,0.528,0.857,0.432,3.0,22022
22200158,2022-11-07,Cleveland Cavaliers,CLE @ LAC,L,0,117,48.0,29,6.0,2,17,0.518,0.714,0.485,-2.0,22022
22200157,2022-11-07,Los Angeles Lakers,LAL @ UTA,L,0,116,33.0,15,7.0,5,16,0.488,0.9,0.375,-23.0,22022
22200155,2022-11-07,Dallas Mavericks,DAL vs. BKN,W,1,96,41.0,18,7.0,3,22,0.444,0.833,0.429,2.0,22022
22200153,2022-11-07,New York Knicks,NYK @ MIN,W,1,120,43.0,26,13.0,2,16,0.438,0.92,0.396,13.0,22022
22200156,2022-11-07,Golden State Warriors,GSW vs. SAC,W,1,116,48.0,28,5.0,4,15,0.5,0.667,0.368,3.0,22022
22200156,2022-11-07,Sacramento Kings,SAC @ GSW,L,0,113,43.0,24,9.0,0,10,0.407,0.862,0.35,-3.0,22022
22200152,2022-11-07,Memphis Grizzlies,MEM vs. BOS,L,0,106,45.0,27,4.0,4,11,0.451,0.643,0.341,-3.0,22022
22200148,2022-11-07,Phoenix Suns,PHX @ PHI,L,0,88,37.0,19,8.0,5,13,0.438,0.818,0.316,-12.0,22022
22200157,2022-11-07,Utah Jazz,UTA vs. LAL,W,1,139,41.0,30,10.0,7,14,0.558,0.773,0.421,23.0,22022
22200149,2022-11-07,Atlanta Hawks,ATL vs. MIL,W,1,117,48.0,23,11.0,3,12,0.465,0.824,0.379,19.0,22022
22200147,2022-11-07,Indiana Pacers,IND vs. NOP,W,1,129,45.0,33,6.0,8,17,0.5,0.913,0.458,7.0,22022
22200154,2022-11-07,San Antonio Spurs,SAS vs. DEN,L,0,109,38.0,31,14.0,5,24,0.524,0.611,0.364,-6.0,22022
22200155,2022-11-07,Brooklyn Nets,BKN @ DAL,L,0,94,34.0,22,13.0,5,13,0.438,0.737,0.345,-2.0,22022
22200151,2022-11-07,Chicago Bulls,CHI vs. TOR,W,1,111,49.0,30,7.0,7,21,0.525,0.818,0.321,14.0,22022
22200152,2022-11-07,Boston Celtics,BOS @ MEM,W,1,109,45.0,26,5.0,6,15,0.463,0.75,0.324,3.0,22022
22200146,2022-11-07,Detroit Pistons,DET vs. OKC,W,1,112,58.0,20,6.0,9,14,0.419,0.758,0.273,9.0,22022
22200147,2022-11-07,New Orleans Pelicans,NOP @ IND,L,0,122,43.0,32,7.0,4,10,0.495,0.706,0.412,-7.0,22022
22200148,2022-11-07,Philadelphia 76ers,PHI vs. PHX,W,1,100,48.0,22,5.0,6,15,0.388,0.839,0.375,12.0,22022
22200144,2022-11-07,Washington Wizards,WAS @ CHA,W,1,108,47.0,21,2.0,6,14,0.525,0.633,0.263,8.0,22022
22200153,2022-11-07,Minnesota Timberwolves,MIN vs. NYK,L,0,107,39.0,28,7.0,8,17,0.469,0.833,0.268,-13.0,22022
22200150,2022-11-07,Miami Heat,MIA vs. POR,L,0,107,32.0,28,11.0,2,10,0.476,0.867,0.359,-3.0,22022
22200149,2022-11-07,Milwaukee Bucks,MIL @ ATL,L,0,98,41.0,21,5.0,9,18,0.414,0.813,0.325,-19.0,22022
22200170,2022-11-09,Los Angeles Clippers,LAC vs. LAL,W,1,114,41.0,24,10.0,7,15,0.506,0.769,0.364,13.0,22022
22200160,2022-11-09,Denver Nuggets,DEN @ IND,W,1,122,47.0,27,10.0,7,20,0.489,0.923,0.429,3.0,22022
22200163,2022-11-09,Detroit Pistons,DET @ BOS,L,0,112,48.0,15,7.0,3,10,0.416,0.775,0.212,-16.0,22022
22200159,2022-11-09,Portland Trail Blazers,POR @ CHA,W,1,105,45.0,28,5.0,4,17,0.533,0.56,0.324,10.0,22022
22200171,2022-11-09,Cleveland Cavaliers,CLE @ SAC,L,0,120,42.0,24,4.0,1,18,0.535,0.85,0.423,-7.0,22022
22200168,2022-11-09,Milwaukee Bucks,MIL @ OKC,W,1,136,55.0,27,8.0,7,16,0.472,0.864,0.472,4.0,22022
22200165,2022-11-09,Toronto Raptors,TOR vs. HOU,W,1,116,50.0,19,12.0,9,13,0.412,0.85,0.341,7.0,22022
22200169,2022-11-09,San Antonio Spurs,SAS vs. MEM,L,0,122,39.0,30,8.0,2,12,0.48,0.696,0.324,-2.0,22022
22200164,2022-11-09,New York Knicks,NYK @ BKN,L,0,85,46.0,21,5.0,4,15,0.322,0.654,0.279,-27.0,22022
22200171,2022-11-09,Sacramento Kings,SAC vs. CLE,W,1,127,24.0,30,12.0,4,9,0.526,0.857,0.436,7.0,22022
22200169,2022-11-09,Memphis Grizzlies,MEM @ SAS,W,1,124,53.0,24,4.0,2,19,0.51,0.769,0.438,2.0,22022
22200165,2022-11-09,Houston Rockets,HOU @ TOR,L,0,109,49.0,29,9.0,7,16,0.44,0.839,0.257,-7.0,22022
22200166,2022-11-09,New Orleans Pelicans,NOP @ CHI,W,1,115,50.0,20,8.0,5,16,0.5,0.778,0.158,4.0,22022
22200163,2022-11-09,Boston Celtics,BOS vs. DET,W,1,128,43.0,31,5.0,4,12,0.534,0.762,0.391,16.0,22022
22200164,2022-11-09,Brooklyn Nets,BKN vs. NYK,W,1,112,55.0,30,11.0,5,14,0.483,0.7,0.412,27.0,22022
22200160,2022-11-09,Indiana Pacers,IND vs. DEN,L,0,119,44.0,28,9.0,5,18,0.469,0.789,0.333,-3.0,22022
22200168,2022-11-09,Oklahoma City Thunder,OKC vs. MIL,L,0,132,55.0,24,9.0,9,13,0.45,0.737,0.4,-4.0,22022
22200167,2022-11-09,Minnesota Timberwolves,MIN vs. PHX,L,0,117,38.0,26,4.0,6,19,0.526,0.813,0.333,-12.0,22022
22200161,2022-11-09,Dallas Mavericks,DAL @ ORL,L,0,87,29.0,17,14.0,4,4,0.376,0.632,0.262,-7.0,22022
22200161,2022-11-09,Orlando Magic,ORL vs. DAL,W,1,94,49.0,20,1.0,6,18,0.493,0.667,0.381,7.0,22022
22200170,2022-11-09,Los Angeles Lakers,LAL @ LAC,L,0,101,43.0,26,7.0,2,15,0.455,0.647,0.313,-13.0,22022
22200167,2022-11-09,Phoenix Suns,PHX @ MIN,W,1,129,36.0,31,10.0,3,11,0.485,0.95,0.457,12.0,22022
22200159,2022-11-09,Charlotte Hornets,CHA vs. POR,L,0,95,42.0,21,10.0,3,11,0.374,0.708,0.25,-10.0,22022
22200162,2022-11-09,Atlanta Hawks,ATL vs. UTA,L,0,119,54.0,24,5.0,5,11,0.468,0.818,0.286,-6.0,22022
22200162,2022-11-09,Utah Jazz,UTA @ ATL,W,1,125,47.0,27,5.0,6,13,0.468,0.833,0.436,6.0,22022
22200166,2022-11-09,Chicago Bulls,CHI vs. NOP,L,0,111,35.0,23,5.0,8,15,0.506,0.889,0.259,-4.0,22022
22200172,2022-11-10,Washington Wizards,WAS vs. DAL,W,1,113,52.0,25,5.0,5,17,0.488,0.95,0.4,8.0,22022
22200172,2022-11-10,Dallas Mavericks,DAL @ WAS,L,0,105,41.0,19,9.0,1,12,0.43,0.619,0.383,-8.0,22022
22200175,2022-11-10,New Orleans Pelicans,NOP vs. POR,L,0,95,45.0,19,3.0,5,17,0.418,0.792,0.357,-11.0,22022
22200174,2022-11-10,Miami Heat,MIA vs. CHA,W,1,117,38.0,21,9.0,1,10,0.433,0.806,0.278,5.0,22022
22200175,2022-11-10,Portland Trail Blazers,POR @ NOP,W,1,106,46.0,25,8.0,2,8,0.435,0.769,0.353,11.0,22022
22200173,2022-11-10,Philadelphia 76ers,PHI @ ATL,L,0,95,45.0,15,10.0,5,17,0.386,0.833,0.2,-9.0,22022
22200173,2022-11-10,Atlanta Hawks,ATL vs. PHI,W,1,104,54.0,19,8.0,2,18,0.443,0.87,0.231,9.0,22022
22200174,2022-11-10,Charlotte Hornets,CHA @ MIA,L,0,112,50.0,23,4.0,2,20,0.489,0.6,0.359,-5.0,22022
22200177,2022-11-11,Orlando Magic,ORL vs. PHX,W,1,114,50.0,23,2.0,4,13,0.524,0.867,0.455,17.0,22022
22200182,2022-11-11,Cleveland Cavaliers,CLE @ GSW,L,0,101,46.0,25,6.0,3,10,0.402,0.731,0.267,-5.0,22022
22200179,2022-11-11,Toronto Raptors,TOR @ OKC,L,0,113,39.0,20,13.0,4,16,0.432,0.722,0.367,-19.0,22022
22200179,2022-11-11,Oklahoma City Thunder,OKC vs. TOR,W,1,132,44.0,31,10.0,6,19,0.559,0.765,0.417,19.0,22022
22200181,2022-11-11,Minnesota Timberwolves,MIN @ MEM,L,0,103,33.0,29,10.0,4,14,0.468,0.864,0.333,-11.0,22022
22200180,2022-11-11,Milwaukee Bucks,MIL @ SAS,L,0,93,48.0,22,7.0,5,13,0.327,0.739,0.279,-18.0,22022
22200176,2022-11-11,Denver Nuggets,DEN @ BOS,L,0,112,38.0,26,3.0,1,5,0.457,0.8,0.414,-19.0,22022
22200176,2022-11-11,Boston Celtics,BOS vs. DEN,W,1,131,46.0,30,3.0,5,7,0.556,0.75,0.432,19.0,22022
22200178,2022-11-11,Detroit Pistons,DET @ NYK,L,0,112,43.0,22,6.0,6,15,0.463,0.756,0.226,-9.0,22022
22200183,2022-11-11,Los Angeles Lakers,LAL vs. SAC,L,0,114,41.0,22,11.0,5,14,0.477,0.769,0.4,-6.0,22022
22200182,2022-11-11,Golden State Warriors,GSW vs. CLE,W,1,106,44.0,29,5.0,3,14,0.488,0.786,0.417,5.0,22022
22200180,2022-11-11,San Antonio Spurs,SAS vs. MIL,W,1,111,50.0,22,3.0,13,19,0.506,0.867,0.387,18.0,22022
22200183,2022-11-11,Sacramento Kings,SAC @ LAL,W,1,120,40.0,27,10.0,4,15,0.517,0.857,0.333,6.0,22022
22200177,2022-11-11,Phoenix Suns,PHX @ ORL,L,0,97,38.0,22,7.0,4,11,0.4,0.889,0.31,-17.0,22022
22200181,2022-11-11,Memphis Grizzlies,MEM vs. MIN,W,1,114,46.0,25,8.0,3,13,0.5,0.704,0.212,11.0,22022
22200178,2022-11-11,New York Knicks,NYK vs. DET,W,1,121,47.0,23,7.0,3,11,0.447,0.931,0.25,9.0,22022
22200188,2022-11-12,Philadelphia 76ers,PHI vs. ATL,W,1,121,31.0,24,10.0,5,12,0.55,0.806,0.333,12.0,22022
22200190,2022-11-12,Portland Trail Blazers,POR @ DAL,L,0,112,44.0,20,6.0,2,12,0.45,0.771,0.419,-5.0,22022
22200184,2022-11-12,Los Angeles Clippers,LAC vs. BKN,L,0,95,46.0,22,4.0,6,16,0.4,0.8,0.355,-15.0,22022
22200188,2022-11-12,Atlanta Hawks,ATL @ PHI,L,0,109,43.0,20,4.0,2,18,0.449,0.852,0.25,-12.0,22022
22200186,2022-11-12,Detroit Pistons,DET vs. BOS,L,0,108,50.0,23,4.0,3,14,0.416,0.857,0.421,-9.0,22022
22200185,2022-11-12,Washington Wizards,WAS vs. UTA,W,1,121,46.0,27,6.0,8,9,0.5,0.85,0.444,9.0,22022
22200190,2022-11-12,Dallas Mavericks,DAL vs. POR,W,1,117,40.0,26,8.0,2,11,0.506,0.808,0.326,5.0,22022
22200185,2022-11-12,Utah Jazz,UTA @ WAS,L,0,112,42.0,33,4.0,3,12,0.468,0.909,0.35,-9.0,22022
22200189,2022-11-12,Charlotte Hornets,CHA @ MIA,L,0,115,37.0,25,4.0,3,12,0.511,0.875,0.29,-17.0,22022
22200184,2022-11-12,Brooklyn Nets,BKN @ LAC,W,1,110,41.0,27,9.0,6,12,0.482,0.667,0.457,15.0,22022
22200191,2022-11-12,Houston Rockets,HOU @ NOP,L,0,106,43.0,24,7.0,4,26,0.506,0.778,0.333,-13.0,22022
22200191,2022-11-12,New Orleans Pelicans,NOP vs. HOU,W,1,119,36.0,28,13.0,1,12,0.488,0.871,0.276,13.0,22022
22200187,2022-11-12,Toronto Raptors,TOR @ IND,L,0,104,43.0,14,12.0,8,12,0.394,0.793,0.2,-14.0,22022
22200187,2022-11-12,Indiana Pacers,IND vs. TOR,W,1,118,51.0,33,4.0,6,21,0.5,0.739,0.442,14.0,22022
22200186,2022-11-12,Boston Celtics,BOS @ DET,W,1,117,42.0,27,6.0,4,7,0.429,0.875,0.375,9.0,22022
22200189,2022-11-12,Miami Heat,MIA vs. CHA,W,1,132,46.0,32,7.0,5,12,0.527,0.857,0.39,17.0,22022
22200194,2022-11-13,Memphis Grizzlies,MEM @ WAS,L,0,92,51.0,21,7.0,6,16,0.396,0.7,0.321,-10.0,22022
22200198,2022-11-13,Brooklyn Nets,BKN @ LAL,L,0,103,41.0,22,5.0,5,12,0.45,0.774,0.259,-13.0,22022
22200197,2022-11-13,Sacramento Kings,SAC vs. GSW,W,1,122,45.0,31,8.0,2,15,0.516,0.632,0.432,7.0,22022
22200192,2022-11-13,New York Knicks,NYK vs. OKC,L,0,135,35.0,25,13.0,2,13,0.495,0.879,0.323,-10.0,22022
22200198,2022-11-13,Los Angeles Lakers,LAL vs. BKN,W,1,116,45.0,25,3.0,2,9,0.484,0.85,0.407,13.0,22022
22200195,2022-11-13,Philadelphia 76ers,PHI vs. UTA,W,1,105,39.0,21,12.0,14,12,0.482,0.808,0.174,7.0,22022
22200194,2022-11-13,Washington Wizards,WAS vs. MEM,W,1,102,47.0,26,9.0,6,15,0.419,0.524,0.475,10.0,22022
22200193,2022-11-13,Cleveland Cavaliers,CLE vs. MIN,L,0,124,40.0,22,6.0,1,10,0.449,0.692,0.5,-5.0,22022
22200195,2022-11-13,Utah Jazz,UTA @ PHI,L,0,98,50.0,23,3.0,4,17,0.394,0.565,0.297,-7.0,22022
22200197,2022-11-13,Golden State Warriors,GSW @ SAC,L,0,115,43.0,27,5.0,5,18,0.467,0.938,0.34,-7.0,22022
22200196,2022-11-13,Chicago Bulls,CHI vs. DEN,L,0,103,36.0,24,9.0,4,18,0.494,0.81,0.273,-23.0,22022
22200193,2022-11-13,Minnesota Timberwolves,MIN @ CLE,W,1,129,47.0,30,5.0,4,13,0.561,0.735,0.5,5.0,22022
22200196,2022-11-13,Denver Nuggets,DEN @ CHI,W,1,126,36.0,33,11.0,3,16,0.6,0.81,0.481,23.0,22022
22200192,2022-11-13,Oklahoma City Thunder,OKC @ NYK,W,1,145,38.0,31,9.0,5,19,0.625,0.9,0.548,10.0,22022
22200201,2022-11-14,Oklahoma City Thunder,OKC @ BOS,L,0,122,51.0,21,4.0,6,19,0.48,0.81,0.367,-4.0,22022
22200199,2022-11-14,Toronto Raptors,TOR @ DET,W,1,115,42.0,27,7.0,8,17,0.488,0.964,0.296,4.0,22022
22200205,2022-11-14,Golden State Warriors,GSW vs. SAS,W,1,132,40.0,35,9.0,3,12,0.534,0.938,0.511,37.0,22022
22200202,2022-11-14,Phoenix Suns,PHX @ MIA,L,0,112,45.0,22,9.0,4,11,0.485,0.5,0.389,-1.0,22022
22200202,2022-11-14,Miami Heat,MIA vs. PHX,W,1,113,42.0,23,6.0,4,14,0.458,0.88,0.455,1.0,22022
22200204,2022-11-14,Atlanta Hawks,ATL @ MIL,W,1,121,45.0,23,4.0,4,9,0.478,0.867,0.35,15.0,22022
22200201,2022-11-14,Boston Celtics,BOS vs. OKC,W,1,126,46.0,25,15.0,7,14,0.479,0.828,0.27,4.0,22022
22200205,2022-11-14,San Antonio Spurs,SAS @ GSW,L,0,95,53.0,18,6.0,6,18,0.36,0.684,0.25,-37.0,22022
22200203,2022-11-14,Houston Rockets,HOU vs. LAC,L,0,106,40.0,20,11.0,3,14,0.453,0.613,0.3,-16.0,22022
22200200,2022-11-14,Orlando Magic,ORL vs. CHA,L,0,105,48.0,23,3.0,7,22,0.409,0.826,0.389,-7.0,22022
22200199,2022-11-14,Detroit Pistons,DET vs. TOR,L,0,111,39.0,23,8.0,2,19,0.455,0.721,0.323,-4.0,22022
22200200,2022-11-14,Charlotte Hornets,CHA @ ORL,W,1,112,37.0,22,15.0,7,12,0.477,0.875,0.2,7.0,22022
22200204,2022-11-14,Milwaukee Bucks,MIL vs. ATL,L,0,106,46.0,21,4.0,3,15,0.415,0.78,0.207,-15.0,22022
22200203,2022-11-14,Los Angeles Clippers,LAC @ HOU,W,1,122,44.0,25,6.0,4,16,0.506,0.788,0.368,16.0,22022
22200210,2022-11-15,Brooklyn Nets,BKN @ SAC,L,0,121,29.0,25,5.0,3,17,0.494,0.909,0.393,-32.0,22022
22200209,2022-11-15,San Antonio Spurs,SAS @ POR,L,0,110,38.0,34,7.0,5,19,0.518,0.765,0.31,-7.0,22022
22200210,2022-11-15,Sacramento Kings,SAC vs. BKN,W,1,153,43.0,39,9.0,4,16,0.596,0.84,0.488,32.0,22022
22200209,2022-11-15,Portland Trail Blazers,POR vs. SAS,W,1,117,39.0,22,6.0,3,15,0.519,0.769,0.469,7.0,22022
22200207,2022-11-15,Los Angeles Clippers,LAC @ DAL,L,0,101,40.0,23,8.0,2,21,0.531,0.808,0.429,-2.0,22022
22200207,2022-11-15,Dallas Mavericks,DAL vs. LAC,W,1,103,34.0,20,12.0,1,12,0.438,0.667,0.395,2.0,22022
22200206,2022-11-15,Memphis Grizzlies,MEM @ NOP,L,0,102,51.0,16,6.0,8,11,0.413,0.68,0.257,-11.0,22022
22200206,2022-11-15,New Orleans Pelicans,NOP vs. MEM,W,1,113,43.0,31,2.0,8,10,0.473,0.75,0.474,11.0,22022
22200208,2022-11-15,New York Knicks,NYK @ UTA,W,1,118,43.0,26,10.0,3,12,0.473,0.76,0.344,7.0,22022
22200208,2022-11-15,Utah Jazz,UTA vs. NYK,L,0,111,49.0,29,7.0,5,20,0.434,0.833,0.326,-7.0,22022
22200219,2022-11-16,Denver Nuggets,DEN vs. NYK,L,0,103,42.0,18,3.0,5,15,0.439,0.85,0.368,-3.0,22022
22200217,2022-11-16,Chicago Bulls,CHI @ NOP,L,0,110,37.0,25,2.0,1,12,0.494,0.647,0.344,-14.0,22022
22200212,2022-11-16,Minnesota Timberwolves,MIN @ ORL,W,1,126,40.0,28,15.0,6,10,0.523,0.786,0.333,18.0,22022
22200213,2022-11-16,Washington Wizards,WAS vs. OKC,L,0,120,41.0,32,8.0,5,19,0.512,0.882,0.5,-1.0,22022
22200211,2022-11-16,Charlotte Hornets,CHA vs. IND,L,0,113,44.0,29,8.0,4,17,0.457,0.833,0.364,-12.0,22022
22200216,2022-11-16,Milwaukee Bucks,MIL vs. CLE,W,1,113,52.0,26,5.0,6,14,0.477,0.556,0.41,15.0,22022
22200212,2022-11-16,Orlando Magic,ORL vs. MIN,L,0,108,47.0,21,6.0,5,16,0.452,0.882,0.257,-18.0,22022
22200214,2022-11-16,Boston Celtics,BOS @ ATL,W,1,126,49.0,29,4.0,8,14,0.545,0.9,0.457,25.0,22022
22200213,2022-11-16,Oklahoma City Thunder,OKC @ WAS,W,1,121,37.0,24,4.0,7,15,0.543,0.654,0.516,1.0,22022
22200215,2022-11-16,Miami Heat,MIA @ TOR,L,0,104,23.0,19,5.0,4,23,0.545,0.864,0.371,-8.0,22022
22200217,2022-11-16,New Orleans Pelicans,NOP vs. CHI,W,1,124,46.0,30,4.0,6,13,0.506,0.875,0.515,14.0,22022
22200214,2022-11-16,Atlanta Hawks,ATL vs. BOS,L,0,101,45.0,21,5.0,5,9,0.416,0.769,0.219,-25.0,22022
22200211,2022-11-16,Indiana Pacers,IND @ CHA,W,1,125,34.0,27,11.0,9,12,0.537,0.839,0.393,12.0,22022
22200220,2022-11-16,Golden State Warriors,GSW @ PHX,L,0,119,40.0,30,5.0,3,17,0.457,1.0,0.429,-11.0,22022
22200220,2022-11-16,Phoenix Suns,PHX vs. GSW,W,1,130,47.0,33,5.0,8,15,0.512,0.84,0.525,11.0,22022
22200215,2022-11-16,Toronto Raptors,TOR vs. MIA,W,1,112,42.0,23,5.0,3,14,0.512,0.773,0.269,8.0,22022
22200216,2022-11-16,Cleveland Cavaliers,CLE @ MIL,L,0,98,34.0,22,7.0,7,8,0.429,0.824,0.429,-15.0,22022
22200219,2022-11-16,New York Knicks,NYK @ DEN,W,1,106,40.0,24,12.0,5,7,0.44,0.774,0.235,3.0,22022
22200218,2022-11-16,Houston Rockets,HOU @ DAL,W,1,101,56.0,21,1.0,19,20,0.467,0.875,0.455,9.0,22022
22200218,2022-11-16,Dallas Mavericks,DAL vs. HOU,L,0,92,38.0,21,9.0,2,6,0.304,0.947,0.218,-9.0,22022
22200221,2022-11-17,Portland Trail Blazers,POR vs. BKN,L,0,107,39.0,22,9.0,5,9,0.387,0.815,0.361,-2.0,22022
22200223,2022-11-17,Los Angeles Clippers,LAC vs. DET,W,1,96,51.0,17,1.0,1,18,0.407,0.792,0.367,5.0,22022
22200222,2022-11-17,San Antonio Spurs,SAS @ SAC,L,0,112,32.0,29,8.0,6,18,0.548,0.75,0.423,-18.0,22022
22200222,2022-11-17,Sacramento Kings,SAC vs. SAS,W,1,130,37.0,28,7.0,1,12,0.578,0.917,0.4,18.0,22022
22200223,2022-11-17,Detroit Pistons,DET @ LAC,L,0,91,43.0,15,9.0,7,12,0.375,0.792,0.194,-5.0,22022
22200221,2022-11-17,Brooklyn Nets,BKN @ POR,W,1,109,47.0,32,4.0,5,17,0.506,0.783,0.379,2.0,22022
22200228,2022-11-18,Houston Rockets,HOU vs. IND,L,0,91,49.0,15,8.0,4,17,0.337,0.844,0.214,-8.0,22022
22200232,2022-11-18,Utah Jazz,UTA vs. PHX,W,1,134,36.0,32,6.0,3,16,0.56,0.667,0.516,1.0,22022
22200233,2022-11-18,Golden State Warriors,GSW vs. NYK,W,1,111,51.0,32,8.0,3,16,0.451,0.55,0.36,10.0,22022
22200226,2022-11-18,Milwaukee Bucks,MIL @ PHI,L,0,102,42.0,22,8.0,7,12,0.456,0.381,0.333,-8.0,22022
22200224,2022-11-18,Miami Heat,MIA @ WAS,L,0,106,53.0,23,6.0,4,9,0.357,0.781,0.256,-1.0,22022
22200227,2022-11-18,Orlando Magic,ORL @ CHI,W,1,108,41.0,25,4.0,7,16,0.494,0.909,0.429,1.0,22022
22200231,2022-11-18,Boston Celtics,BOS @ NOP,W,1,117,46.0,28,6.0,3,17,0.482,0.882,0.435,8.0,22022
22200225,2022-11-18,Cleveland Cavaliers,CLE vs. CHA,W,1,132,50.0,25,8.0,8,19,0.533,0.813,0.286,10.0,22022
22200228,2022-11-18,Indiana Pacers,IND @ HOU,W,1,99,45.0,25,8.0,10,15,0.402,0.778,0.293,8.0,22022
22200234,2022-11-18,Los Angeles Lakers,LAL vs. DET,W,1,128,44.0,29,2.0,7,16,0.551,0.875,0.35,7.0,22022
22200233,2022-11-18,New York Knicks,NYK @ GSW,L,0,101,45.0,16,8.0,7,16,0.345,0.941,0.265,-10.0,22022
22200229,2022-11-18,Memphis Grizzlies,MEM vs. OKC,W,1,121,57.0,26,4.0,7,11,0.419,0.725,0.359,11.0,22022
22200229,2022-11-18,Oklahoma City Thunder,OKC @ MEM,L,0,110,43.0,34,5.0,9,10,0.469,0.818,0.324,-11.0,22022
22200225,2022-11-18,Charlotte Hornets,CHA @ CLE,L,0,122,53.0,24,11.0,6,14,0.4,0.833,0.318,-10.0,22022
22200230,2022-11-18,Denver Nuggets,DEN @ DAL,L,0,99,36.0,24,4.0,1,11,0.422,0.722,0.333,-28.0,22022
22200227,2022-11-18,Chicago Bulls,CHI vs. ORL,L,0,107,46.0,27,6.0,6,11,0.461,0.8,0.238,-1.0,22022
22200230,2022-11-18,Dallas Mavericks,DAL vs. DEN,W,1,127,44.0,29,5.0,3,10,0.597,0.786,0.406,28.0,22022
22200231,2022-11-18,New Orleans Pelicans,NOP vs. BOS,L,0,109,37.0,24,13.0,3,11,0.494,0.769,0.371,-8.0,22022
22200234,2022-11-18,Detroit Pistons,DET @ LAL,L,0,121,37.0,27,9.0,4,11,0.467,0.75,0.324,-7.0,22022
22200224,2022-11-18,Washington Wizards,WAS vs. MIA,W,1,107,54.0,33,6.0,4,15,0.427,0.714,0.326,1.0,22022
22200226,2022-11-18,Philadelphia 76ers,PHI vs. MIL,W,1,110,41.0,28,5.0,5,18,0.513,0.654,0.464,8.0,22022
22200232,2022-11-18,Phoenix Suns,PHX @ UTA,L,0,133,42.0,29,7.0,6,14,0.521,0.929,0.3,-1.0,22022
22200238,2022-11-19,Portland Trail Blazers,POR vs. UTA,L,0,113,43.0,27,11.0,8,17,0.47,0.815,0.31,-5.0,22022
22200236,2022-11-19,Indiana Pacers,IND vs. ORL,W,1,114,42.0,27,5.0,6,15,0.456,0.737,0.391,4.6,22022
22200235,2022-11-19,Atlanta Hawks,ATL vs. TOR,W,1,124,50.0,23,5.0,5,14,0.5,0.781,0.28,2.0,22022
22200238,2022-11-19,Utah Jazz,UTA @ POR,W,1,118,42.0,23,6.0,4,13,0.462,0.87,0.359,5.0,22022
22200237,2022-11-19,Minnesota Timberwolves,MIN @ PHI,W,1,112,43.0,28,9.0,2,17,0.471,0.833,0.333,3.0,22022
22200239,2022-11-19,Los Angeles Clippers,LAC vs. SAS,W,1,119,35.0,32,9.0,1,12,0.543,0.526,0.525,22.0,22022
22200239,2022-11-19,San Antonio Spurs,SAS @ LAC,L,0,97,43.0,22,4.0,2,15,0.414,0.857,0.269,-22.0,22022
22200235,2022-11-19,Toronto Raptors,TOR @ ATL,L,0,122,51.0,27,11.0,6,13,0.444,0.818,0.216,-2.0,22022
22200236,2022-11-19,Orlando Magic,ORL @ IND,L,0,113,41.0,16,8.0,6,9,0.429,0.731,0.381,-2.6,22022
22200237,2022-11-19,Philadelphia 76ers,PHI vs. MIN,L,0,109,39.0,21,10.0,1,22,0.479,0.844,0.438,-3.0,22022
22200247,2022-11-20,San Antonio Spurs,SAS @ LAL,L,0,92,44.0,26,7.0,2,10,0.39,0.3,0.206,-31.0,22022
22200241,2022-11-20,Charlotte Hornets,CHA @ WAS,L,0,102,51.0,19,5.0,5,13,0.39,0.696,0.25,-4.0,22022
22200244,2022-11-20,Miami Heat,MIA @ CLE,L,0,87,30.0,17,6.0,3,16,0.388,0.864,0.194,-26.0,22022
22200246,2022-11-20,Dallas Mavericks,DAL vs. DEN,L,0,97,36.0,24,5.0,3,12,0.449,0.571,0.357,-1.0,22022
22200245,2022-11-20,Houston Rockets,HOU vs. GSW,L,0,120,45.0,24,13.0,1,12,0.456,0.852,0.333,-7.0,22022
22200246,2022-11-20,Denver Nuggets,DEN @ DAL,W,1,98,44.0,22,10.0,5,15,0.474,0.789,0.333,1.0,22022
22200245,2022-11-20,Golden State Warriors,GSW @ HOU,W,1,127,40.0,38,8.0,5,17,0.535,0.733,0.511,7.0,22022
22200240,2022-11-20,Phoenix Suns,PHX vs. NYK,W,1,116,60.0,35,3.0,8,13,0.426,0.722,0.436,21.0,22022
22200243,2022-11-20,Memphis Grizzlies,MEM @ BKN,L,0,115,44.0,28,13.0,0,10,0.434,0.548,0.324,-12.0,22022
22200244,2022-11-20,Cleveland Cavaliers,CLE vs. MIA,W,1,113,49.0,31,7.0,1,19,0.53,0.75,0.351,26.0,22022
22200247,2022-11-20,Los Angeles Lakers,LAL vs. SAS,W,1,123,54.0,29,5.0,2,15,0.529,0.875,0.353,31.0,22022
22200242,2022-11-20,Sacramento Kings,SAC vs. DET,W,1,137,41.0,29,4.0,0,11,0.553,0.886,0.343,8.0,22022
22200240,2022-11-20,New York Knicks,NYK @ PHX,L,0,95,39.0,20,4.0,7,10,0.4,0.8,0.28,-21.0,22022
22200242,2022-11-20,Detroit Pistons,DET @ SAC,L,0,129,35.0,20,4.0,3,12,0.528,0.87,0.517,-8.0,22022
22200243,2022-11-20,Brooklyn Nets,BKN vs. MEM,W,1,127,45.0,33,5.0,5,18,0.602,0.733,0.471,12.0,22022
22200241,2022-11-20,Washington Wizards,WAS vs. CHA,W,1,106,49.0,19,6.0,13,17,0.43,0.722,0.382,4.0,22022
22200251,2022-11-21,Portland Trail Blazers,POR @ MIL,L,0,111,40.0,19,5.0,3,15,0.473,0.789,0.276,-8.0,22022
22200253,2022-11-21,New Orleans Pelicans,NOP vs. GSW,W,1,128,50.0,30,15.0,5,14,0.538,0.714,0.357,45.0,22022
22200253,2022-11-21,Golden State Warriors,GSW @ NOP,L,0,83,34.0,17,9.0,5,26,0.378,0.895,0.233,-45.0,22022
22200249,2022-11-21,Orlando Magic,ORL @ IND,L,0,102,38.0,20,10.0,2,17,0.424,0.76,0.314,-21.0,22022
22200252,2022-11-21,Minnesota Timberwolves,MIN vs. MIA,W,1,105,40.0,30,9.0,6,18,0.435,0.85,0.298,4.0,22022
22200251,2022-11-21,Milwaukee Bucks,MIL vs. POR,W,1,119,42.0,31,12.0,8,14,0.547,0.64,0.321,8.0,22022
22200248,2022-11-21,Atlanta Hawks,ATL @ CLE,L,0,102,35.0,24,11.0,3,16,0.437,0.882,0.324,-4.2,22022
22200249,2022-11-21,Indiana Pacers,IND vs. ORL,W,1,123,48.0,32,9.0,5,21,0.5,0.889,0.283,21.0,22022
22200254,2022-11-21,New York Knicks,NYK @ OKC,W,1,129,48.0,21,10.0,2,13,0.526,0.8,0.324,10.0,22022
22200255,2022-11-21,Los Angeles Clippers,LAC vs. UTA,W,1,121,41.0,26,6.0,6,16,0.516,0.947,0.375,7.0,22022
22200250,2022-11-21,Boston Celtics,BOS @ CHI,L,0,107,38.0,28,3.0,4,15,0.437,0.706,0.38,-14.0,22022
22200254,2022-11-21,Oklahoma City Thunder,OKC vs. NYK,L,0,119,38.0,25,5.0,5,14,0.489,0.781,0.333,-10.0,22022
22200250,2022-11-21,Chicago Bulls,CHI vs. BOS,W,1,121,51.0,26,10.0,1,11,0.517,0.75,0.483,14.0,22022
22200248,2022-11-21,Cleveland Cavaliers,CLE vs. ATL,W,1,114,37.0,24,8.0,3,19,0.6,0.87,0.526,7.8,22022
22200252,2022-11-21,Miami Heat,MIA @ MIN,L,0,101,46.0,26,9.0,5,15,0.389,0.667,0.289,-4.0,22022
22200255,2022-11-21,Utah Jazz,UTA @ LAC,L,0,114,45.0,22,8.0,5,17,0.449,0.917,0.316,-7.0,22022
22200256,2022-11-22,Philadelphia 76ers,PHI vs. BKN,W,1,115,49.0,19,9.0,4,9,0.434,0.813,0.5,9.0,22022
22200256,2022-11-22,Brooklyn Nets,BKN @ PHI,L,0,106,35.0,31,5.0,13,15,0.55,0.692,0.321,-9.0,22022
22200257,2022-11-22,Sacramento Kings,SAC @ MEM,W,1,113,45.0,27,11.0,2,18,0.433,0.741,0.333,4.0,22022
22200258,2022-11-22,Denver Nuggets,DEN vs. DET,L,0,108,42.0,28,7.0,8,17,0.5,0.654,0.263,-2.0,22022
22200259,2022-11-22,Phoenix Suns,PHX vs. LAL,W,1,115,49.0,23,8.0,7,15,0.471,0.6,0.471,10.0,22022
22200259,2022-11-22,Los Angeles Lakers,LAL @ PHX,L,0,105,45.0,19,8.0,7,17,0.424,0.829,0.182,-10.0,22022
22200257,2022-11-22,Memphis Grizzlies,MEM vs. SAC,L,0,109,49.0,26,12.0,10,18,0.451,0.633,0.267,-4.0,22022
22200258,2022-11-22,Detroit Pistons,DET @ DEN,W,1,110,40.0,27,7.0,5,16,0.511,0.857,0.286,2.0,22022
22200270,2022-11-23,Utah Jazz,UTA vs. DET,L,0,116,38.0,31,4.0,7,15,0.494,0.842,0.439,-9.0,22022
22200264,2022-11-23,Dallas Mavericks,DAL @ BOS,L,0,112,35.0,20,4.0,3,14,0.537,0.619,0.355,-13.0,22022
22200264,2022-11-23,Boston Celtics,BOS vs. DAL,W,1,125,38.0,29,4.0,4,11,0.536,0.857,0.5,13.0,22022
22200265,2022-11-23,Washington Wizards,WAS @ MIA,L,0,105,43.0,27,7.0,5,14,0.472,0.579,0.263,-8.0,22022
22200261,2022-11-23,Cleveland Cavaliers,CLE vs. POR,W,1,114,39.0,22,4.0,4,16,0.554,0.87,0.444,18.0,22022
22200262,2022-11-23,Minnesota Timberwolves,MIN @ IND,W,1,115,50.0,31,9.0,10,23,0.61,0.765,0.364,14.0,22022
22200268,2022-11-23,Denver Nuggets,DEN @ OKC,W,1,131,55.0,31,4.0,8,17,0.477,0.805,0.368,5.0,22022
22200263,2022-11-23,Atlanta Hawks,ATL vs. SAC,W,1,115,47.0,23,9.0,6,13,0.446,0.957,0.367,9.0,22022
22200271,2022-11-23,Los Angeles Clippers,LAC @ GSW,L,0,107,43.0,22,5.0,2,16,0.453,0.667,0.379,-17.0,22022
22200267,2022-11-23,Chicago Bulls,CHI @ MIL,W,1,118,35.0,30,9.0,12,13,0.494,0.778,0.429,5.0,22022
22200270,2022-11-23,Detroit Pistons,DET @ UTA,W,1,125,38.0,24,9.0,2,7,0.494,0.926,0.5,9.0,22022
22200268,2022-11-23,Oklahoma City Thunder,OKC vs. DEN,L,0,126,39.0,26,6.0,7,9,0.433,0.857,0.45,-5.0,22022
22200260,2022-11-23,Philadelphia 76ers,PHI @ CHA,L,0,101,45.0,20,9.0,3,19,0.442,0.889,0.237,-6.0,22022
22200262,2022-11-23,Indiana Pacers,IND vs. MIN,L,0,101,30.0,25,16.0,5,13,0.385,0.688,0.364,-14.0,22022
22200266,2022-11-23,Toronto Raptors,TOR vs. BKN,L,0,98,52.0,16,12.0,2,13,0.356,0.76,0.241,-14.0,22022
22200269,2022-11-23,San Antonio Spurs,SAS vs. NOP,L,0,110,37.0,31,11.0,1,18,0.482,0.643,0.294,-19.0,22022
22200261,2022-11-23,Portland Trail Blazers,POR @ CLE,L,0,96,32.0,28,9.0,4,16,0.449,1.0,0.419,-18.0,22022
22200267,2022-11-23,Milwaukee Bucks,MIL vs. CHI,L,0,113,48.0,24,5.0,3,19,0.456,0.76,0.316,-5.0,22022
22200266,2022-11-23,Brooklyn Nets,BKN @ TOR,W,1,112,39.0,32,10.0,11,19,0.549,0.714,0.447,14.0,22022
22200265,2022-11-23,Miami Heat,MIA vs. WAS,W,1,113,53.0,20,7.0,5,12,0.419,0.864,0.39,8.0,22022
22200271,2022-11-23,Golden State Warriors,GSW vs. LAC,W,1,124,45.0,36,11.0,5,13,0.495,0.692,0.373,17.0,22022
22200260,2022-11-23,Charlotte Hornets,CHA vs. PHI,W,1,107,44.0,25,8.0,1,15,0.478,0.619,0.261,6.0,22022
22200269,2022-11-23,New Orleans Pelicans,NOP @ SAS,W,1,129,42.0,33,8.0,5,21,0.573,0.7,0.424,19.0,22022
22200263,2022-11-23,Sacramento Kings,SAC @ ATL,L,0,106,48.0,27,6.0,2,18,0.461,0.714,0.29,-9.0,22022
22200276,2022-11-25,Indiana Pacers,IND vs. BKN,W,1,128,41.0,28,13.0,4,9,0.5,0.789,0.353,11.0,22022
22200274,2022-11-25,New York Knicks,NYK vs. POR,L,0,129,44.0,27,7.0,5,10,0.438,0.857,0.317,-3.0,22022
22200275,2022-11-25,Boston Celtics,BOS vs. SAC,W,1,122,38.0,27,9.0,6,10,0.494,0.889,0.432,18.0,22022
22200277,2022-11-25,Miami Heat,MIA vs. WAS,W,1,110,47.0,24,5.0,5,10,0.472,0.826,0.269,3.0,22022
22200279,2022-11-25,Memphis Grizzlies,MEM vs. NOP,W,1,132,46.0,26,4.0,4,14,0.516,0.741,0.474,21.0,22022
22200279,2022-11-25,New Orleans Pelicans,NOP @ MEM,L,0,111,41.0,26,9.0,4,13,0.43,0.871,0.323,-21.0,22022
22200276,2022-11-25,Brooklyn Nets,BKN @ IND,L,0,117,38.0,27,2.0,8,18,0.534,0.8,0.366,-11.0,22022
22200284,2022-11-25,Golden State Warriors,GSW vs. UTA,W,1,129,49.0,33,8.0,3,19,0.515,0.833,0.444,11.0,22022
22200282,2022-11-25,San Antonio Spurs,SAS vs. LAL,L,0,94,50.0,21,11.0,3,16,0.38,0.75,0.182,-11.0,22022
22200283,2022-11-25,Phoenix Suns,PHX vs. DET,W,1,108,43.0,25,7.0,7,13,0.483,0.654,0.241,6.0,22022
22200275,2022-11-25,Sacramento Kings,SAC @ BOS,L,0,104,45.0,20,3.0,4,18,0.414,0.885,0.25,-18.0,22022
22200281,2022-11-25,Chicago Bulls,CHI @ OKC,L,0,119,47.0,25,5.0,4,15,0.436,0.826,0.364,-4.0,22022
22200277,2022-11-25,Washington Wizards,WAS @ MIA,L,0,107,45.0,27,7.0,9,12,0.43,0.8,0.282,-3.0,22022
22200274,2022-11-25,Portland Trail Blazers,POR @ NYK,W,1,132,48.0,24,3.0,3,12,0.494,0.745,0.313,3.0,22022
22200273,2022-11-25,Philadelphia 76ers,PHI @ ORL,W,1,107,47.0,25,7.0,1,15,0.476,0.833,0.389,8.0,22022
22200281,2022-11-25,Oklahoma City Thunder,OKC vs. CHI,W,1,123,50.0,24,7.0,5,13,0.463,0.875,0.241,4.0,22022
22200282,2022-11-25,Los Angeles Lakers,LAL @ SAS,W,1,105,49.0,28,12.0,5,21,0.482,0.85,0.296,11.0,22022
22200280,2022-11-25,Milwaukee Bucks,MIL vs. CLE,W,1,117,43.0,27,4.0,9,13,0.506,0.72,0.469,15.0,22022
22200284,2022-11-25,Utah Jazz,UTA @ GSW,L,0,118,42.0,28,12.0,6,13,0.474,0.882,0.244,-11.0,22022
22200280,2022-11-25,Cleveland Cavaliers,CLE @ MIL,L,0,102,41.0,12,9.0,2,9,0.391,0.846,0.364,-15.0,22022
22200285,2022-11-25,Denver Nuggets,DEN @ LAC,W,1,114,37.0,27,9.0,5,6,0.494,0.696,0.333,10.0,22022
22200278,2022-11-25,Atlanta Hawks,ATL @ HOU,L,0,122,28.0,14,9.0,6,13,0.476,0.806,0.385,-6.0,22022
22200283,2022-11-25,Detroit Pistons,DET @ PHX,L,0,102,49.0,21,6.0,3,18,0.424,0.938,0.346,-6.0,22022
22200272,2022-11-25,Minnesota Timberwolves,MIN @ CHA,L,0,108,45.0,24,7.0,9,16,0.427,0.944,0.22,-2.0,22022
22200272,2022-11-25,Charlotte Hornets,CHA vs. MIN,W,1,110,55.0,24,6.0,4,17,0.449,0.688,0.32,2.0,22022
22200285,2022-11-25,Los Angeles Clippers,LAC vs. DEN,L,0,104,33.0,22,1.0,5,14,0.544,0.559,0.5,-10.0,22022
22200273,2022-11-25,Orlando Magic,ORL vs. PHI,L,0,99,35.0,20,7.0,6,14,0.425,0.815,0.257,-8.0,22022
22200278,2022-11-25,Houston Rockets,HOU vs. ATL,W,1,128,59.0,25,9.0,4,21,0.471,0.829,0.343,6.0,22022
22200289,2022-11-26,Phoenix Suns,PHX vs. UTA,W,1,113,48.0,23,8.0,6,6,0.457,0.767,0.273,1.0,22022
22200286,2022-11-26,Toronto Raptors,TOR vs. DAL,W,1,105,48.0,20,10.0,2,13,0.432,0.808,0.308,5.0,22022
22200289,2022-11-26,Utah Jazz,UTA @ PHX,L,0,112,40.0,20,5.0,2,12,0.506,0.76,0.406,-1.0,22022
22200287,2022-11-26,Houston Rockets,HOU vs. OKC,W,1,118,53.0,25,9.0,3,24,0.523,0.714,0.5,13.0,22022
22200288,2022-11-26,Los Angeles Lakers,LAL @ SAS,W,1,143,39.0,25,4.0,7,17,0.58,0.865,0.515,5.0,22022
22200288,2022-11-26,San Antonio Spurs,SAS vs. LAL,L,0,138,47.0,33,8.0,5,10,0.505,0.7,0.486,-5.0,22022
22200286,2022-11-26,Dallas Mavericks,DAL @ TOR,L,0,100,34.0,28,7.0,5,16,0.479,0.792,0.282,-5.0,22022
22200287,2022-11-26,Oklahoma City Thunder,OKC @ HOU,L,0,105,41.0,19,12.0,3,15,0.392,0.826,0.227,-13.0,22022
22200297,2022-11-27,Philadelphia 76ers,PHI @ ORL,W,1,133,43.0,32,10.0,8,14,0.649,0.815,0.407,30.0,22022
22200295,2022-11-27,Cleveland Cavaliers,CLE @ DET,W,1,102,41.0,14,3.0,4,14,0.429,0.848,0.286,8.0,22022
22200290,2022-11-27,Brooklyn Nets,BKN vs. POR,W,1,111,38.0,27,6.0,2,7,0.526,0.778,0.429,14.0,22022
22200290,2022-11-27,Portland Trail Blazers,POR @ BKN,L,0,97,42.0,27,4.0,2,13,0.443,0.682,0.364,-14.0,22022
22200293,2022-11-27,Miami Heat,MIA @ ATL,W,1,106,46.0,28,8.0,5,12,0.488,0.895,0.273,8.0,22022
22200298,2022-11-27,Milwaukee Bucks,MIL vs. DAL,W,1,124,40.0,28,8.0,5,13,0.558,0.733,0.459,9.0,22022
22200291,2022-11-27,Golden State Warriors,GSW @ MIN,W,1,137,47.0,36,7.0,6,16,0.575,0.85,0.426,23.0,22022
22200297,2022-11-27,Orlando Magic,ORL vs. PHI,L,0,103,26.0,21,9.0,4,15,0.456,0.76,0.3,-30.0,22022
22200295,2022-11-27,Detroit Pistons,DET vs. CLE,L,0,94,36.0,14,9.0,6,13,0.456,0.538,0.286,-8.0,22022
22200294,2022-11-27,Washington Wizards,WAS @ BOS,L,0,121,29.0,23,8.0,1,4,0.537,0.788,0.25,-9.0,22022
22200298,2022-11-27,Dallas Mavericks,DAL @ MIL,L,0,115,32.0,23,6.0,2,13,0.513,0.64,0.415,-9.0,22022
22200292,2022-11-27,Los Angeles Clippers,LAC vs. IND,W,1,114,62.0,33,7.0,4,18,0.447,0.75,0.188,14.0,22022
22200291,2022-11-27,Minnesota Timberwolves,MIN vs. GSW,L,0,114,31.0,22,7.0,2,14,0.443,0.759,0.4,-23.0,22022
22200294,2022-11-27,Boston Celtics,BOS vs. WAS,W,1,130,38.0,25,2.0,5,14,0.55,1.0,0.471,9.0,22022
22200296,2022-11-27,Memphis Grizzlies,MEM @ NYK,W,1,127,50.0,32,4.0,2,10,0.484,0.742,0.375,4.0,22022
22200292,2022-11-27,Indiana Pacers,IND @ LAC,L,0,100,39.0,23,14.0,4,11,0.383,0.826,0.214,-14.0,22022
22200296,2022-11-27,New York Knicks,NYK vs. MEM,L,0,123,42.0,30,3.0,7,8,0.506,0.833,0.333,-4.0,22022
22200293,2022-11-27,Atlanta Hawks,ATL vs. MIA,L,0,98,42.0,24,6.0,3,9,0.398,0.947,0.278,-8.0,22022
22200303,2022-11-28,Cleveland Cavaliers,CLE @ TOR,L,0,88,47.0,21,7.0,3,9,0.378,0.813,0.184,-12.0,22022
22200299,2022-11-28,Atlanta Hawks,ATL @ PHI,L,0,101,42.0,26,7.0,6,19,0.5,0.682,0.444,-3.0,22022
22200299,2022-11-28,Philadelphia 76ers,PHI vs. ATL,W,1,104,37.0,23,10.0,3,12,0.453,0.889,0.357,3.0,22022
22200302,2022-11-28,Brooklyn Nets,BKN vs. ORL,W,1,109,42.0,20,7.0,8,16,0.543,0.857,0.321,7.0,22022
22200304,2022-11-28,Oklahoma City Thunder,OKC @ NOP,L,0,101,47.0,16,11.0,4,19,0.37,0.913,0.316,-4.0,22022
22200308,2022-11-28,Indiana Pacers,IND @ LAL,W,1,116,49.0,29,6.0,10,9,0.41,0.813,0.347,1.0,22022
22200306,2022-11-28,Chicago Bulls,CHI @ UTA,W,1,114,50.0,21,6.0,3,7,0.462,0.88,0.273,7.0,22022
22200301,2022-11-28,Charlotte Hornets,CHA @ BOS,L,0,105,37.0,28,7.0,2,20,0.488,0.667,0.379,-35.0,22022
22200307,2022-11-28,Phoenix Suns,PHX @ SAC,W,1,122,45.0,26,9.0,7,17,0.532,0.857,0.313,5.0,22022
22200307,2022-11-28,Sacramento Kings,SAC vs. PHX,L,0,117,37.0,32,9.0,7,15,0.523,0.889,0.36,-5.0,22022
22200300,2022-11-28,Washington Wizards,WAS vs. MIN,W,1,142,34.0,31,12.0,5,7,0.571,0.852,0.484,15.0,22022
22200300,2022-11-28,Minnesota Timberwolves,MIN @ WAS,L,0,127,45.0,20,4.0,3,18,0.5,0.857,0.259,-15.0,22022
22200302,2022-11-28,Orlando Magic,ORL @ BKN,L,0,102,35.0,18,9.0,5,18,0.475,0.591,0.419,-7.0,22022
22200305,2022-11-28,Houston Rockets,HOU @ DEN,L,0,113,37.0,25,4.0,2,17,0.459,0.76,0.364,-16.0,22022
22200308,2022-11-28,Los Angeles Lakers,LAL vs. IND,L,0,115,57.0,23,3.0,7,14,0.43,0.774,0.355,-1.0,22022
22200306,2022-11-28,Utah Jazz,UTA vs. CHI,L,0,107,45.0,30,5.0,4,14,0.482,0.4,0.388,-7.0,22022
22200301,2022-11-28,Boston Celtics,BOS vs. CHA,W,1,140,39.0,40,10.0,5,13,0.591,0.857,0.462,35.0,22022
22200303,2022-11-28,Toronto Raptors,TOR vs. CLE,W,1,100,45.0,23,4.0,5,10,0.44,0.824,0.429,12.0,22022
22200304,2022-11-28,New Orleans Pelicans,NOP vs. OKC,W,1,105,49.0,21,12.0,8,22,0.448,0.9,0.281,4.0,22022
22200305,2022-11-28,Denver Nuggets,DEN vs. HOU,W,1,129,43.0,31,8.0,4,14,0.568,0.85,0.4,16.0,22022
22200310,2022-11-29,Dallas Mavericks,DAL vs. GSW,W,1,116,39.0,21,7.0,4,13,0.462,0.63,0.341,3.0,22022
22200311,2022-11-29,Portland Trail Blazers,POR vs. LAC,L,0,112,43.0,24,6.0,7,11,0.467,0.733,0.486,-6.0,22022
22200309,2022-11-29,New York Knicks,NYK @ DET,W,1,140,51.0,31,9.0,1,14,0.563,0.762,0.457,30.0,22022
22200310,2022-11-29,Golden State Warriors,GSW @ DAL,L,0,113,50.0,27,6.0,3,18,0.477,0.783,0.256,-3.0,22022
22200311,2022-11-29,Los Angeles Clippers,LAC @ POR,W,1,118,48.0,26,6.0,7,13,0.461,0.821,0.419,6.0,22022
22200309,2022-11-29,Detroit Pistons,DET vs. NYK,L,0,110,30.0,28,7.0,4,16,0.506,0.65,0.333,-30.0,22022
22200320,2022-11-30,Denver Nuggets,DEN vs. HOU,W,1,120,42.0,30,6.0,8,11,0.53,0.75,0.531,20.0,22022
22200321,2022-11-30,Chicago Bulls,CHI @ PHX,L,0,113,35.0,21,5.0,6,11,0.5,0.818,0.16,-19.0,22022
22200312,2022-11-30,Cleveland Cavaliers,CLE vs. PHI,W,1,113,40.0,28,10.0,3,18,0.608,0.8,0.517,28.0,22022
22200319,2022-11-30,San Antonio Spurs,SAS @ OKC,L,0,111,44.0,27,5.0,2,10,0.446,0.76,0.27,-8.0,22022
22200320,2022-11-30,Houston Rockets,HOU @ DEN,L,0,100,39.0,18,5.0,6,14,0.42,0.778,0.293,-20.0,22022
22200322,2022-11-30,Los Angeles Clippers,LAC @ UTA,L,0,112,39.0,16,9.0,5,10,0.398,0.778,0.333,-13.0,22022
22200316,2022-11-30,New York Knicks,NYK vs. MIL,L,0,103,55.0,18,2.0,3,7,0.42,0.65,0.2,-6.0,22022
22200321,2022-11-30,Phoenix Suns,PHX vs. CHI,W,1,132,46.0,22,3.0,5,13,0.527,0.905,0.455,19.0,22022
22200314,2022-11-30,Boston Celtics,BOS vs. MIA,W,1,134,41.0,32,7.0,0,17,0.554,0.87,0.489,13.0,22022
22200313,2022-11-30,Orlando Magic,ORL vs. ATL,L,0,108,33.0,26,5.0,3,18,0.494,0.88,0.296,-17.0,22022
22200317,2022-11-30,Memphis Grizzlies,MEM @ MIN,L,0,101,59.0,17,7.0,4,24,0.425,0.6,0.346,-8.0,22022
22200315,2022-11-30,Washington Wizards,WAS @ BKN,L,0,107,51.0,19,6.0,5,14,0.438,0.676,0.25,-6.0,22022
22200323,2022-11-30,Indiana Pacers,IND @ SAC,L,0,114,47.0,28,8.0,5,15,0.4,0.733,0.324,-23.0,22022
22200319,2022-11-30,Oklahoma City Thunder,OKC vs. SAS,W,1,119,52.0,17,4.0,4,11,0.511,0.667,0.333,8.0,22022
22200313,2022-11-30,Atlanta Hawks,ATL @ ORL,W,1,125,49.0,25,8.0,3,12,0.543,0.789,0.25,17.0,22022
22200322,2022-11-30,Utah Jazz,UTA vs. LAC,W,1,125,46.0,24,4.0,7,18,0.556,0.75,0.438,13.0,22022
22200318,2022-11-30,Toronto Raptors,TOR @ NOP,L,0,108,30.0,29,12.0,7,16,0.477,0.684,0.289,-18.0,22022
22200316,2022-11-30,Milwaukee Bucks,MIL @ NYK,W,1,109,52.0,23,3.0,6,5,0.433,0.808,0.286,6.0,22022
22200323,2022-11-30,Sacramento Kings,SAC vs. IND,W,1,137,58.0,28,8.0,5,18,0.505,0.862,0.372,23.0,22022
22200317,2022-11-30,Minnesota Timberwolves,MIN vs. MEM,W,1,109,29.0,26,13.0,11,12,0.461,0.789,0.308,8.0,22022
22200324,2022-11-30,Portland Trail Blazers,POR @ LAL,L,0,109,45.0,21,4.0,5,10,0.467,0.81,0.333,-19.0,22022
22200324,2022-11-30,Los Angeles Lakers,LAL vs. POR,W,1,128,48.0,28,5.0,6,7,0.495,0.692,0.378,19.0,22022
22200318,2022-11-30,New Orleans Pelicans,NOP vs. TOR,W,1,126,52.0,28,10.0,4,20,0.523,0.846,0.424,18.0,22022
22200314,2022-11-30,Miami Heat,MIA @ BOS,L,0,121,32.0,25,8.0,3,15,0.522,1.0,0.45,-13.0,22022
22200315,2022-11-30,Brooklyn Nets,BKN vs. WAS,W,1,113,35.0,22,8.0,7,9,0.464,0.923,0.423,6.0,22022
22200312,2022-11-30,Philadelphia 76ers,PHI @ CLE,L,0,85,30.0,19,7.0,1,16,0.416,0.833,0.231,-28.0,22022
22200325,2022-12-01,Detroit Pistons,DET vs. DAL,W,1,131,52.0,29,9.0,0,13,0.543,0.583,0.429,6.0,22022
22200325,2022-12-01,Dallas Mavericks,DAL @ DET,L,0,125,30.0,25,8.0,7,13,0.535,0.483,0.413,-6.0,22022
22200327,2022-12-02,Atlanta Hawks,ATL vs. DEN,W,1,117,43.0,24,7.0,3,12,0.557,0.643,0.357,8.0,22022
22200326,2022-12-02,Washington Wizards,WAS @ CHA,L,0,116,56.0,23,3.0,9,14,0.453,0.743,0.364,-1.0,22022
22200336,2022-12-02,Golden State Warriors,GSW vs. CHI,W,1,119,50.0,32,2.0,5,19,0.483,0.652,0.4,8.0,22022
22200330,2022-12-02,Orlando Magic,ORL @ CLE,L,0,96,40.0,19,6.0,4,17,0.494,0.667,0.348,-11.0,22022
22200327,2022-12-02,Denver Nuggets,DEN @ ATL,L,0,109,33.0,31,8.0,0,15,0.529,0.538,0.375,-8.0,22022
22200335,2022-12-02,Indiana Pacers,IND @ UTA,L,0,119,35.0,25,12.0,5,18,0.435,0.818,0.353,-20.0,22022
22200333,2022-12-02,New Orleans Pelicans,NOP @ SAS,W,1,117,53.0,25,9.0,5,9,0.435,0.962,0.286,18.0,22022
22200326,2022-12-02,Charlotte Hornets,CHA vs. WAS,W,1,117,45.0,25,6.0,3,4,0.421,0.806,0.414,1.0,22022
22200328,2022-12-02,Boston Celtics,BOS vs. MIA,L,0,116,48.0,26,6.0,2,20,0.46,0.75,0.333,-4.0,22022
22200329,2022-12-02,Toronto Raptors,TOR @ BKN,L,0,105,43.0,16,7.0,2,13,0.437,0.733,0.292,-9.0,22022
22200332,2022-12-02,Memphis Grizzlies,MEM vs. PHI,W,1,117,57.0,22,8.0,11,12,0.433,0.786,0.367,8.0,22022
22200328,2022-12-02,Miami Heat,MIA @ BOS,W,1,120,50.0,19,11.0,3,16,0.475,0.722,0.314,4.0,22022
22200336,2022-12-02,Chicago Bulls,CHI @ GSW,L,0,111,44.0,28,7.0,1,12,0.462,0.667,0.333,-8.0,22022
22200331,2022-12-02,Milwaukee Bucks,MIL vs. LAL,L,0,129,42.0,29,2.0,5,9,0.532,0.8,0.395,-4.0,22022
22200330,2022-12-02,Cleveland Cavaliers,CLE vs. ORL,W,1,107,33.0,22,7.0,5,12,0.488,1.0,0.381,11.0,22022
22200334,2022-12-02,Houston Rockets,HOU @ PHX,W,1,122,41.0,19,12.0,2,16,0.494,0.791,0.333,1.0,22022
22200335,2022-12-02,Utah Jazz,UTA vs. IND,W,1,139,47.0,29,7.0,2,24,0.554,0.865,0.441,20.0,22022
22200332,2022-12-02,Philadelphia 76ers,PHI @ MEM,L,0,109,42.0,23,7.0,5,13,0.44,0.882,0.424,-8.0,22022
22200331,2022-12-02,Los Angeles Lakers,LAL @ MIL,W,1,133,44.0,32,6.0,4,4,0.542,0.75,0.423,4.0,22022
22200333,2022-12-02,San Antonio Spurs,SAS vs. NOP,L,0,99,49.0,26,4.0,4,12,0.388,0.75,0.282,-18.0,22022
22200329,2022-12-02,Brooklyn Nets,BKN vs. TOR,W,1,114,41.0,27,7.0,5,18,0.537,0.682,0.344,9.0,22022
22200334,2022-12-02,Phoenix Suns,PHX vs. HOU,L,0,121,37.0,30,9.0,5,17,0.529,0.737,0.459,-1.0,22022
22200338,2022-12-03,Los Angeles Clippers,LAC vs. SAC,L,0,96,50.0,15,4.0,3,17,0.355,0.808,0.273,-27.0,22022
22200343,2022-12-03,Utah Jazz,UTA vs. POR,L,0,111,44.0,20,8.0,4,13,0.452,0.786,0.361,-5.0,22022
22200339,2022-12-03,Charlotte Hornets,CHA vs. MIL,L,0,96,44.0,15,9.0,4,14,0.391,0.885,0.208,-9.0,22022
22200338,2022-12-03,Sacramento Kings,SAC @ LAC,W,1,123,46.0,31,7.0,6,9,0.517,0.667,0.344,27.0,22022
22200342,2022-12-03,Golden State Warriors,GSW vs. HOU,W,1,120,35.0,34,8.0,5,13,0.529,0.5,0.481,19.0,22022
22200341,2022-12-03,Oklahoma City Thunder,OKC @ MIN,W,1,135,42.0,26,11.0,5,21,0.516,0.8,0.423,7.0,22022
22200337,2022-12-03,New York Knicks,NYK vs. DAL,L,0,100,45.0,18,7.0,1,19,0.455,0.714,0.323,-21.0,22022
22200342,2022-12-03,Houston Rockets,HOU @ GSW,L,0,101,45.0,17,6.0,4,15,0.44,0.9,0.107,-19.0,22022
22200340,2022-12-03,Orlando Magic,ORL @ TOR,L,0,108,29.0,23,9.0,2,15,0.487,0.808,0.393,-13.0,22022
22200337,2022-12-03,Dallas Mavericks,DAL @ NYK,W,1,121,50.0,27,7.0,5,11,0.43,0.786,0.393,21.0,22022
22200340,2022-12-03,Toronto Raptors,TOR vs. ORL,W,1,121,43.0,31,12.0,4,16,0.56,0.72,0.31,13.0,22022
22200339,2022-12-03,Milwaukee Bucks,MIL @ CHA,W,1,105,47.0,24,5.0,8,21,0.47,0.789,0.375,9.0,22022
22200343,2022-12-03,Portland Trail Blazers,POR @ UTA,W,1,116,49.0,19,5.0,6,13,0.482,0.774,0.4,5.0,22022
22200341,2022-12-03,Minnesota Timberwolves,MIN vs. OKC,L,0,128,44.0,25,13.0,10,23,0.528,0.8,0.333,-7.0,22022
22200347,2022-12-04,Detroit Pistons,DET vs. MEM,L,0,112,39.0,26,7.0,7,14,0.44,0.833,0.371,-10.0,22022
22200349,2022-12-04,Los Angeles Lakers,LAL @ WAS,W,1,130,51.0,34,5.0,5,15,0.542,0.727,0.385,11.0,22022
22200350,2022-12-04,Chicago Bulls,CHI @ SAC,L,0,101,39.0,17,9.0,5,16,0.442,0.842,0.36,-9.0,22022
22200351,2022-12-04,Portland Trail Blazers,POR vs. IND,W,1,116,45.0,32,10.0,3,15,0.488,0.682,0.425,16.0,22022
22200348,2022-12-04,New York Knicks,NYK vs. CLE,W,1,92,54.0,17,6.0,3,20,0.407,0.81,0.172,11.0,22022
22200345,2022-12-04,Phoenix Suns,PHX @ SAS,W,1,133,45.0,38,5.0,0,11,0.521,0.8,0.514,38.0,22022
22200344,2022-12-04,Denver Nuggets,DEN @ NOP,L,0,106,43.0,24,5.0,5,19,0.506,0.667,0.258,-15.0,22022
22200350,2022-12-04,Sacramento Kings,SAC vs. CHI,W,1,110,46.0,30,10.0,2,18,0.465,0.895,0.302,9.0,22022
22200349,2022-12-04,Washington Wizards,WAS vs. LAL,L,0,119,44.0,24,10.0,8,10,0.467,0.733,0.256,-11.0,22022
22200347,2022-12-04,Memphis Grizzlies,MEM @ DET,W,1,122,46.0,28,9.0,5,13,0.467,0.724,0.429,10.0,22022
22200348,2022-12-04,Cleveland Cavaliers,CLE @ NYK,L,0,81,39.0,17,7.0,6,17,0.349,0.75,0.229,-11.0,22022
22200345,2022-12-04,San Antonio Spurs,SAS vs. PHX,L,0,95,40.0,19,5.0,3,19,0.437,0.722,0.194,-38.0,22022
22200351,2022-12-04,Indiana Pacers,IND @ POR,L,0,100,44.0,22,10.0,5,15,0.44,0.833,0.303,-16.2,22022
22200344,2022-12-04,New Orleans Pelicans,NOP vs. DEN,W,1,121,36.0,29,10.0,5,10,0.506,0.778,0.423,15.0,22022
22200346,2022-12-04,Boston Celtics,BOS @ BKN,W,1,103,48.0,18,11.0,9,15,0.432,0.9,0.395,11.0,22022
22200346,2022-12-04,Brooklyn Nets,BKN vs. BOS,L,0,92,45.0,17,6.0,7,14,0.405,0.682,0.346,-11.0,22022
22200359,2022-12-05,Golden State Warriors,GSW vs. IND,L,0,104,47.0,26,6.0,6,12,0.404,0.789,0.295,-8.0,22022
22200355,2022-12-05,Boston Celtics,BOS @ TOR,W,1,116,49.0,27,6.0,3,11,0.489,0.714,0.361,6.0,22022
22200357,2022-12-05,Miami Heat,MIA @ MEM,L,0,93,45.0,23,7.0,3,16,0.392,0.773,0.35,-8.0,22022
22200356,2022-12-05,Philadelphia 76ers,PHI @ HOU,L,0,123,39.0,23,10.0,6,19,0.448,0.778,0.472,-9.0,22022
22200353,2022-12-05,Orlando Magic,ORL vs. MIL,L,0,102,52.0,21,8.0,2,13,0.366,0.897,0.25,-7.0,22022
22200359,2022-12-05,Indiana Pacers,IND @ GSW,W,1,112,47.0,26,3.0,8,11,0.478,0.611,0.385,8.0,22022
22200352,2022-12-05,Charlotte Hornets,CHA vs. LAC,L,0,117,49.0,29,8.0,4,10,0.48,0.647,0.353,-2.0,22022
22200354,2022-12-05,Oklahoma City Thunder,OKC @ ATL,W,1,121,49.0,25,8.0,4,16,0.453,0.958,0.353,7.0,22022
22200354,2022-12-05,Atlanta Hawks,ATL vs. OKC,L,0,114,54.0,24,7.0,4,18,0.431,0.765,0.342,-7.0,22022
22200358,2022-12-05,Dallas Mavericks,DAL vs. PHX,W,1,130,41.0,23,7.0,6,12,0.524,0.846,0.488,19.0,22022
22200353,2022-12-05,Milwaukee Bucks,MIL @ ORL,W,1,109,45.0,31,9.0,4,17,0.447,0.769,0.325,7.0,22022
22200358,2022-12-05,Phoenix Suns,PHX @ DAL,L,0,111,41.0,28,5.0,5,11,0.44,0.692,0.351,-19.0,22022
22200356,2022-12-05,Houston Rockets,HOU vs. PHI,W,1,132,51.0,19,9.0,3,19,0.447,0.773,0.359,9.0,22022
22200352,2022-12-05,Los Angeles Clippers,LAC @ CHA,W,1,119,47.0,30,4.0,5,12,0.484,0.667,0.417,2.0,22022
22200357,2022-12-05,Memphis Grizzlies,MEM vs. MIA,W,1,101,41.0,23,10.0,5,11,0.467,1.0,0.25,8.0,22022
22200355,2022-12-05,Toronto Raptors,TOR vs. BOS,L,0,110,46.0,19,6.0,5,13,0.459,0.733,0.357,-6.0,22022
22200362,2022-12-06,Denver Nuggets,DEN vs. DAL,L,0,115,36.0,30,8.0,4,17,0.513,0.786,0.406,-1.0,22022
22200360,2022-12-06,Cleveland Cavaliers,CLE vs. LAL,W,1,116,44.0,25,11.0,3,7,0.516,0.765,0.259,14.0,22022
22200360,2022-12-06,Los Angeles Lakers,LAL @ CLE,L,0,102,43.0,16,4.0,6,16,0.427,0.833,0.167,-14.0,22022
22200362,2022-12-06,Dallas Mavericks,DAL @ DEN,W,1,116,35.0,27,10.0,4,15,0.5,0.871,0.472,1.0,22022
22200361,2022-12-06,Detroit Pistons,DET @ MIA,W,1,116,40.0,27,8.0,1,12,0.494,0.733,0.463,20.0,22022
22200361,2022-12-06,Miami Heat,MIA vs. DET,L,0,96,40.0,21,7.0,2,15,0.429,0.769,0.313,-20.0,22022
22200370,2022-12-07,Indiana Pacers,IND @ MIN,L,0,115,31.0,22,10.0,4,19,0.481,0.75,0.452,-6.0,22022
22200363,2022-12-07,Los Angeles Clippers,LAC @ ORL,L,0,111,53.0,26,3.0,9,15,0.411,0.692,0.366,-5.0,22022
22200371,2022-12-07,New Orleans Pelicans,NOP vs. DET,W,1,104,50.0,21,8.0,9,18,0.459,0.783,0.296,6.0,22022
22200373,2022-12-07,Boston Celtics,BOS @ PHX,W,1,125,53.0,29,14.0,3,12,0.485,0.846,0.356,27.0,22022
22200368,2022-12-07,Memphis Grizzlies,MEM vs. OKC,W,1,123,50.0,32,13.0,9,14,0.511,0.813,0.368,21.0,22022
22200363,2022-12-07,Orlando Magic,ORL vs. LAC,W,1,116,53.0,20,8.0,5,12,0.421,0.903,0.286,5.0,22022
22200373,2022-12-07,Phoenix Suns,PHX vs. BOS,L,0,98,49.0,19,5.0,4,18,0.398,0.842,0.25,-27.0,22022
22200364,2022-12-07,Brooklyn Nets,BKN vs. CHA,W,1,122,39.0,33,3.0,8,10,0.57,0.75,0.387,6.0,22022
22200369,2022-12-07,Sacramento Kings,SAC @ MIL,L,0,113,40.0,19,2.0,4,8,0.473,0.938,0.316,-13.0,22022
22200370,2022-12-07,Minnesota Timberwolves,MIN vs. IND,W,1,121,51.0,25,15.0,2,21,0.473,0.926,0.348,6.0,22022
22200372,2022-12-07,Utah Jazz,UTA vs. GSW,W,1,124,40.0,26,6.0,7,17,0.535,0.81,0.429,1.0,22022
22200367,2022-12-07,Washington Wizards,WAS @ CHI,L,0,111,38.0,22,12.0,6,18,0.488,0.69,0.29,-4.0,22022
22200364,2022-12-07,Charlotte Hornets,CHA @ BKN,L,0,116,40.0,25,4.0,3,11,0.534,0.522,0.417,-6.0,22022
22200367,2022-12-07,Chicago Bulls,CHI vs. WAS,W,1,115,41.0,29,11.0,4,19,0.5,0.882,0.435,4.0,22022
22200368,2022-12-07,Oklahoma City Thunder,OKC @ MEM,L,0,102,48.0,25,9.0,3,18,0.37,0.87,0.368,-21.0,22022
22200369,2022-12-07,Milwaukee Bucks,MIL vs. SAC,W,1,126,50.0,34,3.0,2,7,0.479,0.833,0.424,13.0,22022
22200366,2022-12-07,Toronto Raptors,TOR vs. LAL,W,1,126,54.0,25,10.0,5,11,0.443,0.833,0.279,13.0,22022
22200365,2022-12-07,Atlanta Hawks,ATL @ NYK,L,0,89,39.0,16,4.0,6,11,0.376,0.792,0.167,-24.0,22022
22200366,2022-12-07,Los Angeles Lakers,LAL @ TOR,L,0,113,46.0,16,6.0,3,15,0.425,0.914,0.212,-13.0,22022
22200372,2022-12-07,Golden State Warriors,GSW @ UTA,L,0,123,42.0,26,8.0,5,14,0.459,0.76,0.333,-1.0,22022
22200365,2022-12-07,New York Knicks,NYK vs. ATL,W,1,113,55.0,26,6.0,2,14,0.446,0.917,0.472,24.0,22022
22200371,2022-12-07,Detroit Pistons,DET @ NOP,L,0,98,42.0,17,5.0,1,12,0.389,0.813,0.357,-6.0,22022
22200374,2022-12-08,Miami Heat,MIA vs. LAC,W,1,115,43.0,24,11.0,1,8,0.511,0.786,0.375,5.0,22022
22200376,2022-12-08,Portland Trail Blazers,POR vs. DEN,L,0,120,38.0,30,10.0,3,12,0.484,1.0,0.4,-1.0,22022
22200374,2022-12-08,Los Angeles Clippers,LAC @ MIA,L,0,110,43.0,24,3.0,3,16,0.463,0.905,0.472,-5.0,22022
22200375,2022-12-08,Houston Rockets,HOU @ SAS,L,0,109,42.0,23,3.0,4,14,0.449,0.733,0.345,-9.0,22022
22200376,2022-12-08,Denver Nuggets,DEN @ POR,W,1,121,48.0,28,6.0,5,16,0.516,0.682,0.4,1.0,22022
22200375,2022-12-08,San Antonio Spurs,SAS vs. HOU,W,1,118,38.0,25,5.0,7,16,0.554,0.867,0.361,9.0,22022
22200382,2022-12-09,Los Angeles Lakers,LAL @ PHI,L,0,122,37.0,29,12.0,4,19,0.5,0.767,0.355,-11.0,22022
22200379,2022-12-09,Toronto Raptors,TOR @ ORL,L,0,109,33.0,23,10.0,5,7,0.424,0.818,0.286,-4.0,22022
22200383,2022-12-09,Detroit Pistons,DET @ MEM,L,0,103,47.0,23,6.0,7,19,0.4,0.741,0.314,-11.0,22022
22200381,2022-12-09,Sacramento Kings,SAC @ CLE,W,1,106,38.0,21,11.0,5,17,0.53,0.625,0.485,11.0,22022
22200385,2022-12-09,Minnesota Timberwolves,MIN @ UTA,W,1,118,44.0,30,7.0,3,17,0.532,0.769,0.4,10.0,22022
22200384,2022-12-09,Phoenix Suns,PHX @ NOP,L,0,117,37.0,30,6.0,3,16,0.5,0.692,0.5,-11.0,22022
22200377,2022-12-09,Charlotte Hornets,CHA vs. NYK,L,0,102,45.0,16,8.0,6,12,0.44,0.786,0.231,-19.0,22022
22200386,2022-12-09,Milwaukee Bucks,MIL @ DAL,W,1,106,51.0,27,5.0,4,15,0.437,0.826,0.344,1.0,22022
22200386,2022-12-09,Dallas Mavericks,DAL vs. MIL,L,0,105,43.0,21,8.0,6,10,0.466,0.417,0.325,-1.0,22022
22200380,2022-12-09,Atlanta Hawks,ATL @ BKN,L,0,116,38.0,21,12.0,4,18,0.495,0.875,0.345,-4.0,22022
22200377,2022-12-09,New York Knicks,NYK @ CHA,W,1,121,48.0,25,6.0,7,11,0.441,0.867,0.382,19.0,22022
22200381,2022-12-09,Cleveland Cavaliers,CLE vs. SAC,L,0,95,36.0,20,7.0,4,19,0.43,0.773,0.333,-11.0,22022
22200378,2022-12-09,Washington Wizards,WAS @ IND,L,0,111,38.0,25,6.0,3,14,0.532,0.76,0.345,-10.0,22022
22200378,2022-12-09,Indiana Pacers,IND vs. WAS,W,1,121,40.0,23,7.0,2,11,0.506,0.85,0.439,10.0,22022
22200384,2022-12-09,New Orleans Pelicans,NOP vs. PHX,W,1,128,44.0,27,10.0,1,11,0.511,0.8,0.296,11.0,22022
22200383,2022-12-09,Memphis Grizzlies,MEM vs. DET,W,1,114,48.0,30,11.0,8,14,0.484,0.531,0.281,11.0,22022
22200385,2022-12-09,Utah Jazz,UTA vs. MIN,L,0,108,40.0,22,9.0,0,11,0.433,0.708,0.295,-10.0,22022
22200379,2022-12-09,Orlando Magic,ORL vs. TOR,W,1,113,43.0,24,3.0,4,18,0.592,0.905,0.385,4.0,22022
22200382,2022-12-09,Philadelphia 76ers,PHI vs. LAL,W,1,133,42.0,30,14.0,2,21,0.533,0.864,0.45,11.0,22022
22200380,2022-12-09,Brooklyn Nets,BKN vs. ATL,W,1,120,38.0,30,10.0,5,21,0.542,0.81,0.433,4.0,22022
22200392,2022-12-10,Boston Celtics,BOS @ GSW,L,0,107,39.0,17,8.0,6,10,0.437,0.731,0.3,-16.0,22022
22200390,2022-12-10,Cleveland Cavaliers,CLE vs. OKC,W,1,110,48.0,25,6.0,4,11,0.471,0.692,0.375,8.0,22022
22200394,2022-12-10,Minnesota Timberwolves,MIN @ POR,L,0,118,28.0,22,11.0,4,13,0.542,0.75,0.435,-6.0,22022
22200392,2022-12-10,Golden State Warriors,GSW vs. BOS,W,1,123,53.0,26,3.0,6,13,0.511,0.8,0.333,16.0,22022
22200389,2022-12-10,Los Angeles Clippers,LAC @ WAS,W,1,114,42.0,22,9.0,7,10,0.426,0.938,0.396,7.0,22022
22200391,2022-12-10,Chicago Bulls,CHI vs. DAL,W,1,144,44.0,33,8.0,5,8,0.635,0.708,0.559,29.0,22022
22200393,2022-12-10,Denver Nuggets,DEN vs. UTA,W,1,115,39.0,28,5.0,8,8,0.547,0.813,0.308,5.0,22022
22200390,2022-12-10,Oklahoma City Thunder,OKC @ CLE,L,0,102,40.0,25,8.0,6,10,0.458,0.8,0.345,-8.0,22022
22200393,2022-12-10,Utah Jazz,UTA @ DEN,L,0,110,42.0,20,5.0,6,13,0.459,0.81,0.366,-5.0,22022
22200394,2022-12-10,Portland Trail Blazers,POR vs. MIN,W,1,124,45.0,20,5.0,4,16,0.518,0.893,0.382,6.0,22022
22200389,2022-12-10,Washington Wizards,WAS vs. LAC,L,0,107,50.0,24,8.0,3,14,0.435,0.895,0.471,-7.0,22022
22200387,2022-12-10,San Antonio Spurs,SAS @ MIA,W,1,115,46.0,24,8.0,4,18,0.538,0.774,0.333,4.0,22022
22200391,2022-12-10,Dallas Mavericks,DAL @ CHI,L,0,115,37.0,24,5.0,4,8,0.456,0.846,0.25,-29.0,22022
22200387,2022-12-10,Miami Heat,MIA vs. SAS,L,0,111,32.0,26,5.0,3,10,0.481,0.714,0.382,-4.0,22022
22200388,2022-12-10,Indiana Pacers,IND vs. BKN,L,0,133,30.0,30,10.0,3,18,0.553,0.75,0.477,-3.0,22022
22200388,2022-12-10,Brooklyn Nets,BKN @ IND,W,1,136,59.0,19,7.0,3,18,0.52,0.719,0.321,3.0,22022
22200395,2022-12-11,New Orleans Pelicans,NOP vs. PHX,W,1,129,43.0,31,10.0,3,15,0.581,0.75,0.32,5.0,22022
22200397,2022-12-11,New York Knicks,NYK vs. SAC,W,1,112,55.0,19,8.0,4,14,0.449,0.889,0.229,13.0,22022
22200401,2022-12-11,Milwaukee Bucks,MIL @ HOU,L,0,92,52.0,18,5.0,6,15,0.367,0.778,0.279,-5.0,22022
22200398,2022-12-11,Toronto Raptors,TOR @ ORL,L,0,99,28.0,18,9.0,7,9,0.4,0.868,0.24,-12.0,22022
22200396,2022-12-11,Detroit Pistons,DET vs. LAL,L,0,117,40.0,28,9.0,3,12,0.462,0.824,0.378,-7.0,22022
22200395,2022-12-11,Phoenix Suns,PHX @ NOP,L,0,124,42.0,34,7.0,5,14,0.467,0.765,0.342,-5.0,22022
22200400,2022-12-11,Atlanta Hawks,ATL vs. CHI,W,1,123,45.0,28,3.0,6,14,0.48,0.762,0.333,1.0,22022
22200396,2022-12-11,Los Angeles Lakers,LAL @ DET,W,1,124,42.0,31,8.0,4,11,0.548,0.778,0.423,7.0,22022
22200398,2022-12-11,Orlando Magic,ORL vs. TOR,W,1,111,42.0,25,3.0,7,14,0.468,0.806,0.452,12.0,22022
22200401,2022-12-11,Houston Rockets,HOU vs. MIL,W,1,97,49.0,23,11.0,8,12,0.44,0.917,0.222,5.0,22022
22200399,2022-12-11,Philadelphia 76ers,PHI vs. CHA,W,1,131,41.0,31,6.0,6,15,0.554,0.813,0.481,18.0,22022
22200400,2022-12-11,Chicago Bulls,CHI @ ATL,L,0,122,53.0,28,11.0,6,18,0.48,0.826,0.259,-1.0,22022
22200399,2022-12-11,Charlotte Hornets,CHA @ PHI,L,0,113,45.0,21,12.0,3,15,0.409,0.867,0.367,-18.0,22022
22200397,2022-12-11,Sacramento Kings,SAC @ NYK,L,0,99,41.0,20,7.0,0,16,0.398,0.657,0.256,-13.0,22022
22200402,2022-12-12,Indiana Pacers,IND vs. MIA,L,0,82,45.0,16,7.0,11,15,0.354,0.75,0.282,-5.0,22022
22200406,2022-12-12,Cleveland Cavaliers,CLE @ SAS,L,0,111,44.0,21,7.0,7,15,0.489,0.941,0.217,-1.0,22022
22200406,2022-12-12,San Antonio Spurs,SAS vs. CLE,W,1,112,46.0,25,6.0,2,12,0.474,0.688,0.333,1.0,22022
22200403,2022-12-12,Brooklyn Nets,BKN @ WAS,W,1,112,41.0,25,8.0,7,11,0.494,0.889,0.296,12.0,22022
22200407,2022-12-12,Minnesota Timberwolves,MIN @ POR,L,0,112,37.0,25,12.0,2,10,0.495,0.526,0.37,-21.0,22022
22200402,2022-12-12,Miami Heat,MIA @ IND,W,1,87,48.0,23,7.0,2,13,0.386,0.778,0.265,5.0,22022
22200404,2022-12-12,Atlanta Hawks,ATL @ MEM,L,0,103,39.0,20,13.0,1,15,0.356,0.773,0.324,-25.0,22022
22200407,2022-12-12,Portland Trail Blazers,POR vs. MIN,W,1,133,54.0,32,4.0,4,18,0.539,0.762,0.457,21.0,22022
22200408,2022-12-12,Boston Celtics,BOS @ LAC,L,0,93,36.0,27,5.0,6,15,0.434,0.692,0.231,-20.0,22022
22200405,2022-12-12,Dallas Mavericks,DAL vs. OKC,W,1,121,50.0,24,4.0,3,14,0.419,0.84,0.407,7.0,22022
22200404,2022-12-12,Memphis Grizzlies,MEM vs. ATL,W,1,128,49.0,36,8.0,12,22,0.602,0.833,0.406,25.0,22022
22200403,2022-12-12,Washington Wizards,WAS vs. BKN,L,0,100,44.0,21,6.0,2,19,0.468,0.682,0.355,-12.0,22022
22200408,2022-12-12,Los Angeles Clippers,LAC vs. BOS,W,1,113,46.0,18,10.0,2,9,0.489,0.714,0.4,20.0,22022
22200405,2022-12-12,Oklahoma City Thunder,OKC @ DAL,L,0,114,42.0,21,4.0,1,13,0.477,0.952,0.323,-7.0,22022
22200412,2022-12-13,New Orleans Pelicans,NOP @ UTA,L,0,100,43.0,25,12.0,3,17,0.398,0.667,0.148,-21.0,22022
22200413,2022-12-13,Los Angeles Lakers,LAL vs. BOS,L,0,118,49.0,23,7.0,9,11,0.473,0.733,0.276,-4.0,22022
22200410,2022-12-13,Golden State Warriors,GSW @ MIL,L,0,111,37.0,25,7.0,2,18,0.4,0.789,0.4,-17.0,22022
22200412,2022-12-13,Utah Jazz,UTA vs. NOP,W,1,121,59.0,31,4.0,10,19,0.476,0.667,0.319,21.0,22022
22200413,2022-12-13,Boston Celtics,BOS @ LAL,W,1,122,51.0,27,6.0,2,14,0.442,0.688,0.396,4.0,22022
22200410,2022-12-13,Milwaukee Bucks,MIL vs. GSW,W,1,128,55.0,22,8.0,5,21,0.549,0.813,0.414,17.0,22022
22200411,2022-12-13,Houston Rockets,HOU vs. PHX,W,1,111,67.0,16,6.0,9,22,0.42,0.912,0.343,14.0,22022
22200411,2022-12-13,Phoenix Suns,PHX @ HOU,L,0,97,44.0,22,13.0,7,9,0.32,0.947,0.255,-14.0,22022
22200409,2022-12-13,Sacramento Kings,SAC @ PHI,L,0,103,48.0,21,5.0,4,17,0.413,0.85,0.238,-20.0,22022
22200409,2022-12-13,Philadelphia 76ers,PHI vs. SAC,W,1,123,42.0,34,10.0,4,11,0.512,0.778,0.457,20.0,22022
22200423,2022-12-14,Los Angeles Clippers,LAC vs. MIN,W,1,99,52.0,21,8.0,2,14,0.382,0.81,0.304,11.0,22022
22200419,2022-12-14,Miami Heat,MIA @ OKC,W,1,110,39.0,25,9.0,1,14,0.43,0.8,0.429,2.0,22022
22200416,2022-12-14,Atlanta Hawks,ATL @ ORL,L,0,124,39.0,30,2.0,6,13,0.5,0.889,0.343,-11.0,22022
22200421,2022-12-14,Cleveland Cavaliers,CLE @ DAL,W,1,105,43.0,26,5.0,2,6,0.526,0.789,0.333,15.0,22022
22200422,2022-12-14,Washington Wizards,WAS @ DEN,L,0,128,24.0,40,10.0,5,13,0.527,0.565,0.487,-13.0,22022
22200415,2022-12-14,Indiana Pacers,IND vs. GSW,W,1,125,34.0,30,10.0,8,17,0.506,0.84,0.41,6.0,22022
22200421,2022-12-14,Dallas Mavericks,DAL vs. CLE,L,0,90,33.0,17,2.0,3,12,0.392,0.731,0.342,-15.0,22022
22200418,2022-12-14,New York Knicks,NYK @ CHI,W,1,128,48.0,25,7.0,5,15,0.495,0.8,0.529,8.0,22022
22200420,2022-12-14,San Antonio Spurs,SAS vs. POR,L,0,112,40.0,23,9.0,3,11,0.464,0.579,0.379,-16.0,22022
22200419,2022-12-14,Oklahoma City Thunder,OKC vs. MIA,L,0,108,44.0,26,7.0,4,14,0.5,0.739,0.375,-2.0,22022
22200417,2022-12-14,Toronto Raptors,TOR vs. SAC,L,0,123,39.0,25,8.0,7,7,0.5,0.852,0.286,-1.0,22022
22200423,2022-12-14,Minnesota Timberwolves,MIN @ LAC,L,0,88,43.0,15,9.0,4,17,0.419,0.733,0.182,-11.0,22022
22200415,2022-12-14,Golden State Warriors,GSW @ IND,L,0,119,46.0,27,5.0,4,23,0.465,0.862,0.424,-6.0,22022
22200414,2022-12-14,Charlotte Hornets,CHA vs. DET,L,0,134,52.0,21,7.0,6,5,0.412,0.793,0.333,-7.0,22022
22200417,2022-12-14,Sacramento Kings,SAC @ TOR,W,1,124,50.0,29,3.0,3,15,0.484,0.85,0.37,1.0,22022
22200418,2022-12-14,Chicago Bulls,CHI vs. NYK,L,0,120,31.0,25,6.0,7,12,0.548,0.864,0.321,-8.0,22022
22200422,2022-12-14,Denver Nuggets,DEN vs. WAS,W,1,141,45.0,31,8.0,7,18,0.651,0.829,0.25,13.0,22022
22200416,2022-12-14,Orlando Magic,ORL vs. ATL,W,1,135,46.0,28,10.0,6,11,0.505,0.833,0.444,11.0,22022
22200414,2022-12-14,Detroit Pistons,DET @ CHA,W,1,141,52.0,25,0.0,8,15,0.516,0.75,0.45,7.0,22022
22200420,2022-12-14,Portland Trail Blazers,POR @ SAS,W,1,128,40.0,26,5.0,3,17,0.605,0.706,0.45,16.0,22022
22200427,2022-12-15,Los Angeles Clippers,LAC vs. PHX,L,0,95,52.0,21,4.0,3,16,0.378,0.714,0.364,-16.0,22022
22200426,2022-12-15,New Orleans Pelicans,NOP @ UTA,L,0,129,49.0,24,8.0,6,16,0.475,0.821,0.4,-3.0,22022
22200425,2022-12-15,Memphis Grizzlies,MEM vs. MIL,W,1,142,56.0,30,5.0,7,7,0.549,0.783,0.375,41.0,22022
22200424,2022-12-15,Houston Rockets,HOU vs. MIA,L,0,108,51.0,22,10.0,4,14,0.468,0.647,0.273,-3.0,22022
22200424,2022-12-15,Miami Heat,MIA @ HOU,W,1,111,40.0,21,10.0,6,14,0.443,0.739,0.34,3.0,22022
22200425,2022-12-15,Milwaukee Bucks,MIL @ MEM,L,0,101,39.0,22,5.0,1,9,0.372,0.667,0.26,-41.0,22022
22200426,2022-12-15,Utah Jazz,UTA vs. NOP,W,1,132,44.0,24,8.0,6,16,0.457,0.811,0.383,3.0,22022
22200427,2022-12-15,Phoenix Suns,PHX @ LAC,W,1,111,53.0,27,8.0,8,8,0.463,0.778,0.281,16.0,22022
22200436,2022-12-16,Portland Trail Blazers,POR @ DAL,L,0,110,42.0,21,4.0,2,12,0.438,0.76,0.351,-20.0,22022
22200429,2022-12-16,Detroit Pistons,DET vs. SAC,L,0,113,46.0,22,7.0,1,16,0.459,0.806,0.345,-9.0,22022
22200436,2022-12-16,Dallas Mavericks,DAL vs. POR,W,1,130,40.0,25,4.0,5,12,0.556,0.846,0.419,20.0,22022
22200437,2022-12-16,Los Angeles Lakers,LAL vs. DEN,W,1,126,45.0,29,11.0,4,14,0.527,0.75,0.364,18.0,22022
22200435,2022-12-16,Oklahoma City Thunder,OKC vs. MIN,L,0,110,45.0,29,7.0,4,22,0.466,0.81,0.297,-2.0,22022
22200434,2022-12-16,Chicago Bulls,CHI vs. NYK,L,0,91,39.0,26,3.0,2,20,0.468,0.875,0.4,-23.0,22022
22200434,2022-12-16,New York Knicks,NYK @ CHI,W,1,114,50.0,19,13.0,2,10,0.402,0.719,0.386,23.0,22022
22200428,2022-12-16,Atlanta Hawks,ATL @ CHA,W,1,125,41.0,25,3.0,5,12,0.547,0.824,0.517,19.0,22022
22200431,2022-12-16,Indiana Pacers,IND @ CLE,L,0,112,33.0,34,6.0,4,10,0.525,0.895,0.306,-6.0,22022
22200433,2022-12-16,Brooklyn Nets,BKN @ TOR,W,1,119,37.0,22,5.0,6,14,0.605,0.783,0.346,3.0,22022
22200432,2022-12-16,Philadelphia 76ers,PHI vs. GSW,W,1,118,49.0,23,11.0,5,15,0.459,0.806,0.395,12.0,22022
22200428,2022-12-16,Charlotte Hornets,CHA vs. ATL,L,0,106,43.0,26,8.0,5,12,0.398,0.684,0.349,-19.0,22022
22200437,2022-12-16,Denver Nuggets,DEN @ LAL,L,0,108,39.0,25,7.0,4,19,0.481,0.75,0.333,-18.0,22022
22200430,2022-12-16,Boston Celtics,BOS vs. ORL,L,0,109,38.0,17,9.0,12,14,0.417,0.824,0.239,-8.0,22022
22200431,2022-12-16,Cleveland Cavaliers,CLE vs. IND,W,1,118,34.0,23,6.0,2,8,0.5,0.875,0.452,6.0,22022
22200433,2022-12-16,Toronto Raptors,TOR vs. BKN,L,0,116,32.0,17,5.0,1,8,0.488,0.862,0.375,-3.0,22022
22200435,2022-12-16,Minnesota Timberwolves,MIN @ OKC,W,1,112,43.0,23,16.0,6,16,0.494,0.56,0.48,2.0,22022
22200429,2022-12-16,Sacramento Kings,SAC @ DET,W,1,122,33.0,30,8.0,1,13,0.524,0.828,0.387,9.0,22022
22200430,2022-12-16,Orlando Magic,ORL @ BOS,W,1,117,53.0,19,7.0,1,17,0.462,0.857,0.273,8.0,22022
22200432,2022-12-16,Golden State Warriors,GSW @ PHI,L,0,106,48.0,31,8.0,6,17,0.415,0.846,0.395,-12.0,22022
22200444,2022-12-17,Phoenix Suns,PHX vs. NOP,W,1,118,35.0,23,6.0,3,8,0.47,0.714,0.366,4.0,22022
22200438,2022-12-17,Los Angeles Clippers,LAC vs. WAS,W,1,102,49.0,19,6.0,5,14,0.43,0.615,0.414,9.0,22022
22200444,2022-12-17,New Orleans Pelicans,NOP @ PHX,L,0,114,36.0,27,2.0,5,16,0.584,0.769,0.467,-4.0,22022
22200441,2022-12-17,Houston Rockets,HOU vs. POR,L,0,95,51.0,19,7.0,6,15,0.4,0.69,0.103,-12.0,22022
22200439,2022-12-17,Miami Heat,MIA @ SAS,W,1,111,40.0,25,14.0,3,12,0.512,0.696,0.367,10.0,22022
22200443,2022-12-17,Oklahoma City Thunder,OKC vs. MEM,W,1,115,53.0,29,7.0,0,9,0.413,0.645,0.422,6.0,22022
22200439,2022-12-17,San Antonio Spurs,SAS vs. MIA,L,0,101,38.0,29,8.0,3,17,0.429,0.758,0.37,-10.0,22022
22200442,2022-12-17,Utah Jazz,UTA @ MIL,L,0,97,29.0,24,5.0,2,14,0.453,0.5,0.34,-26.0,22022
22200441,2022-12-17,Portland Trail Blazers,POR @ HOU,W,1,107,36.0,20,8.0,4,12,0.471,0.737,0.361,12.0,22022
22200440,2022-12-17,Dallas Mavericks,DAL @ CLE,L,0,99,45.0,19,5.0,6,11,0.409,0.632,0.306,-1.0,22022
22200438,2022-12-17,Washington Wizards,WAS @ LAC,L,0,93,42.0,20,10.0,2,14,0.429,0.923,0.36,-9.0,22022
22200443,2022-12-17,Memphis Grizzlies,MEM @ OKC,L,0,109,53.0,15,5.0,5,9,0.378,0.784,0.267,-6.0,22022
22200440,2022-12-17,Cleveland Cavaliers,CLE vs. DAL,W,1,100,51.0,23,6.0,5,10,0.426,0.591,0.194,1.0,22022
22200442,2022-12-17,Milwaukee Bucks,MIL vs. UTA,W,1,123,54.0,30,5.0,3,14,0.533,0.818,0.474,26.0,22022
22200448,2022-12-18,Golden State Warriors,GSW @ TOR,W,1,126,41.0,31,6.0,2,17,0.531,0.846,0.462,16.0,22022
22200448,2022-12-18,Toronto Raptors,TOR vs. GSW,L,0,110,43.0,21,6.0,2,12,0.421,0.773,0.394,-16.0,22022
22200447,2022-12-18,Brooklyn Nets,BKN @ DET,W,1,124,35.0,26,5.0,8,13,0.55,0.913,0.517,3.0,22022
22200450,2022-12-18,Denver Nuggets,DEN vs. CHA,W,1,119,55.0,33,6.0,3,14,0.457,0.647,0.333,4.0,22022
22200449,2022-12-18,Minnesota Timberwolves,MIN vs. CHI,W,1,150,39.0,38,5.0,5,12,0.655,0.813,0.535,24.0,22022
22200445,2022-12-18,Boston Celtics,BOS vs. ORL,L,0,92,54.0,22,7.0,7,16,0.348,0.857,0.255,-3.0,22022
22200450,2022-12-18,Charlotte Hornets,CHA @ DEN,L,0,115,48.0,26,7.0,7,11,0.427,0.913,0.316,-4.0,22022
22200445,2022-12-18,Orlando Magic,ORL @ BOS,W,1,95,46.0,20,9.0,3,13,0.384,0.895,0.414,3.0,22022
22200449,2022-12-18,Chicago Bulls,CHI @ MIN,L,0,126,30.0,31,6.0,1,11,0.523,0.75,0.421,-24.0,22022
22200446,2022-12-18,Indiana Pacers,IND vs. NYK,L,0,106,44.0,20,5.0,3,14,0.433,0.652,0.342,-3.0,22022
22200451,2022-12-18,Los Angeles Lakers,LAL vs. WAS,W,1,119,43.0,29,4.0,5,9,0.5,0.727,0.407,2.0,22022
22200451,2022-12-18,Washington Wizards,WAS @ LAL,L,0,117,48.0,24,5.0,6,10,0.463,0.792,0.256,-2.0,22022
22200446,2022-12-18,New York Knicks,NYK @ IND,W,1,109,49.0,13,7.0,9,16,0.47,0.767,0.308,3.0,22022
22200447,2022-12-18,Detroit Pistons,DET vs. BKN,L,0,121,41.0,20,9.0,2,8,0.477,0.853,0.267,-3.0,22022
22200460,2022-12-19,Charlotte Hornets,CHA @ SAC,W,1,125,56.0,26,4.0,7,14,0.516,0.739,0.323,6.0,22022
22200452,2022-12-19,Utah Jazz,UTA @ CLE,L,0,99,35.0,19,9.0,2,14,0.387,0.739,0.294,-23.0,22022
22200458,2022-12-19,Oklahoma City Thunder,OKC vs. POR,W,1,123,39.0,20,7.0,5,10,0.455,0.865,0.355,2.0,22022
22200453,2022-12-19,Toronto Raptors,TOR @ PHI,L,0,101,50.0,24,6.0,3,15,0.42,0.8,0.275,-3.0,22022
22200455,2022-12-19,Houston Rockets,HOU vs. SAS,L,0,105,41.0,23,13.0,3,11,0.426,0.645,0.208,-19.0,22022
22200459,2022-12-19,Los Angeles Lakers,LAL @ PHX,L,0,104,38.0,13,5.0,5,14,0.448,0.824,0.429,-26.0,22022
22200458,2022-12-19,Portland Trail Blazers,POR @ OKC,L,0,121,45.0,26,5.0,2,16,0.5,0.81,0.432,-2.0,22022
22200456,2022-12-19,Dallas Mavericks,DAL @ MIN,L,0,106,42.0,23,5.0,5,15,0.408,0.806,0.422,-10.0,22022
22200452,2022-12-19,Cleveland Cavaliers,CLE vs. UTA,W,1,122,45.0,24,5.0,4,21,0.614,0.808,0.577,23.0,22022
22200454,2022-12-19,Atlanta Hawks,ATL vs. ORL,W,1,126,41.0,29,7.0,3,10,0.511,0.9,0.375,1.0,22022
22200455,2022-12-19,San Antonio Spurs,SAS @ HOU,W,1,124,46.0,30,6.0,6,19,0.554,0.789,0.5,19.0,22022
22200460,2022-12-19,Sacramento Kings,SAC vs. CHA,L,0,119,42.0,23,8.0,2,8,0.474,0.548,0.364,-6.0,22022
22200456,2022-12-19,Minnesota Timberwolves,MIN vs. DAL,W,1,116,44.0,19,5.0,4,10,0.472,0.833,0.387,10.0,22022
22200459,2022-12-19,Phoenix Suns,PHX vs. LAL,W,1,130,51.0,21,10.0,5,8,0.495,0.75,0.513,26.0,22022
22200457,2022-12-19,New Orleans Pelicans,NOP vs. MIL,L,0,119,44.0,30,9.0,0,15,0.424,0.708,0.4,-9.0,22022
22200454,2022-12-19,Orlando Magic,ORL @ ATL,L,0,125,45.0,29,8.0,8,8,0.474,0.92,0.353,-1.0,22022
22200457,2022-12-19,Milwaukee Bucks,MIL @ NOP,W,1,128,44.0,26,8.0,6,17,0.556,0.806,0.325,9.0,22022
22200453,2022-12-19,Philadelphia 76ers,PHI vs. TOR,W,1,104,41.0,22,8.0,1,16,0.4,0.926,0.357,3.0,22022
22200465,2022-12-20,Denver Nuggets,DEN vs. MEM,W,1,105,48.0,28,9.0,5,17,0.449,0.6,0.37,14.0,22022
22200463,2022-12-20,Golden State Warriors,GSW @ NYK,L,0,94,29.0,23,3.0,2,19,0.473,0.923,0.343,-38.0,22022
22200465,2022-12-20,Memphis Grizzlies,MEM @ DEN,L,0,91,42.0,25,11.0,7,16,0.444,0.667,0.192,-14.0,22022
22200462,2022-12-20,Chicago Bulls,CHI @ MIA,W,1,113,39.0,24,7.0,0,16,0.548,0.833,0.419,10.0,22022
22200461,2022-12-20,Detroit Pistons,DET vs. UTA,L,0,111,43.0,22,6.0,1,14,0.506,0.741,0.36,-15.0,22022
22200464,2022-12-20,Washington Wizards,WAS @ PHX,W,1,113,41.0,22,9.0,4,9,0.475,0.703,0.407,3.0,22022
22200462,2022-12-20,Miami Heat,MIA vs. CHI,L,0,103,35.0,26,9.0,0,13,0.469,0.706,0.341,-10.0,22022
22200464,2022-12-20,Phoenix Suns,PHX vs. WAS,L,0,110,44.0,26,2.0,1,14,0.461,0.789,0.406,-3.0,22022
22200461,2022-12-20,Utah Jazz,UTA @ DET,W,1,126,43.0,27,7.0,5,12,0.505,0.632,0.435,15.0,22022
22200463,2022-12-20,New York Knicks,NYK vs. GSW,W,1,132,47.0,27,8.0,1,11,0.517,0.781,0.425,38.0,22022
22200472,2022-12-21,Houston Rockets,HOU vs. ORL,L,0,110,49.0,22,6.0,4,16,0.466,0.647,0.395,-6.0,22022
22200476,2022-12-21,Charlotte Hornets,CHA @ LAC,L,0,105,40.0,25,15.0,2,14,0.402,0.759,0.29,-21.0,22022
22200470,2022-12-21,Brooklyn Nets,BKN vs. GSW,W,1,143,32.0,42,10.0,4,14,0.643,0.875,0.636,30.0,22022
22200473,2022-12-21,Dallas Mavericks,DAL @ MIN,W,1,104,39.0,17,6.0,3,13,0.453,0.852,0.333,5.0,22022
22200469,2022-12-21,Indiana Pacers,IND @ BOS,W,1,117,47.0,27,10.0,3,14,0.469,0.778,0.462,5.0,22022
22200475,2022-12-21,Sacramento Kings,SAC vs. LAL,W,1,134,46.0,29,6.0,2,12,0.505,0.75,0.362,14.0,22022
22200468,2022-12-21,Chicago Bulls,CHI @ ATL,W,1,110,47.0,20,9.0,4,11,0.5,0.773,0.292,2.0,22022
22200475,2022-12-21,Los Angeles Lakers,LAL @ SAC,L,0,120,39.0,25,6.0,5,15,0.5,0.833,0.458,-14.0,22022
22200474,2022-12-21,Oklahoma City Thunder,OKC vs. POR,W,1,101,37.0,19,9.0,3,18,0.468,0.84,0.333,3.0,22022
22200467,2022-12-21,Detroit Pistons,DET @ PHI,L,0,93,46.0,15,6.0,1,22,0.392,0.735,0.261,-20.0,22022
22200472,2022-12-21,Orlando Magic,ORL @ HOU,W,1,116,45.0,19,11.0,6,11,0.451,0.697,0.297,6.0,22022
22200476,2022-12-21,Los Angeles Clippers,LAC vs. CHA,W,1,126,48.0,29,6.0,7,27,0.506,0.913,0.469,21.0,22022
22200466,2022-12-21,Milwaukee Bucks,MIL @ CLE,L,0,106,46.0,20,7.0,5,19,0.47,0.682,0.433,-8.0,22022
22200468,2022-12-21,Atlanta Hawks,ATL vs. CHI,L,0,108,47.0,22,6.0,7,15,0.429,1.0,0.378,-2.0,22022
22200466,2022-12-21,Cleveland Cavaliers,CLE vs. MIL,W,1,114,37.0,22,8.0,3,10,0.482,0.786,0.313,8.0,22022
22200474,2022-12-21,Portland Trail Blazers,POR @ OKC,L,0,98,36.0,29,9.0,5,18,0.494,0.667,0.389,-3.0,22022
22200471,2022-12-21,Toronto Raptors,TOR @ NYK,W,1,113,38.0,17,7.0,4,4,0.447,0.909,0.265,7.0,22022
22200467,2022-12-21,Philadelphia 76ers,PHI vs. DET,W,1,113,49.0,27,8.0,7,12,0.441,0.909,0.297,20.0,22022
22200471,2022-12-21,New York Knicks,NYK vs. TOR,L,0,106,38.0,25,2.0,3,16,0.553,0.611,0.423,-7.0,22022
22200473,2022-12-21,Minnesota Timberwolves,MIN vs. DAL,L,0,99,39.0,23,7.0,4,13,0.494,0.7,0.267,-5.0,22022
22200469,2022-12-21,Boston Celtics,BOS vs. IND,L,0,112,62.0,26,11.0,5,16,0.386,0.84,0.317,-5.0,22022
22200470,2022-12-21,Golden State Warriors,GSW @ BKN,L,0,113,36.0,32,6.0,1,21,0.494,0.76,0.364,-30.0,22022
22200478,2022-12-22,Washington Wizards,WAS @ UTA,L,0,112,37.0,20,5.0,2,10,0.561,0.765,0.333,-8.0,22022
22200477,2022-12-22,New Orleans Pelicans,NOP vs. SAS,W,1,126,46.0,25,10.0,6,17,0.484,0.926,0.382,9.0,22022
22200478,2022-12-22,Utah Jazz,UTA vs. WAS,W,1,120,40.0,16,5.0,3,11,0.488,0.952,0.457,8.0,22022
22200477,2022-12-22,San Antonio Spurs,SAS @ NOP,L,0,117,44.0,23,8.0,2,17,0.478,0.815,0.321,-9.0,22022
22200489,2022-12-23,Portland Trail Blazers,POR @ DEN,L,0,107,43.0,24,5.0,3,13,0.448,0.769,0.257,-13.0,22022
22200481,2022-12-23,Detroit Pistons,DET @ ATL,L,0,105,43.0,17,7.0,3,14,0.411,0.759,0.273,-25.0,22022
22200488,2022-12-23,New Orleans Pelicans,NOP @ OKC,W,1,128,55.0,30,10.0,4,21,0.436,0.825,0.351,3.0,22022
22200485,2022-12-23,Chicago Bulls,CHI @ NYK,W,1,118,41.0,24,6.0,4,4,0.484,0.778,0.452,1.0,22022
22200487,2022-12-23,Dallas Mavericks,DAL @ HOU,W,1,112,34.0,20,10.0,7,14,0.45,0.889,0.364,6.0,22022
22200486,2022-12-23,Indiana Pacers,IND @ MIA,W,1,111,43.0,26,5.0,6,16,0.482,0.714,0.447,3.0,22022
22200490,2022-12-23,Phoenix Suns,PHX vs. MEM,L,0,100,35.0,23,6.0,5,14,0.437,0.577,0.257,-25.0,22022
22200480,2022-12-23,Philadelphia 76ers,PHI vs. LAC,W,1,119,39.0,31,7.0,3,9,0.534,0.929,0.414,5.0,22022
22200484,2022-12-23,Toronto Raptors,TOR @ CLE,W,1,118,45.0,25,10.0,2,18,0.5,0.833,0.514,11.0,22022
22200487,2022-12-23,Houston Rockets,HOU vs. DAL,L,0,106,45.0,26,9.0,3,14,0.457,0.857,0.308,-6.0,22022
22200479,2022-12-23,Orlando Magic,ORL vs. SAS,W,1,133,44.0,30,8.0,2,17,0.575,0.8,0.531,20.0,22022
22200488,2022-12-23,Oklahoma City Thunder,OKC vs. NOP,L,0,125,47.0,27,9.0,5,18,0.461,0.72,0.371,-3.0,22022
22200480,2022-12-23,Los Angeles Clippers,LAC @ PHI,L,0,114,33.0,25,5.0,9,11,0.506,0.783,0.368,-5.0,22022
22200492,2022-12-23,Charlotte Hornets,CHA @ LAL,W,1,134,41.0,30,11.0,5,16,0.553,0.778,0.39,4.0,22022
22200481,2022-12-23,Atlanta Hawks,ATL vs. DET,W,1,130,48.0,30,10.0,8,8,0.533,0.833,0.353,25.0,22022
22200484,2022-12-23,Cleveland Cavaliers,CLE vs. TOR,L,0,107,35.0,27,9.0,4,14,0.513,0.6,0.333,-11.0,22022
22200483,2022-12-23,Milwaukee Bucks,MIL @ BKN,L,0,100,45.0,17,7.0,1,18,0.44,0.773,0.243,-18.0,22022
22200490,2022-12-23,Memphis Grizzlies,MEM @ PHX,W,1,125,53.0,30,11.0,5,10,0.495,0.737,0.304,25.0,22022
22200489,2022-12-23,Denver Nuggets,DEN vs. POR,W,1,120,38.0,31,9.0,2,10,0.58,0.615,0.476,13.0,22022
22200482,2022-12-23,Minnesota Timberwolves,MIN @ BOS,L,0,109,45.0,25,3.0,8,16,0.484,0.733,0.313,-12.0,22022
22200491,2022-12-23,Washington Wizards,WAS @ SAC,W,1,125,40.0,30,9.0,4,9,0.557,0.708,0.313,14.0,22022
22200491,2022-12-23,Sacramento Kings,SAC vs. WAS,L,0,111,47.0,19,5.0,2,13,0.44,0.771,0.313,-14.0,22022
22200482,2022-12-23,Boston Celtics,BOS vs. MIN,W,1,121,53.0,28,9.0,6,11,0.44,0.769,0.283,12.0,22022
22200485,2022-12-23,New York Knicks,NYK vs. CHI,L,0,117,47.0,23,2.0,4,10,0.5,0.577,0.457,-1.0,22022
22200492,2022-12-23,Los Angeles Lakers,LAL vs. CHA,L,0,130,42.0,27,5.0,1,17,0.522,0.682,0.432,-4.0,22022
22200483,2022-12-23,Brooklyn Nets,BKN vs. MIL,W,1,118,45.0,30,11.0,2,10,0.495,0.923,0.438,18.0,22022
22200479,2022-12-23,San Antonio Spurs,SAS @ ORL,L,0,113,38.0,28,10.0,6,13,0.454,0.722,0.316,-20.0,22022
22200486,2022-12-23,Miami Heat,MIA vs. IND,L,0,108,38.0,23,7.0,3,10,0.432,0.929,0.394,-3.0,22022
22200495,2022-12-25,Boston Celtics,BOS vs. MIL,W,1,139,35.0,29,9.0,1,11,0.588,0.8,0.487,21.0,22022
22200496,2022-12-25,Golden State Warriors,GSW vs. MEM,W,1,123,51.0,31,6.0,5,10,0.473,0.731,0.409,14.0,22022
22200496,2022-12-25,Memphis Grizzlies,MEM @ GSW,L,0,109,44.0,19,5.0,6,13,0.415,0.733,0.231,-14.0,22022
22200493,2022-12-25,Philadelphia 76ers,PHI @ NYK,W,1,119,32.0,22,5.0,2,6,0.506,0.793,0.462,7.0,22022
22200497,2022-12-25,Phoenix Suns,PHX @ DEN,L,0,125,46.0,32,7.0,9,13,0.479,0.692,0.486,-3.0,22022
22200493,2022-12-25,New York Knicks,NYK vs. PHI,L,0,112,46.0,30,4.0,6,8,0.478,0.824,0.375,-7.0,22022
22200494,2022-12-25,Dallas Mavericks,DAL vs. LAL,W,1,124,38.0,31,6.0,3,11,0.524,0.72,0.409,9.0,22022
22200497,2022-12-25,Denver Nuggets,DEN vs. PHX,W,1,128,48.0,29,8.0,4,12,0.479,0.735,0.361,3.0,22022
22200495,2022-12-25,Milwaukee Bucks,MIL @ BOS,L,0,118,39.0,22,8.0,1,15,0.5,0.778,0.361,-21.0,22022
22200494,2022-12-25,Los Angeles Lakers,LAL @ DAL,L,0,115,35.0,18,5.0,2,8,0.488,0.875,0.321,-9.0,22022
22200502,2022-12-26,Indiana Pacers,IND @ NOP,L,0,93,36.0,23,9.0,5,13,0.422,0.7,0.257,-20.0,22022
22200503,2022-12-26,San Antonio Spurs,SAS vs. UTA,W,1,126,41.0,27,11.0,8,14,0.552,0.706,0.333,4.0,22022
22200504,2022-12-26,Portland Trail Blazers,POR vs. CHA,W,1,124,50.0,28,8.0,9,15,0.5,0.857,0.368,11.0,22022
22200499,2022-12-26,Los Angeles Clippers,LAC @ DET,W,1,142,48.0,25,13.0,3,19,0.538,0.862,0.432,11.0,22022
22200498,2022-12-26,Cleveland Cavaliers,CLE vs. BKN,L,0,117,33.0,21,8.0,3,12,0.476,0.867,0.361,-8.0,22022
22200501,2022-12-26,Chicago Bulls,CHI vs. HOU,L,0,118,35.0,27,6.0,2,8,0.489,0.714,0.371,-15.0,22022
22200500,2022-12-26,Minnesota Timberwolves,MIN @ MIA,L,0,110,44.0,31,4.0,3,22,0.544,0.643,0.441,-3.0,22022
22200504,2022-12-26,Charlotte Hornets,CHA @ POR,L,0,113,45.0,25,8.0,3,12,0.398,0.76,0.333,-11.0,22022
22200501,2022-12-26,Houston Rockets,HOU @ CHI,W,1,133,45.0,28,7.0,5,12,0.556,0.727,0.386,15.0,22022
22200503,2022-12-26,Utah Jazz,UTA @ SAS,L,0,122,45.0,20,10.0,3,12,0.402,0.838,0.302,-4.0,22022
22200500,2022-12-26,Miami Heat,MIA vs. MIN,W,1,113,40.0,27,9.0,3,9,0.461,0.75,0.265,3.0,22022
22200499,2022-12-26,Detroit Pistons,DET vs. LAC,L,0,131,45.0,32,10.0,4,17,0.44,0.794,0.471,-11.0,22022
22200498,2022-12-26,Brooklyn Nets,BKN @ CLE,W,1,125,38.0,27,7.0,4,15,0.573,0.765,0.6,8.0,22022
22200502,2022-12-26,New Orleans Pelicans,NOP vs. IND,W,1,113,54.0,30,10.0,6,14,0.456,0.792,0.3,20.0,22022
22200505,2022-12-27,Los Angeles Lakers,LAL @ ORL,W,1,129,46.0,32,4.0,2,13,0.544,0.824,0.395,19.0,22022
22200514,2022-12-27,Denver Nuggets,DEN @ SAC,W,1,113,40.0,34,12.0,3,13,0.477,0.857,0.351,7.0,22022
22200508,2022-12-27,Atlanta Hawks,ATL @ IND,L,0,114,42.0,26,4.0,3,9,0.449,0.759,0.4,-15.0,22022
22200513,2022-12-27,Charlotte Hornets,CHA @ GSW,L,0,105,47.0,22,6.0,7,12,0.413,0.76,0.263,-5.0,22022
22200512,2022-12-27,Dallas Mavericks,DAL vs. NYK,W,1,126,47.0,20,4.0,5,9,0.489,0.758,0.283,5.0,22022
22200510,2022-12-27,Memphis Grizzlies,MEM vs. PHX,L,0,108,40.0,18,9.0,6,14,0.396,0.824,0.267,-17.0,22022
22200507,2022-12-27,Houston Rockets,HOU @ BOS,L,0,102,49.0,24,5.0,2,13,0.4,0.857,0.311,-24.0,22022
22200506,2022-12-27,Washington Wizards,WAS vs. PHI,W,1,116,39.0,18,7.0,8,15,0.459,0.871,0.333,5.0,22022
22200509,2022-12-27,Toronto Raptors,TOR vs. LAC,L,0,113,39.0,24,6.0,4,12,0.512,0.808,0.261,-11.0,22022
22200511,2022-12-27,Oklahoma City Thunder,OKC vs. SAS,W,1,130,45.0,25,10.0,10,12,0.535,0.806,0.542,16.0,22022
22200510,2022-12-27,Phoenix Suns,PHX @ MEM,W,1,125,47.0,26,7.0,9,19,0.494,0.88,0.548,17.0,22022
22200507,2022-12-27,Boston Celtics,BOS vs. HOU,W,1,126,49.0,32,8.0,5,10,0.473,0.87,0.357,24.0,22022
22200509,2022-12-27,Los Angeles Clippers,LAC @ TOR,W,1,124,47.0,27,8.0,3,9,0.484,0.826,0.395,11.0,22022
22200513,2022-12-27,Golden State Warriors,GSW vs. CHA,W,1,110,49.0,31,3.0,2,14,0.432,0.833,0.216,5.0,22022
22200514,2022-12-27,Sacramento Kings,SAC vs. DEN,L,0,106,39.0,20,8.0,2,16,0.488,0.842,0.286,-7.0,22022
22200505,2022-12-27,Orlando Magic,ORL vs. LAL,L,0,110,37.0,25,8.0,5,11,0.5,0.64,0.357,-19.0,22022
22200512,2022-12-27,New York Knicks,NYK @ DAL,L,0,121,55.0,27,5.0,0,9,0.437,0.625,0.32,-5.0,22022
22200511,2022-12-27,San Antonio Spurs,SAS @ OKC,L,0,114,41.0,20,9.0,4,14,0.465,0.857,0.345,-16.0,22022
22200506,2022-12-27,Philadelphia 76ers,PHI @ WAS,L,0,111,39.0,21,8.0,10,15,0.464,0.871,0.194,-5.0,22022
22200508,2022-12-27,Indiana Pacers,IND vs. ATL,W,1,129,49.0,28,3.0,2,10,0.511,0.815,0.371,15.0,22022
22200517,2022-12-28,Brooklyn Nets,BKN @ ATL,W,1,108,47.0,22,0.0,13,12,0.506,0.824,0.385,1.0,22022
22200520,2022-12-28,New Orleans Pelicans,NOP vs. MIN,W,1,119,43.0,22,6.0,4,13,0.481,0.698,0.478,1.0,22022
22200516,2022-12-28,Washington Wizards,WAS vs. PHX,W,1,127,46.0,27,7.0,6,12,0.573,0.893,0.308,25.0,22022
22200521,2022-12-28,Golden State Warriors,GSW vs. UTA,W,1,112,51.0,22,6.0,3,12,0.425,0.815,0.356,5.0,22022
22200518,2022-12-28,Miami Heat,MIA vs. LAL,W,1,112,37.0,20,14.0,4,5,0.478,0.813,0.314,14.0,22022
22200518,2022-12-28,Los Angeles Lakers,LAL @ MIA,L,0,98,44.0,25,2.0,4,24,0.481,0.733,0.361,-14.0,22022
22200516,2022-12-28,Phoenix Suns,PHX @ WAS,L,0,102,30.0,25,7.0,4,11,0.448,0.688,0.419,-25.0,22022
22200517,2022-12-28,Atlanta Hawks,ATL vs. BKN,L,0,107,47.0,22,5.0,6,3,0.433,0.682,0.364,-1.0,22022
22200519,2022-12-28,Chicago Bulls,CHI vs. MIL,W,1,119,52.0,21,5.0,10,13,0.457,0.867,0.391,6.0,22022
22200520,2022-12-28,Minnesota Timberwolves,MIN @ NOP,L,0,118,35.0,18,6.0,8,11,0.506,0.75,0.345,-1.0,22022
22200519,2022-12-28,Milwaukee Bucks,MIL @ CHI,L,0,113,61.0,18,7.0,6,14,0.373,0.688,0.205,-6.0,22022
22200522,2022-12-28,Denver Nuggets,DEN @ SAC,L,0,126,34.0,31,6.0,8,16,0.576,0.889,0.444,-1.0,22022
22200515,2022-12-28,Detroit Pistons,DET vs. ORL,W,1,121,49.0,25,7.0,4,13,0.45,0.775,0.429,20.0,22022
22200515,2022-12-28,Orlando Magic,ORL @ DET,L,0,101,47.0,24,5.0,5,13,0.412,0.765,0.227,-20.0,22022
22200521,2022-12-28,Utah Jazz,UTA @ GSW,L,0,107,50.0,26,3.0,6,12,0.407,0.692,0.326,-5.0,22022
22200522,2022-12-28,Sacramento Kings,SAC vs. DEN,W,1,127,34.0,32,10.0,6,12,0.528,0.76,0.452,1.0,22022
22200528,2022-12-29,Dallas Mavericks,DAL vs. HOU,W,1,129,44.0,30,7.0,8,8,0.516,0.68,0.4,15.0,22022
22200528,2022-12-29,Houston Rockets,HOU @ DAL,L,0,114,48.0,21,5.0,0,12,0.442,0.703,0.353,-15.0,22022
22200527,2022-12-29,New York Knicks,NYK @ SAS,L,0,115,38.0,20,7.0,2,12,0.422,0.774,0.366,-7.0,22022
22200527,2022-12-29,San Antonio Spurs,SAS vs. NYK,W,1,122,48.0,25,5.0,7,11,0.511,0.724,0.393,7.0,22022
22200524,2022-12-29,Indiana Pacers,IND vs. CLE,W,1,135,32.0,28,6.0,8,8,0.565,0.952,0.613,9.0,22022
22200525,2022-12-29,Boston Celtics,BOS vs. LAC,W,1,116,49.0,22,3.0,7,11,0.484,0.773,0.282,6.0,22022
22200523,2022-12-29,Oklahoma City Thunder,OKC @ CHA,L,0,113,41.0,15,9.0,1,12,0.424,0.857,0.306,-8.0,22022
22200526,2022-12-29,Memphis Grizzlies,MEM @ TOR,W,1,119,53.0,37,4.0,4,15,0.505,0.714,0.448,13.0,22022
22200523,2022-12-29,Charlotte Hornets,CHA vs. OKC,W,1,121,52.0,33,8.0,11,17,0.548,0.655,0.313,8.0,22022
22200525,2022-12-29,Los Angeles Clippers,LAC @ BOS,L,0,110,41.0,26,4.0,4,12,0.483,0.643,0.385,-6.0,22022
22200526,2022-12-29,Toronto Raptors,TOR vs. MEM,L,0,106,47.0,21,11.0,7,8,0.406,0.75,0.357,-13.0,22022
22200524,2022-12-29,Cleveland Cavaliers,CLE @ IND,L,0,126,44.0,29,7.0,4,10,0.521,0.7,0.429,-9.0,22022
22200529,2022-12-30,Washington Wizards,WAS @ ORL,W,1,119,53.0,33,4.0,10,26,0.56,0.8,0.429,19.0,22022
22200534,2022-12-30,New Orleans Pelicans,NOP vs. PHI,W,1,127,36.0,19,14.0,3,12,0.538,0.722,0.484,11.0,22022
22200535,2022-12-30,Denver Nuggets,DEN vs. MIA,W,1,124,36.0,34,6.0,1,20,0.592,0.773,0.607,5.0,22022
22200530,2022-12-30,Atlanta Hawks,ATL vs. LAL,L,0,121,41.0,22,6.0,5,10,0.475,0.7,0.289,-9.0,22022
22200531,2022-12-30,Phoenix Suns,PHX @ TOR,L,0,104,42.0,26,7.0,1,25,0.493,0.87,0.467,-9.0,22022
22200532,2022-12-30,Detroit Pistons,DET @ CHI,L,0,118,35.0,28,8.0,1,14,0.477,0.792,0.436,-14.0,22022
22200536,2022-12-30,Portland Trail Blazers,POR @ GSW,L,0,112,49.0,22,2.0,4,14,0.462,0.696,0.308,-6.0,22022
22200529,2022-12-30,Orlando Magic,ORL vs. WAS,L,0,100,35.0,24,8.0,2,11,0.42,0.688,0.185,-19.0,22022
22200533,2022-12-30,Minnesota Timberwolves,MIN @ MIL,L,0,114,36.0,18,10.0,5,8,0.435,0.765,0.267,-9.0,22022
22200537,2022-12-30,Utah Jazz,UTA @ SAC,L,0,125,37.0,30,7.0,2,13,0.548,0.833,0.25,-1.0,22022
22200535,2022-12-30,Miami Heat,MIA @ DEN,L,0,119,36.0,21,13.0,4,14,0.448,0.9,0.4,-5.0,22022
22200530,2022-12-30,Los Angeles Lakers,LAL @ ATL,W,1,130,55.0,34,7.0,6,16,0.542,0.889,0.313,9.0,22022
22200536,2022-12-30,Golden State Warriors,GSW vs. POR,W,1,118,46.0,29,9.0,2,12,0.462,0.81,0.395,6.0,22022
22200533,2022-12-30,Milwaukee Bucks,MIL vs. MIN,W,1,123,68.0,25,5.0,8,21,0.462,0.697,0.359,9.0,22022
22200537,2022-12-30,Sacramento Kings,SAC vs. UTA,W,1,126,38.0,32,5.0,3,15,0.556,0.737,0.4,1.0,22022
22200534,2022-12-30,Philadelphia 76ers,PHI @ NOP,L,0,116,29.0,28,5.0,7,18,0.56,0.818,0.412,-11.0,22022
22200532,2022-12-30,Chicago Bulls,CHI vs. DET,W,1,132,38.0,21,10.0,4,13,0.576,0.933,0.444,14.0,22022
22200531,2022-12-30,Toronto Raptors,TOR vs. PHX,W,1,113,31.0,20,15.0,3,12,0.494,0.846,0.333,12.0,22022
22200542,2022-12-31,San Antonio Spurs,SAS vs. DAL,L,0,125,48.0,28,1.0,0,13,0.553,0.719,0.421,-1.0,22022
22200539,2022-12-31,Brooklyn Nets,BKN @ CHA,W,1,123,42.0,26,7.0,6,14,0.6,0.737,0.382,17.0,22022
22200543,2022-12-31,New Orleans Pelicans,NOP @ MEM,L,0,101,46.0,16,6.0,4,19,0.352,0.806,0.267,-15.0,22022
22200543,2022-12-31,Memphis Grizzlies,MEM vs. NOP,W,1,116,52.0,26,14.0,11,17,0.511,0.773,0.172,15.0,22022
22200538,2022-12-31,Los Angeles Clippers,LAC @ IND,L,0,130,39.0,23,7.0,6,15,0.538,0.966,0.471,-1.0,22022
22200542,2022-12-31,Dallas Mavericks,DAL @ SAS,W,1,126,26.0,21,5.0,3,5,0.581,0.571,0.412,1.0,22022
22200544,2022-12-31,Minnesota Timberwolves,MIN vs. DET,L,0,104,39.0,17,6.0,5,15,0.434,0.846,0.294,-12.0,22022
22200540,2022-12-31,Chicago Bulls,CHI vs. CLE,L,0,102,40.0,14,15.0,6,15,0.481,0.708,0.333,-1.0,22022
22200545,2022-12-31,Oklahoma City Thunder,OKC vs. PHI,L,0,96,50.0,16,7.0,6,16,0.38,0.636,0.333,-19.0,22022
22200541,2022-12-31,Houston Rockets,HOU vs. NYK,L,0,88,52.0,20,4.0,6,24,0.377,0.696,0.304,-20.0,22022
22200545,2022-12-31,Philadelphia 76ers,PHI @ OKC,W,1,115,56.0,29,7.0,9,13,0.465,0.706,0.324,19.0,22022
22200544,2022-12-31,Detroit Pistons,DET @ MIN,W,1,116,52.0,21,6.0,6,14,0.483,0.714,0.37,12.0,22022
22200541,2022-12-31,New York Knicks,NYK @ HOU,W,1,108,46.0,20,10.0,5,10,0.389,0.719,0.294,20.0,22022
22200540,2022-12-31,Cleveland Cavaliers,CLE @ CHI,W,1,103,50.0,20,9.0,5,20,0.459,0.632,0.342,1.0,22022
22200546,2022-12-31,Utah Jazz,UTA vs. MIA,L,0,123,49.0,23,6.0,3,16,0.432,0.818,0.425,-3.0,22022
22200539,2022-12-31,Charlotte Hornets,CHA vs. BKN,L,0,106,45.0,28,7.0,2,12,0.396,0.905,0.268,-17.0,22022
22200546,2022-12-31,Miami Heat,MIA @ UTA,W,1,126,37.0,32,10.0,1,12,0.506,0.767,0.333,3.0,22022
22200538,2022-12-31,Indiana Pacers,IND vs. LAC,W,1,131,36.0,28,10.0,4,11,0.523,0.862,0.368,1.0,22022
22200549,2023-01-01,Boston Celtics,BOS @ DEN,L,0,111,41.0,30,8.0,3,13,0.46,0.815,0.273,-12.0,22022
22200549,2023-01-01,Denver Nuggets,DEN vs. BOS,W,1,123,35.0,31,5.0,4,14,0.57,0.889,0.567,12.0,22022
22200547,2023-01-01,Memphis Grizzlies,MEM vs. SAC,W,1,118,57.0,25,11.0,8,11,0.46,0.667,0.313,10.0,22022
22200548,2023-01-01,Milwaukee Bucks,MIL vs. WAS,L,0,95,44.0,22,11.0,3,16,0.354,0.933,0.265,-23.0,22022
22200548,2023-01-01,Washington Wizards,WAS @ MIL,W,1,118,54.0,29,9.0,6,17,0.532,0.688,0.259,23.0,22022
22200547,2023-01-01,Sacramento Kings,SAC @ MEM,L,0,108,47.0,24,7.0,4,15,0.406,1.0,0.349,-10.0,22022
22200554,2023-01-02,Philadelphia 76ers,PHI vs. NOP,W,1,120,35.0,26,9.0,6,9,0.477,0.821,0.429,9.0,22022
22200554,2023-01-02,New Orleans Pelicans,NOP @ PHI,L,0,111,49.0,26,3.0,6,17,0.5,0.8,0.379,-9.0,22022
22200550,2023-01-02,Phoenix Suns,PHX @ NYK,L,0,83,36.0,22,4.0,0,8,0.391,0.714,0.27,-19.0,22022
22200556,2023-01-02,Houston Rockets,HOU vs. DAL,L,0,106,46.0,21,4.0,4,10,0.463,0.724,0.31,-5.0,22022
22200560,2023-01-02,Miami Heat,MIA @ LAC,W,1,110,48.0,22,7.0,2,11,0.459,0.833,0.333,10.0,22022
22200558,2023-01-02,Atlanta Hawks,ATL @ GSW,L,0,141,53.0,30,9.0,10,13,0.486,0.828,0.314,-2.0,22022
22200557,2023-01-02,Minnesota Timberwolves,MIN vs. DEN,W,1,124,41.0,29,7.0,4,11,0.517,0.778,0.361,13.0,22022
22200560,2023-01-02,Los Angeles Clippers,LAC vs. MIA,L,0,100,34.0,19,7.0,1,15,0.433,0.882,0.414,-10.0,22022
22200551,2023-01-02,Charlotte Hornets,CHA vs. LAL,L,0,115,47.0,24,8.0,7,14,0.452,0.69,0.344,-6.0,22022
22200555,2023-01-02,Brooklyn Nets,BKN vs. SAS,W,1,139,45.0,31,13.0,7,12,0.624,0.8,0.55,36.0,22022
22200555,2023-01-02,San Antonio Spurs,SAS @ BKN,L,0,103,43.0,26,5.0,4,18,0.433,0.611,0.258,-36.0,22022
22200551,2023-01-02,Los Angeles Lakers,LAL @ CHA,W,1,121,53.0,26,6.0,5,14,0.484,0.7,0.333,6.0,22022
22200556,2023-01-02,Dallas Mavericks,DAL @ HOU,W,1,111,41.0,19,8.0,6,8,0.42,0.882,0.302,5.0,22022
22200553,2023-01-02,Indiana Pacers,IND vs. TOR,W,1,122,50.0,24,4.0,2,12,0.484,0.846,0.37,8.0,22022
22200557,2023-01-02,Denver Nuggets,DEN @ MIN,L,0,111,45.0,27,8.0,1,14,0.462,0.8,0.379,-13.0,22022
22200550,2023-01-02,New York Knicks,NYK vs. PHX,W,1,102,45.0,26,1.0,2,7,0.486,0.68,0.394,19.0,22022
22200559,2023-01-02,Portland Trail Blazers,POR vs. DET,W,1,135,44.0,29,16.0,6,18,0.571,0.714,0.452,29.0,22022
22200558,2023-01-02,Golden State Warriors,GSW vs. ATL,W,1,143,69.0,34,9.0,6,19,0.446,0.667,0.322,2.0,22022
22200552,2023-01-02,Chicago Bulls,CHI @ CLE,L,0,134,42.0,22,8.0,2,7,0.495,0.882,0.303,-11.0,22022
22200552,2023-01-02,Cleveland Cavaliers,CLE vs. CHI,W,1,145,47.0,27,1.0,3,10,0.522,0.733,0.348,11.0,22022
22200559,2023-01-02,Detroit Pistons,DET @ POR,L,0,106,45.0,16,8.0,4,21,0.415,0.78,0.333,-29.0,22022
22200553,2023-01-02,Toronto Raptors,TOR @ IND,L,0,114,36.0,26,5.0,11,11,0.451,0.783,0.333,-8.0,22022
22200563,2023-01-03,Sacramento Kings,SAC @ UTA,W,1,117,40.0,23,7.0,4,17,0.535,0.889,0.281,2.0,22022
22200562,2023-01-03,Oklahoma City Thunder,OKC vs. BOS,W,1,150,44.0,31,14.0,3,13,0.592,0.636,0.5,33.0,22022
22200563,2023-01-03,Utah Jazz,UTA vs. SAC,L,0,115,44.0,21,9.0,3,16,0.432,0.897,0.295,-2.0,22022
22200562,2023-01-03,Boston Celtics,BOS @ OKC,L,0,117,38.0,29,4.0,7,17,0.455,0.806,0.3,-33.0,22022
22200561,2023-01-03,Washington Wizards,WAS @ MIL,L,0,113,46.0,27,9.0,4,10,0.433,0.913,0.296,-10.0,22022
22200561,2023-01-03,Milwaukee Bucks,MIL vs. WAS,W,1,123,49.0,27,8.0,6,12,0.48,0.941,0.275,10.0,22022
22200565,2023-01-04,Phoenix Suns,PHX @ CLE,L,0,88,49.0,24,8.0,3,13,0.395,0.778,0.357,-2.0,22022
22200566,2023-01-04,Orlando Magic,ORL vs. OKC,W,1,126,49.0,26,6.0,5,16,0.519,0.806,0.394,11.0,22022
22200569,2023-01-04,Toronto Raptors,TOR vs. MIL,L,0,101,47.0,22,10.0,4,8,0.328,0.8,0.196,-3.0,22022
22200573,2023-01-04,Detroit Pistons,DET @ GSW,W,1,122,41.0,29,9.0,1,8,0.489,0.696,0.444,3.0,22022
22200568,2023-01-04,San Antonio Spurs,SAS @ NYK,L,0,114,38.0,25,5.0,3,15,0.5,0.808,0.393,-3.0,22022
22200568,2023-01-04,New York Knicks,NYK vs. SAS,W,1,117,47.0,16,7.0,6,12,0.479,0.654,0.323,3.0,22022
22200569,2023-01-04,Milwaukee Bucks,MIL @ TOR,W,1,104,73.0,26,4.0,4,25,0.398,0.7,0.333,3.0,22022
22200573,2023-01-04,Golden State Warriors,GSW vs. DET,L,0,119,40.0,31,3.0,4,14,0.517,0.933,0.375,-3.0,22022
22200564,2023-01-04,Memphis Grizzlies,MEM @ CHA,W,1,131,59.0,28,10.0,8,14,0.5,0.757,0.3,24.0,22022
22200572,2023-01-04,Houston Rockets,HOU @ NOP,L,0,108,43.0,25,10.0,4,13,0.443,0.667,0.316,-11.0,22022
22200570,2023-01-04,Chicago Bulls,CHI vs. BKN,W,1,121,46.0,21,7.0,7,15,0.531,0.931,0.4,9.0,22022
22200564,2023-01-04,Charlotte Hornets,CHA vs. MEM,L,0,107,44.0,25,11.0,8,12,0.404,0.833,0.289,-24.0,22022
22200567,2023-01-04,Philadelphia 76ers,PHI vs. IND,W,1,129,46.0,24,4.0,7,9,0.49,0.864,0.389,3.0,22022
22200565,2023-01-04,Cleveland Cavaliers,CLE vs. PHX,W,1,90,46.0,15,9.0,4,14,0.39,0.826,0.306,2.0,22022
22200574,2023-01-04,Miami Heat,MIA @ LAL,L,0,109,43.0,24,9.0,4,13,0.453,0.714,0.276,-3.0,22022
22200571,2023-01-04,Minnesota Timberwolves,MIN vs. POR,W,1,113,33.0,25,8.0,6,14,0.513,0.722,0.375,7.0,22022
22200570,2023-01-04,Brooklyn Nets,BKN @ CHI,L,0,112,34.0,24,9.0,7,10,0.462,0.762,0.324,-9.0,22022
22200572,2023-01-04,New Orleans Pelicans,NOP vs. HOU,W,1,119,51.0,25,6.0,6,14,0.461,0.885,0.368,11.0,22022
22200567,2023-01-04,Indiana Pacers,IND @ PHI,L,0,126,45.0,31,7.0,8,13,0.474,0.885,0.361,-3.0,22022
22200571,2023-01-04,Portland Trail Blazers,POR @ MIN,L,0,106,39.0,18,8.0,7,16,0.44,0.738,0.31,-7.0,22022
22200566,2023-01-04,Oklahoma City Thunder,OKC @ ORL,L,0,115,33.0,23,9.0,3,9,0.404,0.903,0.405,-11.0,22022
22200574,2023-01-04,Los Angeles Lakers,LAL vs. MIA,W,1,112,42.0,20,10.0,4,17,0.494,0.8,0.296,3.0,22022
22200575,2023-01-04,Atlanta Hawks,ATL @ SAC,W,1,120,44.0,21,9.0,4,15,0.536,0.909,0.333,3.0,22022
22200575,2023-01-04,Sacramento Kings,SAC vs. ATL,L,0,117,42.0,26,9.0,3,10,0.466,0.926,0.4,-3.0,22022
22200578,2023-01-05,Houston Rockets,HOU vs. UTA,L,0,114,49.0,19,4.0,3,14,0.413,0.885,0.357,-17.0,22022
22200577,2023-01-05,Dallas Mavericks,DAL vs. BOS,L,0,95,42.0,15,4.0,3,11,0.378,0.8,0.219,-29.0,22022
22200576,2023-01-05,Memphis Grizzlies,MEM @ ORL,W,1,123,49.0,24,5.0,3,12,0.522,0.652,0.333,8.0,22022
22200578,2023-01-05,Utah Jazz,UTA @ HOU,W,1,131,42.0,33,10.0,5,8,0.495,0.952,0.396,17.0,22022
22200577,2023-01-05,Boston Celtics,BOS @ DAL,W,1,124,52.0,29,6.0,8,11,0.488,0.839,0.372,29.0,22022
22200576,2023-01-05,Orlando Magic,ORL vs. MEM,L,0,115,39.0,23,6.0,3,10,0.464,0.867,0.306,-8.0,22022
22200579,2023-01-05,Denver Nuggets,DEN vs. LAC,W,1,122,57.0,28,6.0,5,11,0.506,0.857,0.389,31.0,22022
22200579,2023-01-05,Los Angeles Clippers,LAC @ DEN,L,0,91,41.0,24,7.0,3,7,0.374,0.72,0.135,-31.0,22022
22200580,2023-01-06,Portland Trail Blazers,POR @ IND,L,0,99,52.0,30,5.0,1,18,0.404,0.824,0.273,-9.0,22022
22200583,2023-01-06,Milwaukee Bucks,MIL vs. CHA,L,0,109,45.0,22,5.0,4,16,0.44,0.625,0.417,-29.0,22022
22200587,2023-01-06,Los Angeles Clippers,LAC @ MIN,L,0,115,40.0,22,13.0,3,8,0.44,0.667,0.36,-13.0,22022
22200584,2023-01-06,Oklahoma City Thunder,OKC vs. WAS,W,1,127,41.0,30,9.0,6,9,0.51,0.714,0.459,17.0,22022
22200587,2023-01-06,Minnesota Timberwolves,MIN vs. LAC,W,1,128,45.0,28,4.0,7,19,0.568,0.793,0.371,13.0,22022
22200581,2023-01-06,Philadelphia 76ers,PHI vs. CHI,L,0,112,38.0,28,6.0,3,7,0.435,0.778,0.439,-14.0,22022
22200588,2023-01-06,Cleveland Cavaliers,CLE @ DEN,L,0,108,40.0,30,7.0,5,6,0.455,0.563,0.385,-13.0,22022
22200585,2023-01-06,San Antonio Spurs,SAS vs. DET,W,1,121,44.0,27,8.0,4,17,0.556,0.846,0.375,12.0,22022
22200582,2023-01-06,New York Knicks,NYK @ TOR,W,1,112,51.0,19,3.0,4,11,0.47,0.692,0.432,4.0,22022
22200581,2023-01-06,Chicago Bulls,CHI @ PHI,W,1,126,45.0,33,3.0,4,11,0.571,0.588,0.588,14.0,22022
22200590,2023-01-06,Los Angeles Lakers,LAL vs. ATL,W,1,130,51.0,33,6.0,5,16,0.548,0.75,0.457,16.0,22022
22200588,2023-01-06,Denver Nuggets,DEN vs. CLE,W,1,121,49.0,28,5.0,4,12,0.531,0.783,0.486,13.0,22022
22200589,2023-01-06,Miami Heat,MIA @ PHX,W,1,104,37.0,19,10.0,3,12,0.423,0.839,0.316,8.0,22022
22200582,2023-01-06,Toronto Raptors,TOR vs. NYK,L,0,108,46.0,22,7.0,3,7,0.422,0.8,0.345,-4.0,22022
22200586,2023-01-06,Brooklyn Nets,BKN @ NOP,W,1,108,43.0,26,8.0,12,12,0.435,0.95,0.455,6.0,22022
22200580,2023-01-06,Indiana Pacers,IND vs. POR,W,1,108,41.0,22,11.0,6,12,0.452,0.893,0.28,9.0,22022
22200583,2023-01-06,Charlotte Hornets,CHA @ MIL,W,1,138,49.0,32,11.0,3,5,0.52,0.632,0.417,29.0,22022
22200590,2023-01-06,Atlanta Hawks,ATL @ LAL,L,0,114,39.0,24,8.0,5,12,0.458,0.773,0.29,-16.0,22022
22200589,2023-01-06,Phoenix Suns,PHX vs. MIA,L,0,96,44.0,22,5.0,2,14,0.415,0.88,0.261,-8.0,22022
22200584,2023-01-06,Washington Wizards,WAS @ OKC,L,0,110,46.0,21,6.0,2,20,0.481,0.75,0.292,-17.0,22022
22200586,2023-01-06,New Orleans Pelicans,NOP vs. BKN,L,0,102,51.0,16,7.0,4,15,0.398,0.8,0.414,-6.0,22022
22200585,2023-01-06,Detroit Pistons,DET @ SAS,L,0,109,37.0,23,11.0,0,15,0.473,0.588,0.355,-12.0,22022
22200592,2023-01-07,Chicago Bulls,CHI vs. UTA,W,1,126,44.0,22,4.0,4,10,0.53,0.781,0.464,8.0,22022
22200593,2023-01-07,New Orleans Pelicans,NOP @ DAL,L,0,117,44.0,26,14.0,4,12,0.479,0.629,0.172,-10.0,22022
22200591,2023-01-07,San Antonio Spurs,SAS vs. BOS,L,0,116,51.0,25,6.0,3,13,0.49,0.786,0.28,-5.0,22022
22200593,2023-01-07,Dallas Mavericks,DAL vs. NOP,W,1,127,39.0,23,5.0,7,17,0.568,0.789,0.448,10.0,22022
22200595,2023-01-07,Sacramento Kings,SAC vs. LAL,L,0,134,34.0,25,5.0,4,14,0.523,0.811,0.438,-2.0,22022
22200594,2023-01-07,Orlando Magic,ORL @ GSW,W,1,115,44.0,26,12.0,2,10,0.506,0.583,0.406,14.0,22022
22200591,2023-01-07,Boston Celtics,BOS @ SAS,W,1,121,43.0,30,6.0,10,14,0.495,0.667,0.441,5.0,22022
22200592,2023-01-07,Utah Jazz,UTA @ CHI,L,0,118,39.0,36,6.0,2,10,0.495,0.778,0.293,-8.0,22022
22200594,2023-01-07,Golden State Warriors,GSW vs. ORL,L,0,101,49.0,26,7.0,1,16,0.375,0.81,0.31,-14.0,22022
22200595,2023-01-07,Los Angeles Lakers,LAL @ SAC,W,1,136,38.0,26,4.0,3,17,0.61,0.818,0.429,2.0,22022
22200603,2023-01-08,Cleveland Cavaliers,CLE @ PHX,W,1,112,39.0,29,8.0,5,14,0.577,0.647,0.379,14.0,22022
22200596,2023-01-08,Detroit Pistons,DET vs. PHI,L,0,111,43.0,25,9.0,2,23,0.506,0.833,0.348,-12.0,22022
22200599,2023-01-08,Miami Heat,MIA vs. BKN,L,0,101,41.0,22,8.0,4,11,0.413,0.706,0.371,-1.0,22022
22200602,2023-01-08,Oklahoma City Thunder,OKC vs. DAL,W,1,120,48.0,27,5.0,8,8,0.484,0.8,0.429,11.0,22022
22200598,2023-01-08,Indiana Pacers,IND vs. CHA,W,1,116,41.0,27,14.0,7,16,0.437,0.818,0.342,5.0,22022
22200604,2023-01-08,Atlanta Hawks,ATL @ LAC,W,1,112,43.0,22,7.0,9,9,0.494,0.8,0.308,4.0,22022
22200600,2023-01-08,Utah Jazz,UTA @ MEM,L,0,118,46.0,29,7.0,9,20,0.511,0.818,0.313,-5.0,22022
22200598,2023-01-08,Charlotte Hornets,CHA @ IND,L,0,111,49.0,25,8.0,4,18,0.432,0.889,0.333,-5.0,22022
22200604,2023-01-08,Los Angeles Clippers,LAC vs. ATL,L,0,108,59.0,25,6.0,5,11,0.389,0.774,0.333,-4.0,22022
22200600,2023-01-08,Memphis Grizzlies,MEM vs. UTA,W,1,123,39.0,28,16.0,7,10,0.451,0.727,0.395,5.0,22022
22200602,2023-01-08,Dallas Mavericks,DAL @ OKC,L,0,109,39.0,21,3.0,1,12,0.425,0.786,0.359,-11.0,22022
22200599,2023-01-08,Brooklyn Nets,BKN @ MIA,W,1,102,40.0,22,8.0,8,16,0.513,0.8,0.364,1.0,22022
22200603,2023-01-08,Phoenix Suns,PHX vs. CLE,L,0,98,36.0,22,7.0,2,16,0.44,0.909,0.538,-14.0,22022
22200596,2023-01-08,Philadelphia 76ers,PHI @ DET,W,1,123,44.0,24,12.0,5,13,0.489,0.87,0.297,12.0,22022
22200597,2023-01-08,Portland Trail Blazers,POR @ TOR,L,0,105,42.0,19,5.0,4,22,0.447,0.757,0.3,-12.0,22022
22200601,2023-01-08,Minnesota Timberwolves,MIN @ HOU,W,1,104,44.0,23,8.0,4,17,0.475,0.818,0.357,8.0,22022
22200601,2023-01-08,Houston Rockets,HOU vs. MIN,L,0,96,41.0,26,8.0,7,18,0.427,0.6,0.306,-8.0,22022
22200597,2023-01-08,Toronto Raptors,TOR vs. POR,W,1,117,41.0,26,12.0,8,10,0.44,0.862,0.387,12.0,22022
22200606,2023-01-09,Chicago Bulls,CHI @ BOS,L,0,99,42.0,19,6.0,1,7,0.453,0.643,0.343,-8.0,22022
22200609,2023-01-09,Denver Nuggets,DEN vs. LAL,W,1,122,55.0,29,7.0,11,17,0.465,0.882,0.357,13.0,22022
22200610,2023-01-09,Sacramento Kings,SAC vs. ORL,W,1,136,48.0,39,4.0,1,11,0.536,0.75,0.5,25.0,22022
22200607,2023-01-09,New York Knicks,NYK vs. MIL,L,0,107,48.0,16,8.0,1,7,0.38,0.909,0.268,-4.0,22022
22200606,2023-01-09,Boston Celtics,BOS vs. CHI,W,1,107,50.0,25,2.0,7,9,0.437,0.952,0.268,8.0,22022
22200610,2023-01-09,Orlando Magic,ORL @ SAC,L,0,111,41.0,24,7.0,7,13,0.456,0.75,0.318,-25.0,22022
22200609,2023-01-09,Los Angeles Lakers,LAL @ DEN,L,0,109,44.0,20,12.0,2,13,0.441,0.76,0.286,-13.0,22022
22200608,2023-01-09,Memphis Grizzlies,MEM vs. SAS,W,1,121,50.0,26,9.0,7,13,0.495,0.571,0.423,8.0,22022
22200605,2023-01-09,Washington Wizards,WAS vs. NOP,L,0,112,37.0,26,5.0,1,20,0.512,0.778,0.412,-20.0,22022
22200605,2023-01-09,New Orleans Pelicans,NOP @ WAS,W,1,132,44.0,24,9.0,5,9,0.527,0.774,0.385,20.0,22022
22200607,2023-01-09,Milwaukee Bucks,MIL @ NYK,W,1,111,48.0,27,3.0,5,14,0.438,0.778,0.388,4.0,22022
22200608,2023-01-09,San Antonio Spurs,SAS @ MEM,L,0,113,42.0,28,8.0,1,14,0.454,0.875,0.344,-8.0,22022
22200611,2023-01-10,Oklahoma City Thunder,OKC @ MIA,L,0,111,44.0,27,8.0,3,18,0.484,0.667,0.257,-1.0,22022
22200613,2023-01-10,Toronto Raptors,TOR vs. CHA,W,1,132,49.0,32,4.0,4,11,0.495,0.815,0.455,12.0,22022
22200611,2023-01-10,Miami Heat,MIA vs. OKC,W,1,112,41.0,18,10.0,4,19,0.392,1.0,0.303,1.0,22022
22200613,2023-01-10,Charlotte Hornets,CHA @ TOR,L,0,120,34.0,33,6.0,4,9,0.547,0.733,0.429,-12.0,22022
22200612,2023-01-10,Detroit Pistons,DET @ PHI,L,0,116,26.0,23,9.0,5,11,0.404,0.833,0.359,-31.0,22022
22200617,2023-01-10,Los Angeles Clippers,LAC vs. DAL,W,1,113,46.0,20,7.0,4,9,0.453,0.767,0.387,12.0,22022
22200614,2023-01-10,Utah Jazz,UTA vs. CLE,W,1,116,54.0,21,3.0,3,15,0.437,0.811,0.278,2.0,22022
22200617,2023-01-10,Dallas Mavericks,DAL @ LAC,L,0,101,32.0,15,5.0,6,11,0.435,0.806,0.316,-12.0,22022
22200615,2023-01-10,Golden State Warriors,GSW vs. PHX,L,0,113,45.0,24,13.0,2,15,0.385,0.778,0.375,-12.0,22022
22200615,2023-01-10,Phoenix Suns,PHX @ GSW,W,1,125,57.0,26,5.0,7,21,0.456,0.935,0.452,12.0,22022
22200616,2023-01-10,Portland Trail Blazers,POR vs. ORL,L,0,106,43.0,22,10.0,7,16,0.483,0.842,0.171,-3.0,22022
22200616,2023-01-10,Orlando Magic,ORL @ POR,W,1,109,35.0,19,10.0,2,16,0.513,0.8,0.375,3.0,22022
22200614,2023-01-10,Cleveland Cavaliers,CLE @ UTA,L,0,114,37.0,18,7.0,7,5,0.467,0.833,0.27,-2.0,22022
22200612,2023-01-10,Philadelphia 76ers,PHI vs. DET,W,1,147,55.0,36,7.0,8,18,0.607,0.933,0.355,31.0,22022
22200622,2023-01-11,New York Knicks,NYK vs. IND,W,1,119,50.0,21,9.0,4,12,0.452,0.848,0.357,6.0,22022
22200625,2023-01-11,Houston Rockets,HOU @ SAC,L,0,115,48.0,30,7.0,3,13,0.458,0.647,0.39,-20.0,22022
22200621,2023-01-11,Boston Celtics,BOS vs. NOP,W,1,125,50.0,24,7.0,5,9,0.484,0.88,0.341,11.0,22022
22200620,2023-01-11,Milwaukee Bucks,MIL @ ATL,W,1,114,57.0,28,6.0,4,10,0.459,0.545,0.375,9.0,22022
22200618,2023-01-11,Detroit Pistons,DET vs. MIN,W,1,135,38.0,30,10.0,7,16,0.6,0.786,0.531,17.0,22022
22200625,2023-01-11,Sacramento Kings,SAC vs. HOU,W,1,135,45.0,28,4.0,4,9,0.479,0.839,0.396,20.0,22022
22200624,2023-01-11,Denver Nuggets,DEN vs. PHX,W,1,126,38.0,30,9.0,4,10,0.565,0.714,0.441,29.0,22022
22200618,2023-01-11,Minnesota Timberwolves,MIN @ DET,L,0,118,36.0,22,7.0,2,18,0.489,0.762,0.485,-17.0,22022
22200620,2023-01-11,Atlanta Hawks,ATL vs. MIL,L,0,105,41.0,25,5.0,3,11,0.448,0.889,0.367,-9.0,22022
22200619,2023-01-11,Chicago Bulls,CHI @ WAS,L,0,97,39.0,16,7.0,6,12,0.466,0.667,0.31,-3.0,22022
22200624,2023-01-11,Phoenix Suns,PHX @ DEN,L,0,97,44.0,28,4.0,2,16,0.433,0.714,0.281,-29.0,22022
22200623,2023-01-11,San Antonio Spurs,SAS @ MEM,L,0,129,48.0,33,7.0,11,12,0.467,0.783,0.324,-6.0,22022
22200623,2023-01-11,Memphis Grizzlies,MEM vs. SAS,W,1,135,57.0,19,6.0,8,13,0.515,0.68,0.636,6.0,22022
22200619,2023-01-11,Washington Wizards,WAS vs. CHI,W,1,100,52.0,21,5.0,3,17,0.463,0.81,0.304,3.0,22022
22200621,2023-01-11,New Orleans Pelicans,NOP @ BOS,L,0,114,33.0,22,5.0,4,9,0.517,0.765,0.367,-11.0,22022
22200622,2023-01-11,Indiana Pacers,IND @ NYK,L,0,113,41.0,27,8.0,5,13,0.478,0.714,0.308,-6.0,22022
22200627,2023-01-12,Brooklyn Nets,BKN vs. BOS,L,0,98,31.0,26,8.0,9,12,0.452,0.818,0.382,-11.0,22022
22200627,2023-01-12,Boston Celtics,BOS @ BKN,W,1,109,48.0,23,4.0,6,13,0.477,0.882,0.333,11.0,22022
22200629,2023-01-12,Toronto Raptors,TOR vs. CHA,W,1,124,32.0,30,15.0,4,9,0.518,0.778,0.357,10.0,22022
22200629,2023-01-12,Charlotte Hornets,CHA @ TOR,L,0,114,42.0,27,6.0,5,22,0.532,0.704,0.394,-10.0,22022
22200628,2023-01-12,Miami Heat,MIA vs. MIL,W,1,108,61.0,22,8.0,1,13,0.442,0.938,0.265,6.0,22022
22200626,2023-01-12,Philadelphia 76ers,PHI vs. OKC,L,0,114,39.0,30,4.0,3,17,0.443,0.926,0.306,-19.0,22022
22200631,2023-01-12,Portland Trail Blazers,POR vs. CLE,L,0,113,36.0,17,6.0,4,16,0.513,0.759,0.333,-6.0,22022
22200626,2023-01-12,Oklahoma City Thunder,OKC @ PHI,W,1,133,39.0,28,7.0,6,11,0.512,0.939,0.424,19.0,22022
22200630,2023-01-12,Los Angeles Lakers,LAL vs. DAL,L,0,115,56.0,24,7.0,4,9,0.393,0.63,0.244,-4.0,22022
22200631,2023-01-12,Cleveland Cavaliers,CLE @ POR,W,1,119,44.0,28,6.0,1,11,0.494,0.774,0.318,6.0,22022
22200630,2023-01-12,Dallas Mavericks,DAL @ LAL,W,1,119,54.0,25,4.0,9,16,0.5,0.529,0.333,4.0,22022
22200628,2023-01-12,Milwaukee Bucks,MIL @ MIA,L,0,102,39.0,20,10.0,2,10,0.402,0.667,0.386,-6.0,22022
22200633,2023-01-13,Indiana Pacers,IND vs. ATL,L,0,111,51.0,24,8.0,9,12,0.396,0.828,0.233,-2.0,22022
22200634,2023-01-13,New York Knicks,NYK @ WAS,W,1,112,54.0,15,3.0,6,7,0.446,0.71,0.276,4.0,22022
22200635,2023-01-13,San Antonio Spurs,SAS vs. GSW,L,0,113,38.0,26,6.0,3,15,0.455,0.735,0.364,-31.0,22022
22200639,2023-01-13,Denver Nuggets,DEN @ LAC,W,1,115,43.0,24,7.0,4,10,0.5,0.76,0.424,12.0,22022
22200637,2023-01-13,Phoenix Suns,PHX @ MIN,L,0,116,43.0,28,10.0,3,19,0.477,0.833,0.609,-5.0,22022
22200639,2023-01-13,Los Angeles Clippers,LAC vs. DEN,L,0,103,43.0,20,6.0,3,12,0.471,0.786,0.345,-12.0,22022
22200638,2023-01-13,Utah Jazz,UTA vs. ORL,W,1,112,59.0,15,9.0,11,24,0.434,0.725,0.314,4.0,22022
22200636,2023-01-13,Oklahoma City Thunder,OKC @ CHI,W,1,124,46.0,22,12.0,6,10,0.511,0.864,0.333,14.0,22022
22200637,2023-01-13,Minnesota Timberwolves,MIN vs. PHX,W,1,121,37.0,24,13.0,3,14,0.522,0.85,0.357,5.0,22022
22200638,2023-01-13,Orlando Magic,ORL @ UTA,L,0,108,40.0,23,13.0,3,15,0.438,0.625,0.389,-4.0,22022
22200640,2023-01-13,Sacramento Kings,SAC vs. HOU,W,1,139,46.0,34,10.0,8,14,0.547,0.862,0.5,25.0,22022
22200636,2023-01-13,Chicago Bulls,CHI vs. OKC,L,0,110,42.0,30,7.0,5,16,0.447,0.917,0.316,-14.0,22022
22200635,2023-01-13,Golden State Warriors,GSW @ SAS,W,1,144,55.0,33,9.0,6,12,0.545,0.8,0.375,31.0,22022
22200640,2023-01-13,Houston Rockets,HOU @ SAC,L,0,114,34.0,23,10.0,4,15,0.473,0.64,0.324,-25.0,22022
22200632,2023-01-13,Detroit Pistons,DET vs. NOP,L,0,110,42.0,20,7.0,3,13,0.478,0.708,0.233,-6.0,22022
22200632,2023-01-13,New Orleans Pelicans,NOP @ DET,W,1,116,48.0,29,7.0,3,16,0.488,0.7,0.355,6.0,22022
22200633,2023-01-13,Atlanta Hawks,ATL @ IND,W,1,113,50.0,26,6.0,9,13,0.436,0.714,0.485,2.0,22022
22200634,2023-01-13,Washington Wizards,WAS vs. NYK,L,0,108,50.0,18,3.0,4,7,0.387,0.885,0.31,-4.0,22022
22200645,2023-01-14,Cleveland Cavaliers,CLE @ MIN,L,0,102,40.0,24,5.0,2,18,0.487,0.87,0.286,-8.0,22022
22200645,2023-01-14,Minnesota Timberwolves,MIN vs. CLE,W,1,110,31.0,22,10.0,5,13,0.563,0.733,0.321,8.0,22022
22200643,2023-01-14,Memphis Grizzlies,MEM @ IND,W,1,130,45.0,32,11.0,8,15,0.552,0.786,0.375,18.0,22022
22200647,2023-01-14,Portland Trail Blazers,POR vs. DAL,W,1,136,47.0,34,7.0,4,9,0.557,0.955,0.415,17.0,22022
22200644,2023-01-14,Atlanta Hawks,ATL @ TOR,W,1,114,40.0,19,6.0,4,11,0.512,0.944,0.407,11.0,22022
22200642,2023-01-14,Boston Celtics,BOS @ CHA,W,1,122,46.0,35,8.0,4,7,0.475,0.9,0.358,16.0,22022
22200642,2023-01-14,Charlotte Hornets,CHA vs. BOS,L,0,106,46.0,21,3.0,2,11,0.466,0.842,0.296,-16.0,22022
22200641,2023-01-14,Milwaukee Bucks,MIL @ MIA,L,0,95,32.0,26,7.0,2,10,0.405,0.667,0.396,-16.0,22022
22200644,2023-01-14,Toronto Raptors,TOR vs. ATL,L,0,103,43.0,19,9.0,3,12,0.414,0.8,0.241,-11.0,22022
22200646,2023-01-14,Utah Jazz,UTA vs. PHI,L,0,117,48.0,20,5.0,6,10,0.478,0.826,0.3,-1.0,22022
22200643,2023-01-14,Indiana Pacers,IND vs. MEM,L,0,112,49.0,26,5.0,8,19,0.369,0.893,0.234,-18.0,22022
22200647,2023-01-14,Dallas Mavericks,DAL @ POR,L,0,119,25.0,28,4.0,3,10,0.524,0.579,0.478,-17.0,22022
22200641,2023-01-14,Miami Heat,MIA vs. MIL,W,1,111,51.0,17,9.0,3,11,0.517,0.833,0.5,16.0,22022
22200646,2023-01-14,Philadelphia 76ers,PHI @ UTA,W,1,118,37.0,23,5.0,5,8,0.449,0.808,0.436,1.0,22022
22200650,2023-01-15,Chicago Bulls,CHI vs. GSW,W,1,132,38.0,29,12.0,1,10,0.505,0.875,0.385,14.0,22022
22200651,2023-01-15,Brooklyn Nets,BKN vs. OKC,L,0,102,51.0,24,4.0,7,15,0.429,0.632,0.293,-10.0,22022
22200648,2023-01-15,New York Knicks,NYK @ DET,W,1,117,52.0,17,3.0,6,6,0.455,0.806,0.4,13.0,22022
22200654,2023-01-15,Dallas Mavericks,DAL @ POR,L,0,123,39.0,31,3.0,2,9,0.461,0.818,0.333,-17.0,22022
22200650,2023-01-15,Golden State Warriors,GSW @ CHI,L,0,118,40.0,35,6.0,4,23,0.494,0.682,0.412,-14.0,22022
22200655,2023-01-15,Philadelphia 76ers,PHI @ LAL,W,1,113,38.0,29,3.0,7,9,0.506,0.789,0.353,1.0,22022
22200649,2023-01-15,Los Angeles Clippers,LAC vs. HOU,W,1,121,44.0,21,13.0,6,15,0.523,0.714,0.438,21.0,22022
22200651,2023-01-15,Oklahoma City Thunder,OKC @ BKN,W,1,112,50.0,21,5.0,7,8,0.444,0.769,0.387,10.0,22022
22200649,2023-01-15,Houston Rockets,HOU @ LAC,L,0,100,39.0,22,8.0,6,20,0.452,0.739,0.226,-21.0,22022
22200654,2023-01-15,Portland Trail Blazers,POR vs. DAL,W,1,140,41.0,28,3.0,6,7,0.506,0.881,0.386,17.0,22022
22200653,2023-01-15,Orlando Magic,ORL @ DEN,L,0,116,39.0,24,7.0,2,13,0.488,0.794,0.241,-3.0,22022
22200652,2023-01-15,Sacramento Kings,SAC @ SAS,W,1,132,38.0,24,5.0,2,5,0.551,0.8,0.467,13.0,22022
22200648,2023-01-15,Detroit Pistons,DET vs. NYK,L,0,104,38.0,23,4.0,4,11,0.446,0.8,0.409,-13.0,22022
22200655,2023-01-15,Los Angeles Lakers,LAL vs. PHI,L,0,112,38.0,28,4.0,6,9,0.552,0.769,0.3,-1.0,22022
22200653,2023-01-15,Denver Nuggets,DEN vs. ORL,W,1,119,41.0,32,10.0,5,15,0.539,0.526,0.333,3.0,22022
22200652,2023-01-15,San Antonio Spurs,SAS vs. SAC,L,0,119,40.0,27,1.0,3,10,0.516,0.65,0.385,-13.0,22022
22200660,2023-01-16,Washington Wizards,WAS vs. GSW,L,0,118,36.0,31,7.0,2,14,0.488,0.87,0.4,-9.0,22022
22200659,2023-01-16,Toronto Raptors,TOR @ NYK,W,1,123,42.0,27,8.0,12,6,0.396,0.829,0.295,2.0,22022
22200664,2023-01-16,Los Angeles Lakers,LAL vs. HOU,W,1,140,39.0,23,4.0,5,2,0.538,0.857,0.364,8.0,22022
22200658,2023-01-16,Cleveland Cavaliers,CLE vs. NOP,W,1,113,43.0,22,5.0,4,15,0.488,0.788,0.321,10.0,22022
22200663,2023-01-16,Memphis Grizzlies,MEM vs. PHX,W,1,136,51.0,29,8.0,6,10,0.531,0.8,0.432,30.0,22022
22200657,2023-01-16,Indiana Pacers,IND @ MIL,L,0,119,37.0,29,6.0,5,15,0.512,0.933,0.475,-13.0,22022
22200659,2023-01-16,New York Knicks,NYK vs. TOR,L,0,121,54.0,17,3.0,5,11,0.424,0.8,0.29,-2.0,22022
22200660,2023-01-16,Golden State Warriors,GSW @ WAS,W,1,127,43.0,28,8.0,1,12,0.495,0.905,0.409,9.0,22022
22200663,2023-01-16,Phoenix Suns,PHX @ MEM,L,0,106,37.0,33,4.0,4,15,0.438,0.947,0.303,-30.0,22022
22200658,2023-01-16,New Orleans Pelicans,NOP @ CLE,L,0,103,28.0,26,9.0,1,17,0.507,0.773,0.37,-10.0,22022
22200661,2023-01-16,Miami Heat,MIA @ ATL,L,0,113,41.0,30,10.0,4,14,0.483,0.95,0.258,-8.0,22022
22200657,2023-01-16,Milwaukee Bucks,MIL vs. IND,W,1,132,41.0,32,9.0,1,13,0.527,0.867,0.5,13.0,22022
22200664,2023-01-16,Houston Rockets,HOU @ LAL,L,0,132,48.0,28,0.0,7,8,0.49,0.742,0.367,-8.0,22022
22200661,2023-01-16,Atlanta Hawks,ATL vs. MIA,W,1,121,28.0,27,9.0,5,16,0.592,0.818,0.481,8.0,22022
22200662,2023-01-16,Utah Jazz,UTA @ MIN,W,1,126,50.0,25,0.0,5,18,0.536,0.821,0.382,1.0,22022
22200656,2023-01-16,Charlotte Hornets,CHA vs. BOS,L,0,118,38.0,26,7.0,2,5,0.456,0.767,0.419,-12.0,22022
22200656,2023-01-16,Boston Celtics,BOS @ CHA,W,1,130,47.0,34,1.0,4,11,0.494,0.96,0.465,12.0,22022
22200662,2023-01-16,Minnesota Timberwolves,MIN vs. UTA,L,0,125,41.0,28,9.0,6,5,0.455,0.833,0.439,-1.0,22022
22200668,2023-01-17,Philadelphia 76ers,PHI @ LAC,W,1,120,33.0,25,12.0,4,14,0.534,0.853,0.419,10.0,22022
22200665,2023-01-17,Milwaukee Bucks,MIL vs. TOR,W,1,130,42.0,24,5.0,5,11,0.535,0.905,0.487,8.0,22022
22200667,2023-01-17,Portland Trail Blazers,POR @ DEN,L,0,113,35.0,21,3.0,4,13,0.458,0.96,0.325,-9.0,22022
22200666,2023-01-17,Brooklyn Nets,BKN @ SAS,L,0,98,49.0,22,10.0,8,21,0.42,0.875,0.13,-8.0,22022
22200668,2023-01-17,Los Angeles Clippers,LAC vs. PHI,L,0,110,33.0,20,4.0,5,18,0.5,0.8,0.353,-10.0,22022
22200666,2023-01-17,San Antonio Spurs,SAS vs. BKN,W,1,106,54.0,23,12.0,4,15,0.381,0.893,0.206,8.0,22022
22200665,2023-01-17,Toronto Raptors,TOR @ MIL,L,0,122,50.0,20,7.0,5,9,0.455,0.63,0.371,-8.0,22022
22200667,2023-01-17,Denver Nuggets,DEN vs. POR,W,1,122,42.0,32,8.0,6,11,0.5,0.821,0.344,9.0,22022
22200676,2023-01-18,Minnesota Timberwolves,MIN @ DEN,L,0,118,36.0,26,6.0,10,17,0.519,0.786,0.375,-4.0,22022
22200669,2023-01-18,New York Knicks,NYK vs. WAS,L,0,105,49.0,14,9.0,4,9,0.417,0.667,0.269,-11.0,22022
22200676,2023-01-18,Denver Nuggets,DEN vs. MIN,W,1,122,34.0,27,10.0,2,14,0.529,0.75,0.381,4.0,22022
22200672,2023-01-18,Memphis Grizzlies,MEM vs. CLE,W,1,115,42.0,22,10.0,7,8,0.454,0.727,0.324,1.0,22022
22200669,2023-01-18,Washington Wizards,WAS @ NYK,W,1,116,52.0,28,5.0,9,13,0.442,0.842,0.381,11.0,22022
22200671,2023-01-18,Houston Rockets,HOU vs. CHA,L,0,117,47.0,21,4.0,5,19,0.505,0.75,0.313,-5.0,22022
22200673,2023-01-18,Miami Heat,MIA @ NOP,W,1,124,43.0,37,11.0,2,9,0.532,0.75,0.343,26.0,22022
22200674,2023-01-18,Indiana Pacers,IND @ OKC,L,0,106,48.0,23,9.0,10,23,0.415,0.667,0.364,-20.0,22022
22200677,2023-01-18,Los Angeles Lakers,LAL vs. SAC,L,0,111,36.0,26,9.0,3,6,0.483,0.778,0.324,-5.0,22022
22200675,2023-01-18,Los Angeles Clippers,LAC @ UTA,L,0,103,50.0,23,1.0,6,13,0.402,0.667,0.441,-23.0,22022
22200670,2023-01-18,Dallas Mavericks,DAL vs. ATL,L,0,122,31.0,26,5.0,3,16,0.524,0.75,0.381,-8.0,22022
22200670,2023-01-18,Atlanta Hawks,ATL @ DAL,W,1,130,35.0,28,7.0,4,12,0.57,0.95,0.5,8.0,22022
22200672,2023-01-18,Cleveland Cavaliers,CLE @ MEM,L,0,114,47.0,29,4.0,7,16,0.512,0.667,0.457,-1.0,22022
22200674,2023-01-18,Oklahoma City Thunder,OKC vs. IND,W,1,126,42.0,41,12.0,7,17,0.505,0.762,0.421,20.0,22022
22200671,2023-01-18,Charlotte Hornets,CHA @ HOU,W,1,122,37.0,27,14.0,10,9,0.5,0.68,0.25,5.0,22022
22200675,2023-01-18,Utah Jazz,UTA vs. LAC,W,1,126,44.0,26,4.0,7,8,0.517,0.773,0.594,23.0,22022
22200673,2023-01-18,New Orleans Pelicans,NOP vs. MIA,L,0,98,38.0,27,5.0,3,18,0.463,0.611,0.433,-26.0,22022
22200677,2023-01-18,Sacramento Kings,SAC @ LAL,W,1,116,47.0,23,3.0,5,11,0.494,0.778,0.3,5.0,22022
22200678,2023-01-19,Chicago Bulls,CHI @ DET,W,1,126,48.0,23,11.0,8,14,0.543,0.905,0.304,18.0,22022
22200679,2023-01-19,Golden State Warriors,GSW @ BOS,L,0,118,47.0,28,10.0,7,16,0.4,0.87,0.346,-3.0,22022
22200680,2023-01-19,Toronto Raptors,TOR @ MIN,L,0,126,38.0,26,8.0,6,16,0.529,0.741,0.5,-2.0,22022
22200678,2023-01-19,Detroit Pistons,DET vs. CHI,L,0,108,49.0,25,7.0,3,15,0.402,0.815,0.235,-18.0,22022
22200680,2023-01-19,Minnesota Timberwolves,MIN vs. TOR,W,1,128,37.0,31,12.0,5,15,0.506,0.913,0.425,2.0,22022
22200682,2023-01-19,Portland Trail Blazers,POR vs. PHI,L,0,95,44.0,19,4.0,3,15,0.376,0.759,0.243,-10.0,22022
22200681,2023-01-19,Brooklyn Nets,BKN @ PHX,L,0,112,34.0,27,10.0,6,12,0.524,0.6,0.423,-5.0,22022
22200679,2023-01-19,Boston Celtics,BOS vs. GSW,W,1,121,63.0,21,10.0,5,17,0.398,0.733,0.317,3.0,22022
22200681,2023-01-19,Phoenix Suns,PHX vs. BKN,W,1,117,49.0,30,4.0,3,16,0.459,0.683,0.393,5.0,22022
22200682,2023-01-19,Philadelphia 76ers,PHI @ POR,W,1,105,43.0,24,8.0,8,12,0.506,0.789,0.308,10.0,22022
22200684,2023-01-20,Atlanta Hawks,ATL vs. NYK,W,1,139,39.0,27,6.0,4,7,0.56,0.875,0.382,15.0,22022
22200691,2023-01-20,Sacramento Kings,SAC vs. OKC,W,1,118,53.0,25,1.0,2,15,0.471,0.857,0.316,5.0,22022
22200689,2023-01-20,Utah Jazz,UTA vs. BKN,L,0,106,46.0,24,6.0,1,10,0.42,0.696,0.41,-11.0,22022
22200691,2023-01-20,Oklahoma City Thunder,OKC @ SAC,L,0,113,36.0,21,4.0,1,9,0.484,0.636,0.4,-5.0,22022
22200687,2023-01-20,Los Angeles Clippers,LAC @ SAS,W,1,131,32.0,31,4.0,2,9,0.63,0.7,0.536,5.0,22022
22200685,2023-01-20,Golden State Warriors,GSW @ CLE,W,1,120,45.0,25,9.0,4,17,0.488,0.684,0.535,6.0,22022
22200688,2023-01-20,Denver Nuggets,DEN vs. IND,W,1,134,38.0,38,16.0,4,16,0.614,0.692,0.5,23.0,22022
22200684,2023-01-20,New York Knicks,NYK @ ATL,L,0,124,34.0,27,5.0,3,12,0.59,0.765,0.433,-15.0,22022
22200683,2023-01-20,New Orleans Pelicans,NOP @ ORL,L,0,110,39.0,29,9.0,5,10,0.451,0.75,0.286,-13.0,22022
22200685,2023-01-20,Cleveland Cavaliers,CLE vs. GSW,L,0,114,35.0,24,7.0,8,15,0.5,0.842,0.424,-6.0,22022
22200690,2023-01-20,Memphis Grizzlies,MEM @ LAL,L,0,121,63.0,24,6.0,7,14,0.422,0.65,0.31,-1.0,22022
22200690,2023-01-20,Los Angeles Lakers,LAL vs. MEM,W,1,122,47.0,24,7.0,7,9,0.409,0.805,0.317,1.0,22022
22200686,2023-01-20,Miami Heat,MIA @ DAL,L,0,90,39.0,15,3.0,1,15,0.478,0.741,0.2,-25.0,22022
22200687,2023-01-20,San Antonio Spurs,SAS vs. LAC,L,0,126,34.0,34,3.0,1,6,0.573,0.714,0.538,-5.0,22022
22200689,2023-01-20,Brooklyn Nets,BKN @ UTA,W,1,117,42.0,26,7.0,6,9,0.538,0.65,0.439,11.0,22022
22200683,2023-01-20,Orlando Magic,ORL vs. NOP,W,1,123,42.0,28,2.0,5,14,0.52,0.882,0.5,13.0,22022
22200686,2023-01-20,Dallas Mavericks,DAL vs. MIA,W,1,115,37.0,21,7.0,1,10,0.463,0.821,0.474,25.0,22022
22200688,2023-01-20,Indiana Pacers,IND @ DEN,L,0,111,39.0,23,7.0,2,21,0.44,0.784,0.25,-23.0,22022
22200696,2023-01-21,Houston Rockets,HOU @ MIN,L,0,104,56.0,24,4.0,6,21,0.481,0.576,0.375,-9.0,22022
22200692,2023-01-21,Boston Celtics,BOS @ TOR,W,1,106,41.0,25,9.0,8,15,0.447,0.933,0.457,2.0,22022
22200698,2023-01-21,Sacramento Kings,SAC vs. PHI,L,0,127,29.0,28,6.0,5,8,0.548,0.759,0.394,-2.0,22022
22200697,2023-01-21,Phoenix Suns,PHX vs. IND,W,1,112,55.0,27,9.0,8,15,0.418,0.686,0.387,5.0,22022
22200694,2023-01-21,Atlanta Hawks,ATL vs. CHA,L,0,118,40.0,24,5.0,4,16,0.542,0.85,0.44,-4.0,22022
22200695,2023-01-21,Milwaukee Bucks,MIL @ CLE,L,0,102,36.0,24,3.0,6,14,0.453,0.909,0.359,-12.0,22022
22200696,2023-01-21,Minnesota Timberwolves,MIN vs. HOU,W,1,113,30.0,20,12.0,9,11,0.458,0.833,0.415,9.0,22022
22200694,2023-01-21,Charlotte Hornets,CHA @ ATL,W,1,122,36.0,28,11.0,2,12,0.506,0.864,0.382,4.0,22022
22200693,2023-01-21,Washington Wizards,WAS vs. ORL,W,1,138,46.0,34,6.0,5,8,0.537,0.72,0.529,20.0,22022
22200692,2023-01-21,Toronto Raptors,TOR vs. BOS,L,0,104,41.0,24,7.0,9,14,0.535,0.714,0.368,-2.0,22022
22200698,2023-01-21,Philadelphia 76ers,PHI @ SAC,W,1,129,46.0,27,4.0,3,15,0.527,0.826,0.429,2.0,22022
22200697,2023-01-21,Indiana Pacers,IND @ PHX,L,0,107,48.0,22,10.0,4,14,0.375,0.846,0.351,-5.0,22022
22200693,2023-01-21,Orlando Magic,ORL @ WAS,L,0,118,41.0,24,3.0,10,10,0.467,0.833,0.412,-20.0,22022
22200695,2023-01-21,Cleveland Cavaliers,CLE vs. MIL,W,1,114,41.0,33,9.0,3,9,0.558,0.647,0.318,12.0,22022
22200699,2023-01-22,New Orleans Pelicans,NOP @ MIA,L,0,96,41.0,24,17.0,4,24,0.474,0.778,0.267,-4.0,22022
22200703,2023-01-22,Phoenix Suns,PHX vs. MEM,W,1,112,40.0,25,10.0,5,16,0.443,0.84,0.371,2.0,22022
22200702,2023-01-22,Denver Nuggets,DEN vs. OKC,L,0,99,42.0,22,7.0,5,9,0.439,0.515,0.357,-2.0,22022
22200701,2023-01-22,Dallas Mavericks,DAL vs. LAC,L,0,98,38.0,15,3.0,3,10,0.438,0.577,0.371,-14.0,22022
22200699,2023-01-22,Miami Heat,MIA vs. NOP,W,1,100,42.0,17,16.0,1,21,0.438,0.815,0.235,4.0,22022
22200704,2023-01-22,Brooklyn Nets,BKN @ GSW,W,1,120,42.0,30,4.0,7,15,0.544,0.645,0.519,4.0,22022
22200705,2023-01-22,Los Angeles Lakers,LAL @ POR,W,1,121,51.0,23,5.0,5,12,0.523,0.778,0.333,9.0,22022
22200700,2023-01-22,Toronto Raptors,TOR vs. NYK,W,1,125,45.0,21,12.0,4,7,0.456,0.8,0.441,9.0,22022
22200704,2023-01-22,Golden State Warriors,GSW vs. BKN,L,0,116,42.0,28,10.0,2,10,0.456,0.778,0.406,-4.0,22022
22200701,2023-01-22,Los Angeles Clippers,LAC @ DAL,W,1,112,46.0,20,6.0,3,10,0.455,0.968,0.429,14.0,22022
22200705,2023-01-22,Portland Trail Blazers,POR vs. LAL,L,0,112,38.0,24,5.0,7,11,0.43,0.84,0.37,-9.0,22022
22200703,2023-01-22,Memphis Grizzlies,MEM @ PHX,L,0,110,52.0,28,8.0,4,20,0.435,0.704,0.344,-2.0,22022
22200702,2023-01-22,Oklahoma City Thunder,OKC @ DEN,W,1,101,50.0,21,4.0,5,8,0.449,0.875,0.269,2.0,22022
22200700,2023-01-22,New York Knicks,NYK @ TOR,L,0,116,47.0,30,4.0,4,16,0.488,0.692,0.439,-9.0,22022
22200709,2023-01-23,Minnesota Timberwolves,MIN @ HOU,L,0,114,41.0,19,8.0,7,19,0.451,0.727,0.381,-5.0,22022
22200711,2023-01-23,San Antonio Spurs,SAS @ POR,L,0,127,40.0,30,7.0,4,15,0.522,0.769,0.481,-20.0,22022
22200710,2023-01-23,Utah Jazz,UTA vs. CHA,W,1,120,46.0,25,8.0,4,16,0.477,0.846,0.4,18.0,22022
22200706,2023-01-23,Milwaukee Bucks,MIL @ DET,W,1,150,50.0,38,11.0,6,18,0.561,0.708,0.442,20.0,22022
22200707,2023-01-23,Boston Celtics,BOS @ ORL,L,0,98,37.0,24,5.0,4,18,0.434,0.727,0.391,-15.0,22022
22200710,2023-01-23,Charlotte Hornets,CHA @ UTA,L,0,102,42.0,22,8.0,7,14,0.447,0.706,0.125,-18.0,22022
22200708,2023-01-23,Chicago Bulls,CHI vs. ATL,W,1,111,47.0,28,13.0,3,9,0.463,0.667,0.324,11.0,22022
22200709,2023-01-23,Houston Rockets,HOU vs. MIN,W,1,119,47.0,24,11.0,5,20,0.5,0.667,0.367,5.0,22022
22200707,2023-01-23,Orlando Magic,ORL vs. BOS,W,1,113,40.0,22,10.0,3,10,0.512,0.667,0.407,15.0,22022
22200711,2023-01-23,Portland Trail Blazers,POR vs. SAS,W,1,147,36.0,34,11.0,4,9,0.598,0.773,0.606,20.0,22022
22200708,2023-01-23,Atlanta Hawks,ATL @ CHI,L,0,100,43.0,24,6.0,4,18,0.459,0.632,0.303,-11.0,22022
22200712,2023-01-23,Sacramento Kings,SAC vs. MEM,W,1,133,53.0,37,10.0,5,24,0.557,0.929,0.55,33.0,22022
22200712,2023-01-23,Memphis Grizzlies,MEM @ SAC,L,0,100,31.0,28,14.0,3,15,0.408,0.8,0.333,-33.0,22022
22200706,2023-01-23,Detroit Pistons,DET vs. MIL,L,0,130,41.0,26,10.0,3,20,0.494,0.775,0.406,-20.0,22022
22200718,2023-01-24,Phoenix Suns,PHX vs. CHA,W,1,128,55.0,38,3.0,10,17,0.5,0.923,0.564,31.0,22022
22200717,2023-01-24,Washington Wizards,WAS @ DAL,W,1,127,41.0,28,7.0,3,10,0.506,0.78,0.367,1.0,22022
22200716,2023-01-24,New Orleans Pelicans,NOP vs. DEN,L,0,98,43.0,18,5.0,3,14,0.447,0.85,0.192,-1.0,22022
22200718,2023-01-24,Charlotte Hornets,CHA @ PHX,L,0,97,40.0,19,10.0,5,13,0.406,0.722,0.24,-31.0,22022
22200714,2023-01-24,Miami Heat,MIA vs. BOS,W,1,98,51.0,21,7.0,2,7,0.362,0.783,0.364,3.0,22022
22200713,2023-01-24,Indiana Pacers,IND vs. CHI,W,1,116,45.0,24,9.0,10,6,0.424,0.786,0.27,6.0,22022
22200715,2023-01-24,Cleveland Cavaliers,CLE @ NYK,L,0,103,41.0,29,8.0,4,10,0.46,0.688,0.364,-2.0,22022
22200716,2023-01-24,Denver Nuggets,DEN @ NOP,W,1,99,34.0,27,8.0,5,12,0.488,0.769,0.333,1.0,22022
22200717,2023-01-24,Dallas Mavericks,DAL vs. WAS,L,0,126,38.0,24,6.0,2,9,0.528,0.846,0.333,-1.0,22022
22200714,2023-01-24,Boston Celtics,BOS @ MIA,L,0,95,44.0,21,5.0,6,17,0.432,0.778,0.313,-3.0,22022
22200719,2023-01-24,Los Angeles Clippers,LAC @ LAL,W,1,133,47.0,25,4.0,9,12,0.607,0.8,0.5,18.0,22022
22200713,2023-01-24,Chicago Bulls,CHI @ IND,L,0,110,45.0,19,5.0,5,16,0.489,0.76,0.208,-6.0,22022
22200719,2023-01-24,Los Angeles Lakers,LAL vs. LAC,L,0,115,32.0,21,8.0,4,6,0.442,0.625,0.4,-18.0,22022
22200715,2023-01-24,New York Knicks,NYK vs. CLE,W,1,105,42.0,25,4.0,3,15,0.493,0.667,0.515,2.0,22022
22200729,2023-01-25,Los Angeles Lakers,LAL vs. SAS,W,1,113,56.0,25,12.0,9,19,0.444,0.767,0.303,9.0,22022
22200728,2023-01-25,Toronto Raptors,TOR @ SAC,W,1,113,41.0,28,12.0,8,9,0.495,0.714,0.3,18.0,22022
22200723,2023-01-25,Milwaukee Bucks,MIL vs. DEN,W,1,107,49.0,16,11.0,7,22,0.474,0.714,0.433,8.0,22022
22200726,2023-01-25,Memphis Grizzlies,MEM @ GSW,L,0,120,36.0,26,10.0,3,13,0.477,0.703,0.323,-2.0,22022
22200727,2023-01-25,Utah Jazz,UTA @ POR,L,0,124,35.0,32,5.0,5,13,0.522,0.667,0.488,-10.0,22022
22200721,2023-01-25,Philadelphia 76ers,PHI vs. BKN,W,1,137,36.0,26,10.0,4,9,0.512,0.972,0.474,4.0,22022
22200725,2023-01-25,Atlanta Hawks,ATL @ OKC,W,1,137,46.0,26,5.0,6,16,0.595,0.788,0.379,5.0,22022
22200722,2023-01-25,Washington Wizards,WAS @ HOU,W,1,108,48.0,27,13.0,7,7,0.398,0.783,0.316,5.0,22022
22200720,2023-01-25,Orlando Magic,ORL vs. IND,W,1,126,34.0,34,8.0,7,17,0.561,0.76,0.536,6.0,22022
22200725,2023-01-25,Oklahoma City Thunder,OKC vs. ATL,L,0,132,37.0,31,12.0,2,11,0.52,0.688,0.441,-5.0,22022
22200724,2023-01-25,Minnesota Timberwolves,MIN @ NOP,W,1,111,36.0,23,8.0,5,9,0.488,0.714,0.379,9.0,22022
22200727,2023-01-25,Portland Trail Blazers,POR vs. UTA,W,1,134,41.0,26,9.0,4,10,0.573,0.833,0.472,10.0,22022
22200724,2023-01-25,New Orleans Pelicans,NOP vs. MIN,L,0,102,42.0,25,4.0,7,14,0.435,0.762,0.316,-9.0,22022
22200729,2023-01-25,San Antonio Spurs,SAS @ LAL,L,0,104,48.0,22,11.0,2,14,0.377,0.889,0.235,-9.0,22022
22200721,2023-01-25,Brooklyn Nets,BKN @ PHI,L,0,133,31.0,29,3.0,4,16,0.645,0.778,0.538,-4.0,22022
22200728,2023-01-25,Sacramento Kings,SAC vs. TOR,L,0,95,34.0,29,6.0,2,19,0.479,0.923,0.406,-18.0,22022
22200722,2023-01-25,Houston Rockets,HOU vs. WAS,L,0,103,57.0,29,5.0,10,14,0.433,0.7,0.179,-5.0,22022
22200723,2023-01-25,Denver Nuggets,DEN @ MIL,L,0,99,51.0,21,9.0,5,19,0.392,0.75,0.324,-8.0,22022
22200726,2023-01-25,Golden State Warriors,GSW vs. MEM,W,1,122,44.0,33,7.0,5,21,0.506,0.786,0.438,2.0,22022
22200720,2023-01-25,Indiana Pacers,IND @ ORL,L,0,120,32.0,25,14.0,5,14,0.482,0.793,0.429,-6.0,22022
22200734,2023-01-26,Phoenix Suns,PHX vs. DAL,L,0,95,50.0,24,4.0,6,7,0.407,0.75,0.406,-4.0,22022
22200733,2023-01-26,Houston Rockets,HOU vs. CLE,L,0,95,46.0,24,5.0,6,22,0.513,0.6,0.238,-18.0,22022
22200734,2023-01-26,Dallas Mavericks,DAL @ PHX,W,1,99,43.0,20,3.0,3,7,0.429,0.714,0.382,4.0,22022
22200731,2023-01-26,Detroit Pistons,DET @ BKN,W,1,130,48.0,27,12.0,5,11,0.505,0.885,0.407,8.0,22022
22200735,2023-01-26,Los Angeles Clippers,LAC vs. SAS,W,1,138,37.0,26,9.0,9,5,0.584,0.762,0.474,38.0,22022
22200732,2023-01-26,Charlotte Hornets,CHA vs. CHI,W,1,111,52.0,24,8.0,5,14,0.464,0.839,0.219,15.0,22022
22200730,2023-01-26,Boston Celtics,BOS vs. NYK,L,0,117,54.0,22,4.0,4,13,0.41,0.826,0.348,-3.0,22022
22200733,2023-01-26,Cleveland Cavaliers,CLE @ HOU,W,1,113,36.0,29,12.0,4,9,0.46,0.818,0.417,18.0,22022
22200731,2023-01-26,Brooklyn Nets,BKN vs. DET,L,0,122,40.0,24,5.0,6,16,0.457,0.852,0.342,-8.0,22022
22200730,2023-01-26,New York Knicks,NYK @ BOS,W,1,120,50.0,17,5.0,5,8,0.458,0.826,0.342,3.0,22022
22200732,2023-01-26,Chicago Bulls,CHI @ CHA,L,0,96,43.0,16,8.0,2,13,0.407,0.818,0.16,-15.0,22022
22200735,2023-01-26,San Antonio Spurs,SAS @ LAC,L,0,100,42.0,24,2.0,1,12,0.451,0.643,0.333,-38.0,22022
22200739,2023-01-27,Cleveland Cavaliers,CLE @ OKC,L,0,100,37.0,27,9.0,5,10,0.443,0.778,0.276,-12.0,22022
22200739,2023-01-27,Oklahoma City Thunder,OKC vs. CLE,W,1,112,46.0,19,5.0,2,14,0.526,0.88,0.556,12.0,22022
22200740,2023-01-27,Golden State Warriors,GSW vs. TOR,W,1,129,43.0,40,5.0,1,12,0.556,0.733,0.419,12.0,22022
22200736,2023-01-27,Milwaukee Bucks,MIL @ IND,W,1,141,50.0,32,11.0,3,16,0.531,0.613,0.419,10.0,22022
22200738,2023-01-27,Orlando Magic,ORL @ MIA,L,0,105,40.0,21,5.0,3,20,0.478,0.844,0.353,-5.0,22022
22200740,2023-01-27,Toronto Raptors,TOR @ GSW,L,0,117,46.0,24,5.0,4,10,0.455,0.619,0.364,-12.0,22022
22200737,2023-01-27,Memphis Grizzlies,MEM @ MIN,L,0,100,47.0,22,14.0,2,20,0.409,0.842,0.242,-11.0,22022
22200737,2023-01-27,Minnesota Timberwolves,MIN vs. MEM,W,1,111,45.0,31,12.0,6,19,0.512,0.667,0.371,11.0,22022
22200738,2023-01-27,Miami Heat,MIA vs. ORL,W,1,110,37.0,28,9.0,3,11,0.459,0.846,0.303,5.0,22022
22200736,2023-01-27,Indiana Pacers,IND vs. MIL,L,0,131,38.0,22,10.0,4,13,0.551,0.714,0.394,-10.0,22022
22200743,2023-01-28,Houston Rockets,HOU @ DET,W,1,117,48.0,20,8.0,4,17,0.478,0.778,0.296,3.0,22022
22200750,2023-01-28,Dallas Mavericks,DAL @ UTA,L,0,100,31.0,26,7.0,3,14,0.438,0.706,0.391,-8.0,22022
22200743,2023-01-28,Detroit Pistons,DET vs. HOU,L,0,114,35.0,23,10.0,5,16,0.458,0.774,0.368,-3.0,22022
22200745,2023-01-28,Los Angeles Clippers,LAC @ ATL,W,1,120,37.0,25,5.0,5,14,0.525,0.895,0.487,7.0,22022
22200749,2023-01-28,Boston Celtics,BOS vs. LAL,W,1,125,46.0,18,8.0,9,12,0.464,0.872,0.325,3.0,22022
22200748,2023-01-28,San Antonio Spurs,SAS vs. PHX,L,0,118,53.0,32,6.0,4,13,0.44,0.706,0.345,-10.0,22022
22200741,2023-01-28,Denver Nuggets,DEN @ PHI,L,0,119,36.0,28,6.0,6,14,0.543,0.85,0.412,-7.0,22022
22200741,2023-01-28,Philadelphia 76ers,PHI vs. DEN,W,1,126,39.0,31,10.0,2,11,0.517,0.667,0.514,7.0,22022
22200747,2023-01-28,New Orleans Pelicans,NOP vs. WAS,L,0,103,42.0,21,9.0,8,10,0.424,0.895,0.276,-10.0,22022
22200747,2023-01-28,Washington Wizards,WAS @ NOP,W,1,113,53.0,18,5.0,8,16,0.455,0.759,0.306,10.0,22022
22200749,2023-01-28,Los Angeles Lakers,LAL @ BOS,L,0,121,47.0,30,4.0,0,12,0.448,0.75,0.286,-3.0,22022
22200742,2023-01-28,New York Knicks,NYK @ BKN,L,0,115,45.0,19,4.0,4,10,0.511,0.789,0.357,-7.0,22022
22200751,2023-01-28,Toronto Raptors,TOR @ POR,W,1,123,45.0,24,6.0,3,6,0.522,0.944,0.333,18.0,22022
22200742,2023-01-28,Brooklyn Nets,BKN vs. NYK,W,1,122,35.0,31,5.0,3,8,0.529,0.571,0.55,7.0,22022
22200746,2023-01-28,Minnesota Timberwolves,MIN vs. SAC,W,1,117,44.0,25,5.0,2,19,0.525,0.762,0.459,7.0,22022
22200751,2023-01-28,Portland Trail Blazers,POR vs. TOR,L,0,105,27.0,18,3.0,6,11,0.526,0.783,0.292,-18.0,22022
22200750,2023-01-28,Utah Jazz,UTA vs. DAL,W,1,108,49.0,26,9.0,6,16,0.476,0.708,0.361,8.0,22022
22200744,2023-01-28,Orlando Magic,ORL vs. CHI,L,0,109,36.0,29,5.0,0,12,0.494,0.708,0.357,-19.0,22022
22200744,2023-01-28,Chicago Bulls,CHI @ ORL,W,1,128,38.0,30,5.0,6,12,0.593,0.842,0.457,19.0,22022
22200746,2023-01-28,Sacramento Kings,SAC @ MIN,L,0,110,36.0,23,5.0,0,9,0.451,0.75,0.273,-7.0,22022
22200745,2023-01-28,Atlanta Hawks,ATL vs. LAC,L,0,113,47.0,24,12.0,2,8,0.474,0.8,0.259,-7.0,22022
22200748,2023-01-28,Phoenix Suns,PHX @ SAS,W,1,128,52.0,31,7.0,6,9,0.485,0.769,0.333,10.0,22022
22200754,2023-01-29,Cleveland Cavaliers,CLE vs. LAC,W,1,122,35.0,35,9.0,7,10,0.564,0.737,0.606,23.0,22022
22200752,2023-01-29,Charlotte Hornets,CHA vs. MIA,W,1,122,47.0,25,6.0,3,19,0.542,0.773,0.375,5.0,22022
22200754,2023-01-29,Los Angeles Clippers,LAC @ CLE,L,0,99,45.0,17,6.0,0,13,0.416,0.852,0.105,-23.0,22022
22200753,2023-01-29,Indiana Pacers,IND @ MEM,L,0,100,38.0,21,4.0,6,17,0.456,0.905,0.281,-12.0,22022
22200755,2023-01-29,New Orleans Pelicans,NOP @ MIL,L,0,110,38.0,25,7.0,3,12,0.441,0.714,0.382,-25.0,22022
22200755,2023-01-29,Milwaukee Bucks,MIL vs. NOP,W,1,135,57.0,27,7.0,4,11,0.552,0.6,0.395,25.0,22022
22200752,2023-01-29,Miami Heat,MIA @ CHA,L,0,117,36.0,26,11.0,0,10,0.484,0.739,0.323,-5.0,22022
22200753,2023-01-29,Memphis Grizzlies,MEM vs. IND,W,1,112,41.0,29,10.0,8,7,0.483,0.773,0.243,12.0,22022
22200758,2023-01-30,Minnesota Timberwolves,MIN vs. SAC,L,0,111,49.0,26,7.0,3,18,0.467,0.52,0.308,-7.0,22022
22200761,2023-01-30,Dallas Mavericks,DAL vs. DET,W,1,111,40.0,17,6.0,1,10,0.494,0.697,0.294,6.0,22022
22200763,2023-01-30,Atlanta Hawks,ATL @ POR,L,0,125,45.0,26,5.0,0,6,0.468,0.8,0.433,-4.0,22022
22200763,2023-01-30,Portland Trail Blazers,POR vs. ATL,W,1,129,32.0,24,2.0,7,8,0.544,0.889,0.475,4.0,22022
22200760,2023-01-30,Washington Wizards,WAS @ SAS,W,1,127,45.0,32,7.0,8,13,0.558,0.882,0.533,21.0,22022
22200761,2023-01-30,Detroit Pistons,DET @ DAL,L,0,105,40.0,18,9.0,6,14,0.456,0.704,0.359,-6.0,22022
22200762,2023-01-30,Toronto Raptors,TOR @ PHX,L,0,106,44.0,19,9.0,4,13,0.449,0.895,0.273,-8.0,22022
22200759,2023-01-30,Oklahoma City Thunder,OKC vs. GSW,L,0,120,43.0,23,10.0,4,16,0.495,0.85,0.458,-8.0,22022
22200757,2023-01-30,Los Angeles Lakers,LAL @ BKN,L,0,104,53.0,24,1.0,3,14,0.393,0.622,0.379,-17.0,22022
22200762,2023-01-30,Phoenix Suns,PHX vs. TOR,W,1,114,42.0,28,10.0,4,12,0.494,0.81,0.393,8.0,22022
22200756,2023-01-30,Philadelphia 76ers,PHI vs. ORL,L,0,109,45.0,28,8.0,3,19,0.471,0.783,0.367,-10.0,22022
22200758,2023-01-30,Sacramento Kings,SAC @ MIN,W,1,118,50.0,20,15.0,3,12,0.475,0.682,0.3,7.0,22022
22200756,2023-01-30,Orlando Magic,ORL @ PHI,W,1,119,50.0,23,11.0,6,10,0.424,0.8,0.379,10.0,22022
22200757,2023-01-30,Brooklyn Nets,BKN vs. LAL,W,1,121,50.0,24,8.0,9,9,0.474,0.789,0.39,17.0,22022
22200760,2023-01-30,San Antonio Spurs,SAS vs. WAS,L,0,106,43.0,26,6.0,6,10,0.433,0.652,0.241,-21.0,22022
22200759,2023-01-30,Golden State Warriors,GSW @ OKC,W,1,128,44.0,37,9.0,4,15,0.511,0.8,0.426,8.0,22022
22200764,2023-01-31,Miami Heat,MIA @ CLE,W,1,100,45.0,21,7.0,3,13,0.436,0.72,0.452,3.0,22022
22200766,2023-01-31,Chicago Bulls,CHI vs. LAC,L,0,103,51.0,26,6.0,6,20,0.494,0.714,0.5,-5.0,22022
22200765,2023-01-31,New York Knicks,NYK vs. LAL,L,0,123,45.0,27,6.0,3,9,0.449,0.875,0.206,-6.0,22022
22200767,2023-01-31,Charlotte Hornets,CHA @ MIL,L,0,115,62.0,27,6.0,6,11,0.378,0.769,0.282,-9.0,22022
22200766,2023-01-31,Los Angeles Clippers,LAC @ CHI,W,1,108,44.0,24,15.0,6,8,0.398,0.846,0.273,5.0,22022
22200765,2023-01-31,Los Angeles Lakers,LAL @ NYK,W,1,129,44.0,29,6.0,1,14,0.516,0.71,0.333,6.0,22022
22200768,2023-01-31,New Orleans Pelicans,NOP @ DEN,L,0,113,36.0,28,13.0,2,15,0.494,0.84,0.296,-9.0,22022
22200767,2023-01-31,Milwaukee Bucks,MIL vs. CHA,W,1,124,66.0,18,7.0,8,12,0.41,0.852,0.341,9.0,22022
22200768,2023-01-31,Denver Nuggets,DEN vs. NOP,W,1,122,44.0,33,7.0,3,18,0.494,0.833,0.444,9.0,22022
22200764,2023-01-31,Cleveland Cavaliers,CLE vs. MIA,L,0,97,39.0,32,9.0,6,13,0.482,0.5,0.275,-3.0,22022
22200774,2023-02-01,Minnesota Timberwolves,MIN vs. GSW,W,1,119,53.0,26,5.0,7,11,0.434,0.542,0.28,5.0,22022
22200770,2023-02-01,Philadelphia 76ers,PHI vs. ORL,W,1,105,43.0,27,7.0,4,18,0.436,0.885,0.4,11.0,22022
22200771,2023-02-01,Memphis Grizzlies,MEM vs. POR,L,0,112,44.0,28,8.0,7,12,0.471,0.75,0.243,-10.0,22022
22200775,2023-02-01,San Antonio Spurs,SAS vs. SAC,L,0,109,40.0,30,5.0,1,18,0.545,0.714,0.333,-10.0,22022
22200774,2023-02-01,Golden State Warriors,GSW @ MIN,L,0,114,58.0,21,7.0,4,17,0.418,0.794,0.314,-5.0,22022
22200770,2023-02-01,Orlando Magic,ORL @ PHI,L,0,94,46.0,12,10.0,4,14,0.379,0.759,0.158,-11.0,22022
22200773,2023-02-01,Houston Rockets,HOU vs. OKC,W,1,112,65.0,20,6.0,12,17,0.436,0.742,0.304,6.0,22022
22200776,2023-02-01,Toronto Raptors,TOR @ UTA,L,0,128,52.0,27,11.0,2,7,0.455,0.692,0.435,-3.0,22022
22200775,2023-02-01,Sacramento Kings,SAC @ SAS,W,1,119,34.0,25,10.0,3,9,0.533,0.789,0.296,10.0,22022
22200771,2023-02-01,Portland Trail Blazers,POR @ MEM,W,1,122,41.0,24,3.0,5,13,0.471,0.963,0.389,10.0,22022
22200777,2023-02-01,Phoenix Suns,PHX vs. ATL,L,0,100,44.0,22,8.0,4,16,0.407,0.839,0.143,-32.0,22022
22200772,2023-02-01,Boston Celtics,BOS vs. BKN,W,1,139,57.0,28,4.0,4,10,0.576,0.7,0.481,43.0,22022
22200776,2023-02-01,Utah Jazz,UTA vs. TOR,W,1,131,49.0,29,3.0,11,16,0.53,0.867,0.362,3.0,22022
22200777,2023-02-01,Atlanta Hawks,ATL @ PHX,W,1,132,45.0,32,6.0,5,12,0.571,0.818,0.576,32.0,22022
22200772,2023-02-01,Brooklyn Nets,BKN @ BOS,L,0,96,32.0,19,8.0,1,5,0.409,0.833,0.231,-43.0,22022
22200773,2023-02-01,Oklahoma City Thunder,OKC @ HOU,L,0,106,52.0,22,11.0,6,10,0.369,0.818,0.279,-6.0,22022
22200784,2023-02-02,Los Angeles Clippers,LAC @ MIL,L,0,105,49.0,15,8.0,4,7,0.411,0.7,0.361,-1.0,22022
22200783,2023-02-02,Denver Nuggets,DEN vs. GSW,W,1,134,38.0,35,10.0,2,11,0.567,0.762,0.457,17.0,22022
22200783,2023-02-02,Golden State Warriors,GSW @ DEN,L,0,117,42.0,25,4.0,4,17,0.506,0.632,0.5,-17.0,22022
22200780,2023-02-02,New York Knicks,NYK vs. MIA,W,1,106,44.0,25,8.0,0,17,0.482,0.778,0.333,2.0,22022
22200778,2023-02-02,Indiana Pacers,IND vs. LAL,L,0,111,46.0,30,8.0,6,16,0.484,0.833,0.39,-1.0,22022
22200779,2023-02-02,Cleveland Cavaliers,CLE vs. MEM,W,1,128,41.0,33,12.0,7,15,0.538,0.727,0.483,15.0,22022
22200781,2023-02-02,Charlotte Hornets,CHA @ CHI,L,0,98,45.0,19,6.0,4,14,0.419,0.867,0.2,-16.0,22022
22200784,2023-02-02,Milwaukee Bucks,MIL vs. LAC,W,1,106,53.0,16,2.0,0,10,0.433,0.704,0.243,1.0,22022
22200778,2023-02-02,Los Angeles Lakers,LAL @ IND,W,1,112,51.0,29,8.0,5,13,0.457,0.71,0.273,1.0,22022
22200781,2023-02-02,Chicago Bulls,CHI vs. CHA,W,1,114,40.0,24,9.0,3,13,0.519,0.808,0.393,16.0,22022
22200780,2023-02-02,Miami Heat,MIA @ NYK,L,0,104,33.0,24,8.0,3,10,0.448,0.813,0.361,-2.0,22022
22200782,2023-02-02,New Orleans Pelicans,NOP @ DAL,L,0,106,50.0,27,6.0,5,17,0.5,0.81,0.25,-5.0,22022
22200779,2023-02-02,Memphis Grizzlies,MEM @ CLE,L,0,113,44.0,22,8.0,5,18,0.471,0.955,0.435,-15.0,22022
22200782,2023-02-02,Dallas Mavericks,DAL vs. NOP,W,1,111,36.0,16,10.0,3,8,0.435,0.793,0.341,5.0,22022
22200788,2023-02-03,Boston Celtics,BOS vs. PHX,L,0,94,43.0,18,5.0,3,14,0.387,0.839,0.263,-12.0,22022
22200786,2023-02-03,Sacramento Kings,SAC @ IND,L,0,104,49.0,24,6.0,5,19,0.43,0.85,0.342,-3.0,22022
22200789,2023-02-03,Toronto Raptors,TOR @ HOU,W,1,117,43.0,21,9.0,7,9,0.456,0.741,0.385,6.0,22022
22200790,2023-02-03,Orlando Magic,ORL @ MIN,W,1,127,42.0,23,11.0,3,15,0.529,0.658,0.522,7.0,22022
22200790,2023-02-03,Minnesota Timberwolves,MIN vs. ORL,L,0,120,41.0,21,7.0,7,20,0.46,0.857,0.364,-7.0,22022
22200789,2023-02-03,Houston Rockets,HOU vs. TOR,L,0,111,40.0,22,5.0,4,13,0.5,0.727,0.333,-6.0,22022
22200792,2023-02-03,Atlanta Hawks,ATL @ UTA,W,1,115,52.0,28,8.0,5,9,0.463,0.739,0.27,7.0,22022
22200791,2023-02-03,San Antonio Spurs,SAS vs. PHI,L,0,125,35.0,32,8.0,0,18,0.584,0.933,0.333,-12.0,22022
22200785,2023-02-03,Detroit Pistons,DET vs. CHA,W,1,118,51.0,27,7.0,3,22,0.512,0.696,0.438,6.0,22022
22200788,2023-02-03,Phoenix Suns,PHX @ BOS,W,1,106,53.0,28,6.0,6,8,0.432,0.857,0.375,12.0,22022
22200792,2023-02-03,Utah Jazz,UTA vs. ATL,L,0,108,50.0,20,4.0,2,15,0.451,0.722,0.295,-7.0,22022
22200787,2023-02-03,Portland Trail Blazers,POR @ WAS,W,1,124,38.0,25,5.0,2,7,0.489,0.913,0.415,8.0,22022
22200787,2023-02-03,Washington Wizards,WAS vs. POR,L,0,116,41.0,27,4.0,3,10,0.5,0.909,0.364,-8.0,22022
22200791,2023-02-03,Philadelphia 76ers,PHI @ SAS,W,1,137,39.0,28,11.0,3,10,0.529,0.78,0.481,12.0,22022
22200785,2023-02-03,Charlotte Hornets,CHA @ DET,L,0,112,37.0,22,16.0,2,13,0.444,0.767,0.265,-6.0,22022
22200786,2023-02-03,Indiana Pacers,IND vs. SAC,W,1,107,47.0,28,13.0,5,16,0.449,0.714,0.415,3.0,22022
22200800,2023-02-04,Dallas Mavericks,DAL @ GSW,L,0,113,39.0,22,9.0,1,14,0.459,0.778,0.35,-6.0,22022
22200798,2023-02-04,New Orleans Pelicans,NOP vs. LAL,W,1,131,48.0,28,6.0,0,10,0.52,0.9,0.3,5.0,22022
22200793,2023-02-04,Brooklyn Nets,BKN vs. WAS,W,1,125,39.0,21,4.0,10,15,0.5,0.893,0.424,2.0,22022
22200797,2023-02-04,Miami Heat,MIA @ MIL,L,0,115,44.0,23,9.0,2,7,0.446,0.81,0.258,-8.0,22022
22200798,2023-02-04,Los Angeles Lakers,LAL @ NOP,L,0,126,44.0,30,4.0,3,9,0.479,0.758,0.344,-5.0,22022
22200794,2023-02-04,Phoenix Suns,PHX @ DET,W,1,116,46.0,34,10.0,2,16,0.56,0.677,0.478,16.0,22022
22200793,2023-02-04,Washington Wizards,WAS @ BKN,L,0,123,39.0,22,10.0,3,15,0.481,0.78,0.464,-2.0,22022
22200799,2023-02-04,Houston Rockets,HOU @ OKC,L,0,121,34.0,29,4.0,8,15,0.506,0.778,0.333,-32.0,22022
22200801,2023-02-04,Denver Nuggets,DEN vs. ATL,W,1,128,48.0,32,14.0,6,12,0.505,0.85,0.395,20.0,22022
22200797,2023-02-04,Milwaukee Bucks,MIL vs. MIA,W,1,123,51.0,23,6.0,4,12,0.523,0.607,0.35,8.0,22022
22200800,2023-02-04,Golden State Warriors,GSW vs. DAL,W,1,119,38.0,33,6.0,5,14,0.549,0.789,0.4,6.0,22022
22200796,2023-02-04,Portland Trail Blazers,POR @ CHI,L,0,121,33.0,22,3.0,3,9,0.506,0.905,0.326,-8.0,22022
22200794,2023-02-04,Detroit Pistons,DET vs. PHX,L,0,100,30.0,23,8.0,2,16,0.432,0.636,0.381,-16.0,22022
22200795,2023-02-04,Los Angeles Clippers,LAC @ NYK,W,1,134,46.0,24,8.0,4,13,0.478,0.857,0.432,6.0,22022
22200796,2023-02-04,Chicago Bulls,CHI vs. POR,W,1,129,41.0,32,6.0,3,12,0.6,0.84,0.462,8.0,22022
22200799,2023-02-04,Oklahoma City Thunder,OKC vs. HOU,W,1,153,42.0,39,11.0,6,8,0.577,0.87,0.457,32.0,22022
22200801,2023-02-04,Atlanta Hawks,ATL @ DEN,L,0,108,43.0,26,7.0,7,15,0.484,0.824,0.3,-20.0,22022
22200795,2023-02-04,New York Knicks,NYK vs. LAC,L,0,128,46.0,30,6.0,3,10,0.479,0.769,0.45,-6.0,22022
22200805,2023-02-05,Memphis Grizzlies,MEM vs. TOR,L,0,103,44.0,25,10.0,9,20,0.487,0.739,0.37,-3.0,22022
22200807,2023-02-05,Sacramento Kings,SAC @ NOP,L,0,104,38.0,23,5.0,5,15,0.427,0.852,0.262,-32.0,22022
22200802,2023-02-05,Charlotte Hornets,CHA vs. ORL,L,0,113,39.0,28,8.0,6,15,0.542,0.478,0.364,-6.0,22022
22200803,2023-02-05,Cleveland Cavaliers,CLE @ IND,W,1,122,46.0,33,7.0,5,12,0.523,0.938,0.405,19.0,22022
22200806,2023-02-05,Denver Nuggets,DEN @ MIN,L,0,98,37.0,19,6.0,5,21,0.479,0.774,0.24,-30.0,22022
22200804,2023-02-05,Philadelphia 76ers,PHI @ NYK,L,0,97,44.0,23,4.0,4,11,0.405,0.833,0.28,-11.0,22022
22200807,2023-02-05,New Orleans Pelicans,NOP vs. SAC,W,1,136,48.0,26,11.0,3,10,0.565,0.765,0.538,32.0,22022
22200804,2023-02-05,New York Knicks,NYK vs. PHI,W,1,108,49.0,21,5.0,1,9,0.43,0.718,0.333,11.0,22022
22200802,2023-02-05,Orlando Magic,ORL @ CHA,W,1,119,52.0,25,6.0,2,12,0.462,0.9,0.348,6.0,22022
22200805,2023-02-05,Toronto Raptors,TOR @ MEM,W,1,106,42.0,24,11.0,3,11,0.436,0.583,0.306,3.0,22022
22200803,2023-02-05,Indiana Pacers,IND vs. CLE,L,0,103,42.0,28,3.0,6,13,0.435,0.682,0.25,-19.0,22022
22200806,2023-02-05,Minnesota Timberwolves,MIN vs. DEN,W,1,128,34.0,33,7.0,3,11,0.552,0.733,0.37,30.0,22022
22200809,2023-02-06,Cleveland Cavaliers,CLE @ WAS,W,1,114,43.0,26,9.0,6,16,0.564,0.7,0.414,23.0,22022
22200808,2023-02-06,Detroit Pistons,DET vs. BOS,L,0,99,42.0,22,9.0,6,9,0.425,0.762,0.273,-12.0,22022
22200814,2023-02-06,Golden State Warriors,GSW vs. OKC,W,1,141,45.0,43,6.0,3,16,0.577,0.429,0.52,27.0,22022
22200813,2023-02-06,Dallas Mavericks,DAL @ UTA,W,1,124,49.0,26,6.0,4,13,0.466,0.871,0.385,13.0,22022
22200811,2023-02-06,Chicago Bulls,CHI vs. SAS,W,1,128,49.0,27,10.0,6,13,0.562,0.88,0.273,24.0,22022
22200812,2023-02-06,Sacramento Kings,SAC @ HOU,W,1,140,35.0,38,9.0,5,10,0.584,0.833,0.512,20.0,22022
22200811,2023-02-06,San Antonio Spurs,SAS @ CHI,L,0,104,38.0,25,7.0,3,18,0.444,0.941,0.308,-24.0,22022
22200810,2023-02-06,Los Angeles Clippers,LAC @ BKN,W,1,124,46.0,20,11.0,5,7,0.478,0.8,0.4,8.0,22022
22200810,2023-02-06,Brooklyn Nets,BKN vs. LAC,L,0,116,42.0,21,4.0,5,16,0.488,0.818,0.516,-8.0,22022
22200812,2023-02-06,Houston Rockets,HOU vs. SAC,L,0,120,39.0,27,5.0,4,13,0.5,0.792,0.406,-20.0,22022
22200815,2023-02-06,Milwaukee Bucks,MIL @ POR,W,1,127,55.0,27,4.0,2,14,0.54,0.81,0.381,19.0,22022
22200814,2023-02-06,Oklahoma City Thunder,OKC @ GSW,L,0,114,36.0,21,8.0,3,11,0.484,0.714,0.344,-27.0,22022
22200815,2023-02-06,Portland Trail Blazers,POR vs. MIL,L,0,108,28.0,23,5.0,2,8,0.407,0.862,0.25,-19.0,22022
22200809,2023-02-06,Washington Wizards,WAS vs. CLE,L,0,91,37.0,20,8.0,5,14,0.427,0.789,0.214,-23.0,22022
22200808,2023-02-06,Boston Celtics,BOS @ DET,W,1,111,51.0,25,2.0,5,11,0.47,0.81,0.432,12.0,22022
22200813,2023-02-06,Utah Jazz,UTA vs. DAL,L,0,111,37.0,21,4.0,4,13,0.471,0.885,0.194,-13.0,22022
22200816,2023-02-07,New York Knicks,NYK @ ORL,W,1,102,43.0,21,6.0,2,10,0.457,0.684,0.349,4.0,22022
22200818,2023-02-07,Atlanta Hawks,ATL @ NOP,L,0,107,41.0,30,4.0,6,11,0.447,0.76,0.333,-9.0,22022
22200821,2023-02-07,Los Angeles Lakers,LAL vs. OKC,L,0,130,41.0,27,8.0,3,20,0.576,0.692,0.452,-3.0,22022
22200821,2023-02-07,Oklahoma City Thunder,OKC @ LAL,W,1,133,37.0,32,12.0,2,12,0.521,0.9,0.5,3.0,22022
22200820,2023-02-07,Denver Nuggets,DEN vs. MIN,W,1,146,44.0,44,12.0,5,10,0.624,0.773,0.481,34.0,22022
22200819,2023-02-07,Memphis Grizzlies,MEM vs. CHI,W,1,104,39.0,22,10.0,7,13,0.481,0.714,0.333,15.0,22022
22200819,2023-02-07,Chicago Bulls,CHI @ MEM,L,0,89,49.0,24,9.0,3,18,0.368,0.667,0.2,-15.0,22022
22200820,2023-02-07,Minnesota Timberwolves,MIN @ DEN,L,0,112,36.0,24,6.0,7,17,0.471,0.846,0.286,-34.0,22022
22200817,2023-02-07,Brooklyn Nets,BKN vs. PHX,L,0,112,36.0,25,11.0,2,16,0.481,0.871,0.321,-4.0,22022
22200818,2023-02-07,New Orleans Pelicans,NOP vs. ATL,W,1,116,47.0,28,8.0,2,9,0.495,0.667,0.375,9.0,22022
22200817,2023-02-07,Phoenix Suns,PHX @ BKN,W,1,116,48.0,31,10.0,4,15,0.467,0.75,0.29,4.0,22022
22200816,2023-02-07,Orlando Magic,ORL vs. NYK,L,0,98,41.0,23,4.0,4,11,0.468,0.75,0.24,-4.0,22022
22200829,2023-02-08,Dallas Mavericks,DAL @ LAC,W,1,110,44.0,26,7.0,6,18,0.526,0.647,0.486,6.0,22022
22200825,2023-02-08,Indiana Pacers,IND @ MIA,L,0,111,31.0,24,3.0,5,11,0.487,0.714,0.455,-5.0,22022
22200824,2023-02-08,Boston Celtics,BOS vs. PHI,W,1,106,44.0,25,2.0,5,13,0.526,0.7,0.543,7.0,22022
22200822,2023-02-08,Cleveland Cavaliers,CLE vs. DET,W,1,113,50.0,30,8.0,4,10,0.494,0.84,0.231,28.0,22022
22200827,2023-02-08,Houston Rockets,HOU vs. SAC,L,0,128,44.0,25,4.0,7,19,0.547,0.857,0.455,-2.0,22022
22200822,2023-02-08,Detroit Pistons,DET @ CLE,L,0,85,32.0,19,8.0,6,13,0.37,0.944,0.25,-28.0,22022
22200826,2023-02-08,San Antonio Spurs,SAS @ TOR,L,0,98,39.0,24,11.0,4,12,0.402,0.704,0.281,-14.0,22022
22200830,2023-02-08,Golden State Warriors,GSW @ POR,L,0,122,32.0,31,11.0,2,11,0.474,0.9,0.429,-3.0,22022
22200827,2023-02-08,Sacramento Kings,SAC @ HOU,W,1,130,31.0,29,10.0,4,9,0.5,0.933,0.333,2.0,22022
22200829,2023-02-08,Los Angeles Clippers,LAC vs. DAL,L,0,104,40.0,21,10.0,4,11,0.442,0.762,0.364,-6.0,22022
22200825,2023-02-08,Miami Heat,MIA vs. IND,W,1,116,48.0,21,7.0,3,11,0.468,0.923,0.316,5.0,22022
22200823,2023-02-08,Charlotte Hornets,CHA @ WAS,L,0,104,40.0,23,11.0,5,7,0.419,0.81,0.29,-14.0,22022
22200830,2023-02-08,Portland Trail Blazers,POR vs. GSW,W,1,125,47.0,25,6.0,3,21,0.551,0.969,0.296,3.0,22022
22200824,2023-02-08,Philadelphia 76ers,PHI @ BOS,L,0,99,37.0,20,9.0,3,6,0.446,0.75,0.323,-7.0,22022
22200828,2023-02-08,Utah Jazz,UTA vs. MIN,L,0,118,50.0,27,2.0,5,8,0.419,0.857,0.353,-25.0,22022
22200826,2023-02-08,Toronto Raptors,TOR vs. SAS,W,1,112,51.0,21,11.0,7,16,0.489,0.762,0.357,14.0,22022
22200823,2023-02-08,Washington Wizards,WAS vs. CHA,W,1,118,52.0,29,4.0,12,16,0.506,0.882,0.405,14.0,22022
22200828,2023-02-08,Minnesota Timberwolves,MIN @ UTA,W,1,143,47.0,35,6.0,6,10,0.571,1.0,0.535,25.0,22022
22200832,2023-02-09,Atlanta Hawks,ATL vs. PHX,W,1,116,59.0,23,6.0,4,18,0.453,0.741,0.345,9.0,22022
22200831,2023-02-09,Denver Nuggets,DEN @ ORL,L,0,104,39.0,24,6.0,5,16,0.464,0.667,0.303,-11.0,22022
22200834,2023-02-09,Milwaukee Bucks,MIL @ LAL,W,1,115,51.0,24,5.0,7,10,0.455,0.722,0.255,9.0,22022
22200834,2023-02-09,Los Angeles Lakers,LAL vs. MIL,L,0,106,43.0,23,2.0,2,12,0.472,0.714,0.389,-9.0,22022
22200831,2023-02-09,Orlando Magic,ORL vs. DEN,W,1,115,47.0,24,12.0,6,10,0.485,0.632,0.333,11.0,22022
22200833,2023-02-09,Chicago Bulls,CHI @ BKN,L,0,105,46.0,15,4.0,2,11,0.462,0.762,0.192,-11.0,22022
22200833,2023-02-09,Brooklyn Nets,BKN vs. CHI,W,1,116,49.0,26,8.0,1,11,0.429,0.84,0.386,11.0,22022
22200832,2023-02-09,Phoenix Suns,PHX @ ATL,L,0,107,35.0,24,14.0,10,10,0.453,0.759,0.233,-9.0,22022
22200841,2023-02-10,Memphis Grizzlies,MEM vs. MIN,W,1,128,44.0,27,12.0,6,18,0.583,0.741,0.4,21.0,22022
22200844,2023-02-10,Sacramento Kings,SAC vs. DAL,L,0,114,38.0,21,2.0,4,14,0.542,0.844,0.333,-8.0,22022
22200845,2023-02-10,Los Angeles Clippers,LAC vs. MIL,L,0,106,35.0,17,5.0,7,9,0.494,0.786,0.333,-13.0,22022
22200835,2023-02-10,San Antonio Spurs,SAS @ DET,L,0,131,51.0,21,7.0,3,17,0.421,0.794,0.333,-7.0,22022
22200842,2023-02-10,Cleveland Cavaliers,CLE @ NOP,W,1,118,41.0,28,9.0,5,11,0.565,0.8,0.357,11.0,22022
22200840,2023-02-10,Miami Heat,MIA vs. HOU,W,1,97,40.0,21,11.0,6,16,0.416,0.955,0.316,2.0,22022
22200843,2023-02-10,Oklahoma City Thunder,OKC @ POR,W,1,138,29.0,29,9.0,3,10,0.566,0.914,0.5,9.0,22022
22200838,2023-02-10,Charlotte Hornets,CHA @ BOS,L,0,116,47.0,26,9.0,6,13,0.484,0.692,0.348,-11.0,22022
22200842,2023-02-10,New Orleans Pelicans,NOP vs. CLE,L,0,107,34.0,25,8.0,3,14,0.476,0.8,0.375,-11.0,22022
22200845,2023-02-10,Milwaukee Bucks,MIL @ LAC,W,1,119,49.0,28,8.0,4,11,0.5,0.75,0.436,13.0,22022
22200841,2023-02-10,Minnesota Timberwolves,MIN @ MEM,L,0,107,35.0,25,7.0,4,17,0.466,0.833,0.405,-21.0,22022
22200835,2023-02-10,Detroit Pistons,DET vs. SAS,W,1,138,62.0,29,6.0,5,15,0.43,0.796,0.189,7.0,22022
22200837,2023-02-10,Philadelphia 76ers,PHI vs. NYK,W,1,119,40.0,27,8.0,2,6,0.524,0.773,0.368,11.0,22022
22200839,2023-02-10,Utah Jazz,UTA @ TOR,W,1,122,46.0,31,6.0,6,17,0.54,0.759,0.25,6.0,22022
22200837,2023-02-10,New York Knicks,NYK @ PHI,L,0,108,35.0,23,1.0,5,12,0.531,0.688,0.344,-11.0,22022
22200836,2023-02-10,Phoenix Suns,PHX @ IND,W,1,117,53.0,25,13.0,2,15,0.462,0.875,0.303,13.0,22022
22200836,2023-02-10,Indiana Pacers,IND vs. PHX,L,0,104,38.0,23,9.0,3,15,0.424,0.75,0.282,-13.0,22022
22200839,2023-02-10,Toronto Raptors,TOR vs. UTA,L,0,116,40.0,28,11.0,3,13,0.451,0.733,0.353,-6.0,22022
22200840,2023-02-10,Houston Rockets,HOU @ MIA,L,0,95,47.0,23,11.0,4,16,0.417,0.75,0.233,-2.0,22022
22200844,2023-02-10,Dallas Mavericks,DAL @ SAC,W,1,122,39.0,34,4.0,0,9,0.489,0.947,0.419,8.0,22022
22200843,2023-02-10,Portland Trail Blazers,POR vs. OKC,L,0,129,32.0,29,3.0,5,18,0.553,0.935,0.4,-9.0,22022
22200838,2023-02-10,Boston Celtics,BOS vs. CHA,W,1,127,43.0,34,7.0,7,15,0.494,0.824,0.455,11.0,22022
22200847,2023-02-11,Charlotte Hornets,CHA vs. DEN,L,0,105,37.0,25,11.0,8,14,0.471,0.586,0.25,-14.0,22022
22200848,2023-02-11,Miami Heat,MIA @ ORL,W,1,107,46.0,24,7.0,6,19,0.435,0.913,0.308,4.0,22022
22200851,2023-02-11,Utah Jazz,UTA @ NYK,L,0,120,38.0,23,3.0,7,10,0.511,0.75,0.281,-6.0,22022
22200852,2023-02-11,Chicago Bulls,CHI @ CLE,L,0,89,44.0,27,7.0,3,22,0.486,0.8,0.238,-8.0,22022
22200854,2023-02-11,Dallas Mavericks,DAL @ SAC,L,0,128,43.0,27,4.0,4,15,0.516,0.737,0.392,-5.0,22022
22200853,2023-02-11,Golden State Warriors,GSW vs. LAL,L,0,103,43.0,31,11.0,6,15,0.417,0.917,0.273,-6.0,22022
22200847,2023-02-11,Denver Nuggets,DEN @ CHA,W,1,119,51.0,35,7.0,5,14,0.505,0.824,0.217,14.0,22022
22200846,2023-02-11,Philadelphia 76ers,PHI @ BKN,W,1,101,41.0,17,4.0,3,10,0.44,0.967,0.261,3.0,22022
22200851,2023-02-11,New York Knicks,NYK vs. UTA,W,1,126,52.0,18,6.0,4,6,0.453,0.737,0.333,6.0,22022
22200849,2023-02-11,Indiana Pacers,IND @ WAS,L,0,113,33.0,27,8.0,3,7,0.453,0.765,0.35,-14.0,22022
22200848,2023-02-11,Orlando Magic,ORL vs. MIA,L,0,103,44.0,22,12.0,5,18,0.425,0.783,0.379,-4.0,22022
22200849,2023-02-11,Washington Wizards,WAS vs. IND,W,1,127,40.0,32,5.0,7,16,0.64,0.864,0.462,14.0,22022
22200850,2023-02-11,Atlanta Hawks,ATL vs. SAS,W,1,125,48.0,29,9.0,6,10,0.485,0.789,0.385,19.0,22022
22200850,2023-02-11,San Antonio Spurs,SAS @ ATL,L,0,106,49.0,25,9.0,5,19,0.426,0.882,0.297,-19.0,22022
22200853,2023-02-11,Los Angeles Lakers,LAL @ GSW,W,1,109,52.0,19,4.0,4,15,0.449,0.808,0.32,6.0,22022
22200854,2023-02-11,Sacramento Kings,SAC vs. DAL,W,1,133,50.0,22,9.0,0,7,0.51,0.92,0.25,5.0,22022
22200846,2023-02-11,Brooklyn Nets,BKN vs. PHI,L,0,98,42.0,23,7.0,6,8,0.402,0.846,0.325,-3.0,22022
22200852,2023-02-11,Cleveland Cavaliers,CLE vs. CHI,W,1,97,39.0,26,9.0,4,12,0.419,0.842,0.257,8.0,22022
22200856,2023-02-12,Detroit Pistons,DET @ TOR,L,0,118,32.0,25,3.0,4,16,0.506,0.781,0.382,-1.0,22022
22200855,2023-02-12,Memphis Grizzlies,MEM @ BOS,L,0,109,34.0,24,4.0,5,8,0.5,0.619,0.353,-10.0,22022
22200856,2023-02-12,Toronto Raptors,TOR vs. DET,W,1,119,40.0,21,5.0,8,8,0.483,0.667,0.367,1.0,22022
22200855,2023-02-12,Boston Celtics,BOS vs. MEM,W,1,119,55.0,28,5.0,3,10,0.443,0.769,0.412,10.0,22022
22200865,2023-02-13,Minnesota Timberwolves,MIN @ DAL,W,1,124,39.0,28,8.0,2,12,0.578,0.731,0.31,3.0,22022
22200861,2023-02-13,Miami Heat,MIA vs. DEN,L,0,108,34.0,25,9.0,4,8,0.438,0.9,0.343,-4.0,22022
22200867,2023-02-13,Portland Trail Blazers,POR vs. LAL,W,1,127,42.0,27,7.0,9,7,0.474,0.923,0.489,12.0,22022
22200863,2023-02-13,Orlando Magic,ORL @ CHI,W,1,100,42.0,24,8.0,6,17,0.469,0.842,0.296,9.0,22022
22200860,2023-02-13,Philadelphia 76ers,PHI vs. HOU,W,1,123,38.0,26,11.0,7,16,0.561,0.941,0.441,19.0,22022
22200859,2023-02-13,Utah Jazz,UTA @ IND,W,1,123,46.0,24,5.0,3,18,0.506,0.88,0.455,6.0,22022
22200862,2023-02-13,New York Knicks,NYK vs. BKN,W,1,124,38.0,18,4.0,3,8,0.549,0.731,0.441,18.0,22022
22200857,2023-02-13,Atlanta Hawks,ATL @ CHA,L,0,138,42.0,26,9.0,4,12,0.491,1.0,0.393,-6.0,22022
22200859,2023-02-13,Indiana Pacers,IND vs. UTA,L,0,117,32.0,30,11.0,7,11,0.505,0.7,0.324,-6.0,22022
22200858,2023-02-13,Cleveland Cavaliers,CLE vs. SAS,W,1,117,36.0,21,8.0,6,14,0.564,0.8,0.321,8.0,22022
22200865,2023-02-13,Dallas Mavericks,DAL vs. MIN,L,0,121,33.0,21,5.0,1,9,0.512,0.759,0.333,-3.0,22022
22200860,2023-02-13,Houston Rockets,HOU @ PHI,L,0,104,42.0,17,10.0,2,17,0.407,0.903,0.25,-19.0,22022
22200858,2023-02-13,San Antonio Spurs,SAS @ CLE,L,0,109,35.0,27,10.0,1,16,0.506,0.75,0.381,-8.0,22022
22200864,2023-02-13,Oklahoma City Thunder,OKC vs. NOP,L,0,100,43.0,20,8.0,3,16,0.422,0.833,0.273,-3.0,22022
22200857,2023-02-13,Charlotte Hornets,CHA vs. ATL,W,1,144,35.0,36,5.0,5,17,0.631,0.783,0.541,6.0,22022
22200866,2023-02-13,Golden State Warriors,GSW vs. WAS,W,1,135,34.0,40,10.0,0,15,0.584,0.733,0.5,9.0,22022
22200864,2023-02-13,New Orleans Pelicans,NOP @ OKC,W,1,103,33.0,19,13.0,8,18,0.527,0.889,0.3,3.0,22022
22200861,2023-02-13,Denver Nuggets,DEN @ MIA,W,1,112,39.0,34,3.0,4,13,0.579,0.867,0.393,4.0,22022
22200867,2023-02-13,Los Angeles Lakers,LAL @ POR,L,0,115,56.0,24,6.0,5,13,0.442,0.905,0.324,-12.0,22022
22200863,2023-02-13,Chicago Bulls,CHI vs. ORL,L,0,91,44.0,17,8.0,3,16,0.407,0.947,0.143,-9.0,22022
22200862,2023-02-13,Brooklyn Nets,BKN @ NYK,L,0,106,39.0,18,3.0,3,10,0.449,0.727,0.414,-18.0,22022
22200866,2023-02-13,Washington Wizards,WAS @ GSW,L,0,126,33.0,26,10.0,3,17,0.6,0.857,0.429,-9.0,22022
22200869,2023-02-14,Milwaukee Bucks,MIL vs. BOS,W,1,131,52.0,29,6.0,3,18,0.478,0.771,0.429,6.0,22022
22200872,2023-02-14,Portland Trail Blazers,POR vs. WAS,L,0,101,37.0,20,9.0,5,12,0.419,0.708,0.286,-25.0,22022
22200872,2023-02-14,Washington Wizards,WAS @ POR,W,1,126,44.0,28,5.0,2,14,0.57,0.864,0.515,25.0,22022
22200870,2023-02-14,Sacramento Kings,SAC @ PHX,L,0,109,40.0,23,8.0,4,17,0.446,0.875,0.368,-11.0,22022
22200871,2023-02-14,Golden State Warriors,GSW @ LAC,L,0,124,36.0,28,2.0,1,11,0.542,0.704,0.441,-10.0,22022
22200869,2023-02-14,Boston Celtics,BOS @ MIL,L,0,125,44.0,28,8.0,1,13,0.465,0.8,0.34,-6.0,22022
22200870,2023-02-14,Phoenix Suns,PHX vs. SAC,W,1,120,37.0,33,12.0,4,13,0.568,0.813,0.318,11.0,22022
22200868,2023-02-14,Toronto Raptors,TOR vs. ORL,W,1,123,40.0,31,9.0,11,18,0.602,0.75,0.333,10.0,22022
22200868,2023-02-14,Orlando Magic,ORL @ TOR,L,0,113,29.0,26,6.0,2,18,0.512,0.778,0.419,-10.0,22022
22200871,2023-02-14,Los Angeles Clippers,LAC vs. GSW,W,1,134,36.0,33,5.0,4,8,0.533,0.864,0.472,10.0,22022
22200877,2023-02-15,Detroit Pistons,DET @ BOS,L,0,109,35.0,24,6.0,4,14,0.512,0.75,0.379,-18.0,22022
22200876,2023-02-15,New York Knicks,NYK @ ATL,W,1,122,55.0,16,2.0,4,9,0.469,0.818,0.326,21.0,22022
22200873,2023-02-15,San Antonio Spurs,SAS @ CHA,L,0,110,58.0,24,7.0,6,15,0.383,0.75,0.342,-10.0,22022
22200879,2023-02-15,Memphis Grizzlies,MEM vs. UTA,W,1,117,46.0,24,13.0,9,4,0.402,0.68,0.35,6.0,22022
22200875,2023-02-15,Cleveland Cavaliers,CLE @ PHI,L,0,112,35.0,23,7.0,5,8,0.5,0.8,0.333,-6.0,22022
22200878,2023-02-15,Brooklyn Nets,BKN vs. MIA,W,1,116,36.0,26,3.0,5,11,0.532,0.85,0.436,11.0,22022
22200882,2023-02-15,Los Angeles Lakers,LAL vs. NOP,W,1,120,43.0,32,5.0,8,10,0.53,0.611,0.27,18.0,22022
22200874,2023-02-15,Indiana Pacers,IND vs. CHI,W,1,117,41.0,27,6.0,5,17,0.476,0.955,0.419,4.0,22022
22200881,2023-02-15,Denver Nuggets,DEN vs. DAL,W,1,118,43.0,34,7.0,5,13,0.571,0.733,0.355,9.0,22022
22200880,2023-02-15,Houston Rockets,HOU @ OKC,L,0,96,47.0,20,5.0,7,17,0.337,0.684,0.27,-37.0,22022
22200879,2023-02-15,Utah Jazz,UTA @ MEM,L,0,111,61.0,24,2.0,8,23,0.462,0.789,0.333,-6.0,22022
22200878,2023-02-15,Miami Heat,MIA @ BKN,L,0,105,41.0,19,4.0,3,8,0.458,0.724,0.286,-11.0,22022
22200875,2023-02-15,Philadelphia 76ers,PHI vs. CLE,W,1,118,38.0,24,7.0,4,11,0.5,0.931,0.481,6.0,22022
22200877,2023-02-15,Boston Celtics,BOS vs. DET,W,1,127,43.0,30,10.0,5,11,0.533,0.8,0.467,18.0,22022
22200874,2023-02-15,Chicago Bulls,CHI @ IND,L,0,113,38.0,23,10.0,6,13,0.488,0.762,0.429,-4.0,22022
22200880,2023-02-15,Oklahoma City Thunder,OKC vs. HOU,W,1,133,49.0,21,8.0,4,10,0.483,0.851,0.265,37.0,22022
22200881,2023-02-15,Dallas Mavericks,DAL @ DEN,L,0,109,31.0,25,8.0,3,12,0.464,0.85,0.359,-9.0,22022
22200876,2023-02-15,Atlanta Hawks,ATL vs. NYK,L,0,101,40.0,25,6.0,7,4,0.412,0.762,0.192,-21.0,22022
22200882,2023-02-15,New Orleans Pelicans,NOP @ LAL,L,0,102,50.0,24,5.0,3,15,0.438,0.708,0.28,-18.0,22022
22200873,2023-02-15,Charlotte Hornets,CHA vs. SAS,W,1,120,58.0,26,8.0,12,15,0.448,0.69,0.4,10.0,22022
22200884,2023-02-16,Washington Wizards,WAS @ MIN,W,1,114,49.0,25,13.0,6,15,0.453,0.824,0.4,8.0,22022
22200884,2023-02-16,Minnesota Timberwolves,MIN vs. WAS,L,0,106,53.0,21,8.0,5,18,0.411,0.909,0.276,-8.0,22022
22200883,2023-02-16,Milwaukee Bucks,MIL @ CHI,W,1,112,52.0,24,4.0,7,8,0.455,0.778,0.383,12.0,22022
22200885,2023-02-16,Phoenix Suns,PHX vs. LAC,L,0,107,38.0,30,10.0,2,12,0.472,0.75,0.355,-9.0,22022
22200883,2023-02-16,Chicago Bulls,CHI vs. MIL,L,0,100,51.0,19,4.0,2,5,0.381,0.762,0.313,-12.0,22022
22200885,2023-02-16,Los Angeles Clippers,LAC @ PHX,W,1,116,43.0,29,8.0,2,14,0.488,0.926,0.324,9.0,22022
22200889,2023-02-23,Memphis Grizzlies,MEM @ PHI,L,0,105,49.0,22,5.0,7,11,0.391,0.833,0.219,-5.0,22022
22200889,2023-02-23,Philadelphia 76ers,PHI vs. MEM,W,1,110,43.0,25,3.0,10,10,0.405,0.806,0.361,5.0,22022
22200886,2023-02-23,Cleveland Cavaliers,CLE vs. DEN,L,0,109,41.0,24,10.0,2,10,0.478,0.85,0.231,-6.0,22022
22200893,2023-02-23,Los Angeles Lakers,LAL vs. GSW,W,1,124,58.0,30,8.0,3,14,0.488,0.706,0.533,13.0,22022
22200891,2023-02-23,Dallas Mavericks,DAL vs. SAS,W,1,142,36.0,27,10.0,5,6,0.561,0.778,0.524,26.0,22022
22200892,2023-02-23,Utah Jazz,UTA vs. OKC,W,1,120,58.0,26,8.0,10,21,0.42,0.852,0.271,1.0,22022
22200892,2023-02-23,Oklahoma City Thunder,OKC @ UTA,L,0,119,54.0,23,8.0,3,10,0.402,0.778,0.216,-1.0,22022
22200888,2023-02-23,Detroit Pistons,DET @ ORL,L,0,106,45.0,22,5.0,7,19,0.457,0.789,0.5,-2.0,22022
22200893,2023-02-23,Golden State Warriors,GSW @ LAL,L,0,111,48.0,24,10.0,3,10,0.381,0.81,0.286,-13.0,22022
22200894,2023-02-23,Portland Trail Blazers,POR @ SAC,L,0,116,33.0,26,12.0,3,12,0.462,0.824,0.421,-17.0,22022
22200890,2023-02-23,Toronto Raptors,TOR vs. NOP,W,1,115,48.0,17,10.0,5,11,0.467,0.8,0.29,5.0,22022
22200887,2023-02-23,Indiana Pacers,IND vs. BOS,L,0,138,37.0,33,10.0,5,14,0.521,0.818,0.449,-4.0,22022
22200888,2023-02-23,Orlando Magic,ORL vs. DET,W,1,108,46.0,27,7.0,6,12,0.411,0.783,0.387,2.0,22022
22200887,2023-02-23,Boston Celtics,BOS @ IND,W,1,142,51.0,31,7.0,6,15,0.515,0.846,0.462,4.0,22022
22200891,2023-02-23,San Antonio Spurs,SAS @ DAL,L,0,116,45.0,30,4.0,1,16,0.523,0.696,0.4,-26.0,22022
22200890,2023-02-23,New Orleans Pelicans,NOP @ TOR,L,0,110,43.0,23,6.0,2,13,0.464,0.76,0.433,-5.0,22022
22200886,2023-02-23,Denver Nuggets,DEN @ CLE,W,1,115,47.0,30,7.0,4,16,0.464,0.87,0.472,6.0,22022
22200894,2023-02-23,Sacramento Kings,SAC vs. POR,W,1,133,49.0,27,9.0,4,18,0.553,0.806,0.412,17.0,22022
22200897,2023-02-24,Milwaukee Bucks,MIL vs. MIA,W,1,128,57.0,27,6.0,1,10,0.48,0.789,0.413,29.0,22022
22200896,2023-02-24,Cleveland Cavaliers,CLE @ ATL,L,0,119,35.0,20,9.0,6,11,0.455,0.897,0.371,-17.0,22022
22200899,2023-02-24,Phoenix Suns,PHX vs. OKC,W,1,124,54.0,23,5.0,5,11,0.467,0.813,0.368,9.0,22022
22200899,2023-02-24,Oklahoma City Thunder,OKC @ PHX,L,0,115,47.0,27,5.0,2,9,0.432,0.75,0.395,-9.0,22022
22200895,2023-02-24,Washington Wizards,WAS vs. NYK,L,0,109,34.0,25,6.0,6,17,0.494,1.0,0.432,-6.0,22022
22200901,2023-02-24,Golden State Warriors,GSW vs. HOU,W,1,116,47.0,27,3.0,3,18,0.474,0.889,0.481,15.0,22022
22200901,2023-02-24,Houston Rockets,HOU @ GSW,L,0,101,44.0,23,12.0,3,7,0.391,0.818,0.314,-15.0,22022
22200898,2023-02-24,Charlotte Hornets,CHA @ MIN,W,1,121,52.0,25,10.0,4,11,0.467,0.893,0.357,8.0,22022
22200902,2023-02-24,Los Angeles Clippers,LAC vs. SAC,L,0,175,42.0,39,8.0,3,25,0.602,0.861,0.578,-1.0,22022
22200895,2023-02-24,New York Knicks,NYK @ WAS,W,1,115,43.0,21,9.0,2,12,0.489,0.813,0.414,6.0,22022
22200896,2023-02-24,Atlanta Hawks,ATL vs. CLE,W,1,136,42.0,28,7.0,8,14,0.588,0.913,0.536,17.0,22022
22200900,2023-02-24,Chicago Bulls,CHI vs. BKN,W,1,131,57.0,25,6.0,4,9,0.568,0.679,0.462,44.0,22022
22200897,2023-02-24,Miami Heat,MIA @ MIL,L,0,99,45.0,21,5.0,5,10,0.391,0.72,0.225,-29.0,22022
22200898,2023-02-24,Minnesota Timberwolves,MIN vs. CHA,L,0,113,45.0,25,6.0,11,15,0.495,0.625,0.333,-8.0,22022
22200902,2023-02-24,Sacramento Kings,SAC @ LAC,W,1,176,43.0,33,18.0,3,15,0.586,0.8,0.439,1.0,22022
22200900,2023-02-24,Brooklyn Nets,BKN @ CHI,L,0,87,31.0,21,6.0,3,13,0.37,0.789,0.273,-44.0,22022
22200907,2023-02-25,Denver Nuggets,DEN @ MEM,L,0,94,48.0,22,4.0,4,15,0.404,0.786,0.297,-18.0,22022
22200908,2023-02-25,Philadelphia 76ers,PHI vs. BOS,L,0,107,42.0,19,8.0,3,10,0.449,0.8,0.333,-3.0,22022
22200905,2023-02-25,Indiana Pacers,IND @ ORL,W,1,121,45.0,35,9.0,8,7,0.485,0.714,0.375,13.0,22022
22200909,2023-02-25,Utah Jazz,UTA vs. SAS,W,1,118,56.0,29,5.0,11,14,0.467,0.786,0.357,16.0,22022
22200903,2023-02-25,Toronto Raptors,TOR @ DET,W,1,95,46.0,22,9.0,5,8,0.375,0.647,0.269,4.0,22022
22200908,2023-02-25,Boston Celtics,BOS @ PHI,W,1,110,44.0,20,6.0,4,12,0.5,0.667,0.444,3.0,22022
22200909,2023-02-25,San Antonio Spurs,SAS @ UTA,L,0,102,41.0,21,5.0,6,9,0.392,0.81,0.265,-16.0,22022
22200903,2023-02-25,Detroit Pistons,DET vs. TOR,L,0,91,62.0,26,4.0,5,13,0.404,0.643,0.25,-4.0,22022
22200905,2023-02-25,Orlando Magic,ORL vs. IND,L,0,108,55.0,16,4.0,8,13,0.389,0.842,0.207,-13.0,22022
22200906,2023-02-25,New York Knicks,NYK vs. NOP,W,1,128,54.0,24,1.0,7,19,0.511,0.826,0.396,22.0,22022
22200904,2023-02-25,Miami Heat,MIA @ CHA,L,0,103,42.0,24,7.0,3,16,0.4,0.824,0.306,-5.0,22022
22200906,2023-02-25,New Orleans Pelicans,NOP @ NYK,L,0,106,39.0,25,11.0,0,7,0.392,0.857,0.211,-22.0,22022
22200907,2023-02-25,Memphis Grizzlies,MEM vs. DEN,W,1,112,50.0,25,10.0,3,12,0.474,0.875,0.341,18.0,22022
22200904,2023-02-25,Charlotte Hornets,CHA vs. MIA,W,1,108,48.0,20,10.0,2,15,0.432,0.815,0.323,5.0,22022
22200918,2023-02-26,Los Angeles Clippers,LAC @ DEN,L,0,124,38.0,24,11.0,5,12,0.489,0.833,0.324,-10.0,22022
22200918,2023-02-26,Denver Nuggets,DEN vs. LAC,W,1,134,50.0,35,10.0,3,14,0.51,0.742,0.333,10.0,22022
22200914,2023-02-26,Cleveland Cavaliers,CLE vs. TOR,W,1,118,45.0,31,7.0,5,13,0.524,0.857,0.5,25.0,22022
22200911,2023-02-26,Brooklyn Nets,BKN @ ATL,L,0,127,37.0,20,12.0,6,9,0.494,0.931,0.359,-2.0,22022
22200910,2023-02-26,Phoenix Suns,PHX @ MIL,L,0,101,55.0,21,4.0,5,12,0.421,0.591,0.333,-3.0,22022
22200912,2023-02-26,Washington Wizards,WAS @ CHI,L,0,82,42.0,22,5.0,1,16,0.421,0.522,0.214,-20.0,22022
22200915,2023-02-26,Sacramento Kings,SAC @ OKC,W,1,124,48.0,32,7.0,1,19,0.529,0.667,0.419,9.0,22022
22200915,2023-02-26,Oklahoma City Thunder,OKC vs. SAC,L,0,115,37.0,24,10.0,0,14,0.477,0.739,0.4,-9.0,22022
22200913,2023-02-26,Los Angeles Lakers,LAL @ DAL,W,1,111,56.0,25,9.0,4,10,0.433,0.75,0.176,3.0,22022
22200916,2023-02-26,Minnesota Timberwolves,MIN @ GSW,L,0,104,43.0,26,11.0,8,16,0.422,0.524,0.378,-5.0,22022
22200916,2023-02-26,Golden State Warriors,GSW vs. MIN,W,1,109,56.0,23,11.0,5,16,0.429,0.727,0.357,5.0,22022
22200917,2023-02-26,Portland Trail Blazers,POR vs. HOU,W,1,131,37.0,20,7.0,7,13,0.545,0.771,0.513,17.0,22022
22200914,2023-02-26,Toronto Raptors,TOR @ CLE,L,0,93,43.0,19,4.0,4,14,0.387,0.8,0.36,-25.0,22022
22200912,2023-02-26,Chicago Bulls,CHI vs. WAS,W,1,102,39.0,21,7.0,3,8,0.506,0.824,0.267,20.0,22022
22200917,2023-02-26,Houston Rockets,HOU @ POR,L,0,114,48.0,24,7.0,2,13,0.45,0.68,0.269,-17.0,22022
22200913,2023-02-26,Dallas Mavericks,DAL vs. LAL,L,0,108,48.0,21,5.0,5,16,0.419,0.714,0.408,-3.0,22022
22200910,2023-02-26,Milwaukee Bucks,MIL vs. PHX,W,1,104,45.0,15,4.0,7,11,0.437,0.714,0.289,3.0,22022
22200911,2023-02-26,Atlanta Hawks,ATL vs. BKN,W,1,129,46.0,20,7.0,2,15,0.5,0.821,0.533,2.0,22022
22200922,2023-02-27,Orlando Magic,ORL @ NOP,W,1,101,43.0,21,9.0,1,15,0.456,0.769,0.265,8.0,22022
22200921,2023-02-27,Boston Celtics,BOS @ NYK,L,0,94,35.0,21,5.0,8,11,0.44,0.786,0.214,-15.0,22022
22200919,2023-02-27,Charlotte Hornets,CHA vs. DET,W,1,117,46.0,24,8.0,3,16,0.518,0.818,0.5,11.0,22022
22200922,2023-02-27,New Orleans Pelicans,NOP vs. ORL,L,0,93,38.0,23,9.0,2,17,0.447,0.826,0.222,-8.0,22022
22200919,2023-02-27,Detroit Pistons,DET @ CHA,L,0,106,39.0,18,12.0,3,9,0.457,0.704,0.115,-11.0,22022
22200920,2023-02-27,Philadelphia 76ers,PHI vs. MIA,L,0,99,39.0,20,7.0,3,18,0.438,0.893,0.37,-2.0,22022
22200920,2023-02-27,Miami Heat,MIA @ PHI,W,1,101,37.0,21,10.0,3,12,0.432,0.727,0.405,2.0,22022
22200921,2023-02-27,New York Knicks,NYK vs. BOS,W,1,109,44.0,20,6.0,3,11,0.474,0.676,0.387,15.0,22022
22200929,2023-02-28,Dallas Mavericks,DAL vs. IND,L,0,122,38.0,28,5.0,3,7,0.505,0.643,0.324,-2.0,22022
22200931,2023-02-28,Golden State Warriors,GSW vs. POR,W,1,123,46.0,34,5.0,2,18,0.538,0.813,0.4,18.0,22022
22200928,2023-02-28,Sacramento Kings,SAC @ OKC,W,1,123,51.0,34,3.0,4,19,0.524,0.733,0.357,6.0,22022
22200925,2023-02-28,Toronto Raptors,TOR vs. CHI,W,1,104,47.0,26,11.0,6,11,0.404,0.684,0.357,6.0,22022
22200932,2023-02-28,Minnesota Timberwolves,MIN @ LAC,W,1,108,46.0,22,14.0,8,17,0.478,0.591,0.346,7.0,22022
22200923,2023-02-28,Atlanta Hawks,ATL vs. WAS,L,0,116,42.0,21,4.0,7,9,0.462,0.895,0.371,-3.0,22022
22200930,2023-02-28,San Antonio Spurs,SAS @ UTA,W,1,102,45.0,23,9.0,5,12,0.429,0.64,0.308,8.0,22022
22200930,2023-02-28,Utah Jazz,UTA vs. SAS,L,0,94,52.0,15,8.0,9,20,0.353,0.667,0.294,-8.0,22022
22200932,2023-02-28,Los Angeles Clippers,LAC vs. MIN,L,0,101,44.0,24,11.0,3,24,0.422,0.87,0.393,-7.0,22022
22200927,2023-02-28,Memphis Grizzlies,MEM vs. LAL,W,1,121,47.0,25,13.0,6,6,0.455,0.765,0.194,12.0,22022
22200926,2023-02-28,Denver Nuggets,DEN @ HOU,W,1,133,43.0,40,8.0,5,11,0.576,0.688,0.432,21.0,22022
22200923,2023-02-28,Washington Wizards,WAS @ ATL,W,1,119,48.0,19,6.0,5,8,0.495,0.85,0.286,3.0,22022
22200926,2023-02-28,Houston Rockets,HOU vs. DEN,L,0,112,40.0,33,5.0,6,13,0.495,0.7,0.29,-21.0,22022
22200928,2023-02-28,Oklahoma City Thunder,OKC vs. SAC,L,0,117,42.0,28,9.0,1,10,0.439,0.833,0.314,-6.0,22022
22200927,2023-02-28,Los Angeles Lakers,LAL @ MEM,L,0,109,56.0,22,5.0,10,26,0.442,0.87,0.382,-12.0,22022
22200924,2023-02-28,Brooklyn Nets,BKN vs. MIL,L,0,104,38.0,25,12.0,6,17,0.434,0.8,0.333,-14.0,22022
22200924,2023-02-28,Milwaukee Bucks,MIL @ BKN,W,1,118,55.0,32,10.0,3,17,0.49,0.333,0.378,14.0,22022
22200925,2023-02-28,Chicago Bulls,CHI @ TOR,L,0,98,35.0,28,6.0,7,19,0.521,0.824,0.4,-6.0,22022
22200931,2023-02-28,Portland Trail Blazers,POR @ GSW,L,0,105,33.0,26,8.0,4,13,0.43,0.864,0.308,-18.0,22022
22200929,2023-02-28,Indiana Pacers,IND @ DAL,W,1,124,41.0,25,3.0,8,9,0.526,0.775,0.393,2.0,22022
22200941,2023-03-01,New Orleans Pelicans,NOP @ POR,W,1,121,41.0,23,9.0,4,6,0.517,0.87,0.36,11.0,22022
22200940,2023-03-01,Oklahoma City Thunder,OKC vs. LAL,L,0,117,42.0,29,8.0,4,11,0.484,0.75,0.275,-6.0,22022
22200940,2023-03-01,Los Angeles Lakers,LAL @ OKC,W,1,123,41.0,22,8.0,8,13,0.475,0.795,0.457,6.0,22022
22200933,2023-03-01,Phoenix Suns,PHX @ CHA,W,1,105,48.0,30,8.0,9,12,0.472,0.8,0.36,14.0,22022
22200941,2023-03-01,Portland Trail Blazers,POR vs. NOP,L,0,110,41.0,18,5.0,8,14,0.444,0.931,0.289,-11.0,22022
22200938,2023-03-01,Houston Rockets,HOU vs. MEM,L,0,99,49.0,17,4.0,5,12,0.4,0.64,0.324,-14.0,22022
22200934,2023-03-01,Chicago Bulls,CHI @ DET,W,1,117,40.0,27,9.0,4,15,0.482,0.742,0.444,2.0,22022
22200939,2023-03-01,Milwaukee Bucks,MIL vs. ORL,W,1,139,46.0,29,4.0,1,8,0.521,0.789,0.464,22.0,22022
22200939,2023-03-01,Orlando Magic,ORL @ MIL,L,0,117,50.0,22,3.0,5,13,0.457,0.759,0.273,-22.0,22022
22200933,2023-03-01,Charlotte Hornets,CHA vs. PHX,L,0,91,48.0,20,3.0,7,13,0.364,0.643,0.273,-14.0,22022
22200935,2023-03-01,Cleveland Cavaliers,CLE @ BOS,L,0,113,38.0,21,8.0,3,6,0.489,0.619,0.313,-4.0,22022
22200937,2023-03-01,Brooklyn Nets,BKN @ NYK,L,0,118,31.0,26,6.0,5,12,0.467,0.95,0.385,-24.0,22022
22200935,2023-03-01,Boston Celtics,BOS vs. CLE,W,1,117,43.0,27,5.0,4,12,0.5,0.821,0.5,4.0,22022
22200936,2023-03-01,Philadelphia 76ers,PHI @ MIA,W,1,119,41.0,25,6.0,5,8,0.494,1.0,0.385,23.0,22022
22200934,2023-03-01,Detroit Pistons,DET vs. CHI,L,0,115,40.0,23,8.0,2,16,0.5,0.821,0.4,-2.0,22022
22200938,2023-03-01,Memphis Grizzlies,MEM @ HOU,W,1,113,44.0,27,6.0,9,7,0.482,0.842,0.415,14.0,22022
22200936,2023-03-01,Miami Heat,MIA vs. PHI,L,0,96,33.0,18,3.0,2,12,0.436,0.913,0.241,-23.0,22022
22200937,2023-03-01,New York Knicks,NYK vs. BKN,W,1,142,46.0,28,5.0,3,16,0.607,0.667,0.571,24.0,22022
22200944,2023-03-02,Indiana Pacers,IND @ SAS,L,0,99,40.0,23,11.0,8,14,0.456,0.818,0.348,-11.0,22022
22200943,2023-03-02,Dallas Mavericks,DAL vs. PHI,W,1,133,31.0,26,8.0,1,12,0.549,0.667,0.521,7.0,22022
22200944,2023-03-02,San Antonio Spurs,SAS vs. IND,W,1,110,50.0,31,5.0,6,15,0.459,0.769,0.313,11.0,22022
22200945,2023-03-02,Golden State Warriors,GSW vs. LAC,W,1,115,60.0,25,9.0,6,11,0.419,0.852,0.304,24.0,22022
22200942,2023-03-02,Washington Wizards,WAS vs. TOR,W,1,119,43.0,30,5.0,4,14,0.512,0.792,0.467,11.0,22022
22200943,2023-03-02,Philadelphia 76ers,PHI @ DAL,L,0,126,37.0,28,9.0,1,14,0.577,0.828,0.444,-7.0,22022
22200945,2023-03-02,Los Angeles Clippers,LAC @ GSW,L,0,91,47.0,19,5.0,5,16,0.36,0.857,0.209,-24.0,22022
22200942,2023-03-02,Toronto Raptors,TOR @ WAS,L,0,108,43.0,28,8.0,7,14,0.446,1.0,0.273,-11.0,22022
22200950,2023-03-03,Phoenix Suns,PHX @ CHI,W,1,125,41.0,29,6.0,7,9,0.5,0.84,0.426,21.0,22022
22200954,2023-03-03,Los Angeles Clippers,LAC @ SAC,L,0,127,32.0,31,7.0,3,7,0.54,0.704,0.341,-1.0,22022
22200947,2023-03-03,Atlanta Hawks,ATL vs. POR,W,1,129,43.0,30,10.0,5,17,0.571,0.813,0.462,18.0,22022
22200952,2023-03-03,Memphis Grizzlies,MEM @ DEN,L,0,97,40.0,24,6.0,6,10,0.369,0.774,0.344,-16.0,22022
22200951,2023-03-03,Utah Jazz,UTA @ OKC,L,0,103,48.0,24,5.0,14,25,0.487,0.783,0.31,-27.0,22022
22200947,2023-03-03,Portland Trail Blazers,POR @ ATL,L,0,111,34.0,22,11.0,7,17,0.471,0.8,0.333,-18.0,22022
22200952,2023-03-03,Denver Nuggets,DEN vs. MEM,W,1,113,53.0,28,6.0,5,8,0.46,0.806,0.258,16.0,22022
22200953,2023-03-03,New Orleans Pelicans,NOP @ GSW,L,0,99,29.0,20,9.0,4,13,0.442,0.778,0.345,-9.0,22022
22200953,2023-03-03,Golden State Warriors,GSW vs. NOP,W,1,108,43.0,28,7.0,4,18,0.513,0.9,0.323,9.0,22022
22200946,2023-03-03,Charlotte Hornets,CHA vs. ORL,L,0,106,34.0,25,11.0,4,21,0.487,0.84,0.375,-11.0,22022
22200951,2023-03-03,Oklahoma City Thunder,OKC vs. UTA,W,1,130,40.0,31,12.0,5,7,0.5,0.643,0.395,27.0,22022
22200955,2023-03-03,Los Angeles Lakers,LAL vs. MIN,L,0,102,41.0,23,8.0,2,15,0.414,0.833,0.323,-8.0,22022
22200950,2023-03-03,Chicago Bulls,CHI vs. PHX,L,0,104,34.0,24,7.0,1,8,0.47,0.76,0.304,-21.0,22022
22200954,2023-03-03,Sacramento Kings,SAC vs. LAC,W,1,128,45.0,26,3.0,2,11,0.529,1.0,0.303,1.0,22022
22200949,2023-03-03,Miami Heat,MIA vs. NYK,L,0,120,39.0,23,7.0,2,12,0.481,0.938,0.48,-2.0,22022
22200955,2023-03-03,Minnesota Timberwolves,MIN @ LAL,W,1,110,46.0,29,10.0,6,13,0.472,0.75,0.412,8.0,22022
22200946,2023-03-03,Orlando Magic,ORL @ CHA,W,1,117,42.0,21,9.0,4,18,0.535,0.789,0.385,11.0,22022
22200948,2023-03-03,Brooklyn Nets,BKN @ BOS,W,1,115,47.0,25,9.0,6,12,0.421,0.808,0.318,10.0,22022
22200949,2023-03-03,New York Knicks,NYK @ MIA,W,1,122,34.0,23,8.0,4,11,0.58,0.647,0.415,2.0,22022
22200948,2023-03-03,Boston Celtics,BOS vs. BKN,L,0,105,48.0,26,8.0,8,19,0.488,0.7,0.31,-10.0,22022
22200957,2023-03-04,Detroit Pistons,DET @ CLE,L,0,90,49.0,19,5.0,7,23,0.407,0.72,0.25,-24.0,22022
22200958,2023-03-04,Miami Heat,MIA vs. ATL,W,1,117,43.0,31,5.0,3,19,0.506,0.87,0.371,8.0,22022
22200960,2023-03-04,Milwaukee Bucks,MIL vs. PHI,L,0,130,43.0,30,3.0,3,13,0.53,0.893,0.5,-3.0,22022
22200956,2023-03-04,Toronto Raptors,TOR @ WAS,W,1,116,34.0,30,14.0,4,14,0.522,0.714,0.4,7.0,22022
22200959,2023-03-04,San Antonio Spurs,SAS vs. HOU,L,0,110,42.0,24,9.0,3,14,0.442,0.95,0.405,-12.0,22022
22200957,2023-03-04,Cleveland Cavaliers,CLE vs. DET,W,1,114,39.0,29,14.0,8,11,0.495,0.556,0.412,24.0,22022
22200960,2023-03-04,Philadelphia 76ers,PHI @ MIL,W,1,133,32.0,24,5.0,1,5,0.5,0.838,0.486,3.0,22022
22200956,2023-03-04,Washington Wizards,WAS vs. TOR,L,0,109,43.0,26,9.0,5,24,0.507,0.864,0.583,-7.0,22022
22200959,2023-03-04,Houston Rockets,HOU @ SAS,W,1,122,45.0,26,9.0,5,14,0.563,0.727,0.348,12.0,22022
22200958,2023-03-04,Atlanta Hawks,ATL @ MIA,L,0,109,37.0,22,12.0,1,16,0.468,0.867,0.3,-8.0,22022
22200961,2023-03-04,Sacramento Kings,SAC vs. MIN,L,0,134,39.0,25,5.0,1,6,0.551,0.733,0.519,-4.0,22022
22200961,2023-03-04,Minnesota Timberwolves,MIN @ SAC,W,1,138,40.0,31,4.0,6,11,0.6,0.71,0.513,4.0,22022
22200966,2023-03-05,Portland Trail Blazers,POR @ ORL,W,1,122,46.0,27,9.0,5,17,0.47,0.875,0.34,3.0,22022
22200965,2023-03-05,Brooklyn Nets,BKN vs. CHA,W,1,102,52.0,21,5.0,9,5,0.391,0.818,0.279,16.0,22022
22200969,2023-03-05,New York Knicks,NYK @ BOS,W,1,131,54.0,18,7.0,4,19,0.495,0.688,0.366,2.0,22022
22200967,2023-03-05,Houston Rockets,HOU vs. SAS,W,1,142,44.0,29,10.0,3,12,0.612,0.862,0.542,32.0,22022
22200962,2023-03-05,Dallas Mavericks,DAL vs. PHX,L,0,126,31.0,15,5.0,0,10,0.494,0.921,0.395,-4.0,22022
22200973,2023-03-05,Milwaukee Bucks,MIL @ WAS,W,1,117,45.0,30,5.0,6,12,0.47,0.773,0.449,6.0,22022
22200963,2023-03-05,Chicago Bulls,CHI vs. IND,L,0,122,33.0,18,6.0,3,14,0.608,0.88,0.455,-3.0,22022
22200964,2023-03-05,Los Angeles Lakers,LAL vs. GSW,W,1,113,46.0,29,3.0,3,7,0.442,0.818,0.333,8.0,22022
22200963,2023-03-05,Indiana Pacers,IND @ CHI,W,1,125,35.0,27,5.0,6,9,0.511,0.813,0.364,3.0,22022
22200965,2023-03-05,Charlotte Hornets,CHA @ BKN,L,0,86,49.0,17,2.0,3,10,0.375,0.8,0.267,-16.0,22022
22200962,2023-03-05,Phoenix Suns,PHX @ DAL,W,1,130,41.0,27,5.0,2,9,0.551,0.8,0.353,4.0,22022
22200964,2023-03-05,Golden State Warriors,GSW @ LAL,L,0,105,42.0,27,2.0,6,12,0.396,0.833,0.346,-8.0,22022
22200969,2023-03-05,Boston Celtics,BOS vs. NYK,L,0,129,54.0,27,8.0,5,16,0.394,0.88,0.356,-2.0,22022
22200973,2023-03-05,Washington Wizards,WAS vs. MIL,L,0,111,56.0,21,8.0,2,9,0.426,0.917,0.258,-6.0,22022
22200970,2023-03-05,Memphis Grizzlies,MEM @ LAC,L,0,129,26.0,32,13.0,3,8,0.543,0.733,0.529,-6.0,22022
22200968,2023-03-05,Oklahoma City Thunder,OKC vs. UTA,W,1,129,42.0,24,9.0,4,12,0.506,0.818,0.378,10.0,22022
22200967,2023-03-05,San Antonio Spurs,SAS @ HOU,L,0,110,35.0,23,5.0,4,15,0.462,0.619,0.324,-32.0,22022
22200970,2023-03-05,Los Angeles Clippers,LAC vs. MEM,W,1,135,53.0,25,6.0,2,17,0.529,0.943,0.414,6.0,22022
22200968,2023-03-05,Utah Jazz,UTA @ OKC,L,0,119,39.0,30,5.0,8,16,0.489,0.815,0.297,-10.0,22022
22200966,2023-03-05,Orlando Magic,ORL vs. POR,L,0,119,38.0,29,11.0,2,11,0.5,0.774,0.355,-3.0,22022
22200974,2023-03-06,Atlanta Hawks,ATL @ MIA,L,0,128,37.0,28,5.0,0,10,0.554,0.739,0.31,-2.0,22022
22200977,2023-03-06,Portland Trail Blazers,POR @ DET,W,1,110,38.0,28,7.0,6,11,0.487,0.76,0.455,6.0,22022
22200971,2023-03-06,Cleveland Cavaliers,CLE vs. BOS,W,1,118,58.0,27,4.0,7,15,0.448,0.8,0.353,4.0,22022
22200976,2023-03-06,Sacramento Kings,SAC vs. NOP,W,1,123,33.0,39,7.0,3,10,0.566,0.65,0.421,15.0,22022
22200975,2023-03-06,Denver Nuggets,DEN vs. TOR,W,1,118,41.0,30,9.0,2,13,0.5,0.826,0.394,5.0,22022
22200975,2023-03-06,Toronto Raptors,TOR @ DEN,L,0,113,41.0,29,6.0,4,15,0.5,0.85,0.37,-5.0,22022
22200972,2023-03-06,Philadelphia 76ers,PHI @ IND,W,1,147,36.0,37,6.0,5,11,0.585,0.921,0.471,4.0,22022
22200976,2023-03-06,New Orleans Pelicans,NOP @ SAC,L,0,108,40.0,29,6.0,4,16,0.538,0.786,0.379,-15.0,22022
22200972,2023-03-06,Indiana Pacers,IND vs. PHI,L,0,143,30.0,28,8.0,4,9,0.589,0.71,0.405,-4.0,22022
22200977,2023-03-06,Detroit Pistons,DET vs. POR,L,0,104,52.0,30,9.0,6,16,0.465,0.7,0.313,-6.0,22022
22200971,2023-03-06,Boston Celtics,BOS @ CLE,L,0,114,52.0,25,5.0,5,12,0.416,0.667,0.333,-4.0,22022
22200974,2023-03-06,Miami Heat,MIA vs. ATL,W,1,130,32.0,27,6.0,4,11,0.532,0.865,0.552,2.0,22022
22200978,2023-03-07,Orlando Magic,ORL vs. MIL,L,0,123,38.0,24,7.0,0,13,0.5,0.737,0.3,-11.0,22022
22200983,2023-03-07,Utah Jazz,UTA @ DAL,L,0,116,47.0,23,10.0,4,16,0.446,0.76,0.341,-4.0,22022
22200982,2023-03-07,Golden State Warriors,GSW @ OKC,L,0,128,33.0,36,8.0,3,21,0.528,0.875,0.392,-9.0,22022
22200769,2023-03-07,Detroit Pistons,DET vs. WAS,L,0,117,30.0,29,6.0,3,11,0.512,0.818,0.433,-2.0,22022
22200984,2023-03-07,Memphis Grizzlies,MEM @ LAL,L,0,103,45.0,18,6.0,6,7,0.387,0.759,0.243,-9.0,22022
22200981,2023-03-07,Brooklyn Nets,BKN @ HOU,W,1,118,36.0,23,12.0,7,12,0.494,0.793,0.375,22.0,22022
22200769,2023-03-07,Washington Wizards,WAS @ DET,W,1,119,37.0,27,9.0,5,14,0.58,0.765,0.48,2.0,22022
22200984,2023-03-07,Los Angeles Lakers,LAL vs. MEM,W,1,112,57.0,27,4.0,2,13,0.456,0.793,0.25,9.0,22022
22200980,2023-03-07,Minnesota Timberwolves,MIN vs. PHI,L,0,94,34.0,19,9.0,7,11,0.395,0.714,0.306,-23.0,22022
22200982,2023-03-07,Oklahoma City Thunder,OKC vs. GSW,W,1,137,44.0,28,10.0,2,15,0.532,0.833,0.459,9.0,22022
22200979,2023-03-07,New York Knicks,NYK vs. CHA,L,0,105,39.0,18,3.0,4,8,0.427,0.75,0.275,-7.0,22022
22200978,2023-03-07,Milwaukee Bucks,MIL @ ORL,W,1,134,38.0,28,5.0,5,16,0.59,0.941,0.357,11.0,22022
22200983,2023-03-07,Dallas Mavericks,DAL vs. UTA,W,1,120,43.0,24,10.0,6,16,0.472,0.773,0.422,4.0,22022
22200981,2023-03-07,Houston Rockets,HOU vs. BKN,L,0,96,48.0,14,6.0,1,19,0.434,0.708,0.269,-22.0,22022
22200979,2023-03-07,Charlotte Hornets,CHA @ NYK,W,1,112,42.0,27,2.0,5,10,0.494,0.762,0.375,7.0,22022
22200980,2023-03-07,Philadelphia 76ers,PHI @ MIN,W,1,117,54.0,21,8.0,6,15,0.494,0.957,0.6,23.0,22022
22200990,2023-03-08,Oklahoma City Thunder,OKC @ PHX,L,0,101,37.0,23,9.0,2,16,0.375,0.952,0.349,-31.0,22022
22200985,2023-03-08,Washington Wizards,WAS vs. ATL,L,0,120,39.0,34,9.0,1,17,0.566,0.824,0.414,-2.0,22022
22200988,2023-03-08,New Orleans Pelicans,NOP vs. DAL,W,1,113,49.0,32,4.0,6,15,0.506,0.889,0.481,7.0,22022
22200987,2023-03-08,Miami Heat,MIA vs. CLE,L,0,100,37.0,22,7.0,4,22,0.5,0.759,0.276,-4.0,22022
22200989,2023-03-08,Denver Nuggets,DEN vs. CHI,L,0,96,44.0,26,5.0,2,11,0.42,0.467,0.375,-21.0,22022
22200986,2023-03-08,Boston Celtics,BOS vs. POR,W,1,115,45.0,26,9.0,2,10,0.477,0.65,0.367,22.0,22022
22200986,2023-03-08,Portland Trail Blazers,POR @ BOS,L,0,93,47.0,18,5.0,2,15,0.366,0.815,0.282,-22.0,22022
22200991,2023-03-08,Los Angeles Clippers,LAC vs. TOR,W,1,108,44.0,23,9.0,4,17,0.549,0.774,0.3,8.0,22022
22200987,2023-03-08,Cleveland Cavaliers,CLE @ MIA,W,1,104,32.0,26,13.0,3,15,0.488,0.895,0.321,4.0,22022
22200990,2023-03-08,Phoenix Suns,PHX vs. OKC,W,1,132,54.0,31,10.0,7,14,0.521,0.875,0.465,31.0,22022
22200991,2023-03-08,Toronto Raptors,TOR @ LAC,L,0,100,41.0,21,12.0,2,12,0.385,0.929,0.406,-8.0,22022
22200989,2023-03-08,Chicago Bulls,CHI @ DEN,W,1,117,50.0,26,9.0,2,8,0.517,0.944,0.333,21.0,22022
22200988,2023-03-08,Dallas Mavericks,DAL @ NOP,L,0,106,34.0,24,7.0,0,9,0.432,0.737,0.348,-7.0,22022
22200985,2023-03-08,Atlanta Hawks,ATL @ WAS,W,1,122,36.0,26,11.0,5,11,0.529,0.769,0.414,2.0,22022
22200992,2023-03-09,Detroit Pistons,DET vs. CHA,L,0,103,48.0,20,5.0,4,19,0.449,0.8,0.333,-10.0,22022
22200996,2023-03-09,Golden State Warriors,GSW @ MEM,L,0,110,32.0,25,9.0,3,17,0.439,0.958,0.333,-21.0,22022
22200993,2023-03-09,Indiana Pacers,IND vs. HOU,W,1,134,42.0,34,12.0,15,11,0.48,0.952,0.4,9.0,22022
22200992,2023-03-09,Charlotte Hornets,CHA @ DET,W,1,113,44.0,24,11.0,9,12,0.5,0.594,0.333,10.0,22022
22200997,2023-03-09,Sacramento Kings,SAC vs. NYK,W,1,122,42.0,28,10.0,3,12,0.524,0.75,0.313,5.0,22022
22200995,2023-03-09,Brooklyn Nets,BKN @ MIL,L,0,113,47.0,20,10.0,4,13,0.394,1.0,0.389,-5.0,22022
22200995,2023-03-09,Milwaukee Bucks,MIL vs. BKN,W,1,118,61.0,33,8.0,12,16,0.423,0.786,0.38,5.0,22022
22200993,2023-03-09,Houston Rockets,HOU @ IND,L,0,125,58.0,18,6.0,6,16,0.458,0.724,0.353,-9.0,22022
22200994,2023-03-09,Utah Jazz,UTA @ ORL,W,1,131,42.0,27,7.0,8,17,0.557,0.952,0.382,7.0,22022
22200994,2023-03-09,Orlando Magic,ORL vs. UTA,L,0,124,36.0,21,9.0,4,10,0.468,0.645,0.471,-7.0,22022
22200997,2023-03-09,New York Knicks,NYK @ SAC,L,0,117,58.0,27,8.0,1,13,0.416,0.645,0.26,-5.0,22022
22200996,2023-03-09,Memphis Grizzlies,MEM vs. GSW,W,1,131,42.0,36,6.0,3,12,0.538,0.722,0.45,21.0,22022
22200998,2023-03-10,Philadelphia 76ers,PHI vs. POR,W,1,120,42.0,25,7.0,4,9,0.518,0.793,0.367,1.0,22022
22200998,2023-03-10,Portland Trail Blazers,POR @ PHI,L,0,119,36.0,24,6.0,3,9,0.525,0.667,0.417,-1.0,22022
22201002,2023-03-10,Denver Nuggets,DEN @ SAS,L,0,120,33.0,32,14.0,4,14,0.489,0.95,0.371,-8.0,22022
22201000,2023-03-10,Cleveland Cavaliers,CLE @ MIA,L,0,115,34.0,25,5.0,6,11,0.465,0.81,0.419,-4.0,22022
22200999,2023-03-10,Washington Wizards,WAS vs. ATL,L,0,107,43.0,27,8.0,6,14,0.489,0.778,0.259,-7.0,22022
22201001,2023-03-10,Minnesota Timberwolves,MIN vs. BKN,L,0,123,47.0,29,10.0,6,14,0.49,0.621,0.3,-1.0,22022
22201000,2023-03-10,Miami Heat,MIA vs. CLE,W,1,119,46.0,22,7.0,4,16,0.512,0.913,0.483,4.0,22022
22201003,2023-03-10,Los Angeles Lakers,LAL vs. TOR,W,1,122,35.0,28,8.0,8,20,0.563,1.0,0.433,10.0,22022
22200999,2023-03-10,Atlanta Hawks,ATL @ WAS,W,1,114,46.0,25,9.0,4,14,0.442,0.789,0.484,7.0,22022
22201001,2023-03-10,Brooklyn Nets,BKN @ MIN,W,1,124,48.0,20,7.0,5,14,0.462,0.727,0.471,1.0,22022
22201002,2023-03-10,San Antonio Spurs,SAS vs. DEN,W,1,128,50.0,31,10.0,0,18,0.543,0.765,0.394,8.0,22022
22201003,2023-03-10,Toronto Raptors,TOR @ LAL,L,0,112,37.0,29,14.0,3,13,0.5,0.769,0.357,-10.0,22022
22201006,2023-03-11,Detroit Pistons,DET vs. IND,L,0,115,42.0,25,7.0,7,12,0.457,0.667,0.324,-6.0,22022
22201010,2023-03-11,Memphis Grizzlies,MEM vs. DAL,W,1,112,45.0,25,7.0,5,11,0.477,0.833,0.263,4.0,22022
22201011,2023-03-11,New Orleans Pelicans,NOP vs. OKC,L,0,96,43.0,23,3.0,4,22,0.42,0.842,0.353,-14.0,22022
22201007,2023-03-11,Miami Heat,MIA @ ORL,L,0,114,35.0,19,8.0,2,17,0.447,0.95,0.297,-12.0,22022
22201008,2023-03-11,Boston Celtics,BOS @ ATL,W,1,134,40.0,35,6.0,6,8,0.547,0.833,0.476,9.0,22022
22201008,2023-03-11,Atlanta Hawks,ATL vs. BOS,L,0,125,48.0,24,4.0,4,10,0.5,0.938,0.294,-9.0,22022
22201011,2023-03-11,Oklahoma City Thunder,OKC @ NOP,W,1,110,38.0,17,11.0,2,11,0.463,0.844,0.321,14.0,22022
22201012,2023-03-11,Golden State Warriors,GSW vs. MIL,W,1,125,65.0,33,12.0,4,15,0.411,0.909,0.418,9.0,22022
22201006,2023-03-11,Indiana Pacers,IND @ DET,W,1,121,58.0,24,7.0,6,14,0.462,0.765,0.257,6.0,22022
22201004,2023-03-11,New York Knicks,NYK @ LAC,L,0,95,54.0,21,5.0,3,9,0.356,0.889,0.226,-11.0,22022
22201009,2023-03-11,Houston Rockets,HOU vs. CHI,L,0,111,33.0,28,10.0,3,16,0.482,0.765,0.471,-8.0,22022
22201012,2023-03-11,Milwaukee Bucks,MIL @ GSW,L,0,116,48.0,28,9.0,7,17,0.43,0.818,0.412,-9.0,22022
22201005,2023-03-11,Charlotte Hornets,CHA vs. UTA,L,0,111,43.0,24,5.0,14,7,0.408,0.933,0.425,-8.0,22022
22201005,2023-03-11,Utah Jazz,UTA @ CHA,W,1,119,60.0,22,4.0,4,11,0.447,0.9,0.281,8.0,22022
22201004,2023-03-11,Los Angeles Clippers,LAC vs. NYK,W,1,106,39.0,22,3.0,4,8,0.483,0.75,0.333,11.0,22022
22201013,2023-03-11,Sacramento Kings,SAC @ PHX,W,1,128,39.0,19,10.0,2,15,0.482,0.838,0.429,9.0,22022
22201007,2023-03-11,Orlando Magic,ORL vs. MIA,W,1,126,54.0,34,10.0,10,18,0.485,0.85,0.351,12.0,22022
22201009,2023-03-11,Chicago Bulls,CHI @ HOU,W,1,119,44.0,25,7.0,9,14,0.512,0.727,0.469,8.0,22022
22201013,2023-03-11,Phoenix Suns,PHX vs. SAC,L,0,119,40.0,30,11.0,3,14,0.494,0.818,0.295,-9.0,22022
22201010,2023-03-11,Dallas Mavericks,DAL @ MEM,L,0,108,43.0,25,4.0,3,11,0.459,0.652,0.349,-4.0,22022
22201014,2023-03-12,Brooklyn Nets,BKN @ DEN,W,1,122,28.0,32,11.0,2,8,0.5,0.875,0.386,2.0,22022
22201016,2023-03-12,Washington Wizards,WAS @ PHI,L,0,93,35.0,19,4.0,5,9,0.405,0.826,0.231,-19.0,22022
22201014,2023-03-12,Denver Nuggets,DEN vs. BKN,L,0,120,49.0,27,4.0,8,15,0.5,0.75,0.387,-2.0,22022
22201019,2023-03-12,New York Knicks,NYK @ LAL,W,1,112,46.0,18,8.0,3,11,0.477,0.81,0.297,4.0,22022
22201019,2023-03-12,Los Angeles Lakers,LAL vs. NYK,L,0,108,37.0,24,6.0,2,11,0.483,0.588,0.333,-4.0,22022
22201016,2023-03-12,Philadelphia 76ers,PHI vs. WAS,W,1,112,42.0,29,6.0,10,8,0.513,0.826,0.379,19.0,22022
22201015,2023-03-12,Charlotte Hornets,CHA vs. CLE,L,0,108,43.0,25,8.0,5,19,0.513,0.727,0.476,-6.0,22022
22201017,2023-03-12,Portland Trail Blazers,POR @ NOP,L,0,110,46.0,26,10.0,2,17,0.489,0.7,0.303,-17.0,22022
22201018,2023-03-12,San Antonio Spurs,SAS vs. OKC,L,0,90,50.0,24,3.0,7,18,0.375,0.737,0.278,-12.0,22022
22201015,2023-03-12,Cleveland Cavaliers,CLE @ CHA,W,1,114,40.0,18,8.0,3,10,0.471,0.735,0.259,6.0,22022
22201018,2023-03-12,Oklahoma City Thunder,OKC @ SAS,W,1,102,55.0,26,8.0,3,9,0.379,0.87,0.256,12.0,22022
22201017,2023-03-12,New Orleans Pelicans,NOP vs. POR,W,1,127,43.0,35,11.0,7,15,0.5,0.759,0.475,17.0,22022
22201026,2023-03-13,Sacramento Kings,SAC vs. MIL,L,0,124,45.0,31,4.0,2,9,0.442,0.733,0.42,-9.0,22022
22201023,2023-03-13,Dallas Mavericks,DAL vs. MEM,L,0,88,41.0,23,3.0,3,13,0.389,0.75,0.261,-16.0,22022
22201024,2023-03-13,Houston Rockets,HOU vs. BOS,W,1,111,48.0,27,9.0,2,10,0.444,0.741,0.314,2.0,22022
22201025,2023-03-13,Phoenix Suns,PHX @ GSW,L,0,112,47.0,25,8.0,4,14,0.484,0.727,0.19,-11.0,22022
22201020,2023-03-13,Indiana Pacers,IND @ DET,L,0,97,42.0,23,7.0,5,14,0.419,0.625,0.294,-20.0,22022
22201022,2023-03-13,Utah Jazz,UTA @ MIA,L,0,115,48.0,31,7.0,4,18,0.478,0.722,0.421,-4.0,22022
22201024,2023-03-13,Boston Celtics,BOS @ HOU,L,0,109,38.0,19,7.0,5,13,0.448,0.905,0.286,-2.0,22022
22201025,2023-03-13,Golden State Warriors,GSW vs. PHX,W,1,123,41.0,28,8.0,6,14,0.542,0.583,0.487,11.0,22022
22201021,2023-03-13,Minnesota Timberwolves,MIN @ ATL,W,1,136,37.0,39,12.0,10,10,0.587,0.696,0.429,21.0,22022
22201020,2023-03-13,Detroit Pistons,DET vs. IND,W,1,117,52.0,28,10.0,5,14,0.48,0.7,0.389,20.0,22022
22201023,2023-03-13,Memphis Grizzlies,MEM @ DAL,W,1,104,47.0,23,9.0,3,14,0.458,0.842,0.324,16.0,22022
22201022,2023-03-13,Miami Heat,MIA vs. UTA,W,1,119,37.0,20,12.0,4,13,0.468,0.861,0.412,4.0,22022
22201021,2023-03-13,Atlanta Hawks,ATL vs. MIN,L,0,115,51.0,17,6.0,4,15,0.454,0.821,0.182,-21.0,22022
22201026,2023-03-13,Milwaukee Bucks,MIL @ SAC,W,1,133,43.0,29,2.0,4,12,0.581,0.818,0.455,9.0,22022
22201027,2023-03-14,Cleveland Cavaliers,CLE @ CHA,W,1,120,30.0,29,8.0,6,8,0.511,0.842,0.467,16.0,22022
22201033,2023-03-14,Milwaukee Bucks,MIL @ PHX,W,1,116,46.0,24,8.0,6,12,0.471,0.649,0.308,12.0,22022
22201029,2023-03-14,Toronto Raptors,TOR vs. DEN,W,1,125,44.0,25,10.0,2,11,0.527,0.882,0.4,15.0,22022
22201029,2023-03-14,Denver Nuggets,DEN @ TOR,L,0,110,32.0,29,9.0,4,14,0.553,0.8,0.24,-15.0,22022
22201033,2023-03-14,Phoenix Suns,PHX vs. MIL,L,0,104,41.0,23,7.0,3,11,0.432,0.875,0.348,-12.0,22022
22201030,2023-03-14,New Orleans Pelicans,NOP vs. LAL,L,0,108,41.0,23,9.0,3,12,0.429,0.65,0.256,-15.0,22022
22201031,2023-03-14,Brooklyn Nets,BKN @ OKC,L,0,107,46.0,25,3.0,5,17,0.427,0.735,0.293,-14.0,22022
22201028,2023-03-14,Washington Wizards,WAS vs. DET,W,1,117,48.0,24,9.0,9,13,0.518,1.0,0.219,20.0,22022
22201030,2023-03-14,Los Angeles Lakers,LAL @ NOP,W,1,123,52.0,24,8.0,2,17,0.488,0.893,0.462,15.0,22022
22201027,2023-03-14,Charlotte Hornets,CHA vs. CLE,L,0,104,40.0,28,3.0,8,19,0.566,0.8,0.261,-16.0,22022
22201032,2023-03-14,San Antonio Spurs,SAS vs. ORL,W,1,132,47.0,39,6.0,7,14,0.565,0.778,0.537,18.0,22022
22201031,2023-03-14,Oklahoma City Thunder,OKC vs. BKN,W,1,121,51.0,22,9.0,0,9,0.455,0.87,0.333,14.0,22022
22201028,2023-03-14,Detroit Pistons,DET @ WAS,L,0,97,44.0,18,8.0,3,11,0.384,0.917,0.294,-20.0,22022
22201034,2023-03-14,Portland Trail Blazers,POR vs. NYK,L,0,107,38.0,22,8.0,3,10,0.384,0.778,0.378,-16.0,22022
22201034,2023-03-14,New York Knicks,NYK @ POR,W,1,123,52.0,23,8.0,8,12,0.519,0.706,0.429,16.0,22022
22201032,2023-03-14,Orlando Magic,ORL @ SAS,L,0,114,42.0,24,7.0,2,9,0.454,0.762,0.345,-18.0,22022
22201038,2023-03-15,Houston Rockets,HOU vs. LAL,W,1,114,51.0,22,5.0,3,17,0.528,0.632,0.276,4.0,22022
22201040,2023-03-15,Dallas Mavericks,DAL @ SAS,W,1,137,52.0,23,4.0,4,18,0.512,0.865,0.515,9.0,22022
22201035,2023-03-15,Cleveland Cavaliers,CLE vs. PHI,L,0,109,33.0,20,6.0,2,10,0.471,0.682,0.341,-9.0,22022
22201035,2023-03-15,Philadelphia 76ers,PHI @ CLE,W,1,118,46.0,24,8.0,6,18,0.52,0.852,0.472,9.0,22022
22201040,2023-03-15,San Antonio Spurs,SAS vs. DAL,L,0,128,47.0,26,7.0,4,10,0.458,0.577,0.441,-9.0,22022
22201041,2023-03-15,Los Angeles Clippers,LAC vs. GSW,W,1,134,44.0,30,11.0,1,7,0.479,0.813,0.471,8.0,22022
22201037,2023-03-15,Sacramento Kings,SAC @ CHI,W,1,117,45.0,26,6.0,3,19,0.487,0.793,0.429,3.0,22022
22201037,2023-03-15,Chicago Bulls,CHI vs. SAC,L,0,114,48.0,28,13.0,4,14,0.392,0.88,0.381,-3.0,22022
22201036,2023-03-15,Miami Heat,MIA vs. MEM,W,1,138,41.0,33,8.0,5,13,0.598,0.818,0.448,19.0,22022
22201038,2023-03-15,Los Angeles Lakers,LAL @ HOU,L,0,110,36.0,21,7.0,3,8,0.378,0.838,0.25,-4.0,22022
22201039,2023-03-15,Minnesota Timberwolves,MIN vs. BOS,L,0,102,46.0,27,3.0,2,13,0.44,0.727,0.333,-2.0,22022
22201041,2023-03-15,Golden State Warriors,GSW @ LAC,L,0,126,36.0,28,5.0,1,16,0.557,0.733,0.472,-8.0,22022
22201036,2023-03-15,Memphis Grizzlies,MEM @ MIA,L,0,119,39.0,29,6.0,1,16,0.505,0.643,0.391,-19.0,22022
22201039,2023-03-15,Boston Celtics,BOS @ MIN,W,1,104,44.0,20,7.0,5,9,0.405,0.8,0.3,2.0,22022
22201045,2023-03-16,Milwaukee Bucks,MIL vs. IND,L,0,123,44.0,26,5.0,4,12,0.528,0.692,0.344,-16.0,22022
22201043,2023-03-16,Brooklyn Nets,BKN vs. SAC,L,0,96,41.0,20,8.0,4,6,0.413,0.696,0.359,-5.0,22022
22201042,2023-03-16,Detroit Pistons,DET vs. DEN,L,0,100,37.0,24,8.0,3,17,0.459,0.556,0.444,-19.0,22022
22201044,2023-03-16,Toronto Raptors,TOR vs. OKC,W,1,128,59.0,29,10.0,6,10,0.485,0.714,0.438,17.0,22022
22201046,2023-03-16,Orlando Magic,ORL @ PHX,L,0,113,47.0,25,7.0,3,17,0.5,0.826,0.286,-3.0,22022
22201042,2023-03-16,Denver Nuggets,DEN @ DET,W,1,119,47.0,29,9.0,7,9,0.528,0.68,0.333,19.0,22022
22201043,2023-03-16,Sacramento Kings,SAC @ BKN,W,1,101,57.0,22,2.0,5,12,0.39,0.75,0.317,5.0,22022
22201045,2023-03-16,Indiana Pacers,IND @ MIL,W,1,139,42.0,36,5.0,3,8,0.557,0.6,0.478,16.0,22022
22201046,2023-03-16,Phoenix Suns,PHX vs. ORL,W,1,116,35.0,26,7.0,5,14,0.478,1.0,0.371,3.0,22022
22201044,2023-03-16,Oklahoma City Thunder,OKC @ TOR,L,0,111,39.0,18,5.0,4,13,0.426,0.9,0.419,-17.0,22022
22201053,2023-03-17,Portland Trail Blazers,POR vs. BOS,L,0,112,37.0,20,12.0,4,18,0.481,0.71,0.368,-14.0,22022
22201047,2023-03-17,Philadelphia 76ers,PHI @ CHA,W,1,121,62.0,24,9.0,9,13,0.5,0.76,0.313,39.0,22022
22201052,2023-03-17,San Antonio Spurs,SAS vs. MEM,L,0,120,54.0,31,11.0,4,19,0.398,0.759,0.385,-6.0,22022
22201051,2023-03-17,Houston Rockets,HOU vs. NOP,W,1,114,52.0,20,9.0,3,12,0.489,0.708,0.344,2.0,22022
22201053,2023-03-17,Boston Celtics,BOS @ POR,W,1,126,52.0,29,12.0,2,16,0.471,0.829,0.357,14.0,22022
22201052,2023-03-17,Memphis Grizzlies,MEM @ SAS,W,1,126,52.0,27,13.0,9,17,0.485,0.667,0.368,6.0,22022
22201054,2023-03-17,Los Angeles Lakers,LAL vs. DAL,L,0,110,42.0,23,8.0,3,12,0.512,0.613,0.25,-1.0,22022
22201050,2023-03-17,Chicago Bulls,CHI vs. MIN,W,1,139,47.0,23,9.0,6,11,0.543,0.867,0.458,8.0,22022
22201049,2023-03-17,Washington Wizards,WAS @ CLE,L,0,94,38.0,22,5.0,6,16,0.461,0.8,0.348,-23.0,22022
22201048,2023-03-17,Atlanta Hawks,ATL vs. GSW,W,1,127,45.0,27,7.0,8,10,0.47,0.68,0.39,8.0,22022
22201047,2023-03-17,Charlotte Hornets,CHA vs. PHI,L,0,82,35.0,20,10.0,6,13,0.337,0.731,0.143,-39.0,22022
22201054,2023-03-17,Dallas Mavericks,DAL @ LAL,W,1,111,35.0,27,8.0,4,13,0.506,0.789,0.471,1.0,22022
22201049,2023-03-17,Cleveland Cavaliers,CLE vs. WAS,W,1,117,41.0,31,9.0,7,10,0.552,0.773,0.211,23.0,22022
22201048,2023-03-17,Golden State Warriors,GSW @ ATL,L,0,119,54.0,28,6.0,9,17,0.48,0.7,0.275,-8.0,22022
22201051,2023-03-17,New Orleans Pelicans,NOP @ HOU,L,0,112,35.0,22,8.0,5,9,0.476,0.88,0.429,-2.0,22022
22201050,2023-03-17,Minnesota Timberwolves,MIN @ CHI,L,0,131,50.0,33,6.0,8,15,0.46,0.677,0.429,-8.0,22022
22201059,2023-03-18,Sacramento Kings,SAC @ WAS,W,1,132,44.0,34,7.0,7,8,0.558,0.609,0.595,14.0,22022
22201061,2023-03-18,Memphis Grizzlies,MEM vs. GSW,W,1,133,39.0,35,5.0,5,6,0.547,0.647,0.474,14.0,22022
22201055,2023-03-18,Denver Nuggets,DEN @ NYK,L,0,110,33.0,30,3.0,2,13,0.512,0.8,0.364,-6.0,22022
22201055,2023-03-18,New York Knicks,NYK vs. DEN,W,1,116,43.0,23,9.0,4,12,0.494,0.893,0.281,6.0,22022
22201062,2023-03-18,Boston Celtics,BOS @ UTA,L,0,117,40.0,30,2.0,2,6,0.477,0.688,0.431,-1.0,22022
22201058,2023-03-18,Minnesota Timberwolves,MIN @ TOR,L,0,107,42.0,27,5.0,2,14,0.459,0.857,0.217,-15.0,22022
22201060,2023-03-18,Miami Heat,MIA @ CHI,L,0,99,39.0,23,4.0,2,13,0.427,0.792,0.27,-14.0,22022
22201061,2023-03-18,Golden State Warriors,GSW @ MEM,L,0,119,42.0,27,3.0,8,13,0.429,0.824,0.371,-14.0,22022
22201057,2023-03-18,Indiana Pacers,IND vs. PHI,L,0,121,41.0,28,5.0,5,14,0.517,0.95,0.387,-20.0,22022
22201059,2023-03-18,Washington Wizards,WAS vs. SAC,L,0,118,46.0,27,6.0,5,9,0.451,0.852,0.361,-14.0,22022
22201058,2023-03-18,Toronto Raptors,TOR vs. MIN,W,1,122,45.0,23,11.0,3,15,0.533,0.81,0.333,15.0,22022
22201062,2023-03-18,Utah Jazz,UTA vs. BOS,W,1,118,56.0,29,3.0,5,7,0.433,0.773,0.415,1.0,22022
22201056,2023-03-18,Los Angeles Clippers,LAC vs. ORL,L,0,108,43.0,23,9.0,3,15,0.467,0.75,0.273,-5.0,22022
22201060,2023-03-18,Chicago Bulls,CHI vs. MIA,W,1,113,32.0,34,8.0,5,10,0.563,1.0,0.5,14.0,22022
22201057,2023-03-18,Philadelphia 76ers,PHI @ IND,W,1,141,30.0,31,11.0,6,7,0.614,0.818,0.429,20.0,22022
22201056,2023-03-18,Orlando Magic,ORL @ LAC,W,1,113,45.0,23,14.0,5,17,0.5,0.76,0.323,5.0,22022
22201068,2023-03-19,Toronto Raptors,TOR @ MIL,L,0,111,41.0,25,6.0,4,7,0.444,0.75,0.412,-7.0,22022
22201065,2023-03-19,Atlanta Hawks,ATL @ SAS,L,0,118,51.0,21,4.0,4,12,0.475,0.85,0.227,-8.0,22022
22201070,2023-03-19,Orlando Magic,ORL @ LAL,L,0,105,44.0,24,8.0,3,8,0.402,0.765,0.263,-6.0,22022
22201068,2023-03-19,Milwaukee Bucks,MIL vs. TOR,W,1,118,45.0,35,3.0,8,12,0.524,0.762,0.356,7.0,22022
22201070,2023-03-19,Los Angeles Lakers,LAL vs. ORL,W,1,111,52.0,25,2.0,9,15,0.462,0.813,0.406,6.0,22022
22201066,2023-03-19,Miami Heat,MIA @ DET,W,1,112,42.0,33,4.0,4,10,0.481,0.92,0.333,12.0,22022
22201069,2023-03-19,Portland Trail Blazers,POR vs. LAC,L,0,102,40.0,24,7.0,9,13,0.451,0.917,0.207,-15.0,22022
22201063,2023-03-19,Denver Nuggets,DEN @ BKN,W,1,108,40.0,31,5.0,3,16,0.525,0.923,0.522,6.0,22022
22201067,2023-03-19,Houston Rockets,HOU vs. NOP,L,0,107,36.0,15,4.0,2,12,0.408,0.947,0.273,-10.0,22022
22201063,2023-03-19,Brooklyn Nets,BKN vs. DEN,L,0,102,33.0,26,10.0,3,11,0.463,0.875,0.343,-6.0,22022
22201069,2023-03-19,Los Angeles Clippers,LAC @ POR,W,1,117,49.0,26,11.0,3,9,0.457,0.826,0.429,15.0,22022
22201064,2023-03-19,Phoenix Suns,PHX @ OKC,L,0,120,40.0,31,7.0,9,14,0.478,0.708,0.417,-4.0,22022
22201064,2023-03-19,Oklahoma City Thunder,OKC vs. PHX,W,1,124,44.0,20,8.0,3,15,0.5,0.806,0.393,4.0,22022
22201067,2023-03-19,New Orleans Pelicans,NOP @ HOU,W,1,117,39.0,28,7.0,4,10,0.494,0.833,0.419,10.0,22022
22201066,2023-03-19,Detroit Pistons,DET vs. MIA,L,0,100,39.0,26,4.0,2,11,0.463,0.824,0.313,-12.0,22022
22201065,2023-03-19,San Antonio Spurs,SAS vs. ATL,W,1,126,41.0,26,9.0,5,12,0.543,0.625,0.5,8.0,22022
22201075,2023-03-20,Memphis Grizzlies,MEM vs. DAL,W,1,112,50.0,21,5.0,3,11,0.461,0.769,0.286,4.0,22022
22201071,2023-03-20,Charlotte Hornets,CHA vs. IND,W,1,115,37.0,26,12.0,6,11,0.456,0.719,0.323,6.0,22022
22201076,2023-03-20,Sacramento Kings,SAC @ UTA,L,0,120,43.0,28,5.0,3,6,0.423,0.76,0.365,-8.0,22022
22201072,2023-03-20,Chicago Bulls,CHI @ PHI,W,1,109,42.0,20,12.0,7,10,0.415,0.828,0.212,4.0,22022
22201074,2023-03-20,Golden State Warriors,GSW @ HOU,W,1,121,48.0,31,12.0,6,18,0.5,0.842,0.354,13.0,22022
22201071,2023-03-20,Indiana Pacers,IND @ CHA,L,0,109,48.0,27,5.0,6,21,0.451,0.765,0.346,-6.0,22022
22201076,2023-03-20,Utah Jazz,UTA vs. SAC,W,1,128,48.0,33,3.0,8,12,0.523,0.87,0.444,8.0,22022
22201072,2023-03-20,Philadelphia 76ers,PHI vs. CHI,L,0,105,54.0,28,8.0,8,19,0.422,0.864,0.278,-4.0,22022
22201075,2023-03-20,Dallas Mavericks,DAL @ MEM,L,0,108,37.0,22,5.0,4,12,0.464,0.95,0.306,-4.0,22022
22201073,2023-03-20,New York Knicks,NYK vs. MIN,L,0,134,34.0,26,7.0,3,16,0.565,0.857,0.5,-6.0,22022
22201074,2023-03-20,Houston Rockets,HOU vs. GSW,L,0,108,41.0,14,14.0,2,17,0.419,0.833,0.278,-13.0,22022
22201073,2023-03-20,Minnesota Timberwolves,MIN @ NYK,W,1,140,34.0,34,9.0,4,15,0.614,0.75,0.583,6.0,22022
22201080,2023-03-21,San Antonio Spurs,SAS @ NOP,L,0,84,37.0,22,8.0,3,14,0.345,0.579,0.317,-35.0,22022
22201081,2023-03-21,Boston Celtics,BOS @ SAC,W,1,132,43.0,33,9.0,3,5,0.533,0.696,0.409,23.0,22022
22201082,2023-03-21,Los Angeles Clippers,LAC vs. OKC,L,0,100,46.0,21,9.0,2,13,0.477,0.571,0.194,-1.0,22022
22201077,2023-03-21,Washington Wizards,WAS @ ORL,L,0,112,33.0,30,7.0,4,14,0.506,0.783,0.313,-10.0,22022
22201078,2023-03-21,Atlanta Hawks,ATL vs. DET,W,1,129,61.0,26,5.0,6,9,0.463,0.75,0.368,22.0,22022
22201079,2023-03-21,Cleveland Cavaliers,CLE @ BKN,W,1,115,34.0,23,6.0,3,14,0.506,0.81,0.483,6.0,22022
22201082,2023-03-21,Oklahoma City Thunder,OKC @ LAC,W,1,101,47.0,19,2.0,4,11,0.419,0.929,0.27,1.0,22022
22201080,2023-03-21,New Orleans Pelicans,NOP vs. SAS,W,1,119,49.0,31,8.0,2,16,0.556,0.826,0.417,35.0,22022
22201081,2023-03-21,Sacramento Kings,SAC vs. BOS,L,0,109,42.0,25,3.0,4,14,0.481,0.667,0.386,-23.0,22022
22201078,2023-03-21,Detroit Pistons,DET @ ATL,L,0,107,35.0,20,8.0,2,9,0.407,0.833,0.325,-22.0,22022
22201077,2023-03-21,Orlando Magic,ORL vs. WAS,W,1,122,42.0,27,7.0,5,15,0.538,0.96,0.444,10.0,22022
22201079,2023-03-21,Brooklyn Nets,BKN vs. CLE,L,0,109,49.0,25,6.0,5,16,0.446,0.783,0.273,-6.0,22022
22201089,2023-03-22,Milwaukee Bucks,MIL vs. SAS,W,1,130,54.0,24,10.0,4,15,0.52,0.542,0.349,36.0,22022
22201084,2023-03-22,New York Knicks,NYK @ MIA,L,0,120,42.0,29,7.0,5,16,0.512,0.8,0.4,-7.0,22022
22201088,2023-03-22,Houston Rockets,HOU @ MEM,L,0,125,48.0,27,6.0,3,16,0.516,0.739,0.364,-5.0,22022
22201086,2023-03-22,Golden State Warriors,GSW @ DAL,W,1,127,44.0,33,7.0,5,13,0.556,0.833,0.308,2.0,22022
22201090,2023-03-22,Atlanta Hawks,ATL @ MIN,L,0,124,41.0,28,6.0,6,16,0.529,0.88,0.462,-1.0,22022
22201083,2023-03-22,Washington Wizards,WAS vs. DEN,L,0,104,37.0,20,4.0,4,7,0.506,0.75,0.154,-14.0,22022
22201092,2023-03-22,Los Angeles Lakers,LAL vs. PHX,W,1,122,36.0,27,7.0,2,13,0.557,0.783,0.471,11.0,22022
22201090,2023-03-22,Minnesota Timberwolves,MIN vs. ATL,W,1,125,42.0,27,7.0,3,11,0.489,0.828,0.423,1.0,22022
22201089,2023-03-22,San Antonio Spurs,SAS @ MIL,L,0,94,46.0,26,7.0,6,19,0.387,0.65,0.231,-36.0,22022
22201085,2023-03-22,Toronto Raptors,TOR vs. IND,L,0,114,40.0,21,11.0,7,10,0.438,0.744,0.206,-4.0,22022
22201088,2023-03-22,Memphis Grizzlies,MEM vs. HOU,W,1,130,36.0,27,8.0,4,10,0.517,0.848,0.333,5.0,22022
22201092,2023-03-22,Phoenix Suns,PHX @ LAL,L,0,111,39.0,23,7.0,6,17,0.467,0.75,0.387,-11.0,22022
22201087,2023-03-22,Chicago Bulls,CHI vs. PHI,L,0,91,42.0,18,7.0,4,19,0.41,0.773,0.24,-25.0,22022
22201084,2023-03-22,Miami Heat,MIA vs. NYK,W,1,127,29.0,28,9.0,1,10,0.57,0.808,0.571,7.0,22022
22201087,2023-03-22,Philadelphia 76ers,PHI @ CHI,W,1,116,44.0,30,9.0,4,15,0.476,0.846,0.432,25.0,22022
22201086,2023-03-22,Dallas Mavericks,DAL vs. GSW,L,0,125,31.0,27,7.0,2,10,0.494,0.714,0.425,-2.0,22022
22201091,2023-03-22,Portland Trail Blazers,POR @ UTA,W,1,127,43.0,28,9.0,5,8,0.484,0.8,0.317,12.0,22022
22201083,2023-03-22,Denver Nuggets,DEN @ WAS,W,1,118,41.0,28,7.0,2,10,0.506,0.905,0.469,14.0,22022
22201085,2023-03-22,Indiana Pacers,IND @ TOR,W,1,118,39.0,27,4.0,5,18,0.558,0.84,0.524,4.0,22022
22201091,2023-03-22,Utah Jazz,UTA vs. POR,L,0,115,47.0,24,4.0,5,17,0.476,0.722,0.314,-12.0,22022
22201095,2023-03-23,New Orleans Pelicans,NOP vs. CHA,W,1,115,52.0,26,11.0,0,11,0.459,0.933,0.324,19.0,22022
22201094,2023-03-23,Cleveland Cavaliers,CLE @ BKN,W,1,116,40.0,24,7.0,7,9,0.472,0.769,0.375,2.0,22022
22201095,2023-03-23,Charlotte Hornets,CHA @ NOP,L,0,96,38.0,24,8.0,4,17,0.458,0.688,0.243,-19.0,22022
22201093,2023-03-23,Orlando Magic,ORL vs. NYK,W,1,111,43.0,25,8.0,7,14,0.46,0.857,0.406,5.0,22022
22201096,2023-03-23,Oklahoma City Thunder,OKC @ LAC,L,0,105,40.0,24,6.0,3,14,0.441,0.909,0.333,-22.0,22022
22201096,2023-03-23,Los Angeles Clippers,LAC vs. OKC,W,1,127,42.0,34,9.0,5,13,0.56,0.75,0.486,22.0,22022
22201093,2023-03-23,New York Knicks,NYK @ ORL,L,0,106,44.0,26,8.0,8,13,0.42,0.769,0.3,-5.0,22022
22201094,2023-03-23,Brooklyn Nets,BKN vs. CLE,L,0,114,42.0,24,7.0,7,15,0.481,0.889,0.353,-2.0,22022
22201102,2023-03-24,Milwaukee Bucks,MIL @ UTA,W,1,144,50.0,42,6.0,11,12,0.556,0.75,0.44,28.0,22022
22201097,2023-03-24,Boston Celtics,BOS vs. IND,W,1,120,49.0,28,11.0,6,14,0.473,0.737,0.429,25.0,22022
22201104,2023-03-24,Portland Trail Blazers,POR vs. CHI,L,0,96,31.0,23,10.0,5,12,0.43,0.889,0.194,-28.0,22022
22201101,2023-03-24,Charlotte Hornets,CHA @ DAL,W,1,117,43.0,32,7.0,4,8,0.483,0.741,0.393,8.0,22022
22201098,2023-03-24,San Antonio Spurs,SAS @ WAS,L,0,124,41.0,35,4.0,4,5,0.505,0.6,0.342,-12.0,22022
22201099,2023-03-24,Toronto Raptors,TOR vs. DET,W,1,118,46.0,25,12.0,9,11,0.446,0.793,0.351,21.0,22022
22201103,2023-03-24,Philadelphia 76ers,PHI @ GSW,L,0,112,38.0,23,8.0,1,10,0.487,0.824,0.276,-8.0,22022
22201104,2023-03-24,Chicago Bulls,CHI @ POR,W,1,124,47.0,33,6.0,8,16,0.571,0.786,0.607,28.0,22022
22201102,2023-03-24,Utah Jazz,UTA vs. MIL,L,0,116,51.0,28,6.0,5,11,0.385,0.735,0.275,-28.0,22022
22201105,2023-03-24,Sacramento Kings,SAC vs. PHX,W,1,135,33.0,29,6.0,3,4,0.528,0.875,0.333,8.0,22022
22201103,2023-03-24,Golden State Warriors,GSW vs. PHI,W,1,120,49.0,27,3.0,0,11,0.477,0.75,0.36,8.0,22022
22201098,2023-03-24,Washington Wizards,WAS vs. SAS,W,1,136,43.0,29,3.0,8,7,0.6,0.731,0.5,12.0,22022
22201100,2023-03-24,Memphis Grizzlies,MEM vs. HOU,W,1,151,35.0,36,12.0,7,10,0.613,0.857,0.595,37.0,22022
22201106,2023-03-24,Los Angeles Lakers,LAL vs. OKC,W,1,116,53.0,20,9.0,4,11,0.462,0.714,0.353,5.0,22022
22201097,2023-03-24,Indiana Pacers,IND @ BOS,L,0,95,44.0,24,9.0,4,17,0.464,0.591,0.154,-25.0,22022
22201101,2023-03-24,Dallas Mavericks,DAL vs. CHA,L,0,109,45.0,25,3.0,4,10,0.488,0.75,0.25,-8.0,22022
22201105,2023-03-24,Phoenix Suns,PHX @ SAC,L,0,127,43.0,33,2.0,7,12,0.539,0.759,0.31,-8.0,22022
22201106,2023-03-24,Oklahoma City Thunder,OKC @ LAL,L,0,111,45.0,21,6.0,5,10,0.435,0.895,0.389,-5.0,22022
22201099,2023-03-24,Detroit Pistons,DET @ TOR,L,0,97,39.0,23,8.0,4,22,0.466,0.767,0.24,-21.0,22022
22201100,2023-03-24,Houston Rockets,HOU @ MEM,L,0,114,38.0,25,7.0,3,15,0.54,0.619,0.304,-37.0,22022
22201109,2023-03-25,Milwaukee Bucks,MIL @ DEN,L,0,106,40.0,26,7.0,2,10,0.443,0.905,0.25,-23.0,22022
22201112,2023-03-25,Los Angeles Clippers,LAC vs. NOP,L,0,110,31.0,29,9.0,6,19,0.52,0.81,0.455,-21.0,22022
22201107,2023-03-25,Indiana Pacers,IND @ ATL,L,0,130,32.0,33,7.0,7,17,0.542,1.0,0.378,-13.0,22022
22201112,2023-03-25,New Orleans Pelicans,NOP @ LAC,W,1,131,45.0,36,11.0,3,15,0.531,0.889,0.618,21.0,22022
22201111,2023-03-25,Sacramento Kings,SAC vs. UTA,W,1,121,42.0,30,11.0,1,8,0.463,0.81,0.372,8.0,22022
22201107,2023-03-25,Atlanta Hawks,ATL vs. IND,W,1,143,42.0,33,10.0,8,11,0.552,0.88,0.5,13.0,22022
22201108,2023-03-25,Miami Heat,MIA vs. BKN,L,0,100,32.0,22,5.0,4,12,0.475,0.857,0.4,-29.0,22022
22201110,2023-03-25,Phoenix Suns,PHX vs. PHI,W,1,125,45.0,35,4.0,9,7,0.505,0.842,0.469,20.0,22022
22201109,2023-03-25,Denver Nuggets,DEN vs. MIL,W,1,129,48.0,28,4.0,3,10,0.528,0.714,0.417,23.0,22022
22201111,2023-03-25,Utah Jazz,UTA @ SAC,L,0,113,45.0,30,3.0,7,16,0.516,0.625,0.321,-8.0,22022
22201108,2023-03-25,Brooklyn Nets,BKN @ MIA,W,1,129,45.0,30,6.0,6,6,0.494,0.92,0.45,29.0,22022
22201110,2023-03-25,Philadelphia 76ers,PHI @ PHX,L,0,105,36.0,21,3.0,7,12,0.436,0.889,0.419,-20.0,22022
22201117,2023-03-26,Cleveland Cavaliers,CLE vs. HOU,W,1,108,41.0,20,5.0,7,9,0.47,0.875,0.3,17.0,22022
22201116,2023-03-26,San Antonio Spurs,SAS @ BOS,L,0,93,38.0,22,7.0,0,10,0.371,0.722,0.222,-44.0,22022
22201120,2023-03-26,Portland Trail Blazers,POR vs. OKC,L,0,112,37.0,18,5.0,7,18,0.476,0.741,0.438,-6.0,22022
22201120,2023-03-26,Oklahoma City Thunder,OKC @ POR,W,1,118,42.0,23,13.0,2,11,0.436,0.857,0.343,6.0,22022
22201114,2023-03-26,Chicago Bulls,CHI @ LAL,W,1,118,42.0,32,8.0,2,9,0.54,0.769,0.452,10.0,22022
22201117,2023-03-26,Houston Rockets,HOU @ CLE,L,0,91,36.0,20,6.0,1,16,0.438,0.833,0.24,-17.0,22022
22201114,2023-03-26,Los Angeles Lakers,LAL vs. CHI,L,0,108,38.0,24,5.0,4,18,0.507,0.679,0.361,-10.0,22022
22201116,2023-03-26,Boston Celtics,BOS vs. SAS,W,1,137,61.0,29,4.0,11,14,0.571,0.714,0.409,44.0,22022
22201115,2023-03-26,Atlanta Hawks,ATL vs. MEM,L,0,119,48.0,27,4.0,5,10,0.459,0.846,0.226,-4.0,22022
22201119,2023-03-26,Toronto Raptors,TOR vs. WAS,W,1,114,53.0,22,13.0,6,11,0.459,0.813,0.355,10.0,22022
22201118,2023-03-26,Brooklyn Nets,BKN @ ORL,L,0,106,44.0,17,7.0,8,15,0.407,0.857,0.229,-13.0,22022
22201118,2023-03-26,Orlando Magic,ORL vs. BKN,W,1,119,47.0,30,7.0,3,11,0.529,0.786,0.318,13.0,22022
22201119,2023-03-26,Washington Wizards,WAS @ TOR,L,0,104,45.0,25,6.0,2,16,0.442,0.6,0.444,-10.0,22022
22201113,2023-03-26,Dallas Mavericks,DAL @ CHA,L,0,104,37.0,18,8.0,7,8,0.381,0.955,0.388,-6.0,22022
22201121,2023-03-26,Golden State Warriors,GSW vs. MIN,L,0,96,37.0,25,9.0,2,16,0.415,0.765,0.375,-3.0,22022
22201113,2023-03-26,Charlotte Hornets,CHA vs. DAL,W,1,110,58.0,27,6.0,2,14,0.443,0.833,0.414,6.0,22022
22201115,2023-03-26,Memphis Grizzlies,MEM @ ATL,W,1,123,39.0,28,8.0,7,11,0.539,0.737,0.394,4.0,22022
22201121,2023-03-26,Minnesota Timberwolves,MIN @ GSW,W,1,99,49.0,25,10.0,2,17,0.425,0.56,0.425,3.0,22022
22201123,2023-03-27,Dallas Mavericks,DAL @ IND,W,1,127,33.0,29,7.0,8,13,0.566,0.882,0.486,23.0,22022
22201122,2023-03-27,Detroit Pistons,DET vs. MIL,L,0,117,47.0,22,5.0,0,10,0.446,0.778,0.292,-9.0,22022
22201124,2023-03-27,Houston Rockets,HOU @ NYK,L,0,115,40.0,24,6.0,4,14,0.483,0.828,0.269,-22.0,22022
22201124,2023-03-27,New York Knicks,NYK vs. HOU,W,1,137,39.0,35,11.0,8,10,0.581,0.714,0.436,22.0,22022
22201125,2023-03-27,Phoenix Suns,PHX @ UTA,W,1,117,49.0,31,7.0,7,6,0.426,0.909,0.306,14.0,22022
22201128,2023-03-27,Sacramento Kings,SAC vs. MIN,L,0,115,42.0,16,4.0,4,10,0.464,0.8,0.185,-4.0,22022
22201122,2023-03-27,Milwaukee Bucks,MIL @ DET,W,1,126,50.0,28,5.0,4,8,0.474,0.846,0.311,9.0,22022
22201127,2023-03-27,New Orleans Pelicans,NOP @ POR,W,1,124,53.0,31,5.0,6,16,0.57,0.824,0.429,34.0,22022
22201123,2023-03-27,Indiana Pacers,IND vs. DAL,L,0,104,43.0,20,6.0,3,13,0.419,0.783,0.286,-23.0,22022
22201125,2023-03-27,Utah Jazz,UTA vs. PHX,L,0,103,47.0,25,2.0,7,13,0.442,0.667,0.25,-14.0,22022
22201126,2023-03-27,Denver Nuggets,DEN vs. PHI,W,1,116,42.0,34,8.0,4,12,0.506,0.864,0.344,5.0,22022
22201129,2023-03-27,Chicago Bulls,CHI @ LAC,L,0,112,34.0,26,9.0,3,14,0.537,0.714,0.391,-12.0,22022
22201127,2023-03-27,Portland Trail Blazers,POR vs. NOP,L,0,90,29.0,15,6.0,2,12,0.389,0.867,0.212,-34.0,22022
22201128,2023-03-27,Minnesota Timberwolves,MIN @ SAC,W,1,119,40.0,33,6.0,3,6,0.512,0.647,0.375,4.0,22022
22201126,2023-03-27,Philadelphia 76ers,PHI @ DEN,L,0,111,40.0,18,10.0,3,11,0.483,0.773,0.267,-5.0,22022
22201129,2023-03-27,Los Angeles Clippers,LAC vs. CHI,W,1,124,37.0,41,10.0,4,15,0.593,0.5,0.5,12.0,22022
22201132,2023-03-28,Miami Heat,MIA @ TOR,L,0,92,43.0,18,6.0,3,15,0.4,0.947,0.303,-14.0,22022
22201134,2023-03-28,Charlotte Hornets,CHA @ OKC,W,1,137,52.0,34,6.0,7,18,0.553,0.633,0.4,3.0,22022
22201130,2023-03-28,Boston Celtics,BOS @ WAS,L,0,111,38.0,29,5.0,8,12,0.484,0.909,0.25,-19.0,22022
22201131,2023-03-28,Cleveland Cavaliers,CLE @ ATL,L,0,118,40.0,20,5.0,6,8,0.505,0.682,0.36,-2.0,22022
22201134,2023-03-28,Oklahoma City Thunder,OKC vs. CHA,L,0,134,39.0,25,11.0,3,11,0.521,0.793,0.367,-3.0,22022
22201135,2023-03-28,New Orleans Pelicans,NOP @ GSW,L,0,109,41.0,30,6.0,4,17,0.467,0.929,0.444,-11.0,22022
22201135,2023-03-28,Golden State Warriors,GSW vs. NOP,W,1,120,41.0,32,11.0,4,18,0.524,0.727,0.45,11.0,22022
22201133,2023-03-28,Memphis Grizzlies,MEM vs. ORL,W,1,113,49.0,26,11.0,6,16,0.477,0.739,0.353,5.0,22022
22201130,2023-03-28,Washington Wizards,WAS vs. BOS,W,1,130,43.0,33,7.0,3,9,0.545,0.692,0.351,19.0,22022
22201131,2023-03-28,Atlanta Hawks,ATL vs. CLE,W,1,120,51.0,25,5.0,3,12,0.461,0.788,0.444,2.0,22022
22201132,2023-03-28,Toronto Raptors,TOR vs. MIA,W,1,106,47.0,32,8.0,7,9,0.484,0.889,0.222,14.0,22022
22201133,2023-03-28,Orlando Magic,ORL @ MEM,L,0,108,47.0,24,9.0,8,16,0.41,0.8,0.286,-5.0,22022
22201143,2023-03-29,Utah Jazz,UTA @ SAS,W,1,128,45.0,28,5.0,6,16,0.544,0.9,0.387,11.0,22022
22201137,2023-03-29,Houston Rockets,HOU @ BKN,L,0,114,52.0,21,9.0,2,10,0.469,0.619,0.3,-9.0,22022
22201144,2023-03-29,Phoenix Suns,PHX vs. MIN,W,1,107,48.0,23,11.0,8,8,0.417,0.778,0.3,7.0,22022
22201145,2023-03-29,Sacramento Kings,SAC @ POR,W,1,120,59.0,30,9.0,4,8,0.457,0.75,0.375,40.0,22022
22201145,2023-03-29,Portland Trail Blazers,POR vs. SAC,L,0,80,45.0,18,5.0,6,14,0.323,0.917,0.231,-40.0,22022
22201137,2023-03-29,Brooklyn Nets,BKN vs. HOU,W,1,123,41.0,33,4.0,9,12,0.537,0.667,0.486,9.0,22022
22201136,2023-03-29,Milwaukee Bucks,MIL @ IND,W,1,149,52.0,28,5.0,5,18,0.624,0.767,0.4,13.0,22022
22201141,2023-03-29,Memphis Grizzlies,MEM vs. LAC,L,0,132,45.0,26,8.0,4,13,0.516,0.821,0.344,-9.0,22022
22201141,2023-03-29,Los Angeles Clippers,LAC @ MEM,W,1,141,32.0,28,8.0,4,15,0.615,0.742,0.595,9.0,22022
22201136,2023-03-29,Indiana Pacers,IND vs. MIL,L,0,136,29.0,36,9.0,4,8,0.525,0.727,0.467,-13.0,22022
22201140,2023-03-29,Chicago Bulls,CHI vs. LAL,L,0,110,32.0,31,10.0,4,14,0.511,0.846,0.273,-11.0,22022
22201143,2023-03-29,San Antonio Spurs,SAS vs. UTA,L,0,117,39.0,31,10.0,4,15,0.474,0.81,0.286,-11.0,22022
22201139,2023-03-29,Philadelphia 76ers,PHI vs. DAL,W,1,116,43.0,26,9.0,4,10,0.463,0.833,0.472,8.0,22022
22201140,2023-03-29,Los Angeles Lakers,LAL @ CHI,W,1,121,45.0,22,10.0,3,15,0.523,0.8,0.35,11.0,22022
22201142,2023-03-29,Oklahoma City Thunder,OKC vs. DET,W,1,107,38.0,19,7.0,3,9,0.448,0.76,0.345,1.0,22022
22201139,2023-03-29,Dallas Mavericks,DAL @ PHI,L,0,108,40.0,24,3.0,3,14,0.458,0.778,0.391,-8.0,22022
22201144,2023-03-29,Minnesota Timberwolves,MIN @ PHX,L,0,100,54.0,24,4.0,4,21,0.444,0.667,0.343,-7.0,22022
22201138,2023-03-29,Miami Heat,MIA @ NYK,L,0,92,35.0,20,5.0,0,11,0.443,0.643,0.333,-9.0,22022
22201138,2023-03-29,New York Knicks,NYK vs. MIA,W,1,101,47.0,22,8.0,3,15,0.5,0.522,0.419,9.0,22022
22201142,2023-03-29,Detroit Pistons,DET @ OKC,L,0,106,42.0,27,1.0,3,17,0.5,0.714,0.485,-1.0,22022
22201147,2023-03-30,New Orleans Pelicans,NOP @ DEN,W,1,107,46.0,22,6.0,1,10,0.475,0.818,0.481,19.0,22022
22201146,2023-03-30,Milwaukee Bucks,MIL vs. BOS,L,0,99,45.0,22,4.0,1,13,0.376,0.692,0.326,-41.0,22022
22201146,2023-03-30,Boston Celtics,BOS @ MIL,W,1,140,47.0,28,8.0,5,8,0.56,0.8,0.512,41.0,22022
22201147,2023-03-30,Denver Nuggets,DEN vs. NOP,L,0,88,40.0,21,4.0,5,9,0.4,0.625,0.143,-19.0,22022
22201154,2023-03-31,Cleveland Cavaliers,CLE vs. NYK,L,0,116,33.0,33,2.0,9,10,0.512,0.846,0.459,-14.0,22022
22201152,2023-03-31,Boston Celtics,BOS vs. UTA,W,1,122,42.0,27,8.0,4,11,0.438,0.955,0.333,8.0,22022
22201158,2023-03-31,Golden State Warriors,GSW vs. SAS,W,1,130,45.0,37,5.0,4,14,0.505,0.714,0.429,15.0,22022
22201152,2023-03-31,Utah Jazz,UTA @ BOS,L,0,114,52.0,23,3.0,7,18,0.479,0.929,0.31,-8.0,22022
22201156,2023-03-31,Los Angeles Clippers,LAC @ MEM,L,0,94,50.0,26,5.0,8,17,0.378,0.833,0.314,-14.0,22022
22201150,2023-03-31,Philadelphia 76ers,PHI vs. TOR,W,1,117,37.0,28,7.0,6,16,0.562,0.92,0.387,7.0,22022
22201158,2023-03-31,San Antonio Spurs,SAS @ GSW,L,0,115,46.0,27,8.0,4,13,0.462,0.696,0.395,-15.0,22022
22201160,2023-03-31,Phoenix Suns,PHX vs. DEN,W,1,100,51.0,28,8.0,7,16,0.42,0.762,0.37,7.0,22022
22201149,2023-03-31,Indiana Pacers,IND vs. OKC,W,1,121,56.0,30,5.0,4,15,0.459,0.679,0.293,4.0,22022
22201157,2023-03-31,Minnesota Timberwolves,MIN vs. LAL,L,0,111,39.0,25,10.0,4,16,0.432,0.842,0.333,-12.0,22022
22201150,2023-03-31,Toronto Raptors,TOR @ PHI,L,0,110,34.0,26,6.0,3,13,0.5,0.783,0.308,-7.0,22022
22201151,2023-03-31,Orlando Magic,ORL @ WAS,W,1,116,48.0,26,2.0,14,10,0.5,0.769,0.333,7.0,22022
22201160,2023-03-31,Denver Nuggets,DEN @ PHX,L,0,93,51.0,19,11.0,5,11,0.4,0.55,0.231,-7.0,22022
22201159,2023-03-31,Portland Trail Blazers,POR vs. SAC,L,0,114,33.0,29,9.0,6,18,0.471,0.652,0.5,-24.0,22022
22201156,2023-03-31,Memphis Grizzlies,MEM vs. LAC,W,1,108,51.0,25,11.0,7,14,0.448,0.765,0.273,14.0,22022
22201149,2023-03-31,Oklahoma City Thunder,OKC @ IND,L,0,117,45.0,21,10.0,3,10,0.477,0.853,0.133,-4.0,22022
22201155,2023-03-31,Houston Rockets,HOU vs. DET,W,1,121,46.0,18,9.0,5,12,0.458,0.756,0.355,6.0,22022
22201148,2023-03-31,Charlotte Hornets,CHA vs. CHI,L,0,91,36.0,27,3.0,5,21,0.455,0.7,0.378,-30.0,22022
22201154,2023-03-31,New York Knicks,NYK @ CLE,W,1,130,48.0,24,6.0,5,7,0.527,0.625,0.472,14.0,22022
22201155,2023-03-31,Detroit Pistons,DET @ HOU,L,0,115,40.0,24,7.0,7,12,0.483,0.667,0.314,-6.0,22022
22201153,2023-03-31,Atlanta Hawks,ATL @ BKN,L,0,107,46.0,23,6.0,3,11,0.429,0.913,0.216,-17.0,22022
22201153,2023-03-31,Brooklyn Nets,BKN vs. ATL,W,1,124,41.0,33,9.0,3,12,0.557,0.846,0.455,17.0,22022
22201159,2023-03-31,Sacramento Kings,SAC @ POR,W,1,138,41.0,38,11.0,7,13,0.614,0.733,0.487,24.0,22022
22201157,2023-03-31,Los Angeles Lakers,LAL @ MIN,W,1,123,53.0,28,10.0,5,16,0.5,0.8,0.409,12.0,22022
22201151,2023-03-31,Washington Wizards,WAS vs. ORL,L,0,109,51.0,24,5.0,5,12,0.39,0.833,0.34,-7.0,22022
22201148,2023-03-31,Chicago Bulls,CHI @ CHA,W,1,121,42.0,25,12.0,4,7,0.511,0.818,0.419,30.0,22022
22201162,2023-04-01,New Orleans Pelicans,NOP vs. LAC,W,1,122,40.0,21,6.0,5,7,0.488,0.886,0.412,8.0,22022
22201161,2023-04-01,Miami Heat,MIA vs. DAL,W,1,129,36.0,27,6.0,0,8,0.523,0.897,0.351,7.0,22022
22201161,2023-04-01,Dallas Mavericks,DAL @ MIA,L,0,122,31.0,32,3.0,2,14,0.61,0.875,0.412,-7.0,22022
22201162,2023-04-01,Los Angeles Clippers,LAC @ NOP,L,0,114,37.0,25,5.0,4,13,0.494,0.826,0.379,-8.0,22022
22201164,2023-04-02,Utah Jazz,UTA @ BKN,L,0,110,52.0,24,5.0,1,11,0.44,0.733,0.25,-1.0,22022
22201175,2023-04-02,Golden State Warriors,GSW @ DEN,L,0,110,57.0,26,9.0,4,15,0.4,1.0,0.214,-2.0,22022
22201165,2023-04-02,Memphis Grizzlies,MEM @ CHI,L,0,107,47.0,29,1.0,3,18,0.464,0.833,0.442,-21.0,22022
22201167,2023-04-02,Dallas Mavericks,DAL @ ATL,L,0,130,47.0,24,4.0,3,14,0.516,0.688,0.263,-2.0,22022
22201173,2023-04-02,Indiana Pacers,IND @ CLE,L,0,105,44.0,21,5.0,6,15,0.434,0.828,0.375,-10.0,22022
22201164,2023-04-02,Brooklyn Nets,BKN vs. UTA,W,1,111,40.0,25,6.0,2,8,0.442,0.765,0.281,1.0,22022
22201168,2023-04-02,New York Knicks,NYK vs. WAS,W,1,118,39.0,31,12.0,4,11,0.523,0.722,0.406,9.0,22022
22201168,2023-04-02,Washington Wizards,WAS @ NYK,L,0,109,38.0,26,9.0,5,18,0.494,0.833,0.432,-9.0,22022
22201174,2023-04-02,Philadelphia 76ers,PHI @ MIL,L,0,104,36.0,19,3.0,2,11,0.46,0.923,0.333,-13.0,22022
22201169,2023-04-02,Orlando Magic,ORL vs. DET,W,1,128,41.0,30,11.0,6,14,0.573,0.625,0.515,26.0,22022
22201163,2023-04-02,Charlotte Hornets,CHA vs. TOR,L,0,108,37.0,26,3.0,4,17,0.494,0.692,0.484,-20.0,22022
22201175,2023-04-02,Denver Nuggets,DEN vs. GSW,W,1,112,47.0,24,11.0,7,11,0.44,0.833,0.273,2.0,22022
22201167,2023-04-02,Atlanta Hawks,ATL vs. DAL,W,1,132,53.0,28,10.0,3,9,0.472,0.818,0.343,2.0,22022
22201166,2023-04-02,Minnesota Timberwolves,MIN vs. POR,L,0,105,47.0,29,3.0,5,18,0.481,0.783,0.423,-2.0,22022
22201170,2023-04-02,San Antonio Spurs,SAS @ SAC,W,1,142,52.0,31,8.0,3,17,0.531,0.862,0.382,8.0,22022
22201163,2023-04-02,Toronto Raptors,TOR @ CHA,W,1,128,45.0,38,8.0,6,7,0.538,1.0,0.286,20.0,22022
22201170,2023-04-02,Sacramento Kings,SAC vs. SAS,L,0,134,43.0,24,9.0,5,15,0.476,0.781,0.25,-8.0,22022
22201165,2023-04-02,Chicago Bulls,CHI vs. MEM,W,1,128,36.0,29,9.0,6,1,0.532,0.864,0.29,21.0,22022
22201172,2023-04-02,Phoenix Suns,PHX @ OKC,W,1,128,38.0,31,4.0,6,13,0.568,0.821,0.382,10.0,22022
22201171,2023-04-02,Los Angeles Lakers,LAL @ HOU,W,1,134,51.0,36,4.0,8,5,0.559,0.75,0.3,25.0,22022
22201172,2023-04-02,Oklahoma City Thunder,OKC vs. PHX,L,0,118,41.0,21,7.0,0,8,0.409,0.854,0.344,-10.0,22022
22201171,2023-04-02,Houston Rockets,HOU vs. LAL,L,0,109,44.0,23,4.0,4,8,0.431,0.8,0.382,-25.0,22022
22201169,2023-04-02,Detroit Pistons,DET @ ORL,L,0,102,38.0,22,4.0,1,16,0.41,0.806,0.273,-26.0,22022
22201173,2023-04-02,Cleveland Cavaliers,CLE vs. IND,W,1,115,43.0,23,7.0,7,10,0.489,0.692,0.375,10.0,22022
22201166,2023-04-02,Portland Trail Blazers,POR @ MIN,W,1,107,42.0,29,12.0,3,10,0.462,0.6,0.3,2.0,22022
22201174,2023-04-02,Milwaukee Bucks,MIL vs. PHI,W,1,117,42.0,28,8.0,5,9,0.575,0.714,0.357,13.0,22022
22201177,2023-04-04,Detroit Pistons,DET vs. MIA,L,0,105,35.0,21,5.0,2,14,0.493,0.815,0.393,-13.0,22022
22201182,2023-04-04,Chicago Bulls,CHI vs. ATL,L,0,105,32.0,16,8.0,6,8,0.461,0.8,0.226,-18.0,22022
22201178,2023-04-04,Orlando Magic,ORL vs. CLE,L,0,113,47.0,25,6.0,1,13,0.506,0.765,0.435,-4.0,22022
22201186,2023-04-04,Los Angeles Lakers,LAL @ UTA,W,1,135,44.0,27,6.0,7,11,0.5,0.771,0.353,2.0,22022
22201183,2023-04-04,Denver Nuggets,DEN @ HOU,L,0,103,47.0,26,9.0,13,20,0.471,0.556,0.306,-21.0,22022
22201182,2023-04-04,Atlanta Hawks,ATL @ CHI,W,1,123,48.0,26,5.0,7,16,0.558,0.895,0.357,18.0,22022
22201179,2023-04-04,Washington Wizards,WAS vs. MIL,L,0,128,42.0,30,7.0,4,9,0.505,0.714,0.481,-12.0,22022
22201188,2023-04-04,Phoenix Suns,PHX vs. SAS,W,1,115,57.0,25,7.0,7,13,0.483,0.731,0.303,21.0,22022
22201183,2023-04-04,Houston Rockets,HOU vs. DEN,W,1,124,55.0,23,12.0,3,13,0.461,0.75,0.387,21.0,22022
22201187,2023-04-04,Oklahoma City Thunder,OKC @ GSW,L,0,125,38.0,23,4.0,1,10,0.473,0.743,0.344,-11.0,22022
22201180,2023-04-04,Brooklyn Nets,BKN vs. MIN,L,0,102,40.0,21,6.0,8,9,0.433,0.786,0.371,-5.0,22022
22201184,2023-04-04,Portland Trail Blazers,POR @ MEM,L,0,109,49.0,23,7.0,7,8,0.433,0.647,0.333,-10.0,22022
22201185,2023-04-04,Sacramento Kings,SAC @ NOP,W,1,121,43.0,35,8.0,4,11,0.505,0.8,0.405,18.0,22022
22201178,2023-04-04,Cleveland Cavaliers,CLE @ ORL,W,1,117,30.0,23,3.0,7,8,0.5,0.9,0.484,4.0,22022
22201177,2023-04-04,Miami Heat,MIA @ DET,W,1,118,33.0,26,12.0,2,7,0.513,0.885,0.361,13.0,22022
22201188,2023-04-04,San Antonio Spurs,SAS @ PHX,L,0,94,38.0,25,7.0,5,12,0.389,0.786,0.325,-21.0,22022
22201176,2023-04-04,Toronto Raptors,TOR @ CHA,W,1,120,41.0,27,13.0,7,6,0.477,0.75,0.455,20.0,22022
22201179,2023-04-04,Milwaukee Bucks,MIL @ WAS,W,1,140,56.0,33,6.0,7,18,0.543,0.586,0.548,12.0,22022
22201180,2023-04-04,Minnesota Timberwolves,MIN @ BKN,W,1,107,44.0,21,7.0,6,8,0.482,0.773,0.333,5.0,22022
22201181,2023-04-04,Philadelphia 76ers,PHI vs. BOS,W,1,103,37.0,21,3.0,7,10,0.5,0.875,0.379,2.0,22022
22201186,2023-04-04,Utah Jazz,UTA vs. LAL,L,0,133,41.0,29,4.0,3,12,0.522,0.774,0.455,-2.0,22022
22201184,2023-04-04,Memphis Grizzlies,MEM vs. POR,W,1,119,49.0,30,5.0,5,11,0.483,0.773,0.375,10.0,22022
22201176,2023-04-04,Charlotte Hornets,CHA vs. TOR,L,0,100,42.0,27,3.0,4,17,0.468,0.842,0.387,-20.0,22022
22201187,2023-04-04,Golden State Warriors,GSW vs. OKC,W,1,136,54.0,25,6.0,6,13,0.495,0.733,0.426,11.0,22022
22201181,2023-04-04,Boston Celtics,BOS @ PHI,L,0,101,43.0,28,4.0,4,8,0.418,0.625,0.333,-2.0,22022
22201185,2023-04-04,New Orleans Pelicans,NOP vs. SAC,L,0,103,37.0,20,6.0,4,13,0.44,0.815,0.35,-18.0,22022
22201191,2023-04-05,Washington Wizards,WAS @ ATL,L,0,116,39.0,23,10.0,9,14,0.479,0.769,0.214,-18.0,22022
22201194,2023-04-05,New Orleans Pelicans,NOP vs. MEM,W,1,138,44.0,35,9.0,8,16,0.5,0.744,0.538,7.0,22022
22201196,2023-04-05,Los Angeles Lakers,LAL @ LAC,L,0,118,44.0,27,4.0,3,14,0.506,0.667,0.414,-7.0,22022
22201193,2023-04-05,Milwaukee Bucks,MIL vs. CHI,W,1,105,53.0,26,7.0,3,12,0.424,0.818,0.391,13.0,22022
22201195,2023-04-05,Sacramento Kings,SAC @ DAL,L,0,119,57.0,31,7.0,1,9,0.434,0.789,0.324,-4.0,22022
22201190,2023-04-05,New York Knicks,NYK @ IND,W,1,138,52.0,34,13.0,8,14,0.52,0.64,0.391,9.0,22022
22201189,2023-04-05,Brooklyn Nets,BKN @ DET,W,1,123,38.0,36,6.0,7,11,0.523,0.696,0.395,15.0,22022
22201196,2023-04-05,Los Angeles Clippers,LAC vs. LAL,W,1,125,38.0,23,9.0,4,12,0.524,0.852,0.444,7.0,22022
22201191,2023-04-05,Atlanta Hawks,ATL vs. WAS,W,1,134,48.0,30,10.0,5,16,0.512,0.875,0.433,18.0,22022
22201195,2023-04-05,Dallas Mavericks,DAL vs. SAC,W,1,123,39.0,24,4.0,7,10,0.494,0.833,0.455,4.0,22022
22201193,2023-04-05,Chicago Bulls,CHI @ MIL,L,0,92,38.0,28,10.0,3,15,0.434,0.818,0.333,-13.0,22022
22201189,2023-04-05,Detroit Pistons,DET vs. BKN,L,0,108,34.0,27,5.0,3,14,0.488,0.929,0.464,-15.0,22022
22201192,2023-04-05,Toronto Raptors,TOR @ BOS,L,0,93,50.0,20,10.0,7,11,0.411,0.765,0.182,-4.0,22022
22201192,2023-04-05,Boston Celtics,BOS vs. TOR,W,1,97,48.0,20,5.0,7,15,0.427,0.556,0.289,4.0,22022
22201190,2023-04-05,Indiana Pacers,IND vs. NYK,L,0,129,37.0,33,6.0,5,17,0.517,0.8,0.5,-9.0,22022
22201194,2023-04-05,Memphis Grizzlies,MEM @ NOP,L,0,131,49.0,33,10.0,6,13,0.481,0.76,0.333,-7.0,22022
22201198,2023-04-06,Miami Heat,MIA @ PHI,W,1,129,42.0,39,3.0,0,10,0.557,0.867,0.462,28.0,22022
22201199,2023-04-06,Portland Trail Blazers,POR @ SAS,L,0,127,36.0,34,7.0,14,15,0.531,0.833,0.357,-2.0,22022
22201200,2023-04-06,Oklahoma City Thunder,OKC @ UTA,W,1,114,50.0,29,12.0,2,12,0.402,0.808,0.333,16.0,22022
22201198,2023-04-06,Philadelphia 76ers,PHI vs. MIA,L,0,101,32.0,23,7.0,4,15,0.513,0.867,0.278,-28.0,22022
22201197,2023-04-06,Cleveland Cavaliers,CLE @ ORL,W,1,118,42.0,31,13.0,7,16,0.523,0.889,0.474,24.0,22022
22201201,2023-04-06,Phoenix Suns,PHX vs. DEN,W,1,119,33.0,26,4.0,6,10,0.519,0.8,0.472,4.0,22022
22201200,2023-04-06,Utah Jazz,UTA vs. OKC,L,0,98,45.0,24,5.0,2,19,0.494,0.688,0.161,-16.0,22022
22201201,2023-04-06,Denver Nuggets,DEN @ PHX,L,0,115,38.0,24,7.0,2,12,0.53,0.826,0.348,-4.0,22022
22201199,2023-04-06,San Antonio Spurs,SAS vs. POR,W,1,129,47.0,29,9.0,4,14,0.443,0.893,0.286,2.0,22022
22201197,2023-04-06,Orlando Magic,ORL vs. CLE,L,0,94,39.0,21,8.0,8,21,0.398,0.789,0.333,-24.0,22022
22201211,2023-04-07,Sacramento Kings,SAC vs. GSW,L,0,97,40.0,24,10.0,3,12,0.388,0.556,0.282,-22.0,22022
22201208,2023-04-07,Memphis Grizzlies,MEM @ MIL,W,1,137,44.0,39,9.0,6,12,0.57,0.733,0.476,23.0,22022
22201202,2023-04-07,Charlotte Hornets,CHA vs. HOU,L,0,109,41.0,22,10.0,9,17,0.432,0.741,0.317,-3.0,22022
22201212,2023-04-07,Los Angeles Lakers,LAL vs. PHX,W,1,121,54.0,25,6.0,6,15,0.489,0.765,0.5,14.0,22022
22201211,2023-04-07,Golden State Warriors,GSW @ SAC,W,1,119,47.0,36,6.0,7,24,0.526,0.875,0.444,22.0,22022
22201209,2023-04-07,New Orleans Pelicans,NOP vs. NYK,W,1,113,43.0,27,4.0,7,12,0.532,0.95,0.357,8.0,22022
22201208,2023-04-07,Milwaukee Bucks,MIL vs. MEM,L,0,114,38.0,30,5.0,3,17,0.457,0.818,0.429,-23.0,22022
22201205,2023-04-07,Philadelphia 76ers,PHI @ ATL,W,1,136,52.0,33,10.0,2,20,0.5,0.793,0.5,5.0,22022
22201210,2023-04-07,Chicago Bulls,CHI @ DAL,W,1,115,50.0,24,6.0,4,12,0.523,0.667,0.355,3.0,22022
22201203,2023-04-07,Detroit Pistons,DET @ IND,W,1,122,42.0,24,12.0,6,13,0.489,0.808,0.419,7.0,22022
22201206,2023-04-07,Boston Celtics,BOS vs. TOR,W,1,121,53.0,37,4.0,7,19,0.556,0.762,0.341,19.0,22022
22201207,2023-04-07,Brooklyn Nets,BKN vs. ORL,W,1,101,45.0,27,14.0,3,9,0.393,0.88,0.214,17.0,22022
22201209,2023-04-07,New York Knicks,NYK @ NOP,L,0,105,37.0,19,5.0,2,9,0.432,0.75,0.326,-8.0,22022
22201206,2023-04-07,Toronto Raptors,TOR @ BOS,L,0,102,35.0,21,12.0,2,7,0.43,0.765,0.29,-19.0,22022
22201204,2023-04-07,Washington Wizards,WAS vs. MIA,W,1,114,50.0,23,4.0,3,16,0.464,0.784,0.212,6.0,22022
22201205,2023-04-07,Atlanta Hawks,ATL vs. PHI,L,0,131,38.0,32,11.0,7,20,0.554,0.679,0.303,-5.0,22022
22201207,2023-04-07,Orlando Magic,ORL @ BKN,L,0,84,57.0,17,6.0,6,21,0.356,0.882,0.184,-17.0,22022
22201204,2023-04-07,Miami Heat,MIA @ WAS,L,0,108,47.0,26,7.0,4,16,0.439,0.583,0.319,-6.0,22022
22201202,2023-04-07,Houston Rockets,HOU @ CHA,W,1,112,48.0,21,11.0,9,18,0.472,0.75,0.333,3.0,22022
22201212,2023-04-07,Phoenix Suns,PHX @ LAL,L,0,107,47.0,23,7.0,10,9,0.413,0.857,0.25,-14.0,22022
22201210,2023-04-07,Dallas Mavericks,DAL vs. CHI,L,0,112,43.0,23,7.0,3,9,0.452,0.769,0.327,-3.0,22022
22201203,2023-04-07,Indiana Pacers,IND vs. DET,L,0,115,42.0,29,7.0,3,19,0.494,0.786,0.355,-7.0,22022
22201213,2023-04-08,Utah Jazz,UTA vs. DEN,W,1,118,59.0,30,9.0,2,16,0.44,0.826,0.314,4.0,22022
22201214,2023-04-08,San Antonio Spurs,SAS vs. MIN,L,0,131,45.0,34,5.0,4,13,0.526,0.75,0.448,-20.0,22022
22201215,2023-04-08,Los Angeles Clippers,LAC vs. POR,W,1,136,51.0,30,7.0,5,12,0.527,0.867,0.343,11.0,22022
22201215,2023-04-08,Portland Trail Blazers,POR @ LAC,L,0,125,34.0,32,8.0,4,10,0.528,0.739,0.438,-11.0,22022
22201214,2023-04-08,Minnesota Timberwolves,MIN @ SAS,W,1,151,45.0,42,8.0,8,7,0.554,0.714,0.558,20.0,22022
22201213,2023-04-08,Denver Nuggets,DEN @ UTA,L,0,114,41.0,32,7.0,9,14,0.456,0.708,0.326,-4.0,22022
22201225,2023-04-09,New Orleans Pelicans,NOP @ MIN,L,0,108,49.0,18,13.0,3,15,0.444,0.862,0.143,-5.0,22022
22201230,2023-04-09,Portland Trail Blazers,POR vs. GSW,L,0,101,30.0,25,5.0,3,14,0.4,0.667,0.257,-56.0,22022
22201228,2023-04-09,Utah Jazz,UTA @ LAL,L,0,117,45.0,31,4.0,4,11,0.505,0.833,0.286,-11.0,22022
22201219,2023-04-09,Orlando Magic,ORL @ MIA,L,0,110,43.0,29,13.0,1,14,0.422,0.708,0.362,-13.0,22022
22201222,2023-04-09,Washington Wizards,WAS vs. HOU,L,0,109,51.0,28,11.0,5,12,0.423,0.619,0.311,-5.0,22022
22201226,2023-04-09,Oklahoma City Thunder,OKC vs. MEM,W,1,115,49.0,30,5.0,2,14,0.5,0.813,0.333,15.0,22022
22201227,2023-04-09,Sacramento Kings,SAC @ DEN,L,0,95,34.0,24,7.0,6,15,0.435,0.667,0.256,-14.0,22022
22201223,2023-04-09,Detroit Pistons,DET @ CHI,L,0,81,59.0,20,1.0,3,24,0.365,0.769,0.273,-22.0,22022
22201230,2023-04-09,Golden State Warriors,GSW @ POR,W,1,157,58.0,47,13.0,6,15,0.604,0.875,0.551,56.0,22022
22201226,2023-04-09,Memphis Grizzlies,MEM @ OKC,L,0,100,43.0,25,8.0,4,12,0.435,0.722,0.189,-15.0,22022
22201219,2023-04-09,Miami Heat,MIA vs. ORL,W,1,123,44.0,30,10.0,3,18,0.542,0.75,0.409,13.0,22022
22201221,2023-04-09,Milwaukee Bucks,MIL @ TOR,L,0,105,38.0,28,5.0,2,14,0.463,0.81,0.353,-16.0,22022
22201222,2023-04-09,Houston Rockets,HOU @ WAS,W,1,114,51.0,24,8.0,6,15,0.489,0.714,0.286,5.0,22022
22201229,2023-04-09,Phoenix Suns,PHX vs. LAC,L,0,114,47.0,29,4.0,3,7,0.424,0.727,0.378,-5.0,22022
22201221,2023-04-09,Toronto Raptors,TOR vs. MIL,W,1,121,45.0,29,8.0,2,9,0.505,0.875,0.333,16.0,22022
22201218,2023-04-09,Charlotte Hornets,CHA @ CLE,W,1,106,49.0,23,8.0,5,18,0.457,0.867,0.188,11.0,22022
22201218,2023-04-09,Cleveland Cavaliers,CLE vs. CHA,L,0,95,44.0,27,9.0,5,16,0.393,0.938,0.27,-11.0,22022
22201220,2023-04-09,Indiana Pacers,IND @ NYK,W,1,141,44.0,33,8.0,9,15,0.517,0.789,0.559,5.0,22022
22201224,2023-04-09,Dallas Mavericks,DAL vs. SAS,L,0,117,46.0,28,4.0,3,2,0.426,0.5,0.321,-21.0,22022
22201220,2023-04-09,New York Knicks,NYK vs. IND,L,0,136,53.0,29,8.0,8,15,0.481,0.773,0.375,-5.0,22022
22201217,2023-04-09,Brooklyn Nets,BKN vs. PHI,L,0,105,42.0,22,6.0,6,18,0.422,0.821,0.375,-29.0,22022
22201229,2023-04-09,Los Angeles Clippers,LAC @ PHX,W,1,119,53.0,22,3.0,5,10,0.49,0.667,0.217,5.0,22022
22201216,2023-04-09,Boston Celtics,BOS vs. ATL,W,1,120,47.0,33,5.0,3,15,0.472,0.786,0.463,6.0,22022
22201216,2023-04-09,Atlanta Hawks,ATL @ BOS,L,0,114,50.0,27,11.0,5,9,0.454,0.789,0.282,-6.0,22022
22201227,2023-04-09,Denver Nuggets,DEN vs. SAC,W,1,109,51.0,25,11.0,2,16,0.5,0.72,0.25,14.0,22022
22201225,2023-04-09,Minnesota Timberwolves,MIN vs. NOP,W,1,113,42.0,25,7.0,8,17,0.476,0.71,0.361,5.0,22022
22201224,2023-04-09,San Antonio Spurs,SAS @ DAL,W,1,138,69.0,31,2.0,3,12,0.49,0.7,0.395,21.0,22022
22201228,2023-04-09,Los Angeles Lakers,LAL vs. UTA,W,1,128,49.0,28,4.0,7,10,0.485,0.762,0.4,11.0,22022
22201217,2023-04-09,Philadelphia 76ers,PHI @ BKN,W,1,134,50.0,31,10.0,5,13,0.525,0.737,0.438,29.0,22022
22201223,2023-04-09,Chicago Bulls,CHI vs. DET,W,1,103,48.0,21,15.0,7,3,0.421,0.773,0.2,22.0,22022
22300061,2023-10-24,Denver Nuggets,DEN vs. LAL,W,1,119,42.0,29,9.0,6,11,0.527,0.75,0.412,12.0,22023
22300062,2023-10-24,Golden State Warriors,GSW vs. PHX,L,0,104,49.0,19,11.0,6,11,0.356,0.786,0.233,-4.0,22023
22300062,2023-10-24,Phoenix Suns,PHX @ GSW,W,1,108,60.0,23,5.0,7,19,0.442,0.765,0.333,4.0,22023
22300061,2023-10-24,Los Angeles Lakers,LAL @ DEN,L,0,107,44.0,23,5.0,4,11,0.456,0.75,0.345,-12.0,22023
22300064,2023-10-25,Washington Wizards,WAS @ IND,L,0,120,45.0,28,6.0,9,14,0.458,0.793,0.375,-23.0,22023
22300063,2023-10-25,Atlanta Hawks,ATL @ CHA,L,0,110,42.0,24,12.0,1,12,0.419,0.818,0.172,-6.0,22023
22300064,2023-10-25,Indiana Pacers,IND vs. WAS,W,1,143,51.0,38,10.0,8,12,0.523,0.917,0.465,23.0,22023
22300070,2023-10-25,Chicago Bulls,CHI vs. OKC,L,0,104,42.0,26,10.0,3,12,0.415,0.778,0.286,-20.0,22023
22300074,2023-10-25,Portland Trail Blazers,POR @ LAC,L,0,111,40.0,20,10.0,4,17,0.473,0.765,0.313,-12.0,22023
22300068,2023-10-25,Miami Heat,MIA vs. DET,W,1,103,48.0,22,11.0,3,7,0.402,0.808,0.364,1.0,22023
22300070,2023-10-25,Oklahoma City Thunder,OKC @ CHI,W,1,124,43.0,30,6.0,4,15,0.549,0.833,0.487,20.0,22023
22300071,2023-10-25,New Orleans Pelicans,NOP @ MEM,W,1,111,52.0,22,8.0,5,21,0.471,0.773,0.438,7.0,22023
22300072,2023-10-25,Utah Jazz,UTA vs. SAC,L,0,114,54.0,22,6.0,2,14,0.451,0.742,0.321,-16.0,22023
22300074,2023-10-25,Los Angeles Clippers,LAC vs. POR,W,1,123,45.0,36,11.0,7,17,0.522,0.813,0.471,12.0,22023
22300069,2023-10-25,Minnesota Timberwolves,MIN @ TOR,L,0,94,62.0,20,8.0,9,14,0.34,0.818,0.258,-3.0,22023
22300065,2023-10-25,Boston Celtics,BOS @ NYK,W,1,108,46.0,18,6.0,11,13,0.481,0.846,0.308,4.0,22023
22300067,2023-10-25,Brooklyn Nets,BKN vs. CLE,L,0,113,50.0,30,6.0,6,17,0.5,0.769,0.333,-1.0,22023
22300066,2023-10-25,Houston Rockets,HOU @ ORL,L,0,86,31.0,19,6.0,3,18,0.405,0.625,0.353,-30.0,22023
22300063,2023-10-25,Charlotte Hornets,CHA vs. ATL,W,1,116,51.0,34,5.0,3,19,0.5,0.731,0.297,6.0,22023
22300073,2023-10-25,Dallas Mavericks,DAL @ SAS,W,1,126,48.0,24,6.0,3,12,0.475,0.739,0.319,7.0,22023
22300071,2023-10-25,Memphis Grizzlies,MEM vs. NOP,L,0,104,37.0,23,8.0,7,13,0.418,0.8,0.279,-7.0,22023
22300067,2023-10-25,Cleveland Cavaliers,CLE @ BKN,W,1,114,38.0,25,10.0,6,10,0.468,0.9,0.395,1.0,22023
22300068,2023-10-25,Detroit Pistons,DET @ MIA,L,0,102,56.0,28,3.0,13,16,0.446,0.6,0.344,-1.0,22023
22300065,2023-10-25,New York Knicks,NYK vs. BOS,L,0,104,47.0,24,9.0,0,9,0.371,0.538,0.439,-4.0,22023
22300069,2023-10-25,Toronto Raptors,TOR vs. MIN,W,1,97,47.0,27,9.0,11,14,0.4,0.688,0.4,3.0,22023
22300066,2023-10-25,Orlando Magic,ORL vs. HOU,W,1,116,57.0,19,8.0,6,14,0.483,0.885,0.265,30.0,22023
22300073,2023-10-25,San Antonio Spurs,SAS vs. DAL,L,0,119,45.0,33,8.0,5,19,0.517,0.727,0.314,-7.0,22023
22300072,2023-10-25,Sacramento Kings,SAC @ UTA,W,1,130,45.0,29,6.0,8,11,0.461,0.85,0.373,16.0,22023
22300075,2023-10-26,Milwaukee Bucks,MIL vs. PHI,W,1,118,43.0,20,9.0,4,14,0.506,0.694,0.367,1.0,22023
22300076,2023-10-26,Los Angeles Lakers,LAL vs. PHX,W,1,100,42.0,24,14.0,7,16,0.429,0.793,0.172,5.0,22023
22300076,2023-10-26,Phoenix Suns,PHX @ LAL,L,0,95,49.0,16,7.0,3,20,0.42,0.783,0.29,-5.0,22023
22300075,2023-10-26,Philadelphia 76ers,PHI @ MIL,L,0,117,39.0,25,8.0,4,15,0.513,0.679,0.457,-1.0,22023
22300082,2023-10-27,Chicago Bulls,CHI vs. TOR,W,1,104,52.0,18,10.0,5,16,0.374,0.786,0.205,1.0,22023
22300084,2023-10-27,Brooklyn Nets,BKN @ DAL,L,0,120,47.0,30,5.0,4,15,0.489,0.9,0.488,-5.0,22023
22300078,2023-10-27,Memphis Grizzlies,MEM vs. DEN,L,0,104,48.0,22,13.0,7,20,0.435,0.833,0.303,-4.0,22023
22300077,2023-10-27,Detroit Pistons,DET @ CHA,W,1,111,53.0,28,7.0,6,23,0.455,0.84,0.333,12.0,22023
22300081,2023-10-27,Cleveland Cavaliers,CLE vs. OKC,L,0,105,48.0,20,10.0,8,13,0.413,0.739,0.267,-3.0,22023
22300085,2023-10-27,Los Angeles Clippers,LAC @ UTA,L,0,118,36.0,17,8.0,6,14,0.532,0.786,0.4,-2.0,22023
22300086,2023-10-27,Orlando Magic,ORL @ POR,W,1,102,45.0,22,10.0,5,14,0.456,0.656,0.321,5.0,22023
22300078,2023-10-27,Denver Nuggets,DEN @ MEM,W,1,108,40.0,27,11.0,10,17,0.466,0.667,0.378,4.0,22023
22300077,2023-10-27,Charlotte Hornets,CHA vs. DET,L,0,99,41.0,20,13.0,7,18,0.375,0.765,0.25,-12.0,22023
22300085,2023-10-27,Utah Jazz,UTA vs. LAC,W,1,120,45.0,27,7.0,4,14,0.438,0.909,0.39,2.0,22023
22300079,2023-10-27,Atlanta Hawks,ATL vs. NYK,L,0,120,44.0,28,7.0,6,14,0.483,0.8,0.375,-6.0,22023
22300080,2023-10-27,Miami Heat,MIA @ BOS,L,0,111,45.0,24,8.0,6,12,0.427,0.826,0.485,-8.0,22023
22300079,2023-10-27,New York Knicks,NYK @ ATL,W,1,126,45.0,30,9.0,6,16,0.478,0.714,0.455,6.0,22023
22300083,2023-10-27,San Antonio Spurs,SAS vs. HOU,W,1,126,43.0,32,11.0,4,18,0.489,0.75,0.31,4.0,22023
22300087,2023-10-27,Golden State Warriors,GSW @ SAC,W,1,122,39.0,32,14.0,3,19,0.552,0.857,0.438,8.0,22023
22300082,2023-10-27,Toronto Raptors,TOR @ CHI,L,0,103,53.0,25,5.0,2,21,0.464,0.64,0.25,-1.0,22023
22300081,2023-10-27,Oklahoma City Thunder,OKC @ CLE,W,1,108,47.0,22,8.0,10,18,0.46,0.789,0.5,3.0,22023
22300084,2023-10-27,Dallas Mavericks,DAL vs. BKN,W,1,125,40.0,20,5.0,2,9,0.484,0.786,0.417,5.0,22023
22300083,2023-10-27,Houston Rockets,HOU @ SAS,L,0,122,43.0,30,7.0,2,18,0.52,0.5,0.25,-4.0,22023
22300086,2023-10-27,Portland Trail Blazers,POR vs. ORL,L,0,97,47.0,15,6.0,1,16,0.398,0.857,0.281,-5.0,22023
22300087,2023-10-27,Sacramento Kings,SAC vs. GSW,L,0,114,41.0,24,10.0,3,14,0.436,0.69,0.3,-8.0,22023
22300080,2023-10-27,Boston Celtics,BOS vs. MIA,W,1,119,55.0,20,7.0,6,15,0.474,0.684,0.41,8.0,22023
22300092,2023-10-28,Toronto Raptors,TOR vs. PHI,L,0,107,41.0,28,5.0,5,13,0.437,0.737,0.531,-7.0,22023
22300089,2023-10-28,Memphis Grizzlies,MEM @ WAS,L,0,106,45.0,27,7.0,8,16,0.429,1.0,0.404,-7.0,22023
22300090,2023-10-28,New York Knicks,NYK @ NOP,L,0,87,59.0,19,7.0,3,18,0.367,0.778,0.189,-9.0,22023
22300093,2023-10-28,Miami Heat,MIA @ MIN,L,0,90,42.0,24,6.0,1,14,0.402,0.571,0.316,-16.0,22023
22300094,2023-10-28,Phoenix Suns,PHX vs. UTA,W,1,126,39.0,31,10.0,7,11,0.529,0.929,0.27,22.0,22023
22300091,2023-10-28,Cleveland Cavaliers,CLE vs. IND,L,0,113,51.0,29,2.0,6,6,0.434,0.625,0.387,-12.0,22023
22300093,2023-10-28,Minnesota Timberwolves,MIN vs. MIA,W,1,106,47.0,30,9.0,3,14,0.512,0.75,0.353,16.0,22023
22300094,2023-10-28,Utah Jazz,UTA @ PHX,L,0,104,45.0,26,6.0,5,18,0.44,0.857,0.324,-22.0,22023
22300092,2023-10-28,Philadelphia 76ers,PHI @ TOR,W,1,114,42.0,25,8.0,7,9,0.5,0.857,0.357,7.0,22023
22300088,2023-10-28,Chicago Bulls,CHI @ DET,L,0,102,33.0,16,10.0,5,8,0.419,0.813,0.393,-16.0,22023
22300088,2023-10-28,Detroit Pistons,DET vs. CHI,W,1,118,53.0,29,4.0,4,15,0.523,0.8,0.429,16.0,22023
22300089,2023-10-28,Washington Wizards,WAS vs. MEM,W,1,113,45.0,24,9.0,5,11,0.43,0.773,0.348,7.0,22023
22300090,2023-10-28,New Orleans Pelicans,NOP vs. NYK,W,1,96,43.0,20,8.0,5,13,0.46,0.438,0.273,9.0,22023
22300091,2023-10-28,Indiana Pacers,IND @ CLE,W,1,125,48.0,36,3.0,4,7,0.49,0.824,0.395,12.0,22023
22300096,2023-10-29,Golden State Warriors,GSW @ HOU,W,1,106,49.0,27,6.0,6,14,0.432,0.783,0.4,11.0,22023
22300097,2023-10-29,Atlanta Hawks,ATL @ MIL,W,1,127,46.0,32,15.0,2,17,0.505,0.818,0.405,17.0,22023
22300100,2023-10-29,Los Angeles Lakers,LAL @ SAC,L,0,127,53.0,27,4.0,4,12,0.439,0.765,0.333,-5.0,22023
22300095,2023-10-29,Oklahoma City Thunder,OKC vs. DEN,L,0,95,29.0,22,8.0,4,9,0.411,0.833,0.188,-33.0,22023
22300097,2023-10-29,Milwaukee Bucks,MIL vs. ATL,L,0,110,39.0,22,10.0,3,23,0.453,0.8,0.364,-17.0,22023
22300099,2023-10-29,San Antonio Spurs,SAS @ LAC,L,0,83,37.0,21,9.0,6,25,0.375,0.75,0.333,-40.0,22023
22300100,2023-10-29,Sacramento Kings,SAC vs. LAL,W,1,132,47.0,30,6.0,7,10,0.471,0.708,0.354,5.0,22023
22300098,2023-10-29,Portland Trail Blazers,POR @ PHI,L,0,98,42.0,19,10.0,9,15,0.383,0.864,0.226,-28.0,22023
22300099,2023-10-29,Los Angeles Clippers,LAC vs. SAS,W,1,123,48.0,23,15.0,5,16,0.516,0.619,0.381,40.0,22023
22300098,2023-10-29,Philadelphia 76ers,PHI vs. POR,W,1,126,51.0,28,10.0,17,15,0.488,0.875,0.393,28.0,22023
22300096,2023-10-29,Houston Rockets,HOU vs. GSW,L,0,95,42.0,22,7.0,4,7,0.378,0.947,0.273,-11.0,22023
22300095,2023-10-29,Denver Nuggets,DEN @ OKC,W,1,128,48.0,34,8.0,5,13,0.602,0.846,0.407,33.0,22023
22300106,2023-10-30,Dallas Mavericks,DAL @ MEM,W,1,125,48.0,24,4.0,7,15,0.5,0.75,0.489,15.0,22023
22300110,2023-10-30,Utah Jazz,UTA @ DEN,L,0,102,51.0,30,6.0,2,12,0.429,0.467,0.297,-8.0,22023
22300106,2023-10-30,Memphis Grizzlies,MEM vs. DAL,L,0,110,44.0,22,9.0,4,12,0.457,0.6,0.378,-15.0,22023
22300109,2023-10-30,Detroit Pistons,DET @ OKC,L,0,112,41.0,31,6.0,5,16,0.429,0.792,0.536,-12.0,22023
22300108,2023-10-30,Golden State Warriors,GSW @ NOP,W,1,130,64.0,28,6.0,7,14,0.52,0.65,0.366,28.0,22023
22300104,2023-10-30,Atlanta Hawks,ATL vs. MIN,W,1,127,36.0,28,6.0,7,9,0.558,0.944,0.467,14.0,22023
22300111,2023-10-30,Los Angeles Lakers,LAL vs. ORL,W,1,106,40.0,28,7.0,10,16,0.532,0.778,0.296,3.0,22023
22300110,2023-10-30,Denver Nuggets,DEN vs. UTA,W,1,110,43.0,32,4.0,8,12,0.56,0.412,0.321,8.0,22023
22300108,2023-10-30,New Orleans Pelicans,NOP vs. GSW,L,0,102,39.0,23,8.0,3,11,0.409,0.615,0.256,-28.0,22023
22300103,2023-10-30,Washington Wizards,WAS vs. BOS,L,0,107,40.0,26,12.0,4,15,0.448,0.692,0.306,-19.0,22023
22300109,2023-10-30,Oklahoma City Thunder,OKC vs. DET,W,1,124,44.0,21,9.0,10,15,0.53,0.821,0.448,12.0,22023
22300107,2023-10-30,Milwaukee Bucks,MIL vs. MIA,W,1,122,43.0,24,8.0,5,14,0.506,0.733,0.324,8.0,22023
22300101,2023-10-30,Charlotte Hornets,CHA vs. BKN,L,0,121,39.0,33,8.0,5,9,0.49,0.95,0.258,-12.0,22023
22300103,2023-10-30,Boston Celtics,BOS @ WAS,W,1,126,51.0,31,11.0,6,17,0.5,0.714,0.358,19.0,22023
22300102,2023-10-30,Indiana Pacers,IND vs. CHI,L,0,105,47.0,26,7.0,5,17,0.409,0.84,0.261,-7.0,22023
22300102,2023-10-30,Chicago Bulls,CHI @ IND,W,1,112,44.0,19,8.0,6,13,0.46,0.839,0.353,7.0,22023
22300101,2023-10-30,Brooklyn Nets,BKN @ CHA,W,1,133,46.0,25,4.0,8,13,0.563,0.719,0.364,12.0,22023
22300107,2023-10-30,Miami Heat,MIA @ MIL,L,0,114,40.0,27,7.0,2,14,0.477,0.95,0.382,-8.0,22023
22300105,2023-10-30,Portland Trail Blazers,POR @ TOR,W,1,99,51.0,20,6.0,7,14,0.447,0.8,0.314,8.0,22023
22300105,2023-10-30,Toronto Raptors,TOR vs. POR,L,0,91,47.0,19,10.0,4,11,0.404,0.733,0.138,-8.0,22023
22300104,2023-10-30,Minnesota Timberwolves,MIN @ ATL,L,0,113,38.0,24,5.0,5,10,0.489,0.6,0.485,-14.0,22023
22300111,2023-10-30,Orlando Magic,ORL @ LAL,L,0,103,44.0,28,10.0,3,11,0.4,0.722,0.4,-3.0,22023
22300114,2023-10-31,Orlando Magic,ORL @ LAC,L,0,102,40.0,23,9.0,3,16,0.469,0.576,0.233,-16.0,22023
22300112,2023-10-31,New York Knicks,NYK @ CLE,W,1,109,48.0,18,9.0,1,14,0.442,0.8,0.382,18.0,22023
22300113,2023-10-31,San Antonio Spurs,SAS @ PHX,W,1,115,37.0,25,10.0,9,12,0.467,0.75,0.378,1.0,22023
22300114,2023-10-31,Los Angeles Clippers,LAC vs. ORL,W,1,118,44.0,29,10.0,4,16,0.494,0.696,0.452,16.0,22023
22300112,2023-10-31,Cleveland Cavaliers,CLE vs. NYK,L,0,91,46.0,19,6.0,6,15,0.391,0.75,0.263,-18.0,22023
22300113,2023-10-31,Phoenix Suns,PHX vs. SAS,L,0,114,43.0,29,8.0,7,19,0.506,0.8,0.462,-1.0,22023
22300121,2023-11-01,Oklahoma City Thunder,OKC vs. NOP,L,0,106,49.0,23,6.0,5,14,0.432,0.92,0.206,-6.0,22023
22300127,2023-11-01,Los Angeles Clippers,LAC @ LAL,L,0,125,46.0,22,12.0,1,13,0.475,0.63,0.412,-5.0,22023
22300120,2023-11-01,Cleveland Cavaliers,CLE @ NYK,W,1,95,46.0,22,7.0,5,18,0.432,0.95,0.375,6.0,22023
22300115,2023-11-01,Portland Trail Blazers,POR @ DET,W,1,110,44.0,23,10.0,7,17,0.469,0.818,0.35,9.0,22023
22300120,2023-11-01,New York Knicks,NYK vs. CLE,L,0,89,50.0,18,10.0,3,13,0.348,0.667,0.167,-6.0,22023
22300126,2023-11-01,Sacramento Kings,SAC @ GSW,L,0,101,48.0,24,8.0,4,12,0.409,0.783,0.314,-1.0,22023
22300126,2023-11-01,Golden State Warriors,GSW vs. SAC,W,1,102,36.0,32,5.0,6,17,0.481,0.867,0.355,1.0,22023
22300125,2023-11-01,Utah Jazz,UTA vs. MEM,W,1,133,50.0,35,7.0,3,21,0.54,0.708,0.512,24.0,22023
22300117,2023-11-01,Washington Wizards,WAS @ ATL,L,0,121,35.0,32,14.0,3,11,0.505,0.643,0.25,-9.0,22023
22300123,2023-11-01,Denver Nuggets,DEN @ MIN,L,0,89,43.0,23,6.0,10,15,0.396,0.7,0.182,-21.0,22023
22300116,2023-11-01,Milwaukee Bucks,MIL @ TOR,L,0,111,29.0,19,9.0,2,12,0.461,0.737,0.382,-19.0,22023
22300122,2023-11-01,Charlotte Hornets,CHA @ HOU,L,0,119,44.0,21,9.0,8,16,0.5,0.72,0.407,-9.0,22023
22300118,2023-11-01,Boston Celtics,BOS vs. IND,W,1,155,57.0,27,5.0,2,11,0.568,0.964,0.571,51.0,22023
22300124,2023-11-01,Chicago Bulls,CHI @ DAL,L,0,105,43.0,19,10.0,3,13,0.472,0.909,0.333,-9.0,22023
22300115,2023-11-01,Detroit Pistons,DET vs. POR,L,0,101,38.0,24,12.0,4,18,0.444,0.909,0.379,-9.0,22023
22300117,2023-11-01,Atlanta Hawks,ATL vs. WAS,W,1,130,57.0,26,8.0,3,20,0.5,0.906,0.281,9.0,22023
22300118,2023-11-01,Indiana Pacers,IND @ BOS,L,0,104,31.0,26,6.0,6,9,0.455,0.583,0.135,-51.0,22023
22300123,2023-11-01,Minnesota Timberwolves,MIN vs. DEN,W,1,110,47.0,20,9.0,5,13,0.458,0.963,0.381,21.0,22023
22300119,2023-11-01,Brooklyn Nets,BKN @ MIA,W,1,109,47.0,27,11.0,4,18,0.451,0.731,0.444,4.0,22023
22300116,2023-11-01,Toronto Raptors,TOR vs. MIL,W,1,130,50.0,35,7.0,6,16,0.56,0.929,0.395,19.0,22023
22300119,2023-11-01,Miami Heat,MIA vs. BKN,L,0,105,46.0,22,10.0,5,16,0.429,0.778,0.342,-4.0,22023
22300127,2023-11-01,Los Angeles Lakers,LAL vs. LAC,W,1,130,51.0,28,10.0,9,14,0.511,0.75,0.344,5.0,22023
22300125,2023-11-01,Memphis Grizzlies,MEM @ UTA,L,0,109,42.0,25,12.0,7,15,0.365,0.781,0.259,-24.0,22023
22300121,2023-11-01,New Orleans Pelicans,NOP @ OKC,W,1,110,58.0,23,8.0,5,10,0.392,0.586,0.31,4.0,22023
22300122,2023-11-01,Houston Rockets,HOU vs. CHA,W,1,128,38.0,35,10.0,2,17,0.524,0.826,0.568,9.0,22023
22300124,2023-11-01,Dallas Mavericks,DAL vs. CHI,W,1,114,45.0,23,7.0,2,13,0.457,0.714,0.417,9.0,22023
22300130,2023-11-02,Utah Jazz,UTA vs. ORL,L,0,113,48.0,27,9.0,7,20,0.461,0.731,0.364,-2.0,22023
22300131,2023-11-02,San Antonio Spurs,SAS @ PHX,W,1,132,41.0,37,7.0,5,8,0.52,0.923,0.486,11.0,22023
22300128,2023-11-02,Philadelphia 76ers,PHI vs. TOR,W,1,114,46.0,21,12.0,3,14,0.457,0.84,0.36,15.0,22023
22300129,2023-11-02,New Orleans Pelicans,NOP vs. DET,W,1,125,36.0,27,5.0,7,12,0.488,0.943,0.438,9.0,22023
22300130,2023-11-02,Orlando Magic,ORL @ UTA,W,1,115,43.0,27,17.0,9,17,0.459,0.75,0.345,2.0,22023
22300129,2023-11-02,Detroit Pistons,DET @ NOP,L,0,116,48.0,30,4.0,5,16,0.436,0.808,0.342,-9.0,22023
22300131,2023-11-02,Phoenix Suns,PHX vs. SAS,L,0,121,34.0,26,5.0,4,14,0.538,0.731,0.5,-11.0,22023
22300128,2023-11-02,Toronto Raptors,TOR @ PHI,L,0,99,41.0,30,4.0,3,19,0.481,0.684,0.357,-15.0,22023
22300002,2023-11-03,New York Knicks,NYK @ MIL,L,0,105,56.0,18,6.0,1,10,0.396,0.76,0.256,-5.0,22023
22300004,2023-11-03,Brooklyn Nets,BKN @ CHI,W,1,109,39.0,32,4.0,4,8,0.458,0.6,0.4,2.0,22023
22300006,2023-11-03,Denver Nuggets,DEN vs. DAL,W,1,125,51.0,33,11.0,6,17,0.527,0.737,0.433,11.0,22023
22300006,2023-11-03,Dallas Mavericks,DAL @ DEN,L,0,114,34.0,27,12.0,6,15,0.477,0.882,0.405,-11.0,22023
22300005,2023-11-03,Oklahoma City Thunder,OKC vs. GSW,L,0,139,32.0,26,3.0,1,19,0.602,0.8,0.517,-2.0,22023
22300007,2023-11-03,Portland Trail Blazers,POR vs. MEM,W,1,115,50.0,19,12.0,7,14,0.406,0.778,0.281,2.0,22023
22300001,2023-11-03,Indiana Pacers,IND vs. CLE,W,1,121,40.0,28,7.0,5,18,0.523,0.667,0.484,5.0,22023
22300003,2023-11-03,Washington Wizards,WAS @ MIA,L,0,114,30.0,33,7.0,4,20,0.568,0.529,0.464,-7.0,22023
22300002,2023-11-03,Milwaukee Bucks,MIL vs. NYK,W,1,110,41.0,24,6.0,11,14,0.427,0.714,0.513,5.0,22023
22300007,2023-11-03,Memphis Grizzlies,MEM @ POR,L,0,113,48.0,29,8.0,10,17,0.49,0.692,0.286,-2.0,22023
22300003,2023-11-03,Miami Heat,MIA vs. WAS,W,1,121,37.0,35,9.0,1,19,0.6,0.857,0.481,7.0,22023
22300004,2023-11-03,Chicago Bulls,CHI vs. BKN,L,0,107,42.0,21,4.0,4,10,0.483,0.714,0.393,-2.0,22023
22300005,2023-11-03,Golden State Warriors,GSW @ OKC,W,1,141,38.0,36,9.0,2,15,0.533,0.833,0.45,2.0,22023
22300001,2023-11-03,Cleveland Cavaliers,CLE @ IND,L,0,116,35.0,27,10.0,9,13,0.524,0.8,0.286,-5.0,22023
22300136,2023-11-04,Brooklyn Nets,BKN vs. BOS,L,0,114,42.0,22,4.0,5,5,0.43,0.647,0.327,-10.0,22023
22300135,2023-11-04,New Orleans Pelicans,NOP vs. ATL,L,0,105,35.0,24,9.0,7,9,0.476,0.81,0.258,-18.0,22023
22300138,2023-11-04,Minnesota Timberwolves,MIN vs. UTA,W,1,123,43.0,25,10.0,11,10,0.556,0.774,0.375,28.0,22023
22300135,2023-11-04,Atlanta Hawks,ATL @ NOP,W,1,123,52.0,28,4.0,6,11,0.484,0.792,0.341,18.0,22023
22300139,2023-11-04,Chicago Bulls,CHI @ DEN,L,0,101,37.0,28,7.0,3,11,0.453,0.696,0.269,-22.0,22023
22300132,2023-11-04,Philadelphia 76ers,PHI vs. PHX,W,1,112,51.0,24,5.0,6,17,0.478,0.833,0.367,12.0,22023
22300133,2023-11-04,Indiana Pacers,IND vs. CHA,L,0,124,36.0,31,7.0,5,14,0.484,0.75,0.489,-1.0,22023
22300138,2023-11-04,Utah Jazz,UTA @ MIN,L,0,95,39.0,20,3.0,7,18,0.385,0.765,0.279,-28.0,22023
22300132,2023-11-04,Phoenix Suns,PHX @ PHI,L,0,100,42.0,22,11.0,12,10,0.36,0.818,0.257,-12.0,22023
22300137,2023-11-04,Houston Rockets,HOU vs. SAC,W,1,107,53.0,28,4.0,3,11,0.46,0.7,0.361,18.0,22023
22300134,2023-11-04,Orlando Magic,ORL vs. LAL,W,1,120,51.0,29,6.0,9,15,0.455,0.842,0.364,19.0,22023
22300136,2023-11-04,Boston Celtics,BOS @ BKN,W,1,124,50.0,22,4.0,6,11,0.478,0.852,0.333,10.0,22023
22300139,2023-11-04,Denver Nuggets,DEN vs. CHI,W,1,123,49.0,31,10.0,4,11,0.519,0.767,0.444,22.0,22023
22300134,2023-11-04,Los Angeles Lakers,LAL @ ORL,L,0,101,40.0,17,6.0,10,17,0.44,0.905,0.267,-19.0,22023
22300137,2023-11-04,Sacramento Kings,SAC @ HOU,L,0,89,43.0,20,5.0,6,11,0.381,0.737,0.268,-18.0,22023
22300133,2023-11-04,Charlotte Hornets,CHA @ IND,W,1,125,41.0,23,5.0,10,13,0.534,1.0,0.4,1.0,22023
22300141,2023-11-05,Toronto Raptors,TOR @ SAS,W,1,123,47.0,29,12.0,6,14,0.454,0.615,0.396,7.0,22023
22300140,2023-11-05,Detroit Pistons,DET vs. PHX,L,0,106,33.0,25,7.0,6,16,0.494,0.857,0.348,-14.0,22023
22300144,2023-11-05,Memphis Grizzlies,MEM @ POR,W,1,112,49.0,27,6.0,7,16,0.506,0.692,0.406,12.0,22023
22300142,2023-11-05,Cleveland Cavaliers,CLE vs. GSW,W,1,115,54.0,26,8.0,2,18,0.494,0.786,0.297,11.0,22023
22300140,2023-11-05,Phoenix Suns,PHX @ DET,W,1,120,43.0,29,8.0,10,18,0.5,0.897,0.381,14.0,22023
22300144,2023-11-05,Portland Trail Blazers,POR vs. MEM,L,0,100,47.0,23,11.0,5,14,0.389,0.8,0.311,-12.0,22023
22300142,2023-11-05,Golden State Warriors,GSW @ CLE,L,0,104,44.0,26,10.0,4,13,0.362,0.667,0.39,-11.0,22023
22300143,2023-11-05,Dallas Mavericks,DAL vs. CHA,W,1,124,47.0,31,3.0,6,10,0.473,0.75,0.333,6.0,22023
22300141,2023-11-05,San Antonio Spurs,SAS vs. TOR,L,0,116,46.0,30,7.0,7,17,0.5,0.769,0.313,-7.0,22023
22300143,2023-11-05,Charlotte Hornets,CHA @ DAL,L,0,118,43.0,30,5.0,2,8,0.495,0.571,0.267,-6.0,22023
22300145,2023-11-06,Detroit Pistons,DET vs. GSW,L,0,109,39.0,23,8.0,2,14,0.475,0.952,0.433,-11.0,22023
22300146,2023-11-06,San Antonio Spurs,SAS @ IND,L,0,111,36.0,26,7.0,5,11,0.426,0.767,0.308,-41.0,22023
22300155,2023-11-06,Atlanta Hawks,ATL @ OKC,L,0,117,59.0,27,8.0,3,15,0.373,0.844,0.333,-9.0,22023
22300152,2023-11-06,Chicago Bulls,CHI vs. UTA,W,1,130,36.0,26,12.0,3,8,0.516,0.842,0.529,17.0,22023
22300148,2023-11-06,Philadelphia 76ers,PHI vs. WAS,W,1,146,45.0,37,12.0,7,15,0.56,0.889,0.387,18.0,22023
22300149,2023-11-06,Milwaukee Bucks,MIL @ BKN,W,1,129,48.0,26,6.0,2,10,0.479,0.875,0.333,4.0,22023
22300146,2023-11-06,Indiana Pacers,IND vs. SAS,W,1,152,49.0,38,7.0,4,14,0.579,0.957,0.526,41.0,22023
22300149,2023-11-06,Brooklyn Nets,BKN vs. MIL,L,0,125,46.0,22,2.0,4,8,0.485,0.846,0.356,-4.0,22023
22300154,2023-11-06,Boston Celtics,BOS @ MIN,L,0,109,45.0,20,13.0,2,16,0.391,0.765,0.282,-5.0,22023
22300156,2023-11-06,New Orleans Pelicans,NOP @ DEN,L,0,116,38.0,24,6.0,2,13,0.5,0.867,0.433,-18.0,22023
22300150,2023-11-06,Miami Heat,MIA vs. LAL,W,1,108,44.0,30,11.0,4,17,0.466,0.875,0.324,1.0,22023
22300147,2023-11-06,Orlando Magic,ORL vs. DAL,L,0,102,38.0,27,6.0,4,20,0.471,0.778,0.296,-15.0,22023
22300151,2023-11-06,Los Angeles Clippers,LAC @ NYK,L,0,97,31.0,21,8.0,3,22,0.493,0.875,0.344,-14.0,22023
22300155,2023-11-06,Oklahoma City Thunder,OKC vs. ATL,W,1,126,49.0,27,7.0,7,13,0.479,0.957,0.4,9.0,22023
22300150,2023-11-06,Los Angeles Lakers,LAL @ MIA,L,0,107,38.0,28,6.0,5,17,0.543,0.786,0.308,-1.0,22023
22300151,2023-11-06,New York Knicks,NYK vs. LAC,W,1,111,48.0,28,13.0,1,19,0.466,0.944,0.387,14.0,22023
22300153,2023-11-06,Sacramento Kings,SAC @ HOU,L,0,97,34.0,22,5.0,2,13,0.444,0.55,0.35,-25.0,22023
22300152,2023-11-06,Utah Jazz,UTA @ CHI,L,0,113,52.0,32,1.0,7,22,0.477,0.882,0.372,-17.0,22023
22300153,2023-11-06,Houston Rockets,HOU vs. SAC,W,1,122,39.0,28,8.0,4,10,0.573,0.778,0.484,25.0,22023
22300148,2023-11-06,Washington Wizards,WAS @ PHI,L,0,128,38.0,31,6.0,10,19,0.51,0.8,0.412,-18.0,22023
22300145,2023-11-06,Golden State Warriors,GSW @ DET,W,1,120,44.0,26,8.0,4,11,0.474,0.762,0.293,11.0,22023
22300156,2023-11-06,Denver Nuggets,DEN vs. NOP,W,1,134,45.0,37,6.0,5,9,0.537,0.739,0.385,18.0,22023
22300154,2023-11-06,Minnesota Timberwolves,MIN vs. BOS,W,1,114,45.0,26,7.0,5,23,0.518,0.52,0.351,5.0,22023
22300147,2023-11-06,Dallas Mavericks,DAL @ ORL,W,1,117,31.0,21,9.0,6,14,0.5,0.714,0.375,15.0,22023
22300165,2023-11-08,Milwaukee Bucks,MIL vs. DET,W,1,120,36.0,19,8.0,7,10,0.456,0.844,0.297,2.0,22023
22300160,2023-11-08,Los Angeles Clippers,LAC @ BKN,L,0,93,51.0,22,10.0,8,15,0.396,1.0,0.222,-7.0,22023
22300169,2023-11-08,Golden State Warriors,GSW @ DEN,L,0,105,49.0,21,5.0,0,9,0.43,0.769,0.314,-3.0,22023
22300165,2023-11-08,Detroit Pistons,DET @ MIL,L,0,118,53.0,28,2.0,5,17,0.49,0.938,0.241,-2.0,22023
22300167,2023-11-08,Cleveland Cavaliers,CLE @ OKC,L,0,120,41.0,26,9.0,5,18,0.506,0.73,0.31,-8.0,22023
22300167,2023-11-08,Oklahoma City Thunder,OKC vs. CLE,W,1,128,41.0,23,10.0,8,14,0.512,0.933,0.429,8.0,22023
22300163,2023-11-08,Los Angeles Lakers,LAL @ HOU,L,0,94,34.0,20,7.0,6,9,0.424,0.625,0.28,-34.0,22023
22300161,2023-11-08,San Antonio Spurs,SAS @ NYK,L,0,105,46.0,31,2.0,7,13,0.489,0.615,0.265,-21.0,22023
22300157,2023-11-08,Washington Wizards,WAS @ CHA,W,1,132,40.0,26,10.0,6,10,0.485,0.8,0.419,16.0,22023
22300162,2023-11-08,Chicago Bulls,CHI vs. PHX,L,0,115,39.0,30,12.0,7,14,0.438,0.739,0.424,-1.0,22023
22300164,2023-11-08,Miami Heat,MIA @ MEM,W,1,108,44.0,22,9.0,8,19,0.455,0.844,0.393,6.0,22023
22300162,2023-11-08,Phoenix Suns,PHX @ CHI,W,1,116,54.0,32,7.0,10,21,0.422,0.84,0.396,1.0,22023
22300170,2023-11-08,Portland Trail Blazers,POR @ SAC,L,0,118,36.0,26,10.0,5,18,0.506,0.759,0.364,-3.0,22023
22300159,2023-11-08,Boston Celtics,BOS @ PHI,L,0,103,43.0,28,8.0,6,12,0.396,0.842,0.319,-3.0,22023
22300159,2023-11-08,Philadelphia 76ers,PHI vs. BOS,W,1,106,56.0,20,7.0,7,12,0.442,0.867,0.265,3.0,22023
22300168,2023-11-08,Toronto Raptors,TOR @ DAL,W,1,127,50.0,27,10.0,4,11,0.495,0.667,0.306,11.0,22023
22300170,2023-11-08,Sacramento Kings,SAC vs. POR,W,1,121,50.0,32,11.0,6,21,0.461,0.737,0.297,3.0,22023
22300166,2023-11-08,Minnesota Timberwolves,MIN vs. NOP,W,1,122,48.0,30,9.0,7,16,0.549,0.708,0.405,21.0,22023
22300163,2023-11-08,Houston Rockets,HOU vs. LAL,W,1,128,57.0,26,4.0,4,11,0.548,0.632,0.424,34.0,22023
22300164,2023-11-08,Memphis Grizzlies,MEM vs. MIA,L,0,102,38.0,20,10.0,4,13,0.389,0.75,0.297,-6.0,22023
22300169,2023-11-08,Denver Nuggets,DEN vs. GSW,W,1,108,45.0,24,7.0,4,6,0.446,0.682,0.314,3.0,22023
22300158,2023-11-08,Indiana Pacers,IND vs. UTA,W,1,134,46.0,26,14.0,7,11,0.515,0.85,0.317,16.0,22023
22300158,2023-11-08,Utah Jazz,UTA @ IND,L,0,118,47.0,26,3.0,5,21,0.469,0.944,0.407,-16.0,22023
22300161,2023-11-08,New York Knicks,NYK vs. SAS,W,1,126,47.0,28,7.0,0,3,0.46,0.682,0.452,21.0,22023
22300157,2023-11-08,Charlotte Hornets,CHA vs. WAS,L,0,116,47.0,17,8.0,5,20,0.519,0.743,0.32,-16.0,22023
22300168,2023-11-08,Dallas Mavericks,DAL vs. TOR,L,0,116,38.0,25,4.0,6,15,0.476,0.613,0.415,-11.0,22023
22300160,2023-11-08,Brooklyn Nets,BKN vs. LAC,W,1,100,49.0,22,10.0,10,14,0.402,0.846,0.366,7.0,22023
22300166,2023-11-08,New Orleans Pelicans,NOP @ MIN,L,0,101,40.0,23,6.0,1,17,0.387,0.955,0.286,-21.0,22023
22300171,2023-11-09,Milwaukee Bucks,MIL @ IND,L,0,124,41.0,23,6.0,5,14,0.529,0.885,0.333,-2.0,22023
22300171,2023-11-09,Indiana Pacers,IND vs. MIL,W,1,126,40.0,27,6.0,6,11,0.478,0.9,0.417,2.0,22023
22300172,2023-11-09,Orlando Magic,ORL vs. ATL,L,0,119,47.0,19,12.0,6,19,0.467,0.714,0.37,-1.0,22023
22300172,2023-11-09,Atlanta Hawks,ATL @ ORL,W,1,120,36.0,22,13.0,7,17,0.482,0.767,0.385,1.0,22023
22300011,2023-11-10,New Orleans Pelicans,NOP @ HOU,L,0,101,49.0,12,6.0,6,18,0.453,0.735,0.32,-3.0,22023
22300009,2023-11-10,Washington Wizards,WAS vs. CHA,L,0,117,36.0,28,4.0,6,15,0.489,0.85,0.368,-7.0,22023
22300016,2023-11-10,Oklahoma City Thunder,OKC @ SAC,L,0,98,38.0,22,9.0,5,16,0.448,0.813,0.233,-7.0,22023
22300015,2023-11-10,Phoenix Suns,PHX vs. LAL,L,0,119,52.0,22,9.0,1,13,0.447,0.741,0.405,-3.0,22023
22300011,2023-11-10,Houston Rockets,HOU vs. NOP,W,1,104,42.0,20,9.0,5,9,0.409,0.786,0.286,3.0,22023
22300010,2023-11-10,Brooklyn Nets,BKN @ BOS,L,0,107,46.0,26,0.0,3,10,0.447,0.889,0.405,-14.0,22023
22300014,2023-11-10,Dallas Mavericks,DAL vs. LAC,W,1,144,41.0,30,7.0,1,8,0.52,0.885,0.452,18.0,22023
22300012,2023-11-10,Utah Jazz,UTA @ MEM,W,1,127,38.0,28,10.0,12,19,0.539,0.931,0.486,6.0,22023
22300010,2023-11-10,Boston Celtics,BOS vs. BKN,W,1,121,52.0,29,5.0,3,7,0.436,0.714,0.365,14.0,22023
22300016,2023-11-10,Sacramento Kings,SAC vs. OKC,W,1,105,52.0,28,10.0,9,17,0.418,0.762,0.277,7.0,22023
22300013,2023-11-10,San Antonio Spurs,SAS vs. MIN,L,0,110,38.0,29,9.0,8,14,0.467,0.632,0.353,-7.0,22023
22300012,2023-11-10,Memphis Grizzlies,MEM vs. UTA,L,0,121,37.0,23,5.0,5,11,0.455,0.769,0.396,-6.0,22023
22300013,2023-11-10,Minnesota Timberwolves,MIN @ SAS,W,1,117,51.0,23,6.0,4,18,0.494,0.778,0.37,7.0,22023
22300009,2023-11-10,Charlotte Hornets,CHA @ WAS,W,1,124,67.0,31,10.0,4,9,0.455,0.643,0.214,7.0,22023
22300014,2023-11-10,Los Angeles Clippers,LAC @ DAL,L,0,126,47.0,21,7.0,2,14,0.489,0.889,0.296,-18.0,22023
22300015,2023-11-10,Los Angeles Lakers,LAL @ PHX,W,1,122,43.0,27,9.0,7,11,0.5,0.765,0.444,3.0,22023
22300008,2023-11-10,Philadelphia 76ers,PHI @ DET,W,1,114,46.0,23,13.0,5,8,0.422,0.854,0.321,8.0,22023
22300008,2023-11-10,Detroit Pistons,DET vs. PHI,L,0,106,48.0,28,3.0,5,16,0.465,0.818,0.286,-8.0,22023
22300176,2023-11-11,Cleveland Cavaliers,CLE @ GSW,W,1,118,45.0,23,13.0,3,10,0.43,0.767,0.367,8.0,22023
22300174,2023-11-11,Toronto Raptors,TOR @ BOS,L,0,94,37.0,25,8.0,1,8,0.385,0.875,0.27,-23.0,22023
22300173,2023-11-11,Orlando Magic,ORL vs. MIL,W,1,112,43.0,24,9.0,2,13,0.429,0.857,0.385,15.0,22023
22300176,2023-11-11,Golden State Warriors,GSW vs. CLE,L,0,110,55.0,26,5.0,3,20,0.411,0.767,0.342,-8.0,22023
22300175,2023-11-11,Miami Heat,MIA @ ATL,W,1,117,39.0,23,10.0,4,15,0.488,0.92,0.316,8.0,22023
22300175,2023-11-11,Atlanta Hawks,ATL vs. MIA,L,0,109,48.0,23,6.0,6,21,0.437,0.833,0.391,-8.0,22023
22300173,2023-11-11,Milwaukee Bucks,MIL @ ORL,L,0,97,36.0,25,9.0,6,19,0.494,0.48,0.31,-15.0,22023
22300174,2023-11-11,Boston Celtics,BOS vs. TOR,W,1,117,46.0,30,1.0,4,12,0.547,0.615,0.341,23.0,22023
22300185,2023-11-12,Oklahoma City Thunder,OKC @ PHX,W,1,111,33.0,23,9.0,8,7,0.488,0.84,0.37,12.0,22023
22300178,2023-11-12,Washington Wizards,WAS @ BKN,L,0,94,42.0,20,14.0,3,12,0.375,0.72,0.244,-8.0,22023
22300184,2023-11-12,San Antonio Spurs,SAS vs. MIA,L,0,113,50.0,35,3.0,6,17,0.462,0.833,0.432,-5.0,22023
22300186,2023-11-12,Minnesota Timberwolves,MIN @ GSW,W,1,116,47.0,27,8.0,6,14,0.524,0.7,0.333,6.0,22023
22300179,2023-11-12,Los Angeles Clippers,LAC vs. MEM,L,0,101,41.0,26,9.0,3,14,0.435,0.652,0.353,-4.0,22023
22300177,2023-11-12,Charlotte Hornets,CHA @ NYK,L,0,107,36.0,21,5.0,4,12,0.468,0.636,0.343,-22.0,22023
22300183,2023-11-12,New Orleans Pelicans,NOP vs. DAL,L,0,124,54.0,31,2.0,3,18,0.511,0.591,0.472,-12.0,22023
22300181,2023-11-12,Detroit Pistons,DET @ CHI,L,0,108,49.0,26,4.0,6,16,0.432,0.808,0.344,-11.0,22023
22300181,2023-11-12,Chicago Bulls,CHI vs. DET,W,1,119,40.0,22,12.0,6,6,0.484,0.8,0.367,11.0,22023
22300177,2023-11-12,New York Knicks,NYK vs. CHA,W,1,129,40.0,25,8.0,4,9,0.54,0.667,0.417,22.0,22023
22300187,2023-11-12,Portland Trail Blazers,POR @ LAL,L,0,110,38.0,29,2.0,8,15,0.5,0.778,0.351,-6.0,22023
22300180,2023-11-12,Philadelphia 76ers,PHI vs. IND,W,1,137,54.0,28,5.0,7,11,0.505,0.85,0.424,11.0,22023
22300178,2023-11-12,Brooklyn Nets,BKN vs. WAS,W,1,102,66.0,22,6.0,6,18,0.378,0.8,0.245,8.0,22023
22300180,2023-11-12,Indiana Pacers,IND @ PHI,L,0,126,32.0,31,8.0,9,10,0.522,0.842,0.41,-11.0,22023
22300182,2023-11-12,Denver Nuggets,DEN @ HOU,L,0,104,49.0,24,3.0,5,11,0.462,0.786,0.281,-3.0,22023
22300183,2023-11-12,Dallas Mavericks,DAL @ NOP,W,1,136,42.0,29,7.0,6,6,0.49,0.762,0.377,12.0,22023
22300184,2023-11-12,Miami Heat,MIA @ SAS,W,1,118,41.0,26,7.0,3,4,0.438,0.933,0.387,5.0,22023
22300182,2023-11-12,Houston Rockets,HOU vs. DEN,W,1,107,45.0,20,7.0,4,9,0.425,0.793,0.313,3.0,22023
22300185,2023-11-12,Phoenix Suns,PHX vs. OKC,L,0,99,51.0,20,4.0,7,17,0.386,0.839,0.31,-12.0,22023
22300187,2023-11-12,Los Angeles Lakers,LAL vs. POR,W,1,116,41.0,27,8.0,4,9,0.488,0.811,0.211,6.0,22023
22300179,2023-11-12,Memphis Grizzlies,MEM @ LAC,W,1,105,41.0,25,7.0,6,16,0.42,0.75,0.317,4.0,22023
22300186,2023-11-12,Golden State Warriors,GSW vs. MIN,L,0,110,51.0,24,9.0,0,14,0.385,0.857,0.279,-6.0,22023
22300189,2023-11-13,Toronto Raptors,TOR vs. WAS,W,1,111,48.0,28,11.0,4,16,0.5,0.68,0.2,4.0,22023
22300188,2023-11-13,New York Knicks,NYK @ BOS,L,0,98,37.0,17,5.0,2,8,0.418,0.708,0.429,-16.0,22023
22300191,2023-11-13,Sacramento Kings,SAC vs. CLE,W,1,132,37.0,32,3.0,4,10,0.59,0.636,0.476,12.0,22023
22300189,2023-11-13,Washington Wizards,WAS @ TOR,L,0,107,38.0,32,11.0,5,22,0.512,0.75,0.462,-4.0,22023
22300190,2023-11-13,Milwaukee Bucks,MIL vs. CHI,W,1,118,53.0,23,3.0,5,15,0.472,0.704,0.319,9.0,22023
22300191,2023-11-13,Cleveland Cavaliers,CLE @ SAC,L,0,120,39.0,24,3.0,1,11,0.495,0.824,0.457,-12.0,22023
22300190,2023-11-13,Chicago Bulls,CHI @ MIL,L,0,109,47.0,24,9.0,7,6,0.38,0.905,0.333,-9.0,22023
22300188,2023-11-13,Boston Celtics,BOS vs. NYK,W,1,114,37.0,27,3.0,3,11,0.506,0.938,0.442,16.0,22023
22300021,2023-11-14,Oklahoma City Thunder,OKC vs. SAS,W,1,123,40.0,34,19.0,6,15,0.517,0.8,0.385,36.0,22023
22300017,2023-11-14,Charlotte Hornets,CHA vs. MIA,L,0,105,45.0,21,6.0,0,18,0.444,0.818,0.469,-6.0,22023
22300018,2023-11-14,Detroit Pistons,DET vs. ATL,L,0,120,42.0,36,9.0,6,17,0.522,0.696,0.345,-6.0,22023
22300019,2023-11-14,Indiana Pacers,IND @ PHI,W,1,132,41.0,32,7.0,5,11,0.516,0.697,0.351,6.0,22023
22300017,2023-11-14,Miami Heat,MIA @ CHA,W,1,111,42.0,26,12.0,5,7,0.482,0.821,0.258,6.0,22023
22300025,2023-11-14,Golden State Warriors,GSW vs. MIN,L,0,101,46.0,28,11.0,2,19,0.42,0.875,0.333,-3.0,22023
22300026,2023-11-14,Memphis Grizzlies,MEM @ LAL,L,0,107,33.0,28,8.0,9,9,0.368,0.75,0.377,-27.0,22023
22300023,2023-11-14,Utah Jazz,UTA vs. POR,W,1,115,52.0,26,11.0,6,12,0.463,0.933,0.302,16.0,22023
22300023,2023-11-14,Portland Trail Blazers,POR @ UTA,L,0,99,43.0,23,5.0,6,17,0.42,0.7,0.314,-16.0,22023
22300022,2023-11-14,New Orleans Pelicans,NOP vs. DAL,W,1,131,42.0,33,17.0,6,12,0.521,0.731,0.368,21.0,22023
22300024,2023-11-14,Los Angeles Clippers,LAC @ DEN,L,0,108,42.0,21,10.0,1,10,0.43,0.875,0.448,-3.0,22023
22300026,2023-11-14,Los Angeles Lakers,LAL vs. MEM,W,1,134,54.0,30,4.0,10,18,0.58,0.75,0.629,27.0,22023
22300020,2023-11-14,Orlando Magic,ORL @ BKN,L,0,104,37.0,23,9.0,4,14,0.439,0.762,0.348,-20.0,22023
22300018,2023-11-14,Atlanta Hawks,ATL @ DET,W,1,126,41.0,28,9.0,7,14,0.517,0.923,0.364,6.0,22023
22300021,2023-11-14,San Antonio Spurs,SAS @ OKC,L,0,87,43.0,24,7.0,6,24,0.387,0.667,0.3,-36.0,22023
22300025,2023-11-14,Minnesota Timberwolves,MIN @ GSW,W,1,104,42.0,24,9.0,5,19,0.444,0.857,0.412,3.0,22023
22300022,2023-11-14,Dallas Mavericks,DAL @ NOP,L,0,110,45.0,25,4.0,3,20,0.422,0.769,0.333,-21.0,22023
22300020,2023-11-14,Brooklyn Nets,BKN vs. ORL,W,1,124,44.0,22,13.0,3,15,0.541,0.65,0.487,20.0,22023
22300019,2023-11-14,Philadelphia 76ers,PHI vs. IND,L,0,126,38.0,22,5.0,3,16,0.5,0.971,0.273,-6.0,22023
22300024,2023-11-14,Denver Nuggets,DEN vs. LAC,W,1,111,36.0,26,4.0,2,14,0.534,0.781,0.348,3.0,22023
22300192,2023-11-15,Dallas Mavericks,DAL @ WAS,W,1,130,46.0,32,6.0,4,10,0.522,0.586,0.405,13.0,22023
22300194,2023-11-15,Boston Celtics,BOS @ PHI,W,1,117,45.0,23,7.0,8,9,0.477,0.789,0.36,10.0,22023
22300198,2023-11-15,Los Angeles Lakers,LAL vs. SAC,L,0,110,43.0,25,12.0,6,23,0.506,0.789,0.379,-15.0,22023
22300197,2023-11-15,Minnesota Timberwolves,MIN @ PHX,L,0,115,40.0,18,8.0,5,6,0.457,0.929,0.185,-18.0,22023
22300198,2023-11-15,Sacramento Kings,SAC @ LAL,W,1,125,45.0,31,20.0,1,15,0.5,0.765,0.364,15.0,22023
22300193,2023-11-15,New York Knicks,NYK @ ATL,W,1,116,42.0,29,9.0,2,16,0.479,0.909,0.471,2.0,22023
22300194,2023-11-15,Philadelphia 76ers,PHI vs. BOS,L,0,107,41.0,18,5.0,1,9,0.459,0.818,0.367,-10.0,22023
22300199,2023-11-15,Portland Trail Blazers,POR vs. CLE,L,0,95,30.0,24,9.0,3,12,0.374,0.875,0.342,-14.0,22023
22300197,2023-11-15,Phoenix Suns,PHX vs. MIN,W,1,133,32.0,31,1.0,4,9,0.6,0.933,0.548,18.0,22023
22300196,2023-11-15,Chicago Bulls,CHI vs. ORL,L,0,94,53.0,16,7.0,4,19,0.398,0.864,0.273,-2.0,22023
22300196,2023-11-15,Orlando Magic,ORL @ CHI,W,1,96,46.0,20,12.0,3,13,0.39,0.8,0.286,2.0,22023
22300199,2023-11-15,Cleveland Cavaliers,CLE @ POR,W,1,109,47.0,23,5.0,9,17,0.56,0.762,0.3,14.0,22023
22300195,2023-11-15,Milwaukee Bucks,MIL @ TOR,W,1,128,41.0,25,8.0,9,13,0.518,0.952,0.513,16.0,22023
22300192,2023-11-15,Washington Wizards,WAS vs. DAL,L,0,117,46.0,23,6.0,1,12,0.483,0.826,0.333,-13.0,22023
22300193,2023-11-15,Atlanta Hawks,ATL vs. NYK,L,0,114,30.0,28,11.0,6,15,0.547,0.769,0.387,-2.0,22023
22300195,2023-11-15,Toronto Raptors,TOR vs. MIL,L,0,112,55.0,28,10.0,8,14,0.396,0.871,0.273,-16.0,22023
22300200,2023-11-16,Miami Heat,MIA vs. BKN,W,1,122,32.0,26,8.0,3,9,0.519,0.958,0.429,7.0,22023
22300201,2023-11-16,Oklahoma City Thunder,OKC @ GSW,W,1,128,42.0,31,10.0,3,12,0.506,0.913,0.594,19.0,22023
22300200,2023-11-16,Brooklyn Nets,BKN @ MIA,L,0,115,40.0,29,5.0,3,14,0.471,0.778,0.389,-7.0,22023
22300201,2023-11-16,Golden State Warriors,GSW vs. OKC,L,0,109,49.0,27,5.0,4,16,0.408,0.789,0.341,-19.0,22023
22300031,2023-11-17,Boston Celtics,BOS @ TOR,W,1,108,44.0,29,5.0,4,10,0.457,0.889,0.348,3.0,22023
22300027,2023-11-17,Milwaukee Bucks,MIL @ CHA,W,1,130,49.0,32,4.0,7,13,0.551,0.769,0.489,31.0,22023
22300035,2023-11-17,Phoenix Suns,PHX @ UTA,W,1,131,36.0,35,5.0,4,8,0.523,0.885,0.545,3.0,22023
22300027,2023-11-17,Charlotte Hornets,CHA vs. MIL,L,0,99,43.0,18,5.0,2,12,0.407,0.864,0.231,-31.0,22023
22300032,2023-11-17,San Antonio Spurs,SAS vs. SAC,L,0,120,42.0,33,7.0,3,15,0.467,0.826,0.417,-9.0,22023
22300034,2023-11-17,New Orleans Pelicans,NOP vs. DEN,W,1,115,39.0,33,8.0,5,9,0.523,0.524,0.522,5.0,22023
22300032,2023-11-17,Sacramento Kings,SAC @ SAS,W,1,129,42.0,31,10.0,2,13,0.541,0.792,0.429,9.0,22023
22300028,2023-11-17,New York Knicks,NYK @ WAS,W,1,120,48.0,26,5.0,6,10,0.495,0.7,0.421,21.0,22023
22300030,2023-11-17,Cleveland Cavaliers,CLE vs. DET,W,1,108,39.0,21,9.0,6,12,0.512,0.714,0.429,8.0,22023
22300033,2023-11-17,Chicago Bulls,CHI vs. ORL,L,0,97,34.0,19,10.0,3,16,0.443,0.773,0.345,-6.0,22023
22300030,2023-11-17,Detroit Pistons,DET @ CLE,L,0,100,51.0,20,8.0,6,17,0.429,0.867,0.257,-8.0,22023
22300037,2023-11-17,Los Angeles Clippers,LAC vs. HOU,W,1,106,47.0,22,10.0,7,12,0.434,0.7,0.382,6.0,22023
22300033,2023-11-17,Orlando Magic,ORL @ CHI,W,1,103,46.0,24,7.0,7,17,0.481,0.696,0.324,6.0,22023
22300028,2023-11-17,Washington Wizards,WAS vs. NYK,L,0,99,32.0,25,4.0,4,14,0.451,0.938,0.313,-21.0,22023
22300037,2023-11-17,Houston Rockets,HOU @ LAC,L,0,100,47.0,24,6.0,5,16,0.432,0.7,0.323,-6.0,22023
22300029,2023-11-17,Atlanta Hawks,ATL vs. PHI,L,0,116,39.0,24,8.0,4,13,0.449,0.8,0.364,-10.0,22023
22300029,2023-11-17,Philadelphia 76ers,PHI @ ATL,W,1,126,43.0,32,9.0,4,15,0.489,0.964,0.433,10.0,22023
22300035,2023-11-17,Utah Jazz,UTA vs. PHX,L,0,128,39.0,27,3.0,10,8,0.506,0.839,0.444,-3.0,22023
22300034,2023-11-17,Denver Nuggets,DEN @ NOP,L,0,110,51.0,37,4.0,3,13,0.49,0.5,0.25,-5.0,22023
22300036,2023-11-17,Portland Trail Blazers,POR vs. LAL,L,0,95,48.0,17,11.0,2,18,0.404,0.722,0.27,-13.0,22023
22300031,2023-11-17,Toronto Raptors,TOR vs. BOS,L,0,105,41.0,29,4.0,1,13,0.483,0.643,0.364,-3.0,22023
22300036,2023-11-17,Los Angeles Lakers,LAL @ POR,W,1,107,44.0,27,11.0,6,18,0.494,0.682,0.414,13.0,22023
22300207,2023-11-18,Oklahoma City Thunder,OKC @ GSW,W,1,130,47.0,26,8.0,7,10,0.52,0.9,0.348,7.0,22023
22300206,2023-11-18,Memphis Grizzlies,MEM @ SAS,W,1,120,45.0,23,7.0,3,12,0.465,0.806,0.333,12.0,22023
22300207,2023-11-18,Golden State Warriors,GSW vs. OKC,L,0,123,49.0,33,6.0,4,16,0.454,0.81,0.391,-7.0,22023
22300203,2023-11-18,New Orleans Pelicans,NOP vs. MIN,L,0,120,40.0,27,9.0,5,17,0.512,0.87,0.414,-1.0,22023
22300203,2023-11-18,Minnesota Timberwolves,MIN @ NOP,W,1,121,33.0,29,6.0,7,14,0.538,0.815,0.419,1.0,22023
22300205,2023-11-18,Dallas Mavericks,DAL @ MIL,L,0,125,49.0,27,1.0,2,12,0.495,0.7,0.34,-7.0,22023
22300204,2023-11-18,Chicago Bulls,CHI vs. MIA,W,1,102,44.0,24,9.0,6,12,0.444,0.737,0.356,5.0,22023
22300202,2023-11-18,Charlotte Hornets,CHA vs. NYK,L,0,108,36.0,29,5.0,5,13,0.488,0.846,0.486,-14.0,22023
22300204,2023-11-18,Miami Heat,MIA @ CHI,L,0,97,34.0,23,9.0,0,15,0.429,0.826,0.333,-5.0,22023
22300205,2023-11-18,Milwaukee Bucks,MIL vs. DAL,W,1,132,41.0,29,8.0,3,6,0.521,0.85,0.378,7.0,22023
22300206,2023-11-18,San Antonio Spurs,SAS vs. MEM,L,0,108,40.0,26,5.0,9,15,0.434,0.808,0.375,-12.0,22023
22300202,2023-11-18,New York Knicks,NYK @ CHA,W,1,122,47.0,27,7.0,4,12,0.505,0.737,0.432,14.0,22023
22300213,2023-11-19,Boston Celtics,BOS @ MEM,W,1,102,45.0,20,6.0,10,17,0.455,0.8,0.387,2.0,22023
22300215,2023-11-19,Oklahoma City Thunder,OKC @ POR,W,1,134,43.0,28,8.0,3,17,0.605,1.0,0.611,43.0,22023
22300209,2023-11-19,Orlando Magic,ORL @ IND,W,1,128,42.0,21,10.0,10,15,0.494,0.833,0.35,12.0,22023
22300210,2023-11-19,Cleveland Cavaliers,CLE vs. DEN,W,1,121,47.0,30,6.0,5,13,0.549,0.769,0.407,12.0,22023
22300213,2023-11-19,Memphis Grizzlies,MEM vs. BOS,L,0,100,42.0,28,7.0,5,9,0.389,0.9,0.386,-2.0,22023
22300215,2023-11-19,Portland Trail Blazers,POR vs. OKC,L,0,91,31.0,21,10.0,2,17,0.4,0.667,0.265,-43.0,22023
22300212,2023-11-19,Sacramento Kings,SAC @ DAL,W,1,129,48.0,34,9.0,3,12,0.533,0.762,0.425,16.0,22023
22300208,2023-11-19,Brooklyn Nets,BKN vs. PHI,L,0,99,45.0,24,2.0,8,15,0.469,0.75,0.393,-22.0,22023
22300214,2023-11-19,Phoenix Suns,PHX @ UTA,W,1,140,44.0,36,11.0,13,17,0.49,0.846,0.4,3.0,22023
22300216,2023-11-19,Houston Rockets,HOU @ LAL,L,0,104,34.0,35,7.0,3,18,0.488,0.8,0.378,-1.0,22023
22300208,2023-11-19,Philadelphia 76ers,PHI @ BKN,W,1,121,44.0,32,8.0,4,4,0.468,0.944,0.457,22.0,22023
22300212,2023-11-19,Dallas Mavericks,DAL vs. SAC,L,0,113,40.0,23,8.0,2,10,0.466,0.731,0.353,-16.0,22023
22300209,2023-11-19,Indiana Pacers,IND vs. ORL,L,0,116,40.0,24,10.0,7,16,0.442,0.774,0.258,-12.0,22023
22300210,2023-11-19,Denver Nuggets,DEN @ CLE,L,0,109,33.0,23,7.0,5,11,0.476,0.739,0.483,-12.0,22023
22300211,2023-11-19,Detroit Pistons,DET @ TOR,L,0,113,41.0,25,3.0,3,17,0.47,0.743,0.346,-29.0,22023
22300211,2023-11-19,Toronto Raptors,TOR vs. DET,W,1,142,47.0,44,10.0,5,7,0.539,0.621,0.389,29.0,22023
22300216,2023-11-19,Los Angeles Lakers,LAL vs. HOU,W,1,105,42.0,26,13.0,1,17,0.47,0.724,0.207,1.0,22023
22300214,2023-11-19,Utah Jazz,UTA vs. PHX,L,0,137,59.0,27,11.0,5,18,0.417,0.813,0.326,-3.0,22023
22300217,2023-11-20,Boston Celtics,BOS @ CHA,L,0,118,48.0,19,6.0,8,13,0.433,0.643,0.32,-3.0,22023
22300222,2023-11-20,Sacramento Kings,SAC @ NOP,L,0,93,36.0,27,4.0,5,13,0.379,0.667,0.244,-36.0,22023
22300224,2023-11-20,Golden State Warriors,GSW vs. HOU,W,1,121,43.0,26,3.0,1,8,0.468,0.848,0.488,5.0,22023
22300224,2023-11-20,Houston Rockets,HOU @ GSW,L,0,116,48.0,28,6.0,3,8,0.463,0.789,0.317,-5.0,22023
22300220,2023-11-20,Chicago Bulls,CHI vs. MIA,L,0,100,36.0,21,2.0,7,11,0.457,0.938,0.297,-18.0,22023
22300222,2023-11-20,New Orleans Pelicans,NOP vs. SAC,W,1,129,55.0,38,8.0,6,10,0.543,0.81,0.429,36.0,22023
22300219,2023-11-20,Milwaukee Bucks,MIL @ WAS,W,1,142,55.0,33,3.0,6,13,0.585,0.75,0.379,13.0,22023
22300220,2023-11-20,Miami Heat,MIA @ CHI,W,1,118,43.0,31,7.0,1,8,0.5,0.85,0.486,18.0,22023
22300219,2023-11-20,Washington Wizards,WAS vs. MIL,L,0,129,26.0,29,6.0,4,4,0.556,0.818,0.345,-13.0,22023
22300221,2023-11-20,New York Knicks,NYK @ MIN,L,0,100,50.0,16,8.0,3,10,0.348,0.794,0.237,-17.0,22023
22300218,2023-11-20,Denver Nuggets,DEN @ DET,W,1,107,43.0,30,7.0,8,14,0.46,0.762,0.393,4.0,22023
22300217,2023-11-20,Charlotte Hornets,CHA vs. BOS,W,1,121,57.0,29,9.0,7,13,0.442,0.941,0.333,3.0,22023
22300223,2023-11-20,San Antonio Spurs,SAS vs. LAC,L,0,99,49.0,23,4.0,7,16,0.433,0.786,0.263,-25.0,22023
22300221,2023-11-20,Minnesota Timberwolves,MIN vs. NYK,W,1,117,44.0,30,7.0,7,13,0.513,0.75,0.324,17.0,22023
22300218,2023-11-20,Detroit Pistons,DET vs. DEN,L,0,103,43.0,21,7.0,5,18,0.444,0.923,0.333,-4.0,22023
22300223,2023-11-20,Los Angeles Clippers,LAC @ SAS,W,1,124,51.0,30,15.0,3,7,0.474,0.88,0.333,25.0,22023
22300038,2023-11-21,Toronto Raptors,TOR @ ORL,L,0,107,38.0,29,6.0,6,23,0.507,0.773,0.5,-19.0,22023
22300042,2023-11-21,Utah Jazz,UTA @ LAL,L,0,99,42.0,25,6.0,3,14,0.388,0.75,0.25,-32.0,22023
22300042,2023-11-21,Los Angeles Lakers,LAL vs. UTA,W,1,131,52.0,35,6.0,5,13,0.57,0.815,0.379,32.0,22023
22300039,2023-11-21,Atlanta Hawks,ATL vs. IND,L,0,152,39.0,28,8.0,4,15,0.6,0.821,0.484,-5.0,22023
22300039,2023-11-21,Indiana Pacers,IND @ ATL,W,1,157,29.0,35,7.0,11,13,0.606,0.75,0.489,5.0,22023
22300041,2023-11-21,Phoenix Suns,PHX vs. POR,W,1,120,38.0,26,8.0,8,13,0.566,0.964,0.412,13.0,22023
22300040,2023-11-21,Philadelphia 76ers,PHI vs. CLE,L,0,119,44.0,19,12.0,8,14,0.417,0.824,0.314,-3.0,22023
22300041,2023-11-21,Portland Trail Blazers,POR @ PHX,L,0,107,30.0,20,8.0,3,13,0.437,0.85,0.452,-13.0,22023
22300040,2023-11-21,Cleveland Cavaliers,CLE @ PHI,W,1,122,56.0,33,9.0,4,15,0.489,0.84,0.36,3.0,22023
22300038,2023-11-21,Orlando Magic,ORL vs. TOR,W,1,126,40.0,31,12.0,8,12,0.5,0.7,0.387,19.0,22023
22300231,2023-11-22,Memphis Grizzlies,MEM @ HOU,L,0,91,46.0,17,3.0,7,9,0.329,0.857,0.219,-20.0,22023
22300238,2023-11-22,Dallas Mavericks,DAL @ LAL,W,1,104,48.0,21,5.0,4,4,0.396,0.75,0.32,3.0,22023
22300226,2023-11-22,Denver Nuggets,DEN @ ORL,L,0,119,42.0,29,6.0,2,10,0.473,0.762,0.429,-5.0,22023
22300227,2023-11-22,Atlanta Hawks,ATL vs. BKN,W,1,147,58.0,24,10.0,8,14,0.44,0.931,0.367,2.0,22023
22300237,2023-11-22,Portland Trail Blazers,POR vs. UTA,W,1,121,37.0,31,9.0,6,13,0.511,0.667,0.436,16.0,22023
22300225,2023-11-22,Washington Wizards,WAS @ CHA,L,0,114,47.0,26,7.0,3,10,0.454,0.833,0.344,-3.0,22023
22300228,2023-11-22,Milwaukee Bucks,MIL @ BOS,L,0,116,47.0,23,9.0,2,9,0.446,0.765,0.382,-3.0,22023
22300234,2023-11-22,Chicago Bulls,CHI @ OKC,L,0,102,38.0,22,7.0,2,10,0.386,1.0,0.386,-14.0,22023
22300238,2023-11-22,Los Angeles Lakers,LAL vs. DAL,L,0,101,51.0,26,1.0,2,11,0.464,0.632,0.379,-3.0,22023
22300234,2023-11-22,Oklahoma City Thunder,OKC vs. CHI,W,1,116,45.0,24,4.0,12,12,0.493,0.816,0.379,14.0,22023
22300229,2023-11-22,Miami Heat,MIA @ CLE,W,1,129,41.0,30,11.0,7,10,0.523,0.81,0.571,33.0,22023
22300227,2023-11-22,Brooklyn Nets,BKN @ ATL,L,0,145,59.0,28,8.0,6,16,0.487,0.833,0.429,-2.0,22023
22300232,2023-11-22,Minnesota Timberwolves,MIN vs. PHI,W,1,112,48.0,28,10.0,8,12,0.483,0.667,0.385,13.0,22023
22300229,2023-11-22,Cleveland Cavaliers,CLE vs. MIA,L,0,96,34.0,25,5.0,6,19,0.468,0.714,0.467,-33.0,22023
22300233,2023-11-22,New Orleans Pelicans,NOP vs. SAC,W,1,117,48.0,23,10.0,2,10,0.471,0.757,0.233,5.0,22023
22300236,2023-11-22,Phoenix Suns,PHX vs. GSW,W,1,123,43.0,22,9.0,8,15,0.447,0.846,0.393,8.0,22023
22300232,2023-11-22,Philadelphia 76ers,PHI @ MIN,L,0,99,48.0,21,9.0,12,14,0.391,0.8,0.219,-13.0,22023
22300228,2023-11-22,Boston Celtics,BOS vs. MIL,W,1,119,43.0,27,3.0,5,15,0.524,0.824,0.405,3.0,22023
22300226,2023-11-22,Orlando Magic,ORL vs. DEN,W,1,124,41.0,27,9.0,7,12,0.543,0.867,0.345,5.0,22023
22300230,2023-11-22,Indiana Pacers,IND vs. TOR,L,0,131,31.0,33,10.0,6,14,0.549,0.813,0.462,-1.0,22023
22300235,2023-11-22,Los Angeles Clippers,LAC @ SAS,W,1,109,50.0,29,10.0,3,16,0.459,0.759,0.321,7.0,22023
22300235,2023-11-22,San Antonio Spurs,SAS vs. LAC,L,0,102,44.0,26,8.0,6,13,0.385,0.913,0.289,-7.0,22023
22300236,2023-11-22,Golden State Warriors,GSW @ PHX,L,0,115,43.0,29,10.0,3,15,0.478,0.655,0.313,-8.0,22023
22300233,2023-11-22,Sacramento Kings,SAC @ NOP,L,0,112,38.0,22,3.0,1,15,0.447,0.829,0.341,-5.0,22023
22300225,2023-11-22,Charlotte Hornets,CHA vs. WAS,W,1,117,49.0,27,6.0,4,12,0.473,0.714,0.432,3.0,22023
22300230,2023-11-22,Toronto Raptors,TOR @ IND,W,1,132,46.0,26,7.0,3,17,0.533,0.833,0.407,1.0,22023
22300231,2023-11-22,Houston Rockets,HOU vs. MEM,W,1,111,49.0,22,6.0,6,6,0.435,0.85,0.326,20.0,22023
22300237,2023-11-22,Utah Jazz,UTA @ POR,L,0,105,44.0,25,7.0,3,21,0.468,0.808,0.323,-16.0,22023
22300050,2023-11-24,Minnesota Timberwolves,MIN vs. SAC,L,0,111,44.0,25,6.0,9,18,0.439,0.931,0.364,-13.0,22023
22300043,2023-11-24,Boston Celtics,BOS @ ORL,L,0,96,31.0,17,10.0,4,14,0.408,0.73,0.241,-17.0,22023
22300051,2023-11-24,Golden State Warriors,GSW vs. SAS,W,1,118,41.0,35,7.0,2,24,0.494,0.792,0.452,6.0,22023
22300047,2023-11-24,Indiana Pacers,IND vs. DET,W,1,136,40.0,24,7.0,8,8,0.48,0.917,0.421,23.0,22023
22300043,2023-11-24,Orlando Magic,ORL vs. BOS,W,1,113,48.0,23,5.0,3,18,0.506,0.727,0.393,17.0,22023
22300046,2023-11-24,Chicago Bulls,CHI @ TOR,L,0,108,37.0,20,5.0,2,12,0.512,0.632,0.444,-13.0,22023
22300045,2023-11-24,Miami Heat,MIA @ NYK,L,0,98,41.0,20,11.0,0,11,0.391,0.952,0.27,-2.0,22023
22300047,2023-11-24,Detroit Pistons,DET @ IND,L,0,113,43.0,22,6.0,11,14,0.478,0.833,0.389,-23.0,22023
22300051,2023-11-24,San Antonio Spurs,SAS @ GSW,L,0,112,46.0,28,10.0,3,19,0.45,0.833,0.255,-6.0,22023
22300049,2023-11-24,Milwaukee Bucks,MIL vs. WAS,W,1,131,50.0,28,6.0,6,9,0.522,0.788,0.29,3.0,22023
22300049,2023-11-24,Washington Wizards,WAS @ MIL,L,0,128,46.0,29,3.0,4,8,0.48,0.81,0.405,-3.0,22023
22300044,2023-11-24,Memphis Grizzlies,MEM vs. PHX,L,0,89,35.0,22,6.0,2,13,0.463,0.6,0.273,-21.0,22023
22300044,2023-11-24,Phoenix Suns,PHX @ MEM,W,1,110,41.0,22,10.0,6,12,0.513,0.75,0.355,21.0,22023
22300048,2023-11-24,Houston Rockets,HOU vs. DEN,W,1,105,49.0,25,9.0,9,14,0.488,0.867,0.414,19.0,22023
22300052,2023-11-24,Los Angeles Clippers,LAC vs. NOP,L,0,106,39.0,27,11.0,8,11,0.457,0.647,0.297,-10.0,22023
22300052,2023-11-24,New Orleans Pelicans,NOP @ LAC,W,1,116,50.0,26,6.0,5,15,0.489,0.741,0.417,10.0,22023
22300048,2023-11-24,Denver Nuggets,DEN @ HOU,L,0,86,46.0,17,8.0,4,15,0.34,0.714,0.233,-19.0,22023
22300045,2023-11-24,New York Knicks,NYK vs. MIA,W,1,100,46.0,21,7.0,2,18,0.481,0.667,0.345,2.0,22023
22300046,2023-11-24,Toronto Raptors,TOR vs. CHI,W,1,121,40.0,32,8.0,6,14,0.53,0.741,0.333,13.0,22023
22300050,2023-11-24,Sacramento Kings,SAC @ MIN,W,1,124,46.0,25,7.0,4,13,0.49,0.818,0.486,13.0,22023
22300242,2023-11-25,Cleveland Cavaliers,CLE vs. LAL,L,0,115,37.0,30,13.0,4,14,0.473,0.87,0.321,-6.0,22023
22300240,2023-11-25,Brooklyn Nets,BKN vs. MIA,W,1,112,42.0,27,11.0,9,11,0.5,0.87,0.389,15.0,22023
22300244,2023-11-25,Los Angeles Clippers,LAC vs. DAL,W,1,107,57.0,25,2.0,6,12,0.432,0.742,0.276,19.0,22023
22300243,2023-11-25,New Orleans Pelicans,NOP @ UTA,L,0,100,42.0,31,15.0,4,13,0.419,0.611,0.306,-5.0,22023
22300242,2023-11-25,Los Angeles Lakers,LAL @ CLE,W,1,121,44.0,34,9.0,8,18,0.522,0.857,0.333,6.0,22023
22300239,2023-11-25,Oklahoma City Thunder,OKC vs. PHI,L,0,123,38.0,29,3.0,3,4,0.439,0.808,0.372,-4.0,22023
22300241,2023-11-25,Atlanta Hawks,ATL @ WAS,W,1,136,49.0,29,13.0,2,9,0.51,0.7,0.486,28.0,22023
22300243,2023-11-25,Utah Jazz,UTA vs. NOP,W,1,105,52.0,23,8.0,6,23,0.437,0.824,0.349,5.0,22023
22300240,2023-11-25,Miami Heat,MIA @ BKN,L,0,97,44.0,24,6.0,3,17,0.437,0.769,0.324,-15.0,22023
22300239,2023-11-25,Philadelphia 76ers,PHI @ OKC,W,1,127,49.0,30,2.0,9,12,0.458,0.822,0.341,4.0,22023
22300241,2023-11-25,Washington Wizards,WAS vs. ATL,L,0,108,41.0,33,5.0,6,20,0.489,1.0,0.263,-28.0,22023
22300244,2023-11-25,Dallas Mavericks,DAL @ LAC,L,0,88,37.0,17,6.0,5,9,0.374,0.786,0.237,-19.0,22023
22300245,2023-11-26,Portland Trail Blazers,POR @ MIL,L,0,102,40.0,21,15.0,4,17,0.407,0.75,0.406,-6.0,22023
22300250,2023-11-26,Brooklyn Nets,BKN vs. CHI,W,1,118,39.0,29,7.0,2,9,0.494,0.733,0.472,9.0,22023
22300249,2023-11-26,Memphis Grizzlies,MEM vs. MIN,L,0,97,35.0,24,4.0,4,13,0.386,0.704,0.27,-22.0,22023
22300251,2023-11-26,Cleveland Cavaliers,CLE vs. TOR,W,1,105,49.0,29,2.0,5,14,0.464,0.833,0.323,3.0,22023
22300248,2023-11-26,Orlando Magic,ORL vs. CHA,W,1,130,44.0,33,10.0,3,14,0.54,0.788,0.37,13.0,22023
22300248,2023-11-26,Charlotte Hornets,CHA @ ORL,L,0,117,36.0,27,6.0,7,18,0.53,0.64,0.433,-13.0,22023
22300247,2023-11-26,New York Knicks,NYK vs. PHX,L,0,113,38.0,18,7.0,5,6,0.453,0.719,0.414,-3.0,22023
22300251,2023-11-26,Toronto Raptors,TOR @ CLE,L,0,102,50.0,17,9.0,3,12,0.416,0.69,0.25,-3.0,22023
22300245,2023-11-26,Milwaukee Bucks,MIL vs. POR,W,1,108,52.0,19,13.0,11,17,0.393,0.75,0.333,6.0,22023
22300250,2023-11-26,Chicago Bulls,CHI @ BKN,L,0,109,40.0,21,3.0,2,11,0.482,0.773,0.375,-9.0,22023
22300246,2023-11-26,Atlanta Hawks,ATL @ BOS,L,0,103,43.0,15,5.0,4,15,0.409,0.632,0.358,-10.0,22023
22300252,2023-11-26,Denver Nuggets,DEN vs. SAS,W,1,132,45.0,38,8.0,3,19,0.562,0.8,0.429,12.0,22023
22300252,2023-11-26,San Antonio Spurs,SAS @ DEN,L,0,120,35.0,34,10.0,6,15,0.452,0.846,0.378,-12.0,22023
22300249,2023-11-26,Minnesota Timberwolves,MIN @ MEM,W,1,119,42.0,30,5.0,5,14,0.531,0.783,0.441,22.0,22023
22300246,2023-11-26,Boston Celtics,BOS vs. ATL,W,1,113,58.0,24,9.0,3,12,0.442,0.8,0.277,10.0,22023
22300247,2023-11-26,Phoenix Suns,PHX @ NYK,W,1,116,47.0,27,4.0,11,11,0.462,0.762,0.421,3.0,22023
22300253,2023-11-27,Detroit Pistons,DET vs. WAS,L,0,107,49.0,29,7.0,11,16,0.422,0.684,0.211,-19.0,22023
22300257,2023-11-27,Los Angeles Clippers,LAC vs. DEN,L,0,104,49.0,18,6.0,9,13,0.412,0.824,0.3,-9.0,22023
22300254,2023-11-27,Indiana Pacers,IND vs. POR,L,0,110,42.0,26,10.0,6,20,0.477,0.75,0.242,-4.0,22023
22300255,2023-11-27,Philadelphia 76ers,PHI vs. LAL,W,1,138,48.0,33,11.0,2,5,0.505,0.846,0.478,44.0,22023
22300256,2023-11-27,New Orleans Pelicans,NOP @ UTA,L,0,112,48.0,27,5.0,1,8,0.5,0.68,0.318,-2.0,22023
22300257,2023-11-27,Denver Nuggets,DEN @ LAC,W,1,113,52.0,28,8.0,6,11,0.478,0.536,0.455,9.0,22023
22300253,2023-11-27,Washington Wizards,WAS @ DET,W,1,126,46.0,29,8.0,6,15,0.506,0.929,0.345,19.0,22023
22300254,2023-11-27,Portland Trail Blazers,POR @ IND,W,1,114,38.0,20,6.0,4,16,0.471,0.806,0.5,4.0,22023
22300256,2023-11-27,Utah Jazz,UTA vs. NOP,W,1,114,43.0,31,6.0,4,10,0.42,0.821,0.354,2.0,22023
22300255,2023-11-27,Los Angeles Lakers,LAL @ PHI,L,0,94,32.0,23,3.0,4,17,0.47,0.692,0.25,-44.0,22023
22300054,2023-11-28,Toronto Raptors,TOR @ BKN,L,0,103,46.0,27,11.0,3,7,0.386,0.632,0.361,-12.0,22023
22300053,2023-11-28,Boston Celtics,BOS vs. CHI,W,1,124,52.0,36,6.0,9,16,0.522,0.75,0.429,27.0,22023
22300059,2023-11-28,Dallas Mavericks,DAL vs. HOU,W,1,121,38.0,25,5.0,4,7,0.472,0.862,0.353,6.0,22023
22300058,2023-11-28,Oklahoma City Thunder,OKC @ MIN,L,0,103,36.0,22,8.0,4,8,0.411,0.783,0.367,-3.0,22023
22300056,2023-11-28,Miami Heat,MIA vs. MIL,L,0,124,35.0,32,3.0,5,6,0.511,0.667,0.467,-7.0,22023
22300058,2023-11-28,Minnesota Timberwolves,MIN vs. OKC,W,1,106,51.0,18,3.0,9,19,0.423,0.813,0.424,3.0,22023
22300055,2023-11-28,Cleveland Cavaliers,CLE vs. ATL,W,1,128,55.0,27,8.0,12,16,0.538,0.882,0.361,23.0,22023
22300055,2023-11-28,Atlanta Hawks,ATL @ CLE,L,0,105,44.0,21,9.0,3,10,0.347,0.917,0.295,-23.0,22023
22300053,2023-11-28,Chicago Bulls,CHI @ BOS,L,0,97,37.0,25,11.0,7,8,0.433,0.556,0.321,-27.0,22023
22300057,2023-11-28,Charlotte Hornets,CHA @ NYK,L,0,91,41.0,21,8.0,2,17,0.416,0.571,0.419,-24.0,22023
22300060,2023-11-28,Sacramento Kings,SAC vs. GSW,W,1,124,46.0,25,8.0,7,10,0.451,0.643,0.341,1.0,22023
22300054,2023-11-28,Brooklyn Nets,BKN vs. TOR,W,1,115,59.0,26,7.0,8,15,0.449,0.846,0.342,12.0,22023
22300059,2023-11-28,Houston Rockets,HOU @ DAL,L,0,115,40.0,33,2.0,6,12,0.494,0.793,0.276,-6.0,22023
22300057,2023-11-28,New York Knicks,NYK vs. CHA,W,1,115,54.0,21,10.0,7,16,0.466,0.9,0.395,24.0,22023
22300060,2023-11-28,Golden State Warriors,GSW @ SAC,L,0,123,52.0,25,6.0,6,18,0.482,0.867,0.415,-1.0,22023
22300056,2023-11-28,Milwaukee Bucks,MIL @ MIA,W,1,131,45.0,26,3.0,4,9,0.534,0.889,0.371,7.0,22023
22300264,2023-11-29,Los Angeles Clippers,LAC @ SAC,W,1,131,37.0,28,8.0,5,4,0.538,0.773,0.5,14.0,22023
22300263,2023-11-29,Denver Nuggets,DEN vs. HOU,W,1,134,41.0,37,4.0,2,3,0.505,0.731,0.442,10.0,22023
22300258,2023-11-29,Detroit Pistons,DET vs. LAL,L,0,107,39.0,28,8.0,3,14,0.412,0.857,0.417,-26.0,22023
22300260,2023-11-29,Toronto Raptors,TOR vs. PHX,W,1,112,49.0,25,7.0,5,9,0.452,0.857,0.37,7.0,22023
22300258,2023-11-29,Los Angeles Lakers,LAL @ DET,W,1,133,49.0,28,7.0,10,12,0.511,0.816,0.353,26.0,22023
22300259,2023-11-29,Washington Wizards,WAS @ ORL,L,0,120,29.0,28,14.0,3,10,0.471,0.771,0.379,-19.0,22023
22300260,2023-11-29,Phoenix Suns,PHX @ TOR,L,0,105,47.0,25,3.0,5,9,0.404,0.957,0.269,-7.0,22023
22300259,2023-11-29,Orlando Magic,ORL vs. WAS,W,1,139,44.0,34,5.0,6,18,0.607,0.833,0.63,19.0,22023
22300261,2023-11-29,Utah Jazz,UTA @ MEM,L,0,91,39.0,26,8.0,8,17,0.378,0.583,0.41,-14.0,22023
22300263,2023-11-29,Houston Rockets,HOU @ DEN,L,0,124,35.0,27,3.0,5,8,0.547,0.737,0.39,-10.0,22023
22300264,2023-11-29,Sacramento Kings,SAC vs. LAC,L,0,117,47.0,22,1.0,1,14,0.465,0.857,0.317,-14.0,22023
22300262,2023-11-29,Philadelphia 76ers,PHI @ NOP,L,0,114,30.0,28,8.0,7,21,0.519,0.889,0.412,-10.0,22023
22300261,2023-11-29,Memphis Grizzlies,MEM vs. UTA,W,1,105,51.0,26,9.0,10,15,0.494,0.75,0.333,14.0,22023
22300262,2023-11-29,New Orleans Pelicans,NOP vs. PHI,W,1,124,40.0,33,11.0,4,20,0.538,0.882,0.333,10.0,22023
22300267,2023-11-30,Miami Heat,MIA vs. IND,W,1,142,48.0,25,4.0,1,14,0.558,0.844,0.381,10.0,22023
22300271,2023-11-30,Oklahoma City Thunder,OKC vs. LAL,W,1,133,48.0,29,9.0,6,7,0.532,0.864,0.333,23.0,22023
22300269,2023-11-30,Milwaukee Bucks,MIL @ CHI,L,0,113,43.0,28,12.0,6,20,0.449,0.692,0.333,-7.0,22023
22300272,2023-11-30,San Antonio Spurs,SAS vs. ATL,L,0,135,47.0,34,4.0,7,21,0.539,0.913,0.439,-2.0,22023
22300265,2023-11-30,Portland Trail Blazers,POR @ CLE,W,1,103,40.0,29,10.0,4,22,0.506,1.0,0.4,8.0,22023
22300266,2023-11-30,Charlotte Hornets,CHA @ BKN,W,1,129,41.0,30,6.0,7,9,0.505,1.0,0.583,1.0,22023
22300268,2023-11-30,Detroit Pistons,DET @ NYK,L,0,112,42.0,22,4.0,3,20,0.531,0.647,0.429,-6.0,22023
22300272,2023-11-30,Atlanta Hawks,ATL @ SAS,W,1,137,37.0,24,14.0,2,10,0.51,0.862,0.424,2.0,22023
22300265,2023-11-30,Cleveland Cavaliers,CLE vs. POR,L,0,95,35.0,25,12.0,2,17,0.427,1.0,0.219,-8.0,22023
22300273,2023-11-30,Golden State Warriors,GSW vs. LAC,W,1,120,47.0,30,3.0,4,7,0.5,0.742,0.385,6.0,22023
22300270,2023-11-30,Minnesota Timberwolves,MIN vs. UTA,W,1,101,42.0,29,13.0,7,11,0.438,0.769,0.371,11.0,22023
22300270,2023-11-30,Utah Jazz,UTA @ MIN,L,0,90,51.0,22,6.0,4,19,0.379,0.929,0.324,-11.0,22023
22300267,2023-11-30,Indiana Pacers,IND @ MIA,L,0,132,34.0,30,11.0,5,9,0.51,0.656,0.256,-10.0,22023
22300271,2023-11-30,Los Angeles Lakers,LAL @ OKC,L,0,110,41.0,24,6.0,2,13,0.444,0.844,0.333,-23.0,22023
22300269,2023-11-30,Chicago Bulls,CHI vs. MIL,W,1,120,51.0,32,14.0,4,21,0.459,0.773,0.351,7.0,22023
22300268,2023-11-30,New York Knicks,NYK vs. DET,W,1,118,41.0,25,8.0,3,11,0.466,0.714,0.39,6.0,22023
22300273,2023-11-30,Los Angeles Clippers,LAC @ GSW,L,0,114,43.0,26,5.0,1,6,0.442,0.75,0.375,-6.0,22023
22300266,2023-11-30,Brooklyn Nets,BKN vs. CHA,L,0,128,52.0,21,6.0,4,9,0.495,0.667,0.389,-1.0,22023
22300278,2023-12-01,New Orleans Pelicans,NOP vs. SAS,W,1,121,42.0,26,8.0,6,11,0.494,0.931,0.323,15.0,22023
22300277,2023-12-01,Dallas Mavericks,DAL vs. MEM,L,0,94,42.0,27,9.0,5,11,0.37,0.667,0.308,-14.0,22023
22300275,2023-12-01,Boston Celtics,BOS vs. PHI,W,1,125,46.0,25,10.0,8,20,0.506,0.861,0.485,6.0,22023
22300279,2023-12-01,Phoenix Suns,PHX vs. DEN,L,0,111,43.0,22,4.0,9,12,0.464,0.923,0.333,-8.0,22023
22300276,2023-12-01,New York Knicks,NYK @ TOR,W,1,119,43.0,30,6.0,3,12,0.5,0.813,0.444,13.0,22023
22300274,2023-12-01,Washington Wizards,WAS @ ORL,L,0,125,40.0,25,8.0,5,14,0.506,0.71,0.464,-5.0,22023
22300278,2023-12-01,San Antonio Spurs,SAS @ NOP,L,0,106,39.0,28,5.0,5,19,0.458,0.824,0.41,-15.0,22023
22300279,2023-12-01,Denver Nuggets,DEN @ PHX,W,1,119,32.0,38,8.0,4,9,0.568,0.583,0.375,8.0,22023
22300276,2023-12-01,Toronto Raptors,TOR vs. NYK,L,0,106,48.0,32,7.0,6,12,0.44,0.706,0.188,-13.0,22023
22300277,2023-12-01,Memphis Grizzlies,MEM @ DAL,W,1,108,52.0,27,8.0,12,14,0.489,0.818,0.324,14.0,22023
22300275,2023-12-01,Philadelphia 76ers,PHI @ BOS,L,0,119,42.0,16,16.0,5,16,0.457,0.739,0.457,-6.0,22023
22300274,2023-12-01,Orlando Magic,ORL vs. WAS,W,1,130,44.0,35,6.0,8,14,0.517,0.788,0.387,5.0,22023
22300289,2023-12-02,Portland Trail Blazers,POR @ UTA,L,0,113,40.0,17,11.0,5,9,0.4,0.889,0.325,-5.0,22023
22300283,2023-12-02,Cleveland Cavaliers,CLE @ DET,W,1,110,43.0,25,11.0,1,11,0.494,0.667,0.333,9.0,22023
22300291,2023-12-02,Houston Rockets,HOU @ LAL,L,0,97,54.0,24,5.0,7,16,0.404,0.778,0.355,-10.0,22023
22300281,2023-12-02,Minnesota Timberwolves,MIN @ CHA,W,1,123,41.0,26,5.0,3,11,0.512,0.867,0.355,6.0,22023
22300288,2023-12-02,Phoenix Suns,PHX vs. MEM,W,1,116,44.0,24,10.0,5,16,0.434,0.814,0.346,7.0,22023
22300288,2023-12-02,Memphis Grizzlies,MEM @ PHX,L,0,109,40.0,14,9.0,8,15,0.453,0.917,0.29,-7.0,22023
22300290,2023-12-02,Sacramento Kings,SAC vs. DEN,W,1,123,47.0,33,7.0,5,11,0.485,0.733,0.471,6.0,22023
22300285,2023-12-02,Chicago Bulls,CHI vs. NOP,W,1,124,41.0,32,6.0,8,13,0.545,0.733,0.425,6.0,22023
22300280,2023-12-02,Los Angeles Clippers,LAC vs. GSW,W,1,113,40.0,31,5.0,6,11,0.489,0.857,0.333,1.0,22023
22300282,2023-12-02,Brooklyn Nets,BKN vs. ORL,W,1,129,57.0,31,4.0,8,11,0.505,0.742,0.412,28.0,22023
22300284,2023-12-02,Indiana Pacers,IND @ MIA,W,1,144,32.0,35,4.0,8,9,0.659,0.8,0.5,15.0,22023
22300291,2023-12-02,Los Angeles Lakers,LAL vs. HOU,W,1,107,48.0,24,11.0,7,9,0.449,0.704,0.296,10.0,22023
22300285,2023-12-02,New Orleans Pelicans,NOP @ CHI,L,0,118,39.0,20,10.0,1,12,0.5,0.8,0.32,-6.0,22023
22300282,2023-12-02,Orlando Magic,ORL @ BKN,L,0,101,37.0,24,3.0,5,11,0.398,0.815,0.31,-28.0,22023
22300287,2023-12-02,Oklahoma City Thunder,OKC @ DAL,W,1,126,50.0,24,8.0,5,12,0.44,0.818,0.455,6.0,22023
22300280,2023-12-02,Golden State Warriors,GSW @ LAC,L,0,112,42.0,31,5.0,4,13,0.442,0.792,0.395,-1.0,22023
22300286,2023-12-02,Milwaukee Bucks,MIL vs. ATL,W,1,132,44.0,33,5.0,6,15,0.596,0.8,0.424,11.0,22023
22300290,2023-12-02,Denver Nuggets,DEN @ SAC,L,0,117,46.0,35,9.0,7,10,0.495,0.65,0.24,-6.0,22023
22300284,2023-12-02,Miami Heat,MIA vs. IND,L,0,129,28.0,27,3.0,1,10,0.539,0.875,0.48,-15.0,22023
22300283,2023-12-02,Detroit Pistons,DET vs. CLE,L,0,101,49.0,24,9.0,3,16,0.47,0.652,0.267,-9.0,22023
22300281,2023-12-02,Charlotte Hornets,CHA vs. MIN,L,0,117,36.0,29,6.0,4,8,0.484,0.895,0.48,-6.0,22023
22300286,2023-12-02,Atlanta Hawks,ATL @ MIL,L,0,121,40.0,23,11.0,4,11,0.446,0.762,0.395,-11.0,22023
22300289,2023-12-02,Utah Jazz,UTA vs. POR,W,1,118,56.0,27,5.0,11,17,0.489,0.792,0.206,5.0,22023
22300287,2023-12-02,Dallas Mavericks,DAL vs. OKC,L,0,120,47.0,26,5.0,12,15,0.448,0.657,0.365,-6.0,22023
22301202,2023-12-04,Indiana Pacers,IND vs. BOS,W,1,122,41.0,28,8.0,4,6,0.457,0.81,0.475,10.0,22023
22301204,2023-12-04,Sacramento Kings,SAC vs. NOP,L,0,117,38.0,29,8.0,2,13,0.447,0.818,0.341,-10.0,22023
22301202,2023-12-04,Boston Celtics,BOS @ IND,L,0,112,56.0,27,5.0,9,17,0.474,0.667,0.293,-10.0,22023
22301204,2023-12-04,New Orleans Pelicans,NOP @ SAC,W,1,127,42.0,29,12.0,7,12,0.54,0.826,0.452,10.0,22023
22301203,2023-12-05,Los Angeles Lakers,LAL vs. PHX,W,1,106,45.0,24,11.0,2,9,0.373,0.84,0.3,3.0,22023
22301201,2023-12-05,New York Knicks,NYK @ MIL,L,0,122,36.0,27,8.0,4,16,0.494,0.879,0.304,-24.0,22023
22301201,2023-12-05,Milwaukee Bucks,MIL vs. NYK,W,1,146,37.0,32,12.0,6,12,0.604,0.684,0.605,24.0,22023
22301203,2023-12-05,Phoenix Suns,PHX @ LAL,L,0,103,44.0,25,8.0,5,20,0.493,0.81,0.48,-3.0,22023
22301209,2023-12-06,Atlanta Hawks,ATL vs. BKN,L,0,113,49.0,25,5.0,4,12,0.447,0.944,0.343,-1.0,22023
22301213,2023-12-06,Dallas Mavericks,DAL vs. UTA,W,1,147,47.0,37,11.0,5,7,0.554,0.684,0.449,50.0,22023
22301209,2023-12-06,Brooklyn Nets,BKN @ ATL,W,1,114,45.0,24,7.0,6,12,0.457,0.708,0.407,1.0,22023
22301207,2023-12-06,Toronto Raptors,TOR vs. MIA,L,0,103,46.0,29,3.0,8,14,0.43,0.882,0.378,-9.0,22023
22301205,2023-12-06,Orlando Magic,ORL @ CLE,L,0,111,36.0,22,10.0,6,11,0.488,0.73,0.087,-10.0,22023
22301213,2023-12-06,Utah Jazz,UTA @ DAL,L,0,97,43.0,22,6.0,3,19,0.402,0.833,0.364,-50.0,22023
22301212,2023-12-06,Houston Rockets,HOU vs. OKC,W,1,110,53.0,28,6.0,5,19,0.482,0.682,0.455,9.0,22023
22301206,2023-12-06,Memphis Grizzlies,MEM @ DET,W,1,116,46.0,26,10.0,8,14,0.516,0.786,0.423,14.0,22023
22301211,2023-12-06,Charlotte Hornets,CHA @ CHI,L,0,100,42.0,25,9.0,9,16,0.433,1.0,0.27,-11.0,22023
22301215,2023-12-06,Denver Nuggets,DEN @ LAC,L,0,102,46.0,29,7.0,5,11,0.418,0.889,0.387,-9.0,22023
22301208,2023-12-06,Philadelphia 76ers,PHI @ WAS,W,1,131,43.0,29,7.0,2,11,0.511,0.853,0.296,5.0,22023
22301210,2023-12-06,San Antonio Spurs,SAS @ MIN,L,0,94,49.0,23,7.0,4,11,0.376,0.667,0.222,-8.0,22023
22301210,2023-12-06,Minnesota Timberwolves,MIN vs. SAS,W,1,102,55.0,20,4.0,10,14,0.414,0.857,0.3,8.0,22023
22301207,2023-12-06,Miami Heat,MIA @ TOR,W,1,112,44.0,33,5.0,4,7,0.461,0.842,0.368,9.0,22023
22301206,2023-12-06,Detroit Pistons,DET vs. MEM,L,0,102,42.0,30,9.0,6,16,0.451,1.0,0.314,-14.0,22023
22301211,2023-12-06,Chicago Bulls,CHI vs. CHA,W,1,111,57.0,23,6.0,6,16,0.422,0.793,0.48,11.0,22023
22301208,2023-12-06,Washington Wizards,WAS vs. PHI,L,0,126,32.0,39,8.0,6,11,0.565,1.0,0.4,-5.0,22023
22301214,2023-12-06,Golden State Warriors,GSW vs. POR,W,1,110,50.0,20,4.0,3,17,0.419,0.848,0.294,4.0,22023
22301205,2023-12-06,Cleveland Cavaliers,CLE vs. ORL,W,1,121,45.0,29,5.0,2,15,0.535,0.75,0.412,10.0,22023
22301214,2023-12-06,Portland Trail Blazers,POR @ GSW,L,0,106,40.0,22,8.0,3,10,0.411,0.75,0.348,-4.0,22023
22301215,2023-12-06,Los Angeles Clippers,LAC vs. DEN,W,1,111,51.0,21,7.0,9,11,0.46,0.76,0.444,9.0,22023
22301212,2023-12-06,Oklahoma City Thunder,OKC @ HOU,L,0,101,30.0,22,14.0,10,8,0.425,0.792,0.276,-9.0,22023
22301230,2023-12-07,Los Angeles Lakers,LAL vs. NOP,W,1,133,59.0,31,6.0,4,14,0.547,0.759,0.486,44.0,22023
22301229,2023-12-07,Milwaukee Bucks,MIL vs. IND,L,0,119,46.0,19,3.0,9,12,0.448,0.75,0.364,-9.0,22023
22301229,2023-12-07,Indiana Pacers,IND @ MIL,W,1,128,51.0,30,9.0,8,9,0.49,0.84,0.212,9.0,22023
22301230,2023-12-07,New Orleans Pelicans,NOP @ LAL,L,0,89,42.0,22,7.0,5,12,0.358,0.7,0.226,-44.0,22023
22301220,2023-12-08,Miami Heat,MIA vs. CLE,L,0,99,37.0,23,5.0,5,18,0.43,0.667,0.357,-12.0,22023
22301218,2023-12-08,Atlanta Hawks,ATL @ PHI,L,0,114,55.0,20,3.0,4,13,0.394,0.905,0.333,-11.0,22023
22301216,2023-12-08,Toronto Raptors,TOR @ CHA,L,0,116,42.0,32,7.0,2,14,0.505,0.762,0.188,-3.0,22023
22301220,2023-12-08,Cleveland Cavaliers,CLE @ MIA,W,1,111,51.0,21,13.0,2,13,0.46,0.654,0.368,12.0,22023
22301216,2023-12-08,Charlotte Hornets,CHA vs. TOR,W,1,119,31.0,30,7.0,4,15,0.557,0.9,0.52,3.0,22023
22301226,2023-12-08,Dallas Mavericks,DAL @ POR,W,1,125,42.0,26,8.0,5,15,0.516,0.864,0.308,13.0,22023
22301227,2023-12-08,Boston Celtics,BOS vs. NYK,W,1,133,34.0,24,8.0,5,7,0.527,0.857,0.404,10.0,22023
22301221,2023-12-08,Minnesota Timberwolves,MIN @ MEM,W,1,127,54.0,30,4.0,8,13,0.5,0.923,0.395,24.0,22023
22301221,2023-12-08,Memphis Grizzlies,MEM vs. MIN,L,0,103,28.0,24,7.0,4,9,0.43,0.737,0.429,-24.0,22023
22301225,2023-12-08,Utah Jazz,UTA vs. LAC,L,0,103,40.0,23,10.0,10,13,0.452,0.75,0.29,-14.0,22023
22301218,2023-12-08,Philadelphia 76ers,PHI vs. ATL,W,1,125,48.0,24,6.0,8,10,0.483,0.811,0.367,11.0,22023
22301226,2023-12-08,Portland Trail Blazers,POR vs. DAL,L,0,112,48.0,20,9.0,1,15,0.371,0.889,0.34,-13.0,22023
22301219,2023-12-08,Brooklyn Nets,BKN vs. WAS,W,1,124,55.0,27,8.0,8,10,0.481,0.778,0.303,27.0,22023
22301225,2023-12-08,Los Angeles Clippers,LAC @ UTA,W,1,117,40.0,23,8.0,9,12,0.489,0.762,0.441,14.0,22023
22301224,2023-12-08,Houston Rockets,HOU @ DEN,W,1,114,47.0,21,3.0,3,9,0.427,0.738,0.333,8.0,22023
22301228,2023-12-08,Phoenix Suns,PHX vs. SAC,L,0,106,40.0,26,8.0,5,11,0.482,0.652,0.344,-8.0,22023
22301228,2023-12-08,Sacramento Kings,SAC @ PHX,W,1,114,50.0,25,7.0,0,12,0.457,0.8,0.359,8.0,22023
22301223,2023-12-08,Chicago Bulls,CHI @ SAS,W,1,121,56.0,27,9.0,2,7,0.461,0.583,0.464,9.0,22023
22301222,2023-12-08,Oklahoma City Thunder,OKC vs. GSW,W,1,138,39.0,15,17.0,7,9,0.52,0.861,0.172,2.0,22023
22301217,2023-12-08,Detroit Pistons,DET @ ORL,L,0,91,38.0,17,3.0,2,15,0.42,0.708,0.2,-32.0,22023
22301222,2023-12-08,Golden State Warriors,GSW @ OKC,L,0,136,60.0,29,3.0,2,28,0.471,0.826,0.396,-2.0,22023
22301219,2023-12-08,Washington Wizards,WAS @ BKN,L,0,97,41.0,19,4.0,7,16,0.418,0.714,0.182,-27.0,22023
22301227,2023-12-08,New York Knicks,NYK @ BOS,L,0,123,44.0,28,4.0,3,13,0.5,0.741,0.405,-10.0,22023
22301223,2023-12-08,San Antonio Spurs,SAS vs. CHI,L,0,112,44.0,35,4.0,9,12,0.47,0.85,0.405,-9.0,22023
22301224,2023-12-08,Denver Nuggets,DEN vs. HOU,L,0,106,47.0,22,4.0,5,10,0.422,0.741,0.357,-8.0,22023
22301217,2023-12-08,Orlando Magic,ORL vs. DET,W,1,123,45.0,26,5.0,4,9,0.551,0.789,0.385,32.0,22023
22300296,2023-12-11,Denver Nuggets,DEN @ ATL,W,1,129,49.0,29,9.0,8,16,0.534,0.793,0.414,7.0,22023
22300299,2023-12-11,Dallas Mavericks,DAL @ MEM,W,1,120,43.0,27,8.0,9,17,0.5,0.895,0.425,7.0,22023
22300294,2023-12-11,Cleveland Cavaliers,CLE @ ORL,L,0,94,48.0,15,10.0,3,14,0.353,0.758,0.225,-10.0,22023
22300301,2023-12-11,New Orleans Pelicans,NOP vs. MIN,W,1,121,47.0,27,7.0,7,13,0.488,0.775,0.37,14.0,22023
22300293,2023-12-11,Indiana Pacers,IND @ DET,W,1,131,43.0,33,8.0,5,18,0.565,0.737,0.419,8.0,22023
22300301,2023-12-11,Minnesota Timberwolves,MIN @ NOP,L,0,107,47.0,26,5.0,3,11,0.44,0.737,0.361,-14.0,22023
22300294,2023-12-11,Orlando Magic,ORL vs. CLE,W,1,104,43.0,22,7.0,8,12,0.464,0.76,0.269,10.0,22023
22300303,2023-12-11,Brooklyn Nets,BKN @ SAC,L,0,118,41.0,24,4.0,6,13,0.477,0.952,0.483,-13.0,22023
22300298,2023-12-11,San Antonio Spurs,SAS @ HOU,L,0,82,51.0,20,9.0,5,17,0.356,0.682,0.122,-11.0,22023
22300297,2023-12-11,New York Knicks,NYK vs. TOR,W,1,136,42.0,36,5.0,3,15,0.605,0.652,0.586,6.0,22023
22300297,2023-12-11,Toronto Raptors,TOR @ NYK,L,0,130,38.0,32,12.0,0,10,0.49,0.733,0.359,-6.0,22023
22300298,2023-12-11,Houston Rockets,HOU vs. SAS,W,1,93,60.0,20,7.0,2,16,0.344,0.85,0.308,11.0,22023
22300303,2023-12-11,Sacramento Kings,SAC vs. BKN,W,1,131,43.0,38,4.0,3,13,0.511,0.714,0.556,13.0,22023
22300302,2023-12-11,Oklahoma City Thunder,OKC vs. UTA,W,1,134,39.0,35,9.0,7,12,0.521,0.941,0.474,14.0,22023
22300293,2023-12-11,Detroit Pistons,DET vs. IND,L,0,123,30.0,26,11.0,4,14,0.556,0.767,0.345,-8.0,22023
22300292,2023-12-11,Charlotte Hornets,CHA vs. MIA,L,0,114,31.0,31,3.0,2,10,0.476,0.773,0.415,-2.0,22023
22300302,2023-12-11,Utah Jazz,UTA @ OKC,L,0,120,41.0,32,9.0,9,15,0.478,0.952,0.316,-14.0,22023
22300295,2023-12-11,Washington Wizards,WAS @ PHI,L,0,101,44.0,21,5.0,2,22,0.424,0.645,0.29,-45.0,22023
22300299,2023-12-11,Memphis Grizzlies,MEM vs. DAL,L,0,113,38.0,26,9.0,5,17,0.461,0.813,0.409,-7.0,22023
22300292,2023-12-11,Miami Heat,MIA @ CHA,W,1,116,43.0,31,7.0,3,10,0.481,0.794,0.429,2.0,22023
22300296,2023-12-11,Atlanta Hawks,ATL vs. DEN,L,0,122,35.0,25,9.0,2,10,0.458,0.944,0.386,-7.0,22023
22300300,2023-12-11,Chicago Bulls,CHI @ MIL,L,0,129,51.0,25,3.0,4,6,0.412,0.8,0.441,-4.0,22023
22300304,2023-12-11,Portland Trail Blazers,POR @ LAC,L,0,127,36.0,25,5.0,4,12,0.478,0.846,0.475,-5.0,22023
22300300,2023-12-11,Milwaukee Bucks,MIL vs. CHI,W,1,133,48.0,34,5.0,4,11,0.512,0.811,0.405,4.0,22023
22300295,2023-12-11,Philadelphia 76ers,PHI vs. WAS,W,1,146,47.0,37,14.0,6,13,0.547,0.88,0.435,45.0,22023
22300304,2023-12-11,Los Angeles Clippers,LAC vs. POR,W,1,132,35.0,33,7.0,9,9,0.551,0.955,0.382,5.0,22023
22300309,2023-12-12,Sacramento Kings,SAC @ LAC,L,0,99,38.0,27,8.0,2,14,0.419,0.708,0.27,-20.0,22023
22300308,2023-12-12,Golden State Warriors,GSW @ PHX,L,0,116,51.0,26,9.0,1,15,0.446,0.667,0.348,-3.0,22023
22300307,2023-12-12,Chicago Bulls,CHI vs. DEN,L,0,106,41.0,26,6.0,9,12,0.419,0.913,0.325,-7.4,22023
22300307,2023-12-12,Denver Nuggets,DEN @ CHI,W,1,114,46.0,28,4.0,4,10,0.47,0.688,0.467,8.0,22023
22300308,2023-12-12,Phoenix Suns,PHX vs. GSW,W,1,119,41.0,27,8.0,7,14,0.452,0.853,0.359,3.0,22023
22300306,2023-12-12,Los Angeles Lakers,LAL @ DAL,L,0,125,40.0,34,4.0,4,15,0.538,0.667,0.517,-2.0,22023
22300309,2023-12-12,Los Angeles Clippers,LAC vs. SAC,W,1,119,49.0,21,7.0,2,15,0.524,0.952,0.379,20.0,22023
22300305,2023-12-12,Cleveland Cavaliers,CLE @ BOS,L,0,113,35.0,27,6.0,4,12,0.478,0.667,0.422,-7.0,22023
22300306,2023-12-12,Dallas Mavericks,DAL vs. LAL,W,1,127,36.0,28,7.0,5,10,0.494,0.857,0.488,2.0,22023
22300305,2023-12-12,Boston Celtics,BOS vs. CLE,W,1,120,45.0,23,9.0,9,13,0.452,1.0,0.409,7.0,22023
22300317,2023-12-13,Brooklyn Nets,BKN @ PHX,W,1,116,36.0,24,9.0,4,7,0.461,0.792,0.366,4.0,22023
22300310,2023-12-13,Philadelphia 76ers,PHI @ DET,W,1,129,53.0,28,6.0,4,10,0.517,0.824,0.367,18.0,22023
22300312,2023-12-13,Charlotte Hornets,CHA @ MIA,L,0,104,31.0,27,11.0,5,21,0.532,0.909,0.387,-11.0,22023
22300318,2023-12-13,New York Knicks,NYK @ UTA,L,0,113,46.0,21,10.0,4,8,0.436,0.688,0.231,-4.0,22023
22300311,2023-12-13,New Orleans Pelicans,NOP @ WAS,W,1,142,46.0,30,11.0,3,9,0.521,0.867,0.471,20.0,22023
22300314,2023-12-13,Houston Rockets,HOU vs. MEM,W,1,117,58.0,23,6.0,3,19,0.453,0.73,0.375,13.0,22023
22300315,2023-12-13,Milwaukee Bucks,MIL vs. IND,W,1,140,43.0,27,8.0,8,15,0.539,0.771,0.259,14.0,22023
22300313,2023-12-13,Atlanta Hawks,ATL @ TOR,L,0,128,42.0,32,9.0,8,7,0.48,0.737,0.439,-7.0,22023
22300313,2023-12-13,Toronto Raptors,TOR vs. ATL,W,1,135,47.0,39,3.0,9,14,0.575,0.708,0.529,7.0,22023
22300317,2023-12-13,Phoenix Suns,PHX vs. BKN,L,0,112,49.0,28,5.0,4,12,0.476,0.852,0.321,-4.0,22023
22300315,2023-12-13,Indiana Pacers,IND @ MIL,L,0,126,45.0,30,7.0,6,18,0.45,0.781,0.306,-14.0,22023
22300310,2023-12-13,Detroit Pistons,DET vs. PHI,L,0,111,35.0,24,6.0,3,9,0.443,0.767,0.303,-18.0,22023
22300318,2023-12-13,Utah Jazz,UTA vs. NYK,W,1,117,53.0,31,5.0,4,15,0.439,0.714,0.381,4.0,22023
22300312,2023-12-13,Miami Heat,MIA vs. CHA,W,1,115,47.0,29,10.0,3,22,0.477,0.947,0.5,11.0,22023
22300316,2023-12-13,Los Angeles Lakers,LAL @ SAS,W,1,122,46.0,31,14.0,4,16,0.538,0.588,0.4,3.0,22023
22300311,2023-12-13,Washington Wizards,WAS vs. NOP,L,0,122,33.0,28,7.0,6,15,0.512,0.792,0.432,-20.0,22023
22300314,2023-12-13,Memphis Grizzlies,MEM @ HOU,L,0,104,39.0,25,7.0,4,11,0.427,0.706,0.263,-13.0,22023
22300316,2023-12-13,San Antonio Spurs,SAS vs. LAL,L,0,119,46.0,28,8.0,6,17,0.469,0.722,0.432,-3.0,22023
22300320,2023-12-14,Chicago Bulls,CHI @ MIA,W,1,124,43.0,32,8.0,2,5,0.484,0.667,0.389,8.0,22023
22300320,2023-12-14,Miami Heat,MIA vs. CHI,L,0,116,42.0,26,2.0,1,10,0.463,0.771,0.441,-8.0,22023
22300325,2023-12-14,Golden State Warriors,GSW @ LAC,L,0,113,43.0,22,8.0,2,11,0.435,0.895,0.356,-8.0,22023
22300323,2023-12-14,Portland Trail Blazers,POR vs. UTA,L,0,114,49.0,30,9.0,4,11,0.417,0.667,0.356,-8.0,22023
22300322,2023-12-14,Denver Nuggets,DEN vs. BKN,W,1,124,48.0,31,13.0,6,8,0.475,0.857,0.333,23.0,22023
22300324,2023-12-14,Oklahoma City Thunder,OKC @ SAC,L,0,123,44.0,26,8.0,7,13,0.431,0.889,0.306,-5.0,22023
22300324,2023-12-14,Sacramento Kings,SAC vs. OKC,W,1,128,47.0,32,6.0,4,17,0.495,0.762,0.4,4.8,22023
22300319,2023-12-14,Cleveland Cavaliers,CLE @ BOS,L,0,107,39.0,21,7.0,1,16,0.482,0.941,0.333,-9.0,22023
22300321,2023-12-14,Minnesota Timberwolves,MIN @ DAL,W,1,119,45.0,30,9.0,4,15,0.5,0.68,0.452,18.0,22023
22300325,2023-12-14,Los Angeles Clippers,LAC vs. GSW,W,1,121,40.0,27,6.0,9,13,0.506,0.867,0.406,8.0,22023
22300323,2023-12-14,Utah Jazz,UTA @ POR,W,1,122,45.0,27,9.0,9,11,0.533,0.929,0.333,8.0,22023
22300322,2023-12-14,Brooklyn Nets,BKN @ DEN,L,0,101,53.0,28,5.0,4,16,0.411,0.75,0.267,-23.0,22023
22300321,2023-12-14,Dallas Mavericks,DAL vs. MIN,L,0,101,34.0,21,6.0,2,15,0.47,0.889,0.219,-18.0,22023
22300319,2023-12-14,Boston Celtics,BOS vs. CLE,W,1,116,44.0,22,7.0,8,13,0.506,0.85,0.361,9.0,22023
22300328,2023-12-15,Washington Wizards,WAS vs. IND,W,1,137,47.0,36,7.0,8,17,0.565,0.769,0.481,14.0,22023
22300328,2023-12-15,Indiana Pacers,IND @ WAS,L,0,123,41.0,35,7.0,8,15,0.449,0.75,0.375,-14.0,22023
22300329,2023-12-15,Orlando Magic,ORL @ BOS,L,0,111,45.0,25,5.0,2,21,0.483,0.722,0.4,-17.0,22023
22300331,2023-12-15,Los Angeles Lakers,LAL @ SAS,L,0,115,43.0,32,5.0,5,6,0.483,0.643,0.306,-14.0,22023
22300327,2023-12-15,Detroit Pistons,DET @ PHI,L,0,92,42.0,19,3.0,7,21,0.432,0.783,0.19,-32.0,22023
22300331,2023-12-15,San Antonio Spurs,SAS vs. LAL,W,1,129,45.0,35,5.0,5,8,0.495,0.895,0.429,14.0,22023
22300332,2023-12-15,Memphis Grizzlies,MEM vs. HOU,L,0,96,48.0,19,4.0,8,17,0.402,0.733,0.275,-7.0,22023
22300333,2023-12-15,New York Knicks,NYK @ PHX,W,1,139,38.0,28,9.0,5,11,0.598,0.857,0.586,17.0,22023
22300333,2023-12-15,Phoenix Suns,PHX vs. NYK,L,0,122,33.0,30,4.0,3,11,0.522,0.81,0.393,-17.0,22023
22300330,2023-12-15,Toronto Raptors,TOR vs. ATL,L,0,104,32.0,30,8.0,6,14,0.519,0.56,0.323,-21.0,22023
22300326,2023-12-15,Charlotte Hornets,CHA vs. NOP,L,0,107,39.0,18,7.0,4,8,0.446,0.762,0.29,-5.0,22023
22300329,2023-12-15,Boston Celtics,BOS vs. ORL,W,1,128,34.0,31,14.0,7,10,0.522,0.7,0.429,17.0,22023
22300330,2023-12-15,Atlanta Hawks,ATL @ TOR,W,1,125,55.0,34,4.0,4,12,0.515,0.833,0.39,21.0,22023
22300332,2023-12-15,Houston Rockets,HOU @ MEM,W,1,103,51.0,18,10.0,10,11,0.364,0.875,0.379,7.0,22023
22300327,2023-12-15,Philadelphia 76ers,PHI vs. DET,W,1,124,54.0,24,17.0,8,11,0.418,0.903,0.378,32.0,22023
22300326,2023-12-15,New Orleans Pelicans,NOP @ CHA,W,1,112,49.0,24,4.0,5,15,0.475,0.844,0.333,5.0,22023
22300342,2023-12-16,Sacramento Kings,SAC vs. UTA,W,1,125,45.0,36,6.0,2,14,0.541,0.733,0.489,21.0,22023
22300340,2023-12-16,Denver Nuggets,DEN vs. OKC,L,0,117,46.0,30,5.0,0,9,0.452,0.875,0.375,-1.0,22023
22300338,2023-12-16,Indiana Pacers,IND @ MIN,L,0,109,40.0,25,10.0,6,13,0.5,0.813,0.286,-18.0,22023
22300337,2023-12-16,Miami Heat,MIA vs. CHI,W,1,118,31.0,26,7.0,2,10,0.518,0.76,0.371,2.0,22023
22300335,2023-12-16,Philadelphia 76ers,PHI @ CHA,W,1,135,45.0,30,10.0,6,10,0.602,0.882,0.452,53.0,22023
22300341,2023-12-16,Portland Trail Blazers,POR vs. DAL,L,0,120,44.0,17,8.0,2,11,0.5,0.864,0.219,-11.0,22023
22300334,2023-12-16,Detroit Pistons,DET @ MIL,L,0,114,36.0,25,10.0,4,8,0.448,0.846,0.214,-32.0,22023
22300342,2023-12-16,Utah Jazz,UTA @ SAC,L,0,104,37.0,28,8.0,3,12,0.442,0.762,0.324,-21.0,22023
22300341,2023-12-16,Dallas Mavericks,DAL @ POR,W,1,131,47.0,27,7.0,2,12,0.495,0.905,0.34,11.0,22023
22300335,2023-12-16,Charlotte Hornets,CHA vs. PHI,L,0,82,36.0,15,3.0,4,11,0.363,0.818,0.2,-53.0,22023
22300337,2023-12-16,Chicago Bulls,CHI @ MIA,L,0,116,40.0,25,8.0,4,14,0.481,0.897,0.421,-2.0,22023
22300339,2023-12-16,Golden State Warriors,GSW vs. BKN,W,1,124,42.0,29,7.0,5,14,0.484,0.95,0.531,4.0,22023
22300336,2023-12-16,Cleveland Cavaliers,CLE vs. ATL,W,1,127,49.0,32,8.0,3,10,0.485,0.867,0.381,8.0,22023
22300340,2023-12-16,Oklahoma City Thunder,OKC @ DEN,W,1,118,40.0,22,4.0,9,10,0.512,0.833,0.333,1.0,22023
22300338,2023-12-16,Minnesota Timberwolves,MIN vs. IND,W,1,127,36.0,33,10.0,4,15,0.558,0.813,0.6,18.0,22023
22300339,2023-12-16,Brooklyn Nets,BKN @ GSW,L,0,120,42.0,31,6.0,8,16,0.484,0.867,0.395,-4.0,22023
22300336,2023-12-16,Atlanta Hawks,ATL @ CLE,L,0,119,34.0,21,5.0,4,11,0.482,0.88,0.417,-8.0,22023
22300343,2023-12-16,New York Knicks,NYK @ LAC,L,0,122,39.0,20,7.0,4,10,0.468,0.885,0.314,-22.0,22023
22300343,2023-12-16,Los Angeles Clippers,LAC vs. NYK,W,1,144,42.0,36,8.0,6,8,0.568,0.824,0.485,22.0,22023
22300334,2023-12-16,Milwaukee Bucks,MIL vs. DET,W,1,146,49.0,24,5.0,8,14,0.568,0.844,0.452,32.0,22023
22300345,2023-12-17,New Orleans Pelicans,NOP @ SAS,W,1,146,51.0,38,11.0,3,13,0.561,0.636,0.524,36.0,22023
22300345,2023-12-17,San Antonio Spurs,SAS vs. NOP,L,0,110,39.0,29,6.0,6,13,0.426,0.714,0.357,-36.0,22023
22300344,2023-12-17,Orlando Magic,ORL @ BOS,L,0,97,43.0,18,7.0,4,8,0.382,0.75,0.306,-17.0,22023
22300347,2023-12-17,Phoenix Suns,PHX vs. WAS,W,1,112,54.0,29,8.0,6,17,0.456,0.767,0.226,4.0,22023
22300346,2023-12-17,Milwaukee Bucks,MIL vs. HOU,W,1,128,46.0,25,4.0,1,15,0.5,0.781,0.361,9.0,22023
22300348,2023-12-17,Portland Trail Blazers,POR vs. GSW,L,0,114,37.0,23,10.0,4,13,0.471,0.913,0.371,-4.0,22023
22300348,2023-12-17,Golden State Warriors,GSW @ POR,W,1,118,43.0,31,10.0,4,14,0.529,0.684,0.342,4.0,22023
22300346,2023-12-17,Houston Rockets,HOU @ MIL,L,0,119,31.0,26,8.0,4,9,0.529,0.857,0.407,-9.0,22023
22300347,2023-12-17,Washington Wizards,WAS @ PHX,L,0,108,44.0,24,8.0,6,10,0.411,0.8,0.304,-4.0,22023
22300344,2023-12-17,Boston Celtics,BOS vs. ORL,W,1,114,55.0,18,4.0,10,14,0.474,0.875,0.472,17.0,22023
22300357,2023-12-18,Brooklyn Nets,BKN @ UTA,L,0,108,36.0,25,4.0,9,13,0.433,0.7,0.41,-17.0,22023
22300353,2023-12-18,Minnesota Timberwolves,MIN @ MIA,W,1,112,45.0,27,10.0,9,13,0.494,0.895,0.379,4.0,22023
22300355,2023-12-18,Memphis Grizzlies,MEM @ OKC,L,0,97,45.0,25,6.0,3,22,0.353,0.857,0.352,-19.0,22023
22300357,2023-12-18,Utah Jazz,UTA vs. BKN,W,1,125,51.0,30,6.0,8,14,0.495,0.875,0.412,17.0,22023
22300349,2023-12-18,Cleveland Cavaliers,CLE vs. HOU,W,1,135,38.0,29,7.0,8,11,0.485,0.647,0.396,5.0,22023
22300351,2023-12-18,Philadelphia 76ers,PHI vs. CHI,L,0,104,44.0,23,8.0,8,12,0.432,0.895,0.344,-4.0,22023
22300356,2023-12-18,Dallas Mavericks,DAL @ DEN,L,0,104,43.0,19,2.0,0,11,0.446,0.474,0.342,-26.0,22023
22300358,2023-12-18,Sacramento Kings,SAC vs. WAS,W,1,143,42.0,35,8.0,5,7,0.53,0.769,0.395,12.0,22023
22300350,2023-12-18,Los Angeles Clippers,LAC @ IND,W,1,151,46.0,26,4.0,9,11,0.571,0.87,0.5,24.0,22023
22300359,2023-12-18,Los Angeles Lakers,LAL vs. NYK,L,0,109,41.0,29,9.0,3,10,0.424,0.923,0.317,-5.0,22023
22300352,2023-12-18,Atlanta Hawks,ATL vs. DET,W,1,130,40.0,25,6.0,10,17,0.541,0.815,0.444,6.0,22023
22300351,2023-12-18,Chicago Bulls,CHI @ PHI,W,1,108,45.0,24,7.0,9,10,0.472,0.8,0.414,4.0,22023
22300358,2023-12-18,Washington Wizards,WAS @ SAC,L,0,131,39.0,26,3.0,6,11,0.518,0.833,0.474,-12.0,22023
22300353,2023-12-18,Miami Heat,MIA vs. MIN,L,0,108,40.0,27,10.0,4,15,0.471,0.833,0.367,-4.0,22023
22300355,2023-12-18,Oklahoma City Thunder,OKC vs. MEM,W,1,116,53.0,31,11.0,10,12,0.457,0.913,0.306,19.0,22023
22300349,2023-12-18,Houston Rockets,HOU @ CLE,L,0,130,47.0,34,9.0,5,13,0.461,0.889,0.364,-5.0,22023
22300350,2023-12-18,Indiana Pacers,IND vs. LAC,L,0,127,34.0,38,6.0,7,11,0.516,0.81,0.364,-24.0,22023
22300354,2023-12-18,Toronto Raptors,TOR vs. CHA,W,1,114,51.0,30,4.0,4,17,0.512,0.818,0.276,15.0,22023
22300354,2023-12-18,Charlotte Hornets,CHA @ TOR,L,0,99,36.0,18,8.0,6,12,0.438,1.0,0.25,-15.0,22023
22300352,2023-12-18,Detroit Pistons,DET @ ATL,L,0,124,36.0,23,7.0,3,13,0.511,0.704,0.409,-6.0,22023
22300356,2023-12-18,Denver Nuggets,DEN vs. DAL,W,1,130,46.0,29,7.0,4,8,0.563,0.818,0.538,26.0,22023
22300359,2023-12-18,New York Knicks,NYK @ LAL,W,1,114,52.0,21,5.0,6,15,0.477,0.87,0.333,5.0,22023
22300360,2023-12-19,New Orleans Pelicans,NOP vs. MEM,L,0,113,39.0,23,4.0,3,11,0.471,0.917,0.44,-2.0,22023
22300362,2023-12-19,Boston Celtics,BOS @ GSW,L,0,126,55.0,28,6.0,5,8,0.412,0.882,0.293,-6.0,22023
22300361,2023-12-19,Milwaukee Bucks,MIL vs. SAS,W,1,132,47.0,34,11.0,7,6,0.472,0.778,0.367,13.0,22023
22300363,2023-12-19,Portland Trail Blazers,POR vs. PHX,W,1,109,42.0,23,8.0,4,15,0.448,0.895,0.5,5.0,22023
22300360,2023-12-19,Memphis Grizzlies,MEM @ NOP,W,1,115,42.0,19,5.0,7,17,0.5,0.793,0.323,2.0,22023
22300361,2023-12-19,San Antonio Spurs,SAS @ MIL,L,0,119,52.0,27,4.0,4,16,0.479,0.857,0.3,-13.0,22023
22300363,2023-12-19,Phoenix Suns,PHX @ POR,L,0,104,47.0,23,10.0,6,13,0.447,0.714,0.217,-5.0,22023
22300362,2023-12-19,Golden State Warriors,GSW vs. BOS,W,1,132,59.0,29,4.0,5,10,0.459,0.857,0.4,6.0,22023
22300364,2023-12-20,Utah Jazz,UTA @ CLE,L,0,116,38.0,24,5.0,6,16,0.513,0.821,0.433,-8.0,22023
22300370,2023-12-20,Los Angeles Lakers,LAL @ CHI,L,0,108,40.0,27,7.0,7,13,0.447,0.8,0.324,-16.0,22023
22300366,2023-12-20,Miami Heat,MIA @ ORL,W,1,115,39.0,25,6.0,2,11,0.482,0.833,0.517,9.0,22023
22300364,2023-12-20,Cleveland Cavaliers,CLE vs. UTA,W,1,124,44.0,34,8.0,3,11,0.469,0.688,0.451,8.0,22023
22300370,2023-12-20,Chicago Bulls,CHI vs. LAL,W,1,124,48.0,25,7.0,6,15,0.545,0.909,0.529,16.0,22023
22300365,2023-12-20,Charlotte Hornets,CHA @ IND,L,0,113,37.0,23,6.0,0,10,0.474,0.789,0.258,-31.0,22023
22300371,2023-12-20,Houston Rockets,HOU vs. ATL,L,0,127,37.0,25,4.0,6,8,0.494,1.0,0.471,-7.0,22023
22300365,2023-12-20,Indiana Pacers,IND vs. CHA,W,1,144,38.0,37,6.0,8,13,0.613,0.933,0.462,31.0,22023
22300368,2023-12-20,New York Knicks,NYK @ BKN,W,1,121,54.0,24,8.0,7,11,0.463,0.8,0.394,19.0,22023
22300366,2023-12-20,Orlando Magic,ORL vs. MIA,L,0,106,49.0,29,8.0,5,11,0.461,0.789,0.25,-9.0,22023
22300369,2023-12-20,Denver Nuggets,DEN @ TOR,W,1,113,46.0,29,9.0,9,8,0.5,0.429,0.364,9.0,22023
22300371,2023-12-20,Atlanta Hawks,ATL @ HOU,W,1,134,44.0,31,4.0,3,9,0.516,0.821,0.425,7.0,22023
22300372,2023-12-20,Los Angeles Clippers,LAC @ DAL,W,1,120,44.0,27,6.0,4,12,0.558,0.92,0.355,9.0,22023
22300367,2023-12-20,Minnesota Timberwolves,MIN @ PHI,L,0,113,39.0,22,4.0,2,18,0.512,0.833,0.36,-14.0,22023
22300373,2023-12-20,Boston Celtics,BOS @ SAC,W,1,144,50.0,35,6.0,10,9,0.554,0.833,0.524,25.0,22023
22300369,2023-12-20,Toronto Raptors,TOR vs. DEN,L,0,104,41.0,26,3.0,5,11,0.478,0.692,0.333,-9.0,22023
22300372,2023-12-20,Dallas Mavericks,DAL vs. LAC,L,0,111,36.0,23,8.0,3,6,0.429,0.704,0.326,-9.0,22023
22300368,2023-12-20,Brooklyn Nets,BKN vs. NYK,L,0,102,49.0,25,6.0,9,11,0.366,0.765,0.319,-19.0,22023
22300373,2023-12-20,Sacramento Kings,SAC vs. BOS,L,0,119,37.0,29,4.0,8,7,0.473,0.522,0.477,-25.0,22023
22300367,2023-12-20,Philadelphia 76ers,PHI vs. MIN,W,1,127,36.0,20,9.0,3,12,0.536,0.906,0.364,14.0,22023
22300379,2023-12-21,Los Angeles Clippers,LAC @ OKC,L,0,115,40.0,23,9.0,5,15,0.473,0.833,0.395,-19.0,22023
22300378,2023-12-21,Milwaukee Bucks,MIL vs. ORL,W,1,118,51.0,26,3.0,6,13,0.422,0.886,0.297,4.0,22023
22300379,2023-12-21,Oklahoma City Thunder,OKC vs. LAC,W,1,134,38.0,35,9.0,5,11,0.586,0.889,0.471,19.0,22023
22300378,2023-12-21,Orlando Magic,ORL @ MIL,L,0,114,45.0,26,6.0,9,7,0.455,0.696,0.242,-4.0,22023
22300374,2023-12-21,Utah Jazz,UTA @ DET,W,1,119,44.0,26,15.0,7,12,0.457,0.917,0.367,8.0,22023
22300375,2023-12-21,New Orleans Pelicans,NOP @ CLE,W,1,123,40.0,32,7.0,4,9,0.547,0.875,0.429,19.0,22023
22300376,2023-12-21,Chicago Bulls,CHI vs. SAS,W,1,114,36.0,24,11.0,5,11,0.544,0.818,0.25,19.0,22023
22300380,2023-12-21,Minnesota Timberwolves,MIN vs. LAL,W,1,118,40.0,32,13.0,7,14,0.483,0.8,0.389,7.0,22023
22300376,2023-12-21,San Antonio Spurs,SAS @ CHI,L,0,95,41.0,24,6.0,7,19,0.457,0.688,0.333,-19.0,22023
22300377,2023-12-21,Indiana Pacers,IND @ MEM,L,0,103,39.0,28,12.0,9,16,0.422,0.818,0.346,-13.0,22023
22300381,2023-12-21,Portland Trail Blazers,POR vs. WAS,L,0,117,51.0,24,7.0,6,15,0.453,0.739,0.467,-1.0,22023
22300377,2023-12-21,Memphis Grizzlies,MEM vs. IND,W,1,116,41.0,27,8.0,7,18,0.512,0.667,0.457,13.0,22023
22300381,2023-12-21,Washington Wizards,WAS @ POR,W,1,118,37.0,26,9.0,6,11,0.5,0.688,0.4,1.0,22023
22300375,2023-12-21,Cleveland Cavaliers,CLE vs. NOP,L,0,104,35.0,34,4.0,3,11,0.471,0.625,0.386,-19.0,22023
22300374,2023-12-21,Detroit Pistons,DET vs. UTA,L,0,111,41.0,24,6.0,9,20,0.5,0.842,0.29,-8.0,22023
22300380,2023-12-21,Los Angeles Lakers,LAL @ MIN,L,0,111,38.0,21,6.0,6,17,0.494,0.792,0.417,-7.0,22023
22300387,2023-12-22,Phoenix Suns,PHX @ SAC,L,0,105,45.0,19,8.0,4,15,0.443,0.786,0.2,-15.0,22023
22300384,2023-12-22,Atlanta Hawks,ATL @ MIA,L,0,113,43.0,29,9.0,2,13,0.438,0.714,0.352,-9.0,22023
22300385,2023-12-22,Dallas Mavericks,DAL @ HOU,L,0,96,47.0,18,10.0,1,11,0.347,0.731,0.175,-26.0,22023
22300383,2023-12-22,Denver Nuggets,DEN @ BKN,W,1,122,41.0,29,6.0,5,6,0.517,0.84,0.423,5.0,22023
22300386,2023-12-22,Golden State Warriors,GSW vs. WAS,W,1,129,57.0,33,5.0,2,12,0.485,0.85,0.4,11.0,22023
22300384,2023-12-22,Miami Heat,MIA vs. ATL,W,1,122,48.0,21,7.0,2,17,0.465,0.833,0.436,9.0,22023
22300386,2023-12-22,Washington Wizards,WAS @ GSW,L,0,118,39.0,25,7.0,4,9,0.454,0.792,0.314,-11.0,22023
22300383,2023-12-22,Brooklyn Nets,BKN vs. DEN,L,0,117,45.0,32,4.0,7,10,0.483,0.692,0.394,-5.0,22023
22300382,2023-12-22,Toronto Raptors,TOR @ PHI,L,0,111,46.0,30,9.0,6,12,0.448,0.857,0.273,-10.0,22023
22300387,2023-12-22,Sacramento Kings,SAC vs. PHX,W,1,120,37.0,32,7.0,7,12,0.53,0.769,0.316,15.0,22023
22300385,2023-12-22,Houston Rockets,HOU vs. DAL,W,1,122,63.0,21,7.0,3,16,0.484,0.826,0.289,26.0,22023
22300382,2023-12-22,Philadelphia 76ers,PHI vs. TOR,W,1,121,38.0,34,6.0,6,13,0.53,0.905,0.452,10.0,22023
22300399,2023-12-23,Portland Trail Blazers,POR @ GSW,L,0,106,30.0,26,13.0,3,11,0.452,0.68,0.371,-20.0,22023
22300399,2023-12-23,Golden State Warriors,GSW vs. POR,W,1,126,49.0,38,8.0,2,16,0.578,0.833,0.303,20.0,22023
22300388,2023-12-23,Milwaukee Bucks,MIL @ NYK,W,1,130,53.0,25,4.0,2,14,0.527,0.783,0.5,19.0,22023
22300396,2023-12-23,Chicago Bulls,CHI vs. CLE,L,0,95,37.0,23,6.0,5,12,0.438,0.895,0.229,-14.0,22023
22300396,2023-12-23,Cleveland Cavaliers,CLE @ CHI,W,1,109,48.0,28,7.0,4,12,0.443,0.731,0.267,14.0,22023
22300390,2023-12-23,Denver Nuggets,DEN @ CHA,W,1,102,48.0,25,11.0,13,14,0.433,0.857,0.4,7.0,22023
22300398,2023-12-23,San Antonio Spurs,SAS @ DAL,L,0,119,42.0,32,9.0,3,10,0.449,0.708,0.311,-25.0,22023
22300395,2023-12-23,Toronto Raptors,TOR vs. UTA,L,0,119,39.0,35,7.0,5,11,0.479,0.842,0.406,-7.0,22023
22300392,2023-12-23,Houston Rockets,HOU @ NOP,W,1,106,44.0,21,9.0,2,11,0.427,0.771,0.31,2.0,22023
22300400,2023-12-23,Sacramento Kings,SAC vs. MIN,L,0,98,40.0,23,10.0,2,11,0.435,0.762,0.242,-12.0,22023
22300388,2023-12-23,New York Knicks,NYK vs. MIL,L,0,111,41.0,17,5.0,2,11,0.441,0.952,0.31,-19.0,22023
22300394,2023-12-23,Brooklyn Nets,BKN vs. DET,W,1,126,38.0,32,10.0,3,10,0.523,0.813,0.417,11.0,22023
22300393,2023-12-23,Memphis Grizzlies,MEM @ ATL,W,1,125,51.0,29,6.0,7,11,0.515,0.636,0.333,6.0,22023
22300391,2023-12-23,Indiana Pacers,IND vs. ORL,L,0,110,33.0,27,7.0,6,15,0.524,0.692,0.441,-7.0,22023
22300400,2023-12-23,Minnesota Timberwolves,MIN @ SAC,W,1,110,43.0,31,9.0,5,12,0.506,0.857,0.303,12.0,22023
22300392,2023-12-23,New Orleans Pelicans,NOP vs. HOU,L,0,104,46.0,21,9.0,7,16,0.463,0.69,0.258,-2.0,22023
22300393,2023-12-23,Atlanta Hawks,ATL vs. MEM,L,0,119,41.0,28,8.0,5,10,0.469,0.8,0.302,-6.0,22023
22300389,2023-12-23,Boston Celtics,BOS @ LAC,W,1,145,51.0,33,4.0,5,9,0.521,0.786,0.472,37.0,22023
22300394,2023-12-23,Detroit Pistons,DET @ BKN,L,0,115,36.0,26,5.0,3,13,0.494,0.759,0.429,-11.0,22023
22300390,2023-12-23,Charlotte Hornets,CHA vs. DEN,L,0,95,47.0,23,8.0,11,17,0.386,0.826,0.286,-7.0,22023
22300389,2023-12-23,Los Angeles Clippers,LAC vs. BOS,L,0,108,34.0,25,4.0,4,10,0.461,1.0,0.324,-37.0,22023
22300398,2023-12-23,Dallas Mavericks,DAL vs. SAS,W,1,144,52.0,26,7.0,6,12,0.52,0.81,0.511,25.0,22023
22300395,2023-12-23,Utah Jazz,UTA @ TOR,W,1,126,41.0,35,7.0,5,11,0.527,0.929,0.447,7.0,22023
22300391,2023-12-23,Orlando Magic,ORL @ IND,W,1,117,39.0,22,9.0,5,13,0.534,0.805,0.333,7.0,22023
22300397,2023-12-23,Los Angeles Lakers,LAL @ OKC,W,1,129,44.0,37,7.0,7,9,0.522,0.826,0.5,9.0,22023
22300397,2023-12-23,Oklahoma City Thunder,OKC vs. LAL,L,0,120,42.0,24,6.0,7,9,0.484,0.789,0.317,-9.0,22023
22300404,2023-12-25,Philadelphia 76ers,PHI @ MIA,L,0,113,36.0,23,11.0,4,7,0.426,0.64,0.378,-6.0,22023
22300405,2023-12-25,Phoenix Suns,PHX vs. DAL,L,0,114,47.0,28,5.0,2,15,0.444,0.8,0.341,-14.0,22023
22300401,2023-12-25,New York Knicks,NYK vs. MIL,W,1,129,41.0,27,7.0,4,11,0.543,0.808,0.308,7.0,22023
22300404,2023-12-25,Miami Heat,MIA vs. PHI,W,1,119,56.0,27,5.0,7,14,0.476,0.771,0.375,6.0,22023
22300401,2023-12-25,Milwaukee Bucks,MIL @ NYK,L,0,122,44.0,26,7.0,4,11,0.474,0.792,0.31,-7.0,22023
22300403,2023-12-25,Los Angeles Lakers,LAL vs. BOS,L,0,115,43.0,24,4.0,1,12,0.478,0.762,0.406,-11.0,22023
22300402,2023-12-25,Denver Nuggets,DEN vs. GSW,W,1,120,43.0,25,6.0,4,14,0.488,0.813,0.412,6.0,22023
22300405,2023-12-25,Dallas Mavericks,DAL @ PHX,W,1,128,38.0,28,7.0,6,11,0.536,0.733,0.364,14.0,22023
22300402,2023-12-25,Golden State Warriors,GSW @ DEN,L,0,114,39.0,23,7.0,3,13,0.46,0.87,0.35,-6.0,22023
22300403,2023-12-25,Boston Celtics,BOS @ LAL,W,1,126,44.0,31,8.0,7,8,0.505,0.75,0.31,11.0,22023
22300413,2023-12-26,Portland Trail Blazers,POR vs. SAC,W,1,130,46.0,28,5.0,5,7,0.5,0.8,0.4,17.0,22023
22300410,2023-12-26,New Orleans Pelicans,NOP vs. MEM,L,0,115,46.0,18,12.0,6,14,0.433,0.636,0.323,-1.0,22023
22300409,2023-12-26,Indiana Pacers,IND @ HOU,W,1,123,45.0,28,5.0,7,20,0.524,0.857,0.442,6.0,22023
22300411,2023-12-26,Minnesota Timberwolves,MIN @ OKC,L,0,106,34.0,22,8.0,1,21,0.466,0.813,0.444,-23.0,22023
22300408,2023-12-26,Chicago Bulls,CHI vs. ATL,W,1,118,48.0,23,10.0,2,8,0.457,0.871,0.28,5.0,22023
22300406,2023-12-26,Brooklyn Nets,BKN @ DET,W,1,118,42.0,22,6.0,7,9,0.5,0.628,0.409,6.0,22023
22300412,2023-12-26,Utah Jazz,UTA @ SAS,W,1,130,53.0,34,4.0,7,14,0.495,0.909,0.372,12.0,22023
22300411,2023-12-26,Oklahoma City Thunder,OKC vs. MIN,W,1,129,29.0,35,9.0,7,11,0.605,0.813,0.462,23.0,22023
22300412,2023-12-26,San Antonio Spurs,SAS vs. UTA,L,0,118,43.0,36,8.0,8,9,0.449,0.667,0.457,-12.0,22023
22300413,2023-12-26,Sacramento Kings,SAC @ POR,L,0,113,40.0,25,5.0,7,10,0.484,0.813,0.238,-17.0,22023
22300407,2023-12-26,Washington Wizards,WAS vs. ORL,L,0,119,47.0,27,10.0,8,20,0.494,0.81,0.381,-8.0,22023
22300409,2023-12-26,Houston Rockets,HOU vs. IND,L,0,117,44.0,19,15.0,2,10,0.485,0.818,0.208,-6.0,22023
22300407,2023-12-26,Orlando Magic,ORL @ WAS,W,1,127,40.0,30,11.0,5,16,0.527,0.68,0.462,8.0,22023
22300414,2023-12-26,Charlotte Hornets,CHA @ LAC,L,0,104,42.0,31,8.0,6,11,0.462,0.75,0.207,-9.0,22023
22300408,2023-12-26,Atlanta Hawks,ATL @ CHI,L,0,113,40.0,24,6.0,3,15,0.461,0.857,0.289,-5.0,22023
22300410,2023-12-26,Memphis Grizzlies,MEM @ NOP,W,1,116,50.0,24,10.0,17,17,0.433,0.844,0.239,1.0,22023
22300406,2023-12-26,Detroit Pistons,DET vs. BKN,L,0,112,52.0,20,6.0,4,13,0.444,0.719,0.36,-6.0,22023
22300414,2023-12-26,Los Angeles Clippers,LAC vs. CHA,W,1,113,45.0,24,7.0,3,13,0.471,0.76,0.412,9.0,22023
22300415,2023-12-27,Philadelphia 76ers,PHI @ ORL,W,1,112,48.0,14,10.0,8,10,0.469,0.706,0.357,20.0,22023
22300418,2023-12-27,Phoenix Suns,PHX @ HOU,W,1,129,44.0,28,4.0,11,19,0.573,0.808,0.424,16.0,22023
22300416,2023-12-27,Washington Wizards,WAS vs. TOR,L,0,102,34.0,25,11.0,3,16,0.467,0.667,0.242,-30.0,22023
22300419,2023-12-27,Oklahoma City Thunder,OKC vs. NYK,W,1,129,27.0,20,6.0,10,4,0.544,0.773,0.438,9.0,22023
22300417,2023-12-27,Brooklyn Nets,BKN vs. MIL,L,0,122,47.0,29,7.0,2,9,0.446,0.862,0.219,-22.0,22023
22300415,2023-12-27,Orlando Magic,ORL vs. PHI,L,0,92,43.0,17,5.0,11,16,0.392,0.875,0.273,-20.0,22023
22300416,2023-12-27,Toronto Raptors,TOR @ WAS,W,1,132,53.0,43,12.0,5,17,0.571,0.684,0.395,30.0,22023
22300420,2023-12-27,Dallas Mavericks,DAL vs. CLE,L,0,110,37.0,21,12.0,7,10,0.443,0.846,0.27,-3.0,22023
22300420,2023-12-27,Cleveland Cavaliers,CLE @ DAL,W,1,113,57.0,33,7.0,4,16,0.435,0.696,0.395,3.0,22023
22300417,2023-12-27,Milwaukee Bucks,MIL @ BKN,W,1,144,41.0,41,6.0,8,10,0.584,0.739,0.451,22.0,22023
22300418,2023-12-27,Houston Rockets,HOU vs. PHX,L,0,113,33.0,20,11.0,3,9,0.417,0.727,0.415,-16.0,22023
22300419,2023-12-27,New York Knicks,NYK @ OKC,L,0,120,40.0,24,2.0,2,18,0.5,0.8,0.412,-9.0,22023
22300422,2023-12-28,Chicago Bulls,CHI vs. IND,L,0,104,47.0,19,7.0,4,7,0.412,0.773,0.259,-16.0,22023
22300421,2023-12-28,Boston Celtics,BOS vs. DET,W,1,128,43.0,25,10.0,4,12,0.485,0.84,0.282,6.0,22023
22300424,2023-12-28,Utah Jazz,UTA @ NOP,L,0,105,42.0,27,5.0,3,18,0.424,0.84,0.308,-7.0,22023
22300423,2023-12-28,Dallas Mavericks,DAL @ MIN,L,0,110,39.0,29,9.0,3,16,0.444,0.842,0.424,-8.0,22023
22300425,2023-12-28,Memphis Grizzlies,MEM @ DEN,L,0,105,36.0,23,8.0,5,11,0.416,0.72,0.371,-37.0,22023
22300427,2023-12-28,San Antonio Spurs,SAS @ POR,W,1,118,42.0,33,9.0,10,11,0.482,0.929,0.278,13.0,22023
22300421,2023-12-28,Detroit Pistons,DET @ BOS,L,0,122,57.0,27,7.0,4,18,0.475,0.632,0.326,-6.0,22023
22300422,2023-12-28,Indiana Pacers,IND @ CHI,W,1,120,47.0,30,6.0,9,13,0.506,0.682,0.452,16.0,22023
22300425,2023-12-28,Denver Nuggets,DEN vs. MEM,W,1,142,53.0,43,6.0,7,11,0.573,0.857,0.488,37.0,22023
22300424,2023-12-28,New Orleans Pelicans,NOP vs. UTA,W,1,112,35.0,27,10.0,7,14,0.549,0.8,0.37,7.0,22023
22300428,2023-12-28,Los Angeles Lakers,LAL vs. CHA,W,1,133,42.0,41,11.0,7,11,0.536,1.0,0.5,21.0,22023
22300426,2023-12-28,Golden State Warriors,GSW vs. MIA,L,0,102,43.0,27,4.0,7,13,0.42,0.8,0.242,-12.0,22023
22300423,2023-12-28,Minnesota Timberwolves,MIN vs. DAL,W,1,118,38.0,23,9.0,10,22,0.514,0.735,0.515,8.0,22023
22300427,2023-12-28,Portland Trail Blazers,POR vs. SAS,L,0,105,57.0,16,6.0,4,13,0.347,0.75,0.306,-13.0,22023
22300426,2023-12-28,Miami Heat,MIA @ GSW,W,1,114,44.0,26,6.0,1,7,0.484,0.727,0.323,12.0,22023
22300428,2023-12-28,Charlotte Hornets,CHA @ LAL,L,0,112,43.0,29,5.0,5,19,0.471,0.607,0.455,-21.0,22023
22300431,2023-12-29,Sacramento Kings,SAC @ ATL,W,1,117,38.0,35,9.0,3,12,0.517,0.533,0.378,7.0,22023
22300433,2023-12-29,Cleveland Cavaliers,CLE vs. MIL,L,0,111,37.0,28,11.0,7,8,0.476,0.778,0.14,-8.0,22023
22300438,2023-12-29,Memphis Grizzlies,MEM @ LAC,L,0,106,33.0,29,10.0,4,12,0.437,0.85,0.325,-11.0,22023
22300435,2023-12-29,Denver Nuggets,DEN vs. OKC,L,0,93,36.0,30,6.0,5,16,0.424,0.733,0.27,-26.0,22023
22300431,2023-12-29,Atlanta Hawks,ATL vs. SAC,L,0,110,51.0,29,9.0,4,15,0.394,0.84,0.349,-7.0,22023
22300434,2023-12-29,Houston Rockets,HOU vs. PHI,L,0,127,42.0,30,8.0,6,16,0.538,0.714,0.467,-4.0,22023
22300433,2023-12-29,Milwaukee Bucks,MIL @ CLE,W,1,119,43.0,26,5.0,6,17,0.513,0.893,0.414,8.0,22023
22300438,2023-12-29,Los Angeles Clippers,LAC vs. MEM,W,1,117,54.0,28,3.0,6,17,0.494,0.8,0.282,11.0,22023
22300432,2023-12-29,Boston Celtics,BOS vs. TOR,W,1,120,52.0,29,3.0,6,16,0.489,0.85,0.436,2.0,22023
22300432,2023-12-29,Toronto Raptors,TOR @ BOS,L,0,118,38.0,29,10.0,6,4,0.463,0.65,0.386,-2.0,22023
22300435,2023-12-29,Oklahoma City Thunder,OKC @ DEN,W,1,119,51.0,29,10.0,8,11,0.505,0.938,0.343,26.0,22023
22300436,2023-12-29,Charlotte Hornets,CHA @ PHX,L,0,119,26.0,32,5.0,3,6,0.478,1.0,0.5,-14.0,22023
22300437,2023-12-29,San Antonio Spurs,SAS @ POR,L,0,128,42.0,31,9.0,3,14,0.511,0.72,0.424,-6.0,22023
22300436,2023-12-29,Phoenix Suns,PHX vs. CHA,W,1,133,39.0,34,3.0,11,14,0.622,0.958,0.6,14.0,22023
22300429,2023-12-29,Orlando Magic,ORL vs. NYK,W,1,117,49.0,24,10.0,6,15,0.449,0.75,0.212,9.0,22023
22300434,2023-12-29,Philadelphia 76ers,PHI @ HOU,W,1,131,30.0,22,10.0,5,10,0.523,0.879,0.364,4.0,22023
22300430,2023-12-29,Brooklyn Nets,BKN @ WAS,L,0,104,54.0,24,5.0,4,10,0.429,0.63,0.321,-6.0,22023
22300429,2023-12-29,New York Knicks,NYK @ ORL,L,0,108,40.0,22,8.0,4,16,0.442,0.897,0.2,-9.0,22023
22300430,2023-12-29,Washington Wizards,WAS vs. BKN,W,1,110,43.0,28,5.0,5,6,0.505,0.429,0.395,6.0,22023
22300437,2023-12-29,Portland Trail Blazers,POR vs. SAS,W,1,134,43.0,28,8.0,6,14,0.505,0.815,0.593,6.0,22023
22300443,2023-12-30,Los Angeles Lakers,LAL @ MIN,L,0,106,39.0,23,12.0,4,10,0.42,0.781,0.292,-2.0,22023
22300443,2023-12-30,Minnesota Timberwolves,MIN vs. LAL,W,1,108,45.0,24,8.0,8,19,0.5,0.833,0.353,2.0,22023
22300441,2023-12-30,New York Knicks,NYK @ IND,L,0,126,42.0,24,12.0,2,13,0.474,0.704,0.459,-14.0,22023
22300442,2023-12-30,Chicago Bulls,CHI vs. PHI,W,1,105,53.0,21,5.0,5,16,0.506,0.6,0.28,13.0,22023
22300444,2023-12-30,Golden State Warriors,GSW vs. DAL,L,0,122,47.0,32,8.0,3,10,0.456,0.692,0.396,-10.0,22023
22300441,2023-12-30,Indiana Pacers,IND vs. NYK,W,1,140,34.0,40,6.0,7,16,0.588,0.81,0.535,14.0,22023
22300440,2023-12-30,Detroit Pistons,DET vs. TOR,W,1,129,41.0,29,4.0,4,11,0.5,0.875,0.429,2.0,22023
22300440,2023-12-30,Toronto Raptors,TOR @ DET,L,0,127,33.0,26,9.0,5,7,0.505,0.821,0.5,-2.0,22023
22300442,2023-12-30,Philadelphia 76ers,PHI @ CHI,L,0,92,36.0,24,12.0,5,7,0.391,0.733,0.237,-13.0,22023
22300439,2023-12-30,Miami Heat,MIA @ UTA,L,0,109,46.0,20,8.0,8,16,0.436,0.8,0.29,-8.0,22023
22300439,2023-12-30,Utah Jazz,UTA vs. MIA,W,1,117,43.0,29,8.0,6,10,0.462,0.714,0.268,8.0,22023
22300444,2023-12-30,Dallas Mavericks,DAL @ GSW,W,1,132,43.0,25,5.0,2,9,0.557,0.818,0.4,10.0,22023
22300449,2023-12-31,Memphis Grizzlies,MEM vs. SAC,L,0,92,34.0,20,4.0,1,8,0.366,0.714,0.3,-31.0,22023
22300446,2023-12-31,New Orleans Pelicans,NOP vs. LAL,W,1,129,47.0,33,9.0,6,11,0.517,0.815,0.5,20.0,22023
22300448,2023-12-31,San Antonio Spurs,SAS vs. BOS,L,0,101,39.0,28,6.0,1,12,0.426,0.75,0.267,-33.0,22023
22300450,2023-12-31,Orlando Magic,ORL @ PHX,L,0,107,45.0,22,2.0,4,15,0.467,0.917,0.324,-5.0,22023
22300446,2023-12-31,Los Angeles Lakers,LAL @ NOP,L,0,109,35.0,26,8.0,10,13,0.476,0.84,0.313,-20.0,22023
22300447,2023-12-31,Oklahoma City Thunder,OKC vs. BKN,W,1,124,46.0,31,1.0,6,13,0.542,0.8,0.545,16.0,22023
22300445,2023-12-31,Washington Wizards,WAS vs. ATL,L,0,126,42.0,35,5.0,9,9,0.469,0.81,0.321,-4.0,22023
22300445,2023-12-31,Atlanta Hawks,ATL @ WAS,W,1,130,58.0,27,5.0,3,12,0.495,0.649,0.375,4.0,22023
22300450,2023-12-31,Phoenix Suns,PHX vs. ORL,W,1,112,35.0,21,11.0,4,6,0.5,0.842,0.296,5.0,22023
22300449,2023-12-31,Sacramento Kings,SAC @ MEM,W,1,123,59.0,28,2.0,4,12,0.511,0.765,0.485,31.0,22023
22300448,2023-12-31,Boston Celtics,BOS @ SAS,W,1,134,57.0,29,6.0,7,10,0.537,0.773,0.357,33.0,22023
22300447,2023-12-31,Brooklyn Nets,BKN @ OKC,L,0,108,47.0,26,9.0,2,6,0.38,0.645,0.261,-16.0,22023
22300454,2024-01-01,Milwaukee Bucks,MIL vs. IND,L,0,113,46.0,27,4.0,8,11,0.441,0.808,0.25,-9.0,22023
22300453,2024-01-01,Houston Rockets,HOU vs. DET,W,1,136,39.0,34,11.0,1,9,0.56,0.792,0.429,23.0,22023
22300458,2024-01-01,Los Angeles Clippers,LAC vs. MIA,W,1,121,37.0,25,10.0,3,15,0.588,0.929,0.483,17.0,22023
22300457,2024-01-01,Utah Jazz,UTA vs. DAL,W,1,127,53.0,37,9.0,6,12,0.51,0.944,0.273,37.0,22023
22300456,2024-01-01,Portland Trail Blazers,POR @ PHX,L,0,88,36.0,21,6.0,10,18,0.413,0.737,0.267,-21.0,22023
22300454,2024-01-01,Indiana Pacers,IND @ MIL,W,1,122,52.0,23,7.0,5,7,0.443,0.816,0.143,9.0,22023
22300451,2024-01-01,Minnesota Timberwolves,MIN @ NYK,L,0,106,34.0,19,6.0,4,13,0.474,0.793,0.393,-6.0,22023
22300452,2024-01-01,Toronto Raptors,TOR vs. CLE,W,1,124,47.0,25,5.0,4,11,0.483,0.725,0.367,3.0,22023
22300451,2024-01-01,New York Knicks,NYK vs. MIN,W,1,112,49.0,23,7.0,4,13,0.438,0.786,0.353,6.0,22023
22300452,2024-01-01,Cleveland Cavaliers,CLE @ TOR,L,0,121,43.0,25,9.0,2,9,0.483,0.885,0.333,-3.0,22023
22300455,2024-01-01,Charlotte Hornets,CHA @ DEN,L,0,93,45.0,24,4.0,5,12,0.419,0.688,0.385,-18.0,22023
22300457,2024-01-01,Dallas Mavericks,DAL @ UTA,L,0,90,41.0,28,6.0,5,16,0.398,0.5,0.275,-37.0,22023
22300453,2024-01-01,Detroit Pistons,DET @ HOU,L,0,113,37.0,27,3.0,4,17,0.482,0.741,0.448,-23.0,22023
22300458,2024-01-01,Miami Heat,MIA @ LAC,L,0,104,35.0,24,7.0,3,13,0.422,0.793,0.324,-17.0,22023
22300456,2024-01-01,Phoenix Suns,PHX vs. POR,W,1,109,47.0,24,10.0,5,16,0.475,0.667,0.379,21.0,22023
22300455,2024-01-01,Denver Nuggets,DEN vs. CHA,W,1,111,44.0,27,9.0,9,10,0.494,0.778,0.395,18.0,22023
22300462,2024-01-02,Boston Celtics,BOS @ OKC,L,0,123,47.0,33,7.0,10,14,0.457,0.828,0.375,-4.0,22023
22300460,2024-01-02,San Antonio Spurs,SAS @ MEM,L,0,98,40.0,21,6.0,8,14,0.424,0.696,0.323,-8.0,22023
22300459,2024-01-02,Philadelphia 76ers,PHI vs. CHI,W,1,110,43.0,28,9.0,6,17,0.475,0.733,0.4,13.0,22023
22300463,2024-01-02,Orlando Magic,ORL @ GSW,L,0,115,41.0,19,8.0,4,17,0.446,0.826,0.389,-6.0,22023
22300459,2024-01-02,Chicago Bulls,CHI @ PHI,L,0,97,51.0,17,9.0,7,18,0.385,0.696,0.189,-13.0,22023
22300461,2024-01-02,Brooklyn Nets,BKN @ NOP,L,0,85,43.0,26,7.0,4,12,0.357,0.5,0.256,-27.0,22023
22300462,2024-01-02,Oklahoma City Thunder,OKC vs. BOS,W,1,127,38.0,34,7.0,10,10,0.527,0.765,0.45,4.0,22023
22300461,2024-01-02,New Orleans Pelicans,NOP vs. BKN,W,1,112,53.0,23,10.0,9,16,0.466,0.778,0.41,27.0,22023
22300460,2024-01-02,Memphis Grizzlies,MEM vs. SAS,W,1,106,46.0,24,5.0,8,15,0.463,0.8,0.316,8.0,22023
22300464,2024-01-02,Sacramento Kings,SAC vs. CHA,L,0,104,48.0,23,8.0,2,20,0.435,0.588,0.389,-7.0,22023
22300464,2024-01-02,Charlotte Hornets,CHA @ SAC,W,1,111,35.0,23,8.0,10,14,0.512,0.789,0.353,7.0,22023
22300463,2024-01-02,Golden State Warriors,GSW vs. ORL,W,1,121,36.0,23,9.0,6,12,0.538,0.649,0.371,6.0,22023
22300476,2024-01-03,Orlando Magic,ORL @ SAC,L,0,135,39.0,33,10.0,7,20,0.489,0.815,0.568,-3.0,22023
22300467,2024-01-03,Oklahoma City Thunder,OKC @ ATL,L,0,138,37.0,30,10.0,1,13,0.549,0.769,0.5,-3.0,22023
22300470,2024-01-03,Toronto Raptors,TOR @ MEM,W,1,116,46.0,25,5.0,6,12,0.482,0.815,0.462,5.0,22023
22300471,2024-01-03,Minnesota Timberwolves,MIN vs. NOP,L,0,106,28.0,26,7.0,6,11,0.451,0.815,0.323,-11.0,22023
22300465,2024-01-03,Washington Wizards,WAS @ CLE,L,0,101,36.0,22,8.0,5,8,0.416,0.455,0.343,-39.0,22023
22300467,2024-01-03,Atlanta Hawks,ATL vs. OKC,W,1,141,49.0,30,8.0,5,11,0.505,0.939,0.359,3.0,22023
22300474,2024-01-03,Utah Jazz,UTA vs. DET,W,1,154,43.0,28,11.0,8,12,0.515,0.914,0.5,6.0,22023
22300474,2024-01-03,Detroit Pistons,DET @ UTA,L,0,148,48.0,33,5.0,3,17,0.533,0.773,0.463,-6.0,22023
22300472,2024-01-03,Dallas Mavericks,DAL vs. POR,W,1,126,43.0,25,12.0,7,11,0.5,0.707,0.433,29.0,22023
22300470,2024-01-03,Memphis Grizzlies,MEM vs. TOR,L,0,111,43.0,25,7.0,5,10,0.426,0.842,0.357,-5.0,22023
22300475,2024-01-03,Miami Heat,MIA @ LAL,W,1,110,39.0,30,14.0,3,8,0.441,0.706,0.381,14.0,22023
22300469,2024-01-03,Brooklyn Nets,BKN @ HOU,L,0,101,50.0,25,11.0,6,8,0.387,0.615,0.295,-11.0,22023
22300475,2024-01-03,Los Angeles Lakers,LAL vs. MIA,L,0,96,50.0,29,3.0,6,21,0.422,0.917,0.133,-14.0,22023
22300476,2024-01-03,Sacramento Kings,SAC vs. ORL,W,1,138,58.0,36,9.0,3,17,0.486,0.677,0.375,3.0,22023
22300471,2024-01-03,New Orleans Pelicans,NOP @ MIN,W,1,117,41.0,30,7.0,5,12,0.556,0.882,0.462,11.0,22023
22300468,2024-01-03,New York Knicks,NYK vs. CHI,W,1,116,52.0,29,6.0,7,15,0.517,0.818,0.395,16.0,22023
22300469,2024-01-03,Houston Rockets,HOU vs. BKN,W,1,112,48.0,27,5.0,4,16,0.487,0.704,0.487,11.0,22023
22300468,2024-01-03,Chicago Bulls,CHI @ NYK,L,0,100,39.0,24,9.0,7,11,0.416,0.813,0.406,-16.0,22023
22300466,2024-01-03,Milwaukee Bucks,MIL @ IND,L,0,130,42.0,30,6.0,4,13,0.5,0.75,0.378,-12.0,22023
22300465,2024-01-03,Cleveland Cavaliers,CLE vs. WAS,W,1,140,62.0,37,5.0,8,8,0.535,0.75,0.476,39.0,22023
22300472,2024-01-03,Portland Trail Blazers,POR @ DAL,L,0,97,46.0,23,4.0,3,22,0.391,0.727,0.325,-29.0,22023
22300473,2024-01-03,Phoenix Suns,PHX vs. LAC,L,0,122,32.0,23,9.0,2,16,0.532,0.885,0.429,-10.0,22023
22300473,2024-01-03,Los Angeles Clippers,LAC @ PHX,W,1,131,36.0,25,9.0,5,12,0.553,0.906,0.529,10.0,22023
22300466,2024-01-03,Indiana Pacers,IND vs. MIL,W,1,142,44.0,34,7.0,5,10,0.556,0.824,0.4,12.0,22023
22300477,2024-01-04,San Antonio Spurs,SAS vs. MIL,L,0,121,42.0,31,10.0,8,11,0.484,0.882,0.35,-4.0,22023
22300478,2024-01-04,Golden State Warriors,GSW vs. DEN,L,0,127,33.0,35,4.0,3,8,0.544,0.875,0.417,-3.0,22023
22300477,2024-01-04,Milwaukee Bucks,MIL @ SAS,W,1,125,42.0,27,5.0,5,14,0.533,0.789,0.353,4.0,22023
22300478,2024-01-04,Denver Nuggets,DEN @ GSW,W,1,130,36.0,28,7.0,4,7,0.565,0.862,0.346,3.0,22023
22300479,2024-01-05,Boston Celtics,BOS vs. UTA,W,1,126,56.0,24,9.0,8,12,0.433,0.861,0.347,29.0,22023
22300483,2024-01-05,New York Knicks,NYK @ PHI,W,1,128,49.0,27,7.0,7,11,0.483,0.96,0.439,36.0,22023
22300489,2024-01-05,Miami Heat,MIA @ PHX,L,0,97,44.0,26,5.0,2,15,0.41,0.864,0.27,-16.0,22023
22300485,2024-01-05,Houston Rockets,HOU vs. MIN,L,0,95,38.0,18,7.0,2,15,0.4,0.733,0.375,-27.0,22023
22300488,2024-01-05,Orlando Magic,ORL @ DEN,W,1,122,40.0,25,9.0,3,14,0.5,0.676,0.472,2.0,22023
22300491,2024-01-05,Memphis Grizzlies,MEM @ LAL,W,1,127,44.0,33,8.0,4,17,0.537,0.8,0.511,14.0,22023
22300487,2024-01-05,Dallas Mavericks,DAL vs. POR,W,1,139,52.0,35,11.0,8,17,0.583,0.667,0.447,36.0,22023
22300484,2024-01-05,Chicago Bulls,CHI vs. CHA,W,1,104,41.0,29,7.0,6,14,0.541,0.824,0.357,13.0,22023
22300490,2024-01-05,Detroit Pistons,DET @ GSW,L,0,109,40.0,25,8.0,9,11,0.449,0.8,0.295,-4.0,22023
22300479,2024-01-05,Utah Jazz,UTA @ BOS,L,0,97,57.0,23,11.0,2,18,0.362,0.676,0.176,-29.0,22023
22300480,2024-01-05,Atlanta Hawks,ATL @ IND,L,0,116,39.0,21,6.0,3,14,0.43,0.867,0.238,-34.0,22023
22300480,2024-01-05,Indiana Pacers,IND vs. ATL,W,1,150,39.0,50,12.0,3,14,0.638,0.846,0.487,34.0,22023
22300482,2024-01-05,Washington Wizards,WAS @ CLE,L,0,90,31.0,19,12.0,8,16,0.417,0.733,0.3,-24.0,22023
22300486,2024-01-05,New Orleans Pelicans,NOP vs. LAC,L,0,95,43.0,22,9.0,5,9,0.359,0.739,0.414,-16.0,22023
22300486,2024-01-05,Los Angeles Clippers,LAC @ NOP,W,1,111,50.0,28,6.0,7,14,0.488,0.8,0.417,16.0,22023
22300492,2024-01-05,Toronto Raptors,TOR @ SAC,L,0,130,37.0,31,5.0,10,14,0.54,0.852,0.351,-5.0,22023
22300481,2024-01-05,Brooklyn Nets,BKN vs. OKC,W,1,124,51.0,25,9.0,3,15,0.451,0.848,0.359,9.0,22023
22300490,2024-01-05,Golden State Warriors,GSW vs. DET,W,1,113,45.0,24,3.0,5,16,0.463,0.84,0.421,4.0,22023
22300487,2024-01-05,Portland Trail Blazers,POR @ DAL,L,0,103,42.0,27,9.0,3,18,0.411,0.706,0.325,-36.0,22023
22300481,2024-01-05,Oklahoma City Thunder,OKC @ BKN,L,0,115,36.0,29,8.0,5,13,0.536,0.667,0.29,-9.0,22023
22300489,2024-01-05,Phoenix Suns,PHX vs. MIA,W,1,113,44.0,30,13.0,5,9,0.506,0.647,0.4,16.0,22023
22300488,2024-01-05,Denver Nuggets,DEN vs. ORL,L,0,120,38.0,28,8.0,1,13,0.505,0.789,0.273,-2.0,22023
22300483,2024-01-05,Philadelphia 76ers,PHI vs. NYK,L,0,92,38.0,22,8.0,9,14,0.407,0.741,0.261,-36.0,22023
22300484,2024-01-05,Charlotte Hornets,CHA @ CHI,L,0,91,42.0,20,7.0,1,11,0.404,0.75,0.294,-13.0,22023
22300485,2024-01-05,Minnesota Timberwolves,MIN @ HOU,W,1,122,52.0,31,12.0,7,14,0.523,0.8,0.424,27.0,22023
22300491,2024-01-05,Los Angeles Lakers,LAL vs. MEM,L,0,113,35.0,26,13.0,3,13,0.494,0.704,0.357,-14.0,22023
22300492,2024-01-05,Sacramento Kings,SAC vs. TOR,W,1,135,42.0,35,4.0,1,14,0.52,0.667,0.553,5.0,22023
22300482,2024-01-05,Cleveland Cavaliers,CLE vs. WAS,W,1,114,52.0,31,9.0,1,23,0.532,0.696,0.485,24.0,22023
22300493,2024-01-06,Boston Celtics,BOS @ IND,W,1,118,56.0,26,6.0,6,17,0.511,0.526,0.39,17.0,22023
22300495,2024-01-06,Utah Jazz,UTA @ PHI,W,1,120,48.0,30,4.0,4,23,0.575,0.833,0.267,11.0,22023
22300494,2024-01-06,Washington Wizards,WAS vs. NYK,L,0,105,45.0,33,5.0,3,20,0.471,0.6,0.351,-16.0,22023
22300496,2024-01-06,Houston Rockets,HOU vs. MIL,W,1,112,46.0,22,7.0,2,10,0.434,0.844,0.382,4.0,22023
22300495,2024-01-06,Philadelphia 76ers,PHI vs. UTA,L,0,109,34.0,30,12.0,6,6,0.404,0.783,0.184,-11.0,22023
22300493,2024-01-06,Indiana Pacers,IND vs. BOS,L,0,101,38.0,23,12.0,2,9,0.413,0.773,0.19,-17.0,22023
22300496,2024-01-06,Milwaukee Bucks,MIL @ HOU,L,0,108,41.0,20,7.0,4,11,0.461,0.69,0.265,-4.0,22023
22300494,2024-01-06,New York Knicks,NYK @ WAS,W,1,121,45.0,27,9.0,2,14,0.494,0.875,0.389,16.0,22023
22300497,2024-01-07,San Antonio Spurs,SAS @ CLE,L,0,115,40.0,22,10.0,6,11,0.477,0.864,0.378,-2.0,22023
22300503,2024-01-07,Phoenix Suns,PHX vs. MEM,L,0,115,50.0,29,5.0,6,12,0.451,0.682,0.286,-4.2,22023
22300499,2024-01-07,Orlando Magic,ORL vs. ATL,W,1,117,57.0,25,8.0,3,11,0.439,0.636,0.415,7.0,22023
22300500,2024-01-07,Sacramento Kings,SAC vs. NOP,L,0,100,25.0,28,9.0,2,9,0.418,0.75,0.333,-33.0,22023
22300500,2024-01-07,New Orleans Pelicans,NOP @ SAC,W,1,133,51.0,35,2.0,9,16,0.61,0.875,0.543,33.0,22023
22300504,2024-01-07,Golden State Warriors,GSW vs. TOR,L,0,118,43.0,30,5.0,4,10,0.45,0.933,0.304,-15.0,22023
22300505,2024-01-07,Los Angeles Lakers,LAL vs. LAC,W,1,106,40.0,23,9.0,6,19,0.512,0.688,0.379,3.0,22023
22300501,2024-01-07,Minnesota Timberwolves,MIN @ DAL,L,0,108,51.0,22,6.0,4,13,0.436,0.619,0.317,-7.0,22023
22300504,2024-01-07,Toronto Raptors,TOR @ GSW,W,1,133,45.0,38,7.0,6,7,0.585,0.571,0.455,15.0,22023
22300499,2024-01-07,Atlanta Hawks,ATL @ ORL,L,0,110,50.0,21,9.0,10,12,0.462,0.586,0.3,-7.0,22023
22300502,2024-01-07,Denver Nuggets,DEN vs. DET,W,1,131,38.0,35,6.0,10,12,0.588,0.871,0.37,17.0,22023
22300498,2024-01-07,Brooklyn Nets,BKN vs. POR,L,0,127,44.0,29,7.0,7,15,0.505,0.84,0.378,-7.0,22023
22300505,2024-01-07,Los Angeles Clippers,LAC @ LAL,L,0,103,40.0,21,12.0,5,14,0.396,0.895,0.378,-3.0,22023
22300497,2024-01-07,Cleveland Cavaliers,CLE vs. SAS,W,1,117,44.0,27,6.0,3,16,0.489,0.714,0.372,2.0,22023
22300503,2024-01-07,Memphis Grizzlies,MEM @ PHX,W,1,121,54.0,29,7.0,8,17,0.443,0.75,0.347,6.0,22023
22300501,2024-01-07,Dallas Mavericks,DAL vs. MIN,W,1,115,44.0,20,7.0,8,11,0.453,0.7,0.375,7.0,22023
22300498,2024-01-07,Portland Trail Blazers,POR @ BKN,W,1,134,38.0,21,5.0,5,9,0.474,0.8,0.526,7.0,22023
22300502,2024-01-07,Detroit Pistons,DET @ DEN,L,0,114,37.0,28,6.0,0,11,0.472,0.7,0.375,-17.0,22023
22300511,2024-01-08,Phoenix Suns,PHX @ LAC,L,0,111,25.0,17,6.0,4,14,0.494,0.862,0.333,-27.6,22023
22300508,2024-01-08,Washington Wizards,WAS vs. OKC,L,0,128,38.0,32,7.0,5,14,0.494,0.862,0.469,-8.0,22023
22300506,2024-01-08,Chicago Bulls,CHI @ CHA,W,1,119,51.0,27,7.0,7,13,0.489,0.833,0.346,7.0,22023
22300507,2024-01-08,Boston Celtics,BOS @ IND,L,0,131,42.0,26,3.0,8,15,0.522,0.69,0.486,-2.0,22023
22300511,2024-01-08,Los Angeles Clippers,LAC vs. PHX,W,1,138,44.0,32,11.0,3,12,0.624,0.739,0.517,27.0,22023
22300508,2024-01-08,Oklahoma City Thunder,OKC @ WAS,W,1,136,40.0,37,11.0,7,14,0.591,0.75,0.5,8.0,22023
22300509,2024-01-08,Houston Rockets,HOU @ MIA,L,0,113,42.0,20,8.0,4,12,0.42,0.893,0.341,-7.0,22023
22300509,2024-01-08,Miami Heat,MIA vs. HOU,W,1,120,45.0,30,6.0,5,11,0.5,0.719,0.417,7.0,22023
22300507,2024-01-08,Indiana Pacers,IND vs. BOS,W,1,133,39.0,29,6.0,7,13,0.527,0.818,0.475,2.0,22023
22300506,2024-01-08,Charlotte Hornets,CHA vs. CHI,L,0,112,44.0,26,3.0,7,12,0.426,0.882,0.405,-7.0,22023
22300510,2024-01-08,Milwaukee Bucks,MIL vs. UTA,L,0,116,38.0,31,6.0,6,9,0.447,0.789,0.472,-16.0,22023
22300510,2024-01-08,Utah Jazz,UTA @ MIL,W,1,132,47.0,33,6.0,8,10,0.522,0.818,0.455,16.0,22023
22300514,2024-01-09,New York Knicks,NYK vs. POR,W,1,112,55.0,26,11.0,4,14,0.416,0.87,0.375,28.0,22023
22300515,2024-01-09,Dallas Mavericks,DAL vs. MEM,L,0,103,33.0,20,9.0,4,12,0.439,0.815,0.333,-17.0,22023
22300513,2024-01-09,Minnesota Timberwolves,MIN @ ORL,W,1,113,48.0,34,8.0,4,18,0.538,0.789,0.4,21.0,22023
22300516,2024-01-09,Los Angeles Lakers,LAL vs. TOR,W,1,132,39.0,34,6.0,4,15,0.543,0.778,0.444,1.0,22023
22300516,2024-01-09,Toronto Raptors,TOR @ LAL,L,0,131,37.0,34,8.0,4,12,0.564,0.615,0.486,-1.0,22023
22300515,2024-01-09,Memphis Grizzlies,MEM @ DAL,W,1,120,54.0,27,7.0,3,16,0.484,0.857,0.378,17.0,22023
22300514,2024-01-09,Portland Trail Blazers,POR @ NYK,L,0,84,43.0,19,8.0,7,15,0.384,0.667,0.207,-28.0,22023
22300512,2024-01-09,Sacramento Kings,SAC @ DET,W,1,131,44.0,39,8.0,6,17,0.574,0.714,0.394,21.0,22023
22300513,2024-01-09,Orlando Magic,ORL vs. MIN,L,0,92,46.0,20,13.0,5,12,0.362,0.611,0.31,-21.0,22023
22300512,2024-01-09,Detroit Pistons,DET vs. SAC,L,0,110,40.0,27,12.0,2,21,0.471,0.762,0.378,-21.0,22023
22300524,2024-01-10,Utah Jazz,UTA vs. DEN,W,1,124,40.0,34,12.0,8,16,0.554,0.826,0.394,13.0,22023
22300522,2024-01-10,Oklahoma City Thunder,OKC @ MIA,W,1,128,42.0,36,4.0,4,12,0.593,0.75,0.424,8.0,22023
22300526,2024-01-10,Los Angeles Clippers,LAC vs. TOR,W,1,126,36.0,34,6.0,5,7,0.527,1.0,0.441,6.0,22023
22300525,2024-01-10,New Orleans Pelicans,NOP @ GSW,W,1,141,47.0,37,11.0,7,11,0.574,0.737,0.475,36.0,22023
22300521,2024-01-10,Philadelphia 76ers,PHI @ ATL,L,0,132,51.0,26,8.0,9,11,0.451,0.848,0.353,-7.0,22023
22300519,2024-01-10,Detroit Pistons,DET vs. SAS,L,0,108,43.0,33,4.0,3,10,0.458,0.769,0.313,-22.0,22023
22300519,2024-01-10,San Antonio Spurs,SAS @ DET,W,1,130,46.0,36,7.0,4,5,0.521,0.852,0.333,22.0,22023
22300520,2024-01-10,Indiana Pacers,IND vs. WAS,W,1,112,54.0,31,7.0,6,13,0.446,0.917,0.32,8.0,22023
22300518,2024-01-10,Charlotte Hornets,CHA vs. SAC,L,0,98,36.0,17,2.0,3,8,0.402,0.75,0.421,-25.0,22023
22300525,2024-01-10,Golden State Warriors,GSW vs. NOP,L,0,105,43.0,24,4.0,4,17,0.438,0.833,0.308,-36.0,22023
22300524,2024-01-10,Denver Nuggets,DEN @ UTA,L,0,111,34.0,26,11.0,4,16,0.457,0.857,0.394,-13.0,22023
22300523,2024-01-10,Houston Rockets,HOU @ CHI,L,0,119,50.0,29,9.0,4,14,0.475,0.6,0.244,-5.0,22023
22300523,2024-01-10,Chicago Bulls,CHI vs. HOU,W,1,124,46.0,31,9.0,4,14,0.442,0.84,0.404,5.0,22023
22300517,2024-01-10,Boston Celtics,BOS vs. MIN,W,1,127,46.0,21,5.0,4,8,0.433,0.968,0.404,7.0,22023
22300517,2024-01-10,Minnesota Timberwolves,MIN @ BOS,L,0,120,47.0,22,4.0,6,9,0.463,0.9,0.412,-7.0,22023
22300521,2024-01-10,Atlanta Hawks,ATL vs. PHI,W,1,139,55.0,32,6.0,8,12,0.471,0.738,0.353,7.0,22023
22300520,2024-01-10,Washington Wizards,WAS @ IND,L,0,104,46.0,24,8.0,8,13,0.432,0.7,0.226,-8.0,22023
22300526,2024-01-10,Toronto Raptors,TOR @ LAC,L,0,120,37.0,31,4.0,2,14,0.548,0.889,0.4,-6.0,22023
22300518,2024-01-10,Sacramento Kings,SAC @ CHA,W,1,123,53.0,24,2.0,8,9,0.517,0.783,0.371,25.0,22023
22300522,2024-01-10,Miami Heat,MIA vs. OKC,L,0,120,38.0,25,8.0,3,10,0.461,0.821,0.417,-8.0,22023
22300529,2024-01-11,Portland Trail Blazers,POR @ OKC,L,0,77,42.0,16,8.0,8,9,0.277,0.625,0.224,-62.0,22023
22300531,2024-01-11,Phoenix Suns,PHX @ LAL,W,1,127,46.0,23,12.0,3,12,0.495,0.913,0.359,18.0,22023
22300528,2024-01-11,Boston Celtics,BOS @ MIL,L,0,102,31.0,22,5.0,5,6,0.374,0.833,0.257,-33.0,22023
22300529,2024-01-11,Oklahoma City Thunder,OKC vs. POR,W,1,139,59.0,41,6.0,8,12,0.57,0.864,0.4,62.0,22023
22300530,2024-01-11,New York Knicks,NYK @ DAL,L,0,124,45.0,27,7.0,2,14,0.494,0.786,0.333,-4.0,22023
22300531,2024-01-11,Los Angeles Lakers,LAL vs. PHX,L,0,109,37.0,33,8.0,4,18,0.5,0.64,0.382,-18.0,22023
22300530,2024-01-11,Dallas Mavericks,DAL vs. NYK,W,1,128,38.0,27,6.0,2,10,0.5,0.767,0.415,4.0,22023
22300528,2024-01-11,Milwaukee Bucks,MIL vs. BOS,W,1,135,54.0,34,3.0,6,9,0.565,0.813,0.429,33.0,22023
22300527,2024-01-11,Brooklyn Nets,BKN @ CLE,L,0,102,41.0,18,5.0,4,16,0.451,0.714,0.296,-9.0,22023
22300527,2024-01-11,Cleveland Cavaliers,CLE vs. BKN,W,1,111,47.0,16,11.0,6,11,0.39,0.791,0.295,9.0,22023
22300534,2024-01-12,Houston Rockets,HOU @ DET,W,1,112,41.0,21,8.0,5,9,0.456,0.88,0.267,2.0,22023
22300537,2024-01-12,Memphis Grizzlies,MEM vs. LAC,L,0,119,46.0,30,5.0,4,9,0.432,0.704,0.409,-9.0,22023
22300536,2024-01-12,Chicago Bulls,CHI vs. GSW,L,0,131,36.0,31,1.0,3,12,0.581,0.813,0.45,-9.0,22023
22300534,2024-01-12,Detroit Pistons,DET vs. HOU,L,0,110,46.0,32,6.0,9,14,0.5,0.625,0.343,-2.0,22023
22300539,2024-01-12,New Orleans Pelicans,NOP @ DEN,L,0,113,35.0,30,9.0,3,8,0.472,0.727,0.394,-12.0,22023
22300532,2024-01-12,Sacramento Kings,SAC @ PHI,L,0,93,54.0,20,6.0,4,16,0.337,0.808,0.211,-19.0,22023
22300532,2024-01-12,Philadelphia 76ers,PHI vs. SAC,W,1,112,46.0,23,11.0,9,13,0.43,0.944,0.429,19.0,22023
22300535,2024-01-12,Miami Heat,MIA vs. ORL,W,1,99,41.0,23,6.0,1,16,0.446,0.85,0.308,3.0,22023
22300541,2024-01-12,San Antonio Spurs,SAS vs. CHA,W,1,135,45.0,31,9.0,7,14,0.517,0.794,0.474,36.0,22023
22300533,2024-01-12,Indiana Pacers,IND @ ATL,W,1,126,45.0,41,12.0,9,25,0.671,0.75,0.611,18.0,22023
22300536,2024-01-12,Golden State Warriors,GSW @ CHI,W,1,140,44.0,39,7.0,4,3,0.521,0.733,0.426,9.0,22023
22300539,2024-01-12,Denver Nuggets,DEN vs. NOP,W,1,125,48.0,30,5.0,4,15,0.556,0.733,0.424,12.0,22023
22300538,2024-01-12,Portland Trail Blazers,POR @ MIN,L,0,93,38.0,18,8.0,5,19,0.39,0.676,0.357,-23.0,22023
22300538,2024-01-12,Minnesota Timberwolves,MIN vs. POR,W,1,116,45.0,35,14.0,5,15,0.55,0.708,0.355,23.0,22023
22300537,2024-01-12,Los Angeles Clippers,LAC @ MEM,W,1,128,43.0,22,9.0,7,12,0.551,0.75,0.484,9.0,22023
22300533,2024-01-12,Atlanta Hawks,ATL vs. IND,L,0,108,28.0,25,14.0,2,14,0.449,0.739,0.367,-18.0,22023
22300535,2024-01-12,Orlando Magic,ORL @ MIA,L,0,96,38.0,26,10.0,8,11,0.439,0.6,0.3,-3.0,22023
22300541,2024-01-12,Charlotte Hornets,CHA @ SAS,L,0,99,44.0,22,11.0,3,19,0.36,0.893,0.294,-36.0,22023
22300540,2024-01-12,Toronto Raptors,TOR @ UTA,L,0,113,31.0,25,5.0,8,13,0.432,0.703,0.5,-32.0,22023
22300540,2024-01-12,Utah Jazz,UTA vs. TOR,W,1,145,56.0,34,7.0,8,13,0.559,0.769,0.488,32.0,22023
22300545,2024-01-13,Golden State Warriors,GSW @ MIL,L,0,118,41.0,23,5.0,4,7,0.48,0.643,0.417,-11.0,22023
22300549,2024-01-13,Utah Jazz,UTA vs. LAL,W,1,132,52.0,28,7.0,5,10,0.452,0.923,0.324,7.0,22023
22300544,2024-01-13,New York Knicks,NYK @ MEM,W,1,106,56.0,25,11.0,11,22,0.482,0.684,0.342,12.0,22023
22300548,2024-01-13,San Antonio Spurs,SAS vs. CHI,L,0,116,47.0,26,7.0,4,8,0.411,0.87,0.391,-6.0,22023
22300546,2024-01-13,Oklahoma City Thunder,OKC vs. ORL,W,1,112,46.0,23,9.0,4,8,0.457,0.857,0.222,12.0,22023
22300546,2024-01-13,Orlando Magic,ORL @ OKC,L,0,100,50.0,21,5.0,8,15,0.464,0.625,0.2,-12.0,22023
22300542,2024-01-13,Boston Celtics,BOS vs. HOU,W,1,145,50.0,26,7.0,8,11,0.537,0.76,0.511,32.0,22023
22300542,2024-01-13,Houston Rockets,HOU @ BOS,L,0,113,50.0,20,10.0,3,12,0.404,0.867,0.233,-32.0,22023
22300545,2024-01-13,Milwaukee Bucks,MIL vs. GSW,W,1,129,50.0,33,6.0,5,12,0.543,0.824,0.419,11.0,22023
22300543,2024-01-13,Washington Wizards,WAS @ ATL,W,1,127,54.0,32,10.0,9,12,0.485,0.808,0.375,28.0,22023
22300547,2024-01-13,Dallas Mavericks,DAL vs. NOP,L,0,108,34.0,23,6.0,1,12,0.451,0.95,0.366,-10.0,22023
22300548,2024-01-13,Chicago Bulls,CHI @ SAS,W,1,122,47.0,31,5.0,8,9,0.511,0.75,0.441,6.0,22023
22300544,2024-01-13,Memphis Grizzlies,MEM vs. NYK,L,0,94,35.0,27,14.0,6,12,0.414,0.867,0.237,-12.0,22023
22300549,2024-01-13,Los Angeles Lakers,LAL @ UTA,L,0,125,40.0,30,6.0,8,12,0.5,0.833,0.448,-7.0,22023
22300547,2024-01-13,New Orleans Pelicans,NOP @ DAL,W,1,118,44.0,29,7.0,4,10,0.494,0.757,0.4,10.0,22023
22300543,2024-01-13,Atlanta Hawks,ATL vs. WAS,L,0,99,50.0,21,9.0,7,14,0.344,0.727,0.275,-28.0,22023
22300553,2024-01-14,Los Angeles Clippers,LAC @ MIN,L,0,105,34.0,28,9.0,4,11,0.434,0.889,0.436,-4.0,22023
22300552,2024-01-14,Milwaukee Bucks,MIL vs. SAC,W,1,143,40.0,31,5.0,3,13,0.522,0.844,0.465,1.0,22023
22300550,2024-01-14,Indiana Pacers,IND @ DEN,L,0,109,37.0,28,11.0,1,13,0.467,0.682,0.276,-8.0,22023
22300553,2024-01-14,Minnesota Timberwolves,MIN vs. LAC,W,1,109,41.0,25,8.0,5,17,0.567,0.645,0.5,4.0,22023
22300551,2024-01-14,Miami Heat,MIA vs. CHA,W,1,104,44.0,27,6.0,6,14,0.494,0.813,0.44,17.0,22023
22300550,2024-01-14,Denver Nuggets,DEN vs. IND,W,1,117,40.0,31,8.0,3,21,0.648,0.652,0.5,8.0,22023
22300551,2024-01-14,Charlotte Hornets,CHA @ MIA,L,0,87,50.0,17,5.0,3,13,0.347,0.733,0.244,-17.0,22023
22300554,2024-01-14,Portland Trail Blazers,POR vs. PHX,L,0,116,36.0,23,8.0,1,13,0.449,0.727,0.476,-11.0,22023
22300552,2024-01-14,Sacramento Kings,SAC @ MIL,L,0,142,47.0,34,6.0,2,9,0.524,0.75,0.415,-1.0,22023
22300554,2024-01-14,Phoenix Suns,PHX @ POR,W,1,127,41.0,27,7.0,5,12,0.605,0.815,0.464,11.0,22023
22300561,2024-01-15,Chicago Bulls,CHI @ CLE,L,0,91,43.0,21,8.0,6,18,0.422,0.75,0.281,-18.0,22023
22300557,2024-01-15,New York Knicks,NYK vs. ORL,L,0,94,41.0,20,3.0,3,9,0.398,0.682,0.325,-4.0,22023
22300565,2024-01-15,Oklahoma City Thunder,OKC @ LAL,L,0,105,40.0,23,11.0,6,11,0.417,0.909,0.306,-7.0,22023
22300563,2024-01-15,Boston Celtics,BOS @ TOR,W,1,105,53.0,20,3.0,7,12,0.402,0.92,0.41,9.0,22023
22300558,2024-01-15,Washington Wizards,WAS vs. DET,L,0,117,33.0,30,8.0,7,8,0.463,0.909,0.463,-12.0,22023
22300555,2024-01-15,Houston Rockets,HOU @ PHI,L,0,115,46.0,21,7.0,9,13,0.5,0.594,0.296,-9.0,22023
22300559,2024-01-15,San Antonio Spurs,SAS @ ATL,L,0,99,44.0,27,10.0,8,17,0.4,0.706,0.262,-10.0,22023
22300560,2024-01-15,Golden State Warriors,GSW @ MEM,L,0,107,45.0,28,4.0,6,19,0.489,0.9,0.323,-9.0,22023
22300562,2024-01-15,Brooklyn Nets,BKN vs. MIA,L,0,95,50.0,26,9.0,9,8,0.343,0.938,0.218,-1.0,22023
22300562,2024-01-15,Miami Heat,MIA @ BKN,W,1,96,54.0,22,6.0,4,12,0.379,0.88,0.258,1.0,22023
22300560,2024-01-15,Memphis Grizzlies,MEM vs. GSW,W,1,116,42.0,24,13.0,10,11,0.372,0.8,0.37,9.0,22023
22300556,2024-01-15,Dallas Mavericks,DAL vs. NOP,W,1,125,42.0,24,4.0,6,11,0.459,0.829,0.419,5.0,22023
22300563,2024-01-15,Toronto Raptors,TOR vs. BOS,L,0,96,52.0,25,6.0,2,7,0.4,0.762,0.125,-9.0,22023
22300559,2024-01-15,Atlanta Hawks,ATL vs. SAS,W,1,109,57.0,24,8.0,6,16,0.43,0.762,0.342,10.0,22023
22300556,2024-01-15,New Orleans Pelicans,NOP @ DAL,L,0,120,37.0,21,9.0,2,9,0.506,0.756,0.304,-5.0,22023
22300561,2024-01-15,Cleveland Cavaliers,CLE vs. CHI,W,1,109,48.0,28,9.0,3,11,0.411,1.0,0.351,18.0,22023
22300557,2024-01-15,Orlando Magic,ORL @ NYK,W,1,98,46.0,26,2.0,3,7,0.447,0.667,0.276,4.0,22023
22300555,2024-01-15,Philadelphia 76ers,PHI vs. HOU,W,1,124,41.0,25,8.0,4,10,0.482,0.853,0.484,9.0,22023
22300564,2024-01-15,Utah Jazz,UTA vs. IND,W,1,132,46.0,29,5.0,8,14,0.556,0.886,0.44,27.0,22023
22300565,2024-01-15,Los Angeles Lakers,LAL vs. OKC,W,1,112,44.0,30,7.0,9,17,0.524,0.889,0.333,7.0,22023
22300564,2024-01-15,Indiana Pacers,IND @ UTA,L,0,105,43.0,27,9.0,4,13,0.4,0.8,0.29,-27.0,22023
22300558,2024-01-15,Detroit Pistons,DET @ WAS,W,1,129,52.0,30,4.0,10,15,0.556,0.739,0.387,12.0,22023
22300568,2024-01-16,Oklahoma City Thunder,OKC @ LAC,L,0,117,35.0,30,5.0,5,12,0.506,0.85,0.471,-11.0,22023
22300566,2024-01-16,Philadelphia 76ers,PHI vs. DEN,W,1,126,32.0,27,6.0,7,8,0.566,0.735,0.484,5.0,22023
22300566,2024-01-16,Denver Nuggets,DEN @ PHI,L,0,121,46.0,23,4.0,3,10,0.506,0.76,0.414,-5.0,22023
22300567,2024-01-16,Phoenix Suns,PHX vs. SAC,W,1,119,46.0,32,7.0,6,16,0.494,0.9,0.459,2.0,22023
22300568,2024-01-16,Los Angeles Clippers,LAC vs. OKC,W,1,128,39.0,30,5.0,10,9,0.54,0.609,0.465,11.0,22023
22300567,2024-01-16,Sacramento Kings,SAC @ PHX,L,0,117,31.0,34,7.0,4,14,0.5,0.583,0.45,-2.0,22023
22300570,2024-01-17,Orlando Magic,ORL @ ATL,L,0,104,40.0,18,16.0,8,13,0.443,0.727,0.286,-2.0,22023
22300577,2024-01-17,Los Angeles Lakers,LAL vs. DAL,W,1,127,45.0,33,8.0,1,10,0.538,0.708,0.429,17.0,22023
22300573,2024-01-17,New York Knicks,NYK vs. HOU,W,1,109,51.0,24,6.0,5,12,0.448,0.818,0.351,15.0,22023
22300574,2024-01-17,Toronto Raptors,TOR vs. MIA,W,1,121,45.0,34,9.0,4,10,0.511,0.611,0.526,24.0,22023
22300571,2024-01-17,San Antonio Spurs,SAS @ BOS,L,0,98,41.0,26,5.0,3,10,0.419,0.813,0.206,-19.0,22023
22300572,2024-01-17,Milwaukee Bucks,MIL @ CLE,L,0,95,36.0,19,6.0,6,10,0.4,0.7,0.286,-40.0,22023
22300575,2024-01-17,Charlotte Hornets,CHA @ NOP,L,0,112,41.0,29,7.0,8,13,0.433,0.833,0.422,-20.0,22023
22300573,2024-01-17,Houston Rockets,HOU @ NYK,L,0,94,38.0,23,6.0,9,10,0.417,0.842,0.267,-15.0,22023
22300571,2024-01-17,Boston Celtics,BOS vs. SAS,W,1,117,54.0,22,5.0,6,12,0.467,0.789,0.474,19.0,22023
22300569,2024-01-17,Minnesota Timberwolves,MIN @ DET,W,1,124,42.0,32,7.0,5,9,0.505,0.714,0.5,7.0,22023
22300577,2024-01-17,Dallas Mavericks,DAL @ LAL,L,0,110,43.0,26,4.0,5,15,0.462,0.833,0.275,-17.0,22023
22300574,2024-01-17,Miami Heat,MIA @ TOR,L,0,97,37.0,24,4.0,5,14,0.456,0.75,0.214,-24.0,22023
22300578,2024-01-17,Brooklyn Nets,BKN @ POR,L,0,103,33.0,28,9.0,3,10,0.479,0.667,0.395,-2.0,22023
22300569,2024-01-17,Detroit Pistons,DET vs. MIN,L,0,117,40.0,30,4.0,7,12,0.517,0.684,0.387,-7.0,22023
22300572,2024-01-17,Cleveland Cavaliers,CLE vs. MIL,W,1,135,55.0,36,5.0,3,10,0.591,0.684,0.429,40.0,22023
22300570,2024-01-17,Atlanta Hawks,ATL vs. ORL,W,1,106,41.0,21,8.0,2,23,0.513,0.909,0.32,2.0,22023
22300578,2024-01-17,Portland Trail Blazers,POR vs. BKN,W,1,105,41.0,21,2.0,2,9,0.488,0.857,0.333,2.0,22023
22300575,2024-01-17,New Orleans Pelicans,NOP vs. CHA,W,1,132,50.0,32,11.0,3,12,0.5,0.826,0.532,20.0,22023
22300580,2024-01-18,Chicago Bulls,CHI @ TOR,W,1,116,42.0,30,7.0,5,10,0.527,0.824,0.25,6.0,22023
22300579,2024-01-18,New York Knicks,NYK vs. WAS,W,1,113,47.0,22,6.0,5,17,0.453,0.846,0.342,4.0,22023
22300582,2024-01-18,Minnesota Timberwolves,MIN vs. MEM,W,1,118,39.0,30,8.0,9,14,0.549,0.762,0.429,15.0,22023
22300581,2024-01-18,Utah Jazz,UTA vs. OKC,L,0,129,38.0,33,7.0,4,14,0.483,0.833,0.406,-5.0,22023
22300580,2024-01-18,Toronto Raptors,TOR vs. CHI,L,0,110,38.0,31,7.0,5,14,0.506,0.8,0.263,-6.0,22023
22300582,2024-01-18,Memphis Grizzlies,MEM @ MIN,L,0,103,34.0,22,9.0,4,14,0.459,0.647,0.412,-15.0,22023
22300583,2024-01-18,Indiana Pacers,IND @ SAC,W,1,126,34.0,33,5.0,6,11,0.551,0.789,0.394,5.0,22023
22300579,2024-01-18,Washington Wizards,WAS @ NYK,L,0,109,46.0,31,9.0,4,12,0.456,0.773,0.323,-4.0,22023
22300581,2024-01-18,Oklahoma City Thunder,OKC @ UTA,W,1,134,38.0,36,8.0,10,15,0.558,0.857,0.438,5.0,22023
22300583,2024-01-18,Sacramento Kings,SAC vs. IND,L,0,121,38.0,27,7.0,6,11,0.518,0.563,0.405,-5.0,22023
22300591,2024-01-19,Los Angeles Lakers,LAL vs. BKN,L,0,112,44.0,31,7.0,3,14,0.444,0.833,0.364,-18.0,22023
22300587,2024-01-19,Atlanta Hawks,ATL @ MIA,W,1,109,38.0,23,6.0,2,13,0.46,0.824,0.429,1.0,22023
22300591,2024-01-19,Brooklyn Nets,BKN @ LAL,W,1,130,41.0,31,10.0,4,8,0.526,0.786,0.404,18.0,22023
22300584,2024-01-19,Charlotte Hornets,CHA vs. SAS,W,1,124,40.0,25,9.0,4,17,0.56,0.875,0.552,4.0,22023
22300590,2024-01-19,Indiana Pacers,IND @ POR,L,0,115,37.0,34,3.0,6,13,0.429,0.68,0.426,-3.0,22023
22300585,2024-01-19,Philadelphia 76ers,PHI @ ORL,W,1,124,42.0,23,11.0,5,7,0.483,0.931,0.433,15.0,22023
22300585,2024-01-19,Orlando Magic,ORL vs. PHI,L,0,109,36.0,24,3.0,5,16,0.474,0.926,0.435,-15.0,22023
22300588,2024-01-19,Phoenix Suns,PHX @ NOP,W,1,123,48.0,32,7.0,3,8,0.495,0.762,0.366,14.0,22023
22300586,2024-01-19,Denver Nuggets,DEN @ BOS,W,1,102,47.0,20,0.0,3,9,0.519,0.769,0.258,2.0,22023
22300586,2024-01-19,Boston Celtics,BOS vs. DEN,L,0,100,38.0,21,5.0,2,2,0.427,0.714,0.318,-2.0,22023
22300584,2024-01-19,San Antonio Spurs,SAS @ CHA,L,0,120,34.0,36,9.0,3,13,0.56,0.647,0.469,-4.0,22023
22300590,2024-01-19,Portland Trail Blazers,POR vs. IND,W,1,118,47.0,18,3.0,11,9,0.5,0.857,0.333,3.0,22023
22300587,2024-01-19,Miami Heat,MIA vs. ATL,L,0,108,44.0,21,7.0,2,16,0.463,0.909,0.387,-1.0,22023
22300588,2024-01-19,New Orleans Pelicans,NOP vs. PHX,L,0,109,42.0,27,4.0,5,11,0.441,0.739,0.238,-14.0,22023
22300599,2024-01-20,Minnesota Timberwolves,MIN vs. OKC,L,0,97,50.0,22,4.0,7,21,0.413,0.724,0.378,-5.0,22023
22300598,2024-01-20,Houston Rockets,HOU vs. UTA,W,1,127,56.0,27,11.0,10,7,0.427,0.636,0.333,1.0,22023
22300596,2024-01-20,Toronto Raptors,TOR @ NYK,L,0,100,31.0,29,10.0,5,10,0.413,0.565,0.324,-26.0,22023
22300592,2024-01-20,Detroit Pistons,DET vs. MIL,L,0,135,40.0,30,6.0,2,8,0.468,0.813,0.568,-6.0,22023
22300593,2024-01-20,Charlotte Hornets,CHA vs. PHI,L,0,89,47.0,23,2.0,7,16,0.412,0.714,0.243,-8.0,22023
22300592,2024-01-20,Milwaukee Bucks,MIL @ DET,W,1,141,49.0,30,6.0,6,10,0.553,0.714,0.375,6.0,22023
22300597,2024-01-20,Chicago Bulls,CHI vs. MEM,W,1,125,52.0,32,11.0,5,11,0.516,0.81,0.424,29.0,22023
22300597,2024-01-20,Memphis Grizzlies,MEM @ CHI,L,0,96,32.0,28,6.0,4,15,0.427,0.826,0.31,-29.0,22023
22300594,2024-01-20,Washington Wizards,WAS vs. SAS,L,0,127,46.0,28,10.0,4,11,0.476,0.87,0.31,-4.0,22023
22300595,2024-01-20,Cleveland Cavaliers,CLE @ ATL,W,1,116,49.0,32,7.0,6,13,0.506,0.875,0.372,21.0,22023
22300596,2024-01-20,New York Knicks,NYK vs. TOR,W,1,126,61.0,27,4.0,7,21,0.545,0.8,0.359,26.0,22023
22300598,2024-01-20,Utah Jazz,UTA @ HOU,L,0,126,59.0,28,4.0,8,17,0.457,0.773,0.302,-1.0,22023
22300599,2024-01-20,Oklahoma City Thunder,OKC @ MIN,W,1,102,37.0,21,12.0,4,8,0.395,0.857,0.333,5.0,22023
22300594,2024-01-20,San Antonio Spurs,SAS @ WAS,W,1,131,49.0,38,6.0,10,17,0.531,0.739,0.387,4.0,22023
22300595,2024-01-20,Atlanta Hawks,ATL vs. CLE,L,0,95,45.0,25,5.0,4,11,0.398,0.667,0.289,-21.0,22023
22300593,2024-01-20,Philadelphia 76ers,PHI @ CHA,W,1,97,46.0,21,7.0,6,10,0.424,0.833,0.2,8.0,22023
22300602,2024-01-21,Denver Nuggets,DEN @ WAS,W,1,113,50.0,29,9.0,11,13,0.489,0.679,0.364,9.0,22023
22300600,2024-01-21,Los Angeles Clippers,LAC vs. BKN,W,1,125,45.0,26,6.0,5,10,0.506,0.848,0.5,11.0,22023
22300602,2024-01-21,Washington Wizards,WAS vs. DEN,L,0,104,40.0,31,6.0,9,13,0.429,0.818,0.296,-9.0,22023
22300604,2024-01-21,Phoenix Suns,PHX vs. IND,W,1,117,44.0,25,7.0,5,16,0.573,0.833,0.32,7.0,22023
22300600,2024-01-21,Brooklyn Nets,BKN @ LAC,L,0,114,36.0,29,6.0,5,12,0.489,0.75,0.359,-11.0,22023
22300603,2024-01-21,Boston Celtics,BOS @ HOU,W,1,116,55.0,31,10.0,12,16,0.439,0.722,0.362,9.0,22023
22300605,2024-01-21,Portland Trail Blazers,POR @ LAL,L,0,110,35.0,24,7.0,5,12,0.467,0.85,0.31,-24.0,22023
22300601,2024-01-21,Orlando Magic,ORL vs. MIA,W,1,105,44.0,21,5.0,5,14,0.474,0.786,0.321,18.0,22023
22300604,2024-01-21,Indiana Pacers,IND @ PHX,L,0,110,40.0,28,9.0,4,11,0.436,0.609,0.452,-7.0,22023
22300605,2024-01-21,Los Angeles Lakers,LAL vs. POR,W,1,134,45.0,28,9.0,6,12,0.547,0.931,0.394,24.0,22023
22300601,2024-01-21,Miami Heat,MIA @ ORL,L,0,87,36.0,22,9.0,1,14,0.375,0.833,0.324,-18.0,22023
22300603,2024-01-21,Houston Rockets,HOU vs. BOS,L,0,107,49.0,26,9.0,3,15,0.436,0.682,0.286,-9.0,22023
22300609,2024-01-22,Memphis Grizzlies,MEM @ TOR,W,1,108,47.0,30,11.0,8,15,0.463,0.583,0.382,8.0,22023
22300612,2024-01-22,Phoenix Suns,PHX vs. CHI,W,1,115,39.0,32,5.0,5,7,0.518,0.765,0.412,2.0,22023
22300609,2024-01-22,Toronto Raptors,TOR vs. MEM,L,0,100,47.0,31,7.0,8,17,0.443,0.957,0.348,-8.0,22023
22300606,2024-01-22,Detroit Pistons,DET vs. MIL,L,0,113,42.0,25,4.0,9,10,0.449,0.793,0.333,-9.0,22023
22300610,2024-01-22,Minnesota Timberwolves,MIN vs. CHA,L,0,125,36.0,34,4.0,1,13,0.524,0.76,0.439,-3.0,22023
22300611,2024-01-22,Boston Celtics,BOS @ DAL,W,1,119,44.0,26,7.0,8,6,0.466,0.733,0.326,9.0,22023
22300606,2024-01-22,Milwaukee Bucks,MIL @ DET,W,1,122,49.0,26,7.0,8,9,0.447,0.824,0.256,9.0,22023
22300613,2024-01-22,Atlanta Hawks,ATL @ SAC,L,0,107,50.0,19,2.0,7,12,0.387,0.778,0.35,-15.0,22023
22300607,2024-01-22,Cleveland Cavaliers,CLE @ ORL,W,1,126,39.0,29,10.0,4,9,0.563,0.727,0.526,27.0,22023
22300611,2024-01-22,Dallas Mavericks,DAL vs. BOS,L,0,110,48.0,24,4.0,4,10,0.443,0.714,0.35,-9.0,22023
22300610,2024-01-22,Charlotte Hornets,CHA @ MIN,W,1,128,35.0,30,8.0,4,10,0.568,0.778,0.378,3.0,22023
22300608,2024-01-22,Philadelphia 76ers,PHI vs. SAS,W,1,133,48.0,28,5.0,3,4,0.495,0.8,0.25,10.0,22023
22300608,2024-01-22,San Antonio Spurs,SAS @ PHI,L,0,123,43.0,29,3.0,3,8,0.462,0.889,0.317,-10.0,22023
22300612,2024-01-22,Chicago Bulls,CHI @ PHX,L,0,113,47.0,25,6.0,4,10,0.484,0.643,0.378,-2.0,22023
22300613,2024-01-22,Sacramento Kings,SAC vs. ATL,W,1,122,51.0,22,8.0,2,8,0.462,0.889,0.316,15.0,22023
22300607,2024-01-22,Orlando Magic,ORL vs. CLE,L,0,99,34.0,25,7.0,0,15,0.459,0.667,0.379,-27.0,22023
22300618,2024-01-23,Los Angeles Clippers,LAC vs. LAL,W,1,127,36.0,33,8.0,5,14,0.591,0.75,0.519,11.0,22023
22300616,2024-01-23,New Orleans Pelicans,NOP vs. UTA,W,1,153,57.0,41,5.0,4,9,0.577,0.667,0.5,29.0,22023
22300614,2024-01-23,Denver Nuggets,DEN @ IND,W,1,114,42.0,22,5.0,9,10,0.5,0.882,0.333,5.0,22023
22300615,2024-01-23,Brooklyn Nets,BKN vs. NYK,L,0,103,40.0,29,7.0,5,13,0.442,0.8,0.357,-5.0,22023
22300618,2024-01-23,Los Angeles Lakers,LAL @ LAC,L,0,116,41.0,27,9.0,8,15,0.489,0.682,0.344,-11.0,22023
22300614,2024-01-23,Indiana Pacers,IND vs. DEN,L,0,109,38.0,24,4.0,1,10,0.494,0.857,0.238,-5.0,22023
22300617,2024-01-23,Oklahoma City Thunder,OKC vs. POR,W,1,111,43.0,23,9.0,10,12,0.483,0.643,0.304,2.0,22023
22300616,2024-01-23,Utah Jazz,UTA @ NOP,L,0,124,38.0,27,4.0,8,8,0.467,0.813,0.333,-29.0,22023
22300617,2024-01-23,Portland Trail Blazers,POR @ OKC,L,0,109,46.0,27,6.0,6,19,0.43,0.81,0.462,-2.0,22023
22300615,2024-01-23,New York Knicks,NYK @ BKN,W,1,108,42.0,21,8.0,8,13,0.465,0.947,0.345,5.0,22023
22300623,2024-01-24,Houston Rockets,HOU vs. POR,L,0,131,37.0,29,8.0,6,8,0.532,0.864,0.333,-6.0,22023
22300620,2024-01-24,Washington Wizards,WAS vs. MIN,L,0,107,49.0,31,2.0,3,21,0.481,0.793,0.417,-11.0,22023
22300624,2024-01-24,Cleveland Cavaliers,CLE @ MIL,L,0,116,39.0,26,5.0,2,12,0.505,0.733,0.342,-10.0,22023
22300626,2024-01-24,Atlanta Hawks,ATL @ GSW,L,0,112,45.0,30,7.0,2,10,0.415,0.769,0.326,-22.0,22023
22300624,2024-01-24,Milwaukee Bucks,MIL vs. CLE,W,1,126,46.0,24,9.0,3,11,0.5,0.893,0.379,10.0,22023
22300619,2024-01-24,Charlotte Hornets,CHA @ DET,L,0,106,48.0,27,5.0,5,11,0.437,0.789,0.395,-7.0,22023
22300623,2024-01-24,Portland Trail Blazers,POR @ HOU,W,1,137,48.0,31,6.0,4,12,0.51,0.917,0.429,6.0,22023
22300625,2024-01-24,Dallas Mavericks,DAL vs. PHX,L,0,109,33.0,25,4.0,3,14,0.461,0.556,0.395,-23.0,22023
22300621,2024-01-24,Miami Heat,MIA vs. MEM,L,0,96,44.0,21,9.0,9,17,0.402,0.76,0.324,-9.0,22023
22300619,2024-01-24,Detroit Pistons,DET vs. CHA,W,1,113,44.0,26,4.0,0,11,0.5,0.6,0.395,7.0,22023
22300622,2024-01-24,San Antonio Spurs,SAS vs. OKC,L,0,114,38.0,30,7.0,11,18,0.5,0.76,0.281,-26.0,22023
22300621,2024-01-24,Memphis Grizzlies,MEM @ MIA,W,1,105,44.0,30,8.0,6,18,0.45,0.842,0.472,9.0,22023
22300620,2024-01-24,Minnesota Timberwolves,MIN @ WAS,W,1,118,48.0,26,8.0,7,7,0.42,0.862,0.281,11.0,22023
22300625,2024-01-24,Phoenix Suns,PHX @ DAL,W,1,132,49.0,30,10.0,4,15,0.6,0.727,0.412,23.0,22023
22300626,2024-01-24,Golden State Warriors,GSW vs. ATL,W,1,134,49.0,26,6.0,9,10,0.56,0.727,0.485,22.0,22023
22300622,2024-01-24,Oklahoma City Thunder,OKC @ SAS,W,1,140,47.0,36,11.0,8,15,0.563,0.875,0.45,26.0,22023
22300630,2024-01-25,Miami Heat,MIA vs. BOS,L,0,110,31.0,25,7.0,1,4,0.447,0.769,0.381,-33.0,22023
22300629,2024-01-25,Brooklyn Nets,BKN vs. MIN,L,0,94,32.0,22,7.0,3,13,0.455,0.875,0.303,-2.0,22023
22300627,2024-01-25,Indiana Pacers,IND vs. PHI,W,1,134,55.0,35,6.0,8,21,0.57,0.762,0.429,12.0,22023
22300628,2024-01-25,Utah Jazz,UTA @ WAS,W,1,123,52.0,34,6.0,2,15,0.515,0.833,0.419,15.0,22023
22300631,2024-01-25,New York Knicks,NYK vs. DEN,W,1,122,44.0,26,12.0,3,8,0.529,0.85,0.395,38.0,22023
22300633,2024-01-25,Los Angeles Lakers,LAL vs. CHI,W,1,141,30.0,35,10.0,4,12,0.609,0.75,0.645,9.0,22023
22300629,2024-01-25,Minnesota Timberwolves,MIN @ BKN,W,1,96,38.0,24,6.0,4,14,0.493,0.75,0.476,2.0,22023
22300632,2024-01-25,Golden State Warriors,GSW vs. SAC,L,0,133,33.0,30,7.0,3,13,0.558,0.783,0.514,-1.0,22023
22300632,2024-01-25,Sacramento Kings,SAC @ GSW,W,1,134,34.0,33,8.0,5,10,0.527,0.842,0.458,1.0,22023
22300633,2024-01-25,Chicago Bulls,CHI @ LAL,L,0,132,39.0,27,7.0,6,16,0.534,0.897,0.324,-9.0,22023
22300628,2024-01-25,Washington Wizards,WAS vs. UTA,L,0,108,35.0,33,11.0,7,11,0.489,0.75,0.233,-15.0,22023
22300630,2024-01-25,Boston Celtics,BOS @ MIA,W,1,143,47.0,36,4.0,5,11,0.638,0.95,0.55,33.0,22023
22300631,2024-01-25,Denver Nuggets,DEN @ NYK,L,0,84,40.0,20,2.0,2,19,0.405,0.846,0.192,-38.0,22023
22300627,2024-01-25,Philadelphia 76ers,PHI @ IND,L,0,122,31.0,24,13.0,6,12,0.483,0.721,0.241,-12.0,22023
22300634,2024-01-26,Atlanta Hawks,ATL vs. DAL,L,0,143,36.0,32,7.0,2,7,0.526,0.867,0.441,-5.0,22023
22300641,2024-01-26,Portland Trail Blazers,POR @ SAS,L,0,100,37.0,23,11.0,3,13,0.422,0.737,0.27,-16.0,22023
22300640,2024-01-26,Oklahoma City Thunder,OKC @ NOP,W,1,107,45.0,22,11.0,5,11,0.477,0.929,0.303,24.0,22023
22300637,2024-01-26,Los Angeles Clippers,LAC @ TOR,W,1,127,50.0,29,6.0,7,10,0.505,0.917,0.281,20.0,22023
22300636,2024-01-26,Indiana Pacers,IND vs. PHX,W,1,133,48.0,34,8.0,3,12,0.532,0.6,0.308,2.0,22023
22300635,2024-01-26,Houston Rockets,HOU @ CHA,W,1,138,53.0,34,7.0,10,12,0.562,0.806,0.394,34.0,22023
22300639,2024-01-26,Cleveland Cavaliers,CLE @ MIL,W,1,112,51.0,20,7.0,8,13,0.413,0.71,0.389,12.0,22023
22300639,2024-01-26,Milwaukee Bucks,MIL vs. CLE,L,0,100,51.0,21,6.0,4,18,0.402,0.708,0.382,-12.0,22023
22300640,2024-01-26,New Orleans Pelicans,NOP vs. OKC,L,0,83,41.0,24,9.0,5,20,0.39,0.714,0.25,-24.0,22023
22300634,2024-01-26,Dallas Mavericks,DAL @ ATL,W,1,148,37.0,28,3.0,5,13,0.6,0.844,0.543,5.0,22023
22300641,2024-01-26,San Antonio Spurs,SAS vs. POR,W,1,116,59.0,30,12.0,5,17,0.457,0.846,0.294,16.0,22023
22300637,2024-01-26,Toronto Raptors,TOR vs. LAC,L,0,107,45.0,26,6.0,3,11,0.458,0.591,0.188,-20.0,22023
22300636,2024-01-26,Phoenix Suns,PHX @ IND,L,0,131,38.0,24,8.0,5,20,0.573,0.889,0.433,-2.0,22023
22300638,2024-01-26,Orlando Magic,ORL @ MEM,L,0,106,40.0,21,8.0,4,11,0.469,0.724,0.265,-1.0,22023
22300635,2024-01-26,Charlotte Hornets,CHA vs. HOU,L,0,104,32.0,20,6.0,7,13,0.412,0.781,0.31,-34.0,22023
22300638,2024-01-26,Memphis Grizzlies,MEM vs. ORL,W,1,107,43.0,30,9.0,7,13,0.467,0.615,0.366,1.0,22023
22300642,2024-01-27,Washington Wizards,WAS @ DET,W,1,118,50.0,26,10.0,4,9,0.45,0.81,0.324,14.0,22023
22300649,2024-01-27,Minnesota Timberwolves,MIN @ SAS,L,0,112,32.0,30,9.0,6,13,0.57,0.533,0.538,-1.0,22023
22300643,2024-01-27,Miami Heat,MIA @ NYK,L,0,109,38.0,26,6.0,4,8,0.466,0.813,0.378,-16.0,22023
22300645,2024-01-27,Brooklyn Nets,BKN vs. HOU,W,1,106,40.0,24,11.0,6,19,0.486,0.595,0.353,2.0,22023
22300647,2024-01-27,Utah Jazz,UTA @ CHA,W,1,134,49.0,38,6.0,6,13,0.559,0.765,0.415,12.0,22023
22300644,2024-01-27,Philadelphia 76ers,PHI @ DEN,L,0,105,39.0,25,5.0,6,11,0.531,0.813,0.273,-6.0,22023
22300645,2024-01-27,Houston Rockets,HOU @ BKN,L,0,104,55.0,20,6.0,3,17,0.394,0.87,0.27,-2.0,22023
22300651,2024-01-27,Sacramento Kings,SAC @ DAL,W,1,120,39.0,27,4.0,10,13,0.538,0.767,0.367,5.0,22023
22300642,2024-01-27,Detroit Pistons,DET vs. WAS,L,0,104,45.0,22,2.0,8,17,0.435,0.778,0.281,-14.0,22023
22300643,2024-01-27,New York Knicks,NYK vs. MIA,W,1,125,46.0,25,6.0,3,7,0.517,0.692,0.515,16.0,22023
22300649,2024-01-27,San Antonio Spurs,SAS vs. MIN,W,1,113,39.0,35,7.0,7,15,0.548,0.533,0.433,1.0,22023
22300646,2024-01-27,Boston Celtics,BOS vs. LAC,L,0,96,52.0,21,2.0,9,11,0.36,0.875,0.25,-19.0,22023
22300648,2024-01-27,New Orleans Pelicans,NOP @ MIL,L,0,117,43.0,20,5.0,3,14,0.471,0.778,0.391,-24.0,22023
22300650,2024-01-27,Golden State Warriors,GSW vs. LAL,L,0,144,50.0,37,11.0,3,17,0.462,0.688,0.397,-1.0,22023
22300647,2024-01-27,Charlotte Hornets,CHA vs. UTA,L,0,122,35.0,35,7.0,6,10,0.511,0.714,0.406,-12.0,22023
22300646,2024-01-27,Los Angeles Clippers,LAC @ BOS,W,1,115,58.0,28,8.0,8,7,0.441,0.833,0.25,19.0,22023
22300644,2024-01-27,Denver Nuggets,DEN vs. PHI,W,1,111,44.0,25,5.0,3,7,0.451,0.632,0.351,6.0,22023
22300650,2024-01-27,Los Angeles Lakers,LAL @ GSW,W,1,145,55.0,33,9.0,5,19,0.485,0.884,0.333,1.0,22023
22300648,2024-01-27,Milwaukee Bucks,MIL vs. NOP,W,1,141,45.0,30,12.0,0,9,0.56,0.76,0.444,24.0,22023
22300651,2024-01-27,Dallas Mavericks,DAL vs. SAC,L,0,115,43.0,35,7.0,2,10,0.439,0.722,0.348,-5.0,22023
22300653,2024-01-28,Toronto Raptors,TOR @ ATL,L,0,125,46.0,29,12.0,3,14,0.461,0.875,0.484,-1.0,22023
22300654,2024-01-28,Oklahoma City Thunder,OKC @ DET,L,0,104,43.0,17,7.0,5,10,0.478,0.667,0.286,-16.0,22023
22300652,2024-01-28,Indiana Pacers,IND vs. MEM,W,1,116,44.0,31,8.0,6,10,0.489,0.938,0.371,6.0,22023
22300652,2024-01-28,Memphis Grizzlies,MEM @ IND,L,0,110,45.0,20,5.0,7,13,0.463,0.742,0.367,-6.0,22023
22300653,2024-01-28,Atlanta Hawks,ATL vs. TOR,W,1,126,51.0,27,7.0,4,14,0.463,0.8,0.222,1.0,22023
22300656,2024-01-28,Portland Trail Blazers,POR vs. CHI,L,0,96,48.0,22,2.0,5,13,0.405,0.897,0.182,-8.0,22023
22300656,2024-01-28,Chicago Bulls,CHI @ POR,W,1,104,40.0,27,7.0,10,4,0.467,0.706,0.25,8.0,22023
22300654,2024-01-28,Detroit Pistons,DET vs. OKC,W,1,120,53.0,27,6.0,2,9,0.495,0.789,0.423,16.0,22023
22300655,2024-01-28,Orlando Magic,ORL vs. PHX,W,1,113,40.0,30,12.0,7,7,0.446,0.731,0.333,15.0,22023
22300655,2024-01-28,Phoenix Suns,PHX @ ORL,L,0,98,39.0,19,4.0,5,22,0.562,0.571,0.286,-15.0,22023
22300664,2024-01-29,Minnesota Timberwolves,MIN @ OKC,W,1,107,45.0,21,7.0,2,13,0.482,0.867,0.483,6.0,22023
22300668,2024-01-29,Portland Trail Blazers,POR vs. PHI,W,1,130,39.0,29,7.0,5,13,0.548,0.897,0.429,26.0,22023
22300668,2024-01-29,Philadelphia 76ers,PHI @ POR,L,0,104,34.0,17,6.0,5,14,0.446,0.893,0.172,-26.0,22023
22300663,2024-01-29,Sacramento Kings,SAC @ MEM,W,1,103,51.0,24,10.0,1,19,0.512,0.6,0.289,9.0,22023
22300662,2024-01-29,Houston Rockets,HOU vs. LAL,W,1,135,56.0,36,10.0,2,15,0.531,0.76,0.333,16.0,22023
22300657,2024-01-29,New York Knicks,NYK @ CHA,W,1,113,42.0,25,5.0,3,9,0.524,0.813,0.324,21.0,22023
22300664,2024-01-29,Oklahoma City Thunder,OKC vs. MIN,L,0,101,38.0,21,5.0,7,12,0.443,0.773,0.4,-6.0,22023
22300666,2024-01-29,Orlando Magic,ORL @ DAL,L,0,129,35.0,27,7.0,1,11,0.511,0.75,0.474,-2.0,22023
22300661,2024-01-29,Miami Heat,MIA vs. PHX,L,0,105,44.0,20,5.0,5,11,0.393,1.0,0.389,-13.0,22023
22300666,2024-01-29,Dallas Mavericks,DAL vs. ORL,W,1,131,35.0,27,6.0,2,15,0.623,0.744,0.481,2.0,22023
22300663,2024-01-29,Memphis Grizzlies,MEM vs. SAC,L,0,94,37.0,22,11.0,1,14,0.375,0.75,0.361,-9.0,22023
22300661,2024-01-29,Phoenix Suns,PHX @ MIA,W,1,118,47.0,30,8.0,8,7,0.489,0.706,0.35,13.0,22023
22300659,2024-01-29,Boston Celtics,BOS vs. NOP,W,1,118,40.0,27,7.0,5,11,0.506,0.75,0.37,6.0,22023
22300658,2024-01-29,Cleveland Cavaliers,CLE vs. LAC,W,1,118,46.0,28,6.0,3,13,0.488,0.808,0.325,10.0,22023
22300665,2024-01-29,Washington Wizards,WAS @ SAS,W,1,118,45.0,32,9.0,8,18,0.535,0.708,0.36,5.0,22023
22300662,2024-01-29,Los Angeles Lakers,LAL @ HOU,L,0,119,35.0,26,10.0,6,12,0.495,0.615,0.371,-16.0,22023
22300665,2024-01-29,San Antonio Spurs,SAS vs. WAS,L,0,113,36.0,31,10.0,7,14,0.467,0.882,0.4,-5.0,22023
22300660,2024-01-29,Brooklyn Nets,BKN vs. UTA,W,1,147,50.0,41,12.0,9,8,0.514,0.947,0.467,33.0,22023
22300659,2024-01-29,New Orleans Pelicans,NOP @ BOS,L,0,112,40.0,21,7.0,6,12,0.505,0.769,0.286,-6.0,22023
22300660,2024-01-29,Utah Jazz,UTA @ BKN,L,0,114,44.0,23,3.0,7,17,0.453,0.794,0.333,-33.0,22023
22300667,2024-01-29,Denver Nuggets,DEN vs. MIL,W,1,113,47.0,29,7.0,4,8,0.484,0.875,0.222,6.0,22023
22300658,2024-01-29,Los Angeles Clippers,LAC @ CLE,L,0,108,37.0,28,8.0,3,12,0.475,0.75,0.324,-10.0,22023
22300657,2024-01-29,Charlotte Hornets,CHA vs. NYK,L,0,92,41.0,23,4.0,6,13,0.457,0.5,0.344,-21.0,22023
22300667,2024-01-29,Milwaukee Bucks,MIL @ DEN,L,0,107,40.0,24,3.0,7,12,0.429,0.76,0.4,-6.0,22023
22300669,2024-01-30,Atlanta Hawks,ATL vs. LAL,W,1,138,46.0,32,10.0,2,12,0.525,0.889,0.421,16.0,22023
22300672,2024-01-30,Chicago Bulls,CHI vs. TOR,L,0,107,33.0,21,9.0,9,17,0.507,0.741,0.344,-11.0,22023
22300672,2024-01-30,Toronto Raptors,TOR @ CHI,W,1,118,38.0,34,10.0,4,19,0.518,0.9,0.483,11.0,22023
22300669,2024-01-30,Los Angeles Lakers,LAL @ ATL,L,0,122,37.0,28,12.0,3,14,0.533,0.56,0.364,-16.0,22023
22300671,2024-01-30,New York Knicks,NYK vs. UTA,W,1,118,45.0,29,9.0,7,5,0.468,0.944,0.382,15.0,22023
22300671,2024-01-30,Utah Jazz,UTA @ NYK,L,0,103,43.0,23,3.0,5,14,0.453,0.765,0.333,-15.0,22023
22300673,2024-01-30,Philadelphia 76ers,PHI @ GSW,L,0,107,39.0,11,14.0,2,16,0.459,0.762,0.433,-12.0,22023
22300670,2024-01-30,Indiana Pacers,IND @ BOS,L,0,124,50.0,33,4.0,2,7,0.463,0.8,0.308,-5.0,22023
22300670,2024-01-30,Boston Celtics,BOS vs. IND,W,1,129,40.0,25,6.0,9,10,0.54,0.818,0.472,5.0,22023
22300673,2024-01-30,Golden State Warriors,GSW vs. PHI,W,1,119,42.0,32,6.0,6,16,0.557,0.895,0.438,12.0,22023
22300681,2024-01-31,San Antonio Spurs,SAS vs. ORL,L,0,98,41.0,24,9.0,9,17,0.45,0.708,0.29,-10.0,22023
22300675,2024-01-31,Detroit Pistons,DET @ CLE,L,0,121,35.0,27,8.0,3,17,0.556,0.789,0.516,-7.0,22023
22300676,2024-01-31,Los Angeles Clippers,LAC @ WAS,W,1,125,52.0,25,9.0,7,8,0.47,0.864,0.4,16.0,22023
22300674,2024-01-31,Charlotte Hornets,CHA vs. CHI,L,0,110,40.0,25,4.0,6,9,0.444,0.824,0.348,-7.0,22023
22300683,2024-01-31,Milwaukee Bucks,MIL @ POR,L,0,116,39.0,27,7.0,5,13,0.489,0.722,0.289,-3.0,22023
22300679,2024-01-31,New Orleans Pelicans,NOP @ HOU,W,1,110,56.0,20,3.0,6,16,0.5,0.708,0.324,11.0,22023
22300677,2024-01-31,Phoenix Suns,PHX @ BKN,W,1,136,42.0,35,5.0,6,15,0.62,0.75,0.5,16.0,22023
22300677,2024-01-31,Brooklyn Nets,BKN vs. PHX,L,0,120,27.0,28,11.0,1,11,0.5,0.769,0.41,-16.0,22023
22300682,2024-01-31,Oklahoma City Thunder,OKC vs. DEN,W,1,105,53.0,24,2.0,9,11,0.425,0.8,0.423,5.0,22023
22300678,2024-01-31,Miami Heat,MIA vs. SAC,W,1,115,49.0,38,3.0,2,8,0.5,0.783,0.464,9.0,22023
22300676,2024-01-31,Washington Wizards,WAS vs. LAC,L,0,109,45.0,19,4.0,10,13,0.464,0.667,0.31,-16.0,22023
22300681,2024-01-31,Orlando Magic,ORL @ SAS,W,1,108,45.0,29,10.0,5,15,0.477,0.826,0.35,10.0,22023
22300682,2024-01-31,Denver Nuggets,DEN @ OKC,L,0,100,47.0,21,7.0,9,8,0.398,0.688,0.405,-5.0,22023
22300675,2024-01-31,Cleveland Cavaliers,CLE vs. DET,W,1,128,33.0,26,13.0,5,9,0.528,0.957,0.343,7.0,22023
22300683,2024-01-31,Portland Trail Blazers,POR vs. MIL,W,1,119,39.0,26,9.0,1,11,0.533,1.0,0.429,3.0,22023
22300679,2024-01-31,Houston Rockets,HOU vs. NOP,L,0,99,29.0,19,11.0,2,5,0.402,0.941,0.295,-11.0,22023
22300674,2024-01-31,Chicago Bulls,CHI @ CHA,W,1,117,44.0,28,4.0,7,9,0.517,0.727,0.379,7.0,22023
22300680,2024-01-31,Minnesota Timberwolves,MIN vs. DAL,W,1,121,45.0,31,6.0,4,10,0.563,0.6,0.433,34.0,22023
22300680,2024-01-31,Dallas Mavericks,DAL @ MIN,L,0,87,31.0,18,4.0,4,16,0.408,0.731,0.207,-34.0,22023
22300678,2024-01-31,Sacramento Kings,SAC @ MIA,L,0,106,44.0,26,6.0,3,9,0.441,0.667,0.3,-9.0,22023
22300685,2024-02-01,New York Knicks,NYK vs. IND,W,1,109,60.0,15,8.0,7,10,0.398,0.76,0.211,4.0,22023
22300686,2024-02-01,Utah Jazz,UTA vs. PHI,L,0,124,43.0,36,3.0,9,9,0.517,0.88,0.333,-3.0,22023
22300684,2024-02-01,Los Angeles Lakers,LAL @ BOS,W,1,114,52.0,30,11.0,2,7,0.404,0.731,0.528,9.0,22023
22300687,2024-02-01,Cleveland Cavaliers,CLE @ MEM,W,1,108,48.0,26,6.0,8,14,0.477,0.667,0.4,7.0,22023
22300684,2024-02-01,Boston Celtics,BOS vs. LAL,L,0,105,54.0,30,4.0,12,15,0.423,1.0,0.333,-9.0,22023
22300686,2024-02-01,Philadelphia 76ers,PHI @ UTA,W,1,127,40.0,27,6.0,11,4,0.5,0.905,0.438,3.0,22023
22300685,2024-02-01,Indiana Pacers,IND @ NYK,L,0,105,44.0,21,9.0,9,13,0.452,0.615,0.394,-4.0,22023
22300687,2024-02-01,Memphis Grizzlies,MEM vs. CLE,L,0,101,43.0,25,9.0,12,12,0.411,0.882,0.316,-7.0,22023
22300690,2024-02-02,Atlanta Hawks,ATL vs. PHX,W,1,129,43.0,29,7.0,4,9,0.516,0.778,0.386,9.0,22023
22300693,2024-02-02,Golden State Warriors,GSW @ MEM,W,1,121,46.0,32,7.0,8,14,0.554,0.818,0.379,20.0,22023
22300696,2024-02-02,San Antonio Spurs,SAS vs. NOP,L,0,113,55.0,35,6.0,10,18,0.479,0.611,0.256,-1.0,22023
22300697,2024-02-02,Denver Nuggets,DEN vs. POR,W,1,120,48.0,34,3.0,6,11,0.505,0.941,0.333,12.0,22023
22300689,2024-02-02,Washington Wizards,WAS vs. MIA,L,0,102,43.0,28,5.0,4,8,0.411,0.81,0.262,-8.0,22023
22300694,2024-02-02,Minnesota Timberwolves,MIN vs. ORL,L,0,106,38.0,24,8.0,5,17,0.463,0.9,0.316,-2.0,22023
22300691,2024-02-02,Indiana Pacers,IND vs. SAC,L,0,122,39.0,23,13.0,3,22,0.541,0.833,0.345,-11.0,22023
22300688,2024-02-02,Detroit Pistons,DET vs. LAC,L,0,125,38.0,28,5.0,3,16,0.506,0.75,0.425,-11.0,22023
22300693,2024-02-02,Memphis Grizzlies,MEM vs. GSW,L,0,101,37.0,30,7.0,4,13,0.402,0.708,0.304,-20.0,22023
22300697,2024-02-02,Portland Trail Blazers,POR @ DEN,L,0,108,37.0,14,7.0,4,8,0.463,0.8,0.357,-12.0,22023
22300692,2024-02-02,Toronto Raptors,TOR @ HOU,L,0,106,37.0,17,11.0,5,14,0.44,0.75,0.333,-29.0,22023
22300694,2024-02-02,Orlando Magic,ORL @ MIN,W,1,108,42.0,24,11.0,4,13,0.459,0.808,0.36,2.0,22023
22300688,2024-02-02,Los Angeles Clippers,LAC @ DET,W,1,136,36.0,31,12.0,5,9,0.596,0.842,0.483,11.0,22023
22300695,2024-02-02,Charlotte Hornets,CHA @ OKC,L,0,106,35.0,22,12.0,4,14,0.446,0.714,0.452,-20.0,22023
22300692,2024-02-02,Houston Rockets,HOU vs. TOR,W,1,135,49.0,30,9.0,3,14,0.591,0.824,0.355,29.0,22023
22300696,2024-02-02,New Orleans Pelicans,NOP @ SAS,W,1,114,39.0,29,14.0,3,9,0.484,0.714,0.269,1.0,22023
22300690,2024-02-02,Phoenix Suns,PHX @ ATL,L,0,120,38.0,31,6.0,5,16,0.534,0.857,0.378,-9.0,22023
22300691,2024-02-02,Sacramento Kings,SAC @ IND,W,1,133,38.0,26,15.0,3,16,0.567,0.643,0.382,11.0,22023
22300695,2024-02-02,Oklahoma City Thunder,OKC vs. CHA,W,1,126,44.0,31,10.0,10,16,0.587,0.778,0.472,20.0,22023
22300689,2024-02-02,Miami Heat,MIA @ WAS,W,1,110,59.0,24,4.0,1,12,0.432,0.771,0.226,8.0,22023
22300698,2024-02-03,Brooklyn Nets,BKN @ PHI,W,1,136,53.0,35,3.0,5,10,0.516,0.783,0.392,15.0,22023
22300703,2024-02-03,San Antonio Spurs,SAS vs. CLE,L,0,101,54.0,23,6.0,6,11,0.367,0.81,0.3,-16.0,22023
22300702,2024-02-03,Dallas Mavericks,DAL vs. MIL,L,0,117,42.0,22,9.0,1,21,0.494,0.913,0.41,-12.0,22023
22300700,2024-02-03,Chicago Bulls,CHI vs. SAC,L,0,115,47.0,24,13.0,3,16,0.462,0.909,0.324,-8.0,22023
22300700,2024-02-03,Sacramento Kings,SAC @ CHI,W,1,123,40.0,33,12.0,1,16,0.5,0.828,0.385,8.0,22023
22300701,2024-02-03,New York Knicks,NYK vs. LAL,L,0,105,51.0,21,1.0,4,7,0.41,0.867,0.286,-8.0,22023
22300699,2024-02-03,Golden State Warriors,GSW @ ATL,L,0,134,57.0,26,4.0,7,14,0.446,0.8,0.321,-7.0,22023
22300703,2024-02-03,Cleveland Cavaliers,CLE @ SAS,W,1,117,51.0,31,6.0,4,9,0.474,0.923,0.295,16.0,22023
22300701,2024-02-03,Los Angeles Lakers,LAL @ NYK,W,1,113,38.0,28,4.0,11,5,0.488,0.852,0.387,8.0,22023
22300702,2024-02-03,Milwaukee Bucks,MIL @ DAL,W,1,129,36.0,34,13.0,2,11,0.568,0.68,0.4,12.0,22023
22300698,2024-02-03,Philadelphia 76ers,PHI vs. BKN,L,0,121,44.0,26,7.0,1,5,0.458,0.778,0.414,-15.0,22023
22300699,2024-02-03,Atlanta Hawks,ATL vs. GSW,W,1,141,57.0,27,5.0,4,8,0.482,0.773,0.326,7.0,22023
22300705,2024-02-04,Washington Wizards,WAS vs. PHX,L,0,112,35.0,32,11.0,4,18,0.49,0.647,0.219,-28.0,22023
22300708,2024-02-04,Miami Heat,MIA vs. LAC,L,0,95,45.0,24,9.0,0,10,0.418,0.917,0.267,-8.0,22023
22300704,2024-02-04,Orlando Magic,ORL @ DET,W,1,111,37.0,22,7.0,3,10,0.536,0.733,0.417,12.0,22023
22300706,2024-02-04,Boston Celtics,BOS vs. MEM,W,1,131,57.0,30,12.0,4,10,0.485,0.889,0.373,40.0,22023
22300705,2024-02-04,Phoenix Suns,PHX @ WAS,W,1,140,42.0,33,13.0,6,17,0.614,0.808,0.44,28.0,22023
22300709,2024-02-04,Houston Rockets,HOU @ MIN,L,0,90,41.0,20,10.0,7,11,0.352,0.667,0.333,-21.0,22023
22300711,2024-02-04,Milwaukee Bucks,MIL @ UTA,L,0,108,32.0,27,8.0,3,11,0.464,0.6,0.366,-15.0,22023
22300709,2024-02-04,Minnesota Timberwolves,MIN vs. HOU,W,1,111,58.0,21,6.0,11,15,0.444,0.741,0.367,21.0,22023
22300707,2024-02-04,Charlotte Hornets,CHA vs. IND,L,0,99,43.0,18,6.0,5,10,0.398,0.84,0.276,-16.0,22023
22300708,2024-02-04,Los Angeles Clippers,LAC @ MIA,W,1,103,48.0,23,6.0,5,15,0.442,0.864,0.41,8.0,22023
22300712,2024-02-04,Denver Nuggets,DEN vs. POR,W,1,112,42.0,26,8.0,6,8,0.488,0.842,0.429,9.0,22023
22300711,2024-02-04,Utah Jazz,UTA vs. MIL,W,1,123,52.0,31,3.0,3,16,0.483,0.833,0.386,15.0,22023
22300704,2024-02-04,Detroit Pistons,DET vs. ORL,L,0,99,36.0,22,6.0,5,15,0.45,0.864,0.258,-12.0,22023
22300712,2024-02-04,Portland Trail Blazers,POR @ DEN,L,0,103,42.0,29,6.0,3,13,0.459,0.933,0.355,-9.0,22023
22300706,2024-02-04,Memphis Grizzlies,MEM @ BOS,L,0,91,46.0,19,5.0,3,20,0.38,0.833,0.289,-40.0,22023
22300710,2024-02-04,Oklahoma City Thunder,OKC vs. TOR,W,1,135,45.0,40,6.0,8,10,0.473,1.0,0.365,8.0,22023
22300707,2024-02-04,Indiana Pacers,IND @ CHA,W,1,115,49.0,34,5.0,4,11,0.489,0.778,0.333,16.0,22023
22300710,2024-02-04,Toronto Raptors,TOR @ OKC,L,0,127,48.0,38,6.0,5,11,0.475,0.81,0.4,-8.0,22023
22300714,2024-02-05,Sacramento Kings,SAC @ CLE,L,0,110,40.0,28,5.0,1,12,0.462,0.583,0.386,-26.0,22023
22300716,2024-02-05,Atlanta Hawks,ATL vs. LAC,L,0,144,39.0,35,5.0,4,11,0.537,0.815,0.513,-5.0,22023
22300717,2024-02-05,Golden State Warriors,GSW @ BKN,W,1,109,60.0,24,7.0,8,13,0.462,0.826,0.182,11.0,22023
22300713,2024-02-05,Charlotte Hornets,CHA vs. LAL,L,0,118,34.0,26,9.0,1,9,0.49,0.786,0.406,-6.0,22023
22300715,2024-02-05,Philadelphia 76ers,PHI vs. DAL,L,0,102,51.0,20,8.0,5,11,0.43,0.7,0.276,-16.0,22023
22300716,2024-02-05,Los Angeles Clippers,LAC @ ATL,W,1,149,36.0,32,8.0,5,7,0.584,0.774,0.6,5.0,22023
22300718,2024-02-05,Toronto Raptors,TOR @ NOP,L,0,100,38.0,27,4.0,6,18,0.476,0.667,0.323,-38.0,22023
22300715,2024-02-05,Dallas Mavericks,DAL @ PHI,W,1,118,44.0,28,6.0,4,9,0.483,0.739,0.395,16.0,22023
22300717,2024-02-05,Brooklyn Nets,BKN vs. GSW,L,0,98,38.0,23,7.0,12,10,0.382,0.773,0.31,-11.0,22023
22300713,2024-02-05,Los Angeles Lakers,LAL @ CHA,W,1,124,48.0,36,5.0,6,16,0.562,0.842,0.235,6.0,22023
22300714,2024-02-05,Cleveland Cavaliers,CLE vs. SAC,W,1,136,45.0,36,10.0,5,8,0.58,0.647,0.561,26.0,22023
22300718,2024-02-05,New Orleans Pelicans,NOP vs. TOR,W,1,138,51.0,36,11.0,5,7,0.51,1.0,0.422,38.0,22023
22300719,2024-02-06,Indiana Pacers,IND vs. HOU,W,1,132,25.0,35,7.0,7,12,0.628,0.643,0.469,3.0,22023
22300725,2024-02-06,Milwaukee Bucks,MIL @ PHX,L,0,106,44.0,23,10.0,4,12,0.433,0.6,0.325,-8.0,22023
22300724,2024-02-06,Utah Jazz,UTA vs. OKC,W,1,124,48.0,29,9.0,8,17,0.517,0.9,0.4,7.0,22023
22300721,2024-02-06,Orlando Magic,ORL @ MIA,L,0,95,39.0,25,7.0,3,18,0.438,0.714,0.286,-26.0,22023
22300721,2024-02-06,Miami Heat,MIA vs. ORL,W,1,121,45.0,31,10.0,3,13,0.54,0.778,0.361,26.0,22023
22300724,2024-02-06,Oklahoma City Thunder,OKC @ UTA,L,0,117,32.0,26,9.0,9,11,0.478,0.667,0.514,-7.0,22023
22300722,2024-02-06,Memphis Grizzlies,MEM @ NYK,L,0,113,35.0,33,4.0,5,18,0.513,0.625,0.568,-10.0,22023
22300723,2024-02-06,Chicago Bulls,CHI vs. MIN,W,1,129,48.0,24,9.0,16,14,0.484,0.844,0.4,6.0,22023
22300725,2024-02-06,Phoenix Suns,PHX vs. MIL,W,1,114,49.0,17,8.0,5,13,0.506,0.667,0.286,8.0,22023
22300720,2024-02-06,Brooklyn Nets,BKN vs. DAL,L,0,107,43.0,33,6.0,5,10,0.451,0.867,0.364,-12.0,22023
22300719,2024-02-06,Houston Rockets,HOU @ IND,L,0,129,48.0,26,5.0,3,15,0.515,0.739,0.48,-3.0,22023
22300720,2024-02-06,Dallas Mavericks,DAL @ BKN,W,1,119,45.0,25,7.0,3,10,0.505,0.615,0.442,12.0,22023
22300722,2024-02-06,New York Knicks,NYK vs. MEM,W,1,123,37.0,28,12.0,5,10,0.558,0.8,0.407,10.0,22023
22300723,2024-02-06,Minnesota Timberwolves,MIN @ CHI,L,0,123,42.0,28,6.0,5,13,0.457,0.731,0.444,-6.0,22023
22300727,2024-02-07,Philadelphia 76ers,PHI vs. GSW,L,0,104,40.0,21,7.0,8,14,0.418,1.0,0.25,-23.0,22023
22300732,2024-02-07,Detroit Pistons,DET @ SAC,W,1,133,48.0,32,2.0,2,11,0.56,1.0,0.548,13.0,22023
22300732,2024-02-07,Sacramento Kings,SAC vs. DET,L,0,120,33.0,31,7.0,6,4,0.474,0.682,0.341,-13.0,22023
22300731,2024-02-07,New Orleans Pelicans,NOP @ LAC,W,1,117,38.0,30,13.0,5,12,0.534,0.688,0.375,11.0,22023
22300728,2024-02-07,Cleveland Cavaliers,CLE @ WAS,W,1,114,46.0,25,4.0,5,14,0.489,0.727,0.343,8.0,22023
22300726,2024-02-07,Toronto Raptors,TOR @ CHA,W,1,123,41.0,30,5.0,3,9,0.531,0.833,0.515,6.0,22023
22300729,2024-02-07,Boston Celtics,BOS vs. ATL,W,1,125,45.0,33,6.0,9,14,0.527,0.909,0.347,8.0,22023
22300727,2024-02-07,Golden State Warriors,GSW @ PHI,W,1,127,52.0,30,7.0,8,12,0.5,0.773,0.421,23.0,22023
22300728,2024-02-07,Washington Wizards,WAS vs. CLE,L,0,106,47.0,27,10.0,5,15,0.447,0.667,0.4,-8.0,22023
22300731,2024-02-07,Los Angeles Clippers,LAC vs. NOP,L,0,106,37.0,23,7.0,2,19,0.462,0.846,0.375,-11.0,22023
22300726,2024-02-07,Charlotte Hornets,CHA vs. TOR,L,0,117,38.0,27,6.0,2,10,0.489,0.65,0.41,-6.0,22023
22300729,2024-02-07,Atlanta Hawks,ATL @ BOS,L,0,117,49.0,24,8.0,2,9,0.422,0.9,0.317,-8.0,22023
22300730,2024-02-07,Miami Heat,MIA vs. SAS,W,1,116,45.0,29,8.0,2,10,0.494,0.783,0.316,12.0,22023
22300730,2024-02-07,San Antonio Spurs,SAS @ MIA,L,0,104,46.0,30,6.0,2,14,0.456,0.588,0.324,-12.0,22023
22300740,2024-02-08,Denver Nuggets,DEN @ LAL,W,1,114,50.0,33,4.0,6,12,0.485,0.857,0.438,8.0,22023
22300738,2024-02-08,Milwaukee Bucks,MIL vs. MIN,L,0,105,35.0,35,6.0,3,13,0.494,0.688,0.424,-24.0,22023
22300741,2024-02-08,Portland Trail Blazers,POR vs. DET,L,0,122,38.0,29,9.0,7,15,0.461,0.879,0.367,-6.0,22023
22300735,2024-02-08,Brooklyn Nets,BKN vs. CLE,L,0,95,34.0,22,9.0,3,12,0.398,0.786,0.4,-23.0,22023
22300739,2024-02-08,Phoenix Suns,PHX vs. UTA,W,1,129,37.0,37,10.0,7,12,0.591,0.688,0.483,14.0,22023
22300737,2024-02-08,Memphis Grizzlies,MEM vs. CHI,L,0,110,34.0,26,8.0,4,9,0.462,0.615,0.391,-8.0,22023
22300740,2024-02-08,Los Angeles Lakers,LAL vs. DEN,L,0,106,39.0,27,12.0,10,7,0.461,0.727,0.32,-8.0,22023
22300735,2024-02-08,Cleveland Cavaliers,CLE @ BKN,W,1,118,48.0,26,8.0,13,15,0.538,1.0,0.405,23.0,22023
22300733,2024-02-08,Indiana Pacers,IND vs. GSW,L,0,109,30.0,31,11.0,6,14,0.481,0.704,0.387,-22.0,22023
22300741,2024-02-08,Detroit Pistons,DET @ POR,W,1,128,45.0,26,3.0,7,16,0.484,0.71,0.593,6.0,22023
22300738,2024-02-08,Minnesota Timberwolves,MIN @ MIL,W,1,129,43.0,34,8.0,3,8,0.552,0.75,0.512,24.0,22023
22300737,2024-02-08,Chicago Bulls,CHI @ MEM,W,1,118,46.0,24,3.0,4,14,0.544,0.909,0.462,8.0,22023
22300733,2024-02-08,Golden State Warriors,GSW @ IND,W,1,131,49.0,33,7.0,7,17,0.559,0.769,0.531,22.0,22023
22300734,2024-02-08,Orlando Magic,ORL vs. SAS,W,1,127,39.0,34,11.0,5,16,0.598,0.65,0.593,16.0,22023
22300736,2024-02-08,Dallas Mavericks,DAL @ NYK,W,1,122,40.0,30,7.0,6,8,0.524,0.783,0.429,14.0,22023
22300739,2024-02-08,Utah Jazz,UTA @ PHX,L,0,115,52.0,28,7.0,7,15,0.436,0.677,0.343,-14.0,22023
22300736,2024-02-08,New York Knicks,NYK vs. DAL,L,0,108,46.0,27,5.0,2,14,0.447,0.909,0.378,-14.0,22023
22300734,2024-02-08,San Antonio Spurs,SAS @ ORL,L,0,111,27.0,29,7.0,5,14,0.519,0.941,0.314,-16.0,22023
22300743,2024-02-09,Washington Wizards,WAS @ BOS,L,0,129,39.0,32,8.0,1,12,0.474,0.905,0.426,-4.0,22023
22300745,2024-02-09,Charlotte Hornets,CHA @ MIL,L,0,84,48.0,17,2.0,2,13,0.342,0.793,0.241,-36.0,22023
22300744,2024-02-09,Toronto Raptors,TOR vs. HOU,W,1,107,41.0,24,14.0,8,11,0.421,0.895,0.303,3.0,22023
22300746,2024-02-09,Denver Nuggets,DEN @ SAC,L,0,106,35.0,26,9.0,5,20,0.463,0.714,0.345,-29.0,22023
22300743,2024-02-09,Boston Celtics,BOS vs. WAS,W,1,133,49.0,25,9.0,5,13,0.522,0.929,0.324,4.0,22023
22300745,2024-02-09,Milwaukee Bucks,MIL vs. CHA,W,1,120,53.0,26,8.0,5,5,0.436,0.833,0.346,36.0,22023
22300747,2024-02-09,Los Angeles Lakers,LAL vs. NOP,W,1,139,32.0,32,5.0,5,7,0.557,0.844,0.452,17.0,22023
22300742,2024-02-09,Philadelphia 76ers,PHI vs. ATL,L,0,121,49.0,24,7.0,6,9,0.429,0.759,0.333,-6.0,22023
22300746,2024-02-09,Sacramento Kings,SAC vs. DEN,W,1,135,42.0,32,11.0,1,16,0.586,0.889,0.5,29.0,22023
22300744,2024-02-09,Houston Rockets,HOU @ TOR,L,0,104,48.0,22,5.0,3,21,0.447,0.813,0.395,-3.0,22023
22300747,2024-02-09,New Orleans Pelicans,NOP @ LAL,L,0,122,41.0,28,5.0,7,13,0.517,0.826,0.379,-17.0,22023
22300742,2024-02-09,Atlanta Hawks,ATL @ PHI,W,1,127,40.0,31,4.0,9,13,0.519,0.818,0.444,6.0,22023
22300755,2024-02-10,Indiana Pacers,IND @ NYK,W,1,125,41.0,30,4.0,3,15,0.61,0.579,0.483,14.0,22023
22300748,2024-02-10,Oklahoma City Thunder,OKC @ DAL,L,0,111,40.0,23,5.0,4,10,0.388,0.857,0.362,-35.0,22023
22300751,2024-02-10,Charlotte Hornets,CHA vs. MEM,W,1,115,43.0,30,8.0,4,19,0.573,0.714,0.516,9.0,22023
22300752,2024-02-10,Orlando Magic,ORL vs. CHI,W,1,114,48.0,23,4.0,6,15,0.466,0.731,0.333,6.0,22023
22300758,2024-02-10,Portland Trail Blazers,POR vs. NOP,L,0,84,42.0,19,7.0,4,17,0.434,0.706,0.286,-9.0,22023
22300758,2024-02-10,New Orleans Pelicans,NOP @ POR,W,1,93,36.0,27,9.0,6,12,0.474,0.688,0.37,9.0,22023
22300756,2024-02-10,Toronto Raptors,TOR vs. CLE,L,0,95,40.0,22,7.0,3,11,0.402,0.696,0.29,-24.0,22023
22300757,2024-02-10,Phoenix Suns,PHX @ GSW,L,0,112,42.0,28,9.0,8,14,0.457,0.938,0.324,-1.0,22023
22300755,2024-02-10,New York Knicks,NYK vs. IND,L,0,111,32.0,16,7.0,4,9,0.476,0.913,0.313,-14.0,22023
22300752,2024-02-10,Chicago Bulls,CHI @ ORL,L,0,108,43.0,21,10.0,6,8,0.434,0.714,0.324,-6.0,22023
22300750,2024-02-10,Brooklyn Nets,BKN vs. SAS,W,1,123,41.0,31,8.0,7,11,0.563,0.727,0.5,20.0,22023
22300753,2024-02-10,Philadelphia 76ers,PHI @ WAS,W,1,119,48.0,28,8.0,4,11,0.48,0.652,0.296,6.0,22023
22300754,2024-02-10,Houston Rockets,HOU @ ATL,L,0,113,58.0,22,6.0,6,17,0.44,0.632,0.302,-9.0,22023
22300751,2024-02-10,Memphis Grizzlies,MEM @ CHA,L,0,106,32.0,33,12.0,5,12,0.467,0.5,0.364,-9.0,22023
22300749,2024-02-10,Los Angeles Clippers,LAC vs. DET,W,1,112,35.0,20,9.0,6,11,0.451,0.962,0.333,6.0,22023
22300750,2024-02-10,San Antonio Spurs,SAS @ BKN,L,0,103,41.0,20,5.0,3,14,0.396,0.952,0.324,-20.0,22023
22300754,2024-02-10,Atlanta Hawks,ATL vs. HOU,W,1,122,41.0,25,7.0,8,11,0.455,0.757,0.341,9.0,22023
22300749,2024-02-10,Detroit Pistons,DET @ LAC,L,0,106,57.0,27,7.0,2,14,0.441,1.0,0.3,-6.0,22023
22300756,2024-02-10,Cleveland Cavaliers,CLE @ TOR,W,1,119,47.0,36,5.0,4,10,0.522,0.692,0.341,24.0,22023
22300748,2024-02-10,Dallas Mavericks,DAL vs. OKC,W,1,146,54.0,30,8.0,3,12,0.582,0.758,0.395,35.0,22023
22300753,2024-02-10,Washington Wizards,WAS vs. PHI,L,0,113,39.0,28,7.0,8,15,0.488,0.762,0.371,-6.0,22023
22300757,2024-02-10,Golden State Warriors,GSW vs. PHX,W,1,113,52.0,33,6.0,2,13,0.446,0.545,0.415,1.0,22023
22300759,2024-02-11,Boston Celtics,BOS @ MIA,W,1,110,42.0,27,1.0,9,9,0.506,0.706,0.41,4.0,22023
22300760,2024-02-11,Oklahoma City Thunder,OKC vs. SAC,W,1,127,36.0,30,8.0,9,9,0.541,0.815,0.481,14.0,22023
22300760,2024-02-11,Sacramento Kings,SAC @ OKC,L,0,113,40.0,32,5.0,5,18,0.489,0.692,0.381,-14.0,22023
22300759,2024-02-11,Miami Heat,MIA vs. BOS,L,0,106,45.0,21,4.0,2,7,0.412,0.933,0.3,-4.0,22023
22300769,2024-02-12,Golden State Warriors,GSW @ UTA,W,1,129,51.0,31,8.0,4,13,0.48,0.765,0.455,22.0,22023
22300768,2024-02-12,Washington Wizards,WAS @ DAL,L,0,104,52.0,27,9.0,7,15,0.415,0.6,0.219,-8.0,22023
22300765,2024-02-12,Houston Rockets,HOU vs. NYK,W,1,105,39.0,22,12.0,3,11,0.45,0.697,0.385,2.0,22023
22300766,2024-02-12,New Orleans Pelicans,NOP @ MEM,W,1,96,49.0,21,12.0,4,17,0.41,0.792,0.371,9.0,22023
22300770,2024-02-12,Minnesota Timberwolves,MIN @ LAC,W,1,121,41.0,33,9.0,7,11,0.535,0.947,0.324,21.0,22023
22300765,2024-02-12,New York Knicks,NYK @ HOU,L,0,103,51.0,19,4.0,4,16,0.457,0.583,0.333,-2.0,22023
22300767,2024-02-12,Milwaukee Bucks,MIL vs. DEN,W,1,112,51.0,30,8.0,6,12,0.5,0.667,0.471,17.0,22023
22300764,2024-02-12,San Antonio Spurs,SAS @ TOR,W,1,122,46.0,37,12.0,13,17,0.529,0.826,0.367,23.0,22023
22300766,2024-02-12,Memphis Grizzlies,MEM vs. NOP,L,0,87,36.0,28,7.0,8,17,0.42,0.875,0.273,-9.0,22023
22300769,2024-02-12,Utah Jazz,UTA vs. GSW,L,0,107,44.0,23,8.0,7,17,0.446,0.875,0.344,-22.0,22023
22300762,2024-02-12,Philadelphia 76ers,PHI @ CLE,W,1,123,42.0,25,5.0,4,10,0.545,0.842,0.423,2.0,22023
22300768,2024-02-12,Dallas Mavericks,DAL vs. WAS,W,1,112,56.0,27,7.0,12,16,0.448,0.654,0.25,8.0,22023
22300763,2024-02-12,Atlanta Hawks,ATL vs. CHI,L,0,126,49.0,33,4.0,3,11,0.468,0.828,0.326,-10.0,22023
22300762,2024-02-12,Cleveland Cavaliers,CLE vs. PHI,L,0,121,43.0,33,6.0,8,10,0.478,0.8,0.351,-2.0,22023
22300763,2024-02-12,Chicago Bulls,CHI @ ATL,W,1,136,43.0,29,6.0,2,6,0.554,0.724,0.464,10.0,22023
22300770,2024-02-12,Los Angeles Clippers,LAC vs. MIN,L,0,100,36.0,20,6.0,3,13,0.405,0.885,0.321,-21.0,22023
22300767,2024-02-12,Denver Nuggets,DEN @ MIL,L,0,95,48.0,24,7.0,2,13,0.383,0.706,0.275,-17.0,22023
22300764,2024-02-12,Toronto Raptors,TOR vs. SAS,L,0,99,47.0,25,11.0,4,19,0.398,0.813,0.258,-23.0,22023
22300761,2024-02-12,Indiana Pacers,IND @ CHA,L,0,102,32.0,31,9.0,3,11,0.506,0.625,0.267,-9.0,22023
22300761,2024-02-12,Charlotte Hornets,CHA vs. IND,W,1,111,46.0,27,5.0,3,16,0.537,0.813,0.294,9.0,22023
22300774,2024-02-13,Sacramento Kings,SAC @ PHX,L,0,125,50.0,27,8.0,6,13,0.516,0.75,0.29,-5.0,22023
22300776,2024-02-13,Detroit Pistons,DET @ LAL,L,0,111,50.0,30,8.0,2,10,0.417,0.765,0.286,-14.0,22023
22300775,2024-02-13,Portland Trail Blazers,POR vs. MIN,L,0,109,44.0,26,5.0,1,16,0.448,0.8,0.379,-12.0,22023
22300773,2024-02-13,Miami Heat,MIA @ MIL,W,1,123,47.0,34,10.0,3,14,0.517,0.778,0.475,26.0,22023
22300771,2024-02-13,Brooklyn Nets,BKN vs. BOS,L,0,110,37.0,28,6.0,3,12,0.494,0.654,0.455,-8.0,22023
22300775,2024-02-13,Minnesota Timberwolves,MIN @ POR,W,1,121,41.0,24,8.0,9,12,0.464,0.882,0.394,12.0,22023
22300772,2024-02-13,Orlando Magic,ORL vs. OKC,L,0,113,48.0,29,6.0,3,16,0.451,0.8,0.306,-14.0,22023
22300773,2024-02-13,Milwaukee Bucks,MIL vs. MIA,L,0,97,38.0,24,8.0,4,18,0.446,0.909,0.333,-26.0,22023
22300771,2024-02-13,Boston Celtics,BOS @ BKN,W,1,118,39.0,31,6.0,1,13,0.518,0.739,0.405,8.0,22023
22300776,2024-02-13,Los Angeles Lakers,LAL vs. DET,W,1,125,47.0,32,6.0,11,15,0.512,0.833,0.4,14.0,22023
22300772,2024-02-13,Oklahoma City Thunder,OKC @ ORL,W,1,127,31.0,28,9.0,8,11,0.548,0.917,0.406,14.0,22023
22300774,2024-02-13,Phoenix Suns,PHX vs. SAC,W,1,130,39.0,29,11.0,6,12,0.518,0.806,0.419,5.0,22023
22300786,2024-02-14,Denver Nuggets,DEN vs. SAC,L,0,98,45.0,27,6.0,5,12,0.393,0.864,0.346,-4.0,22023
22300788,2024-02-14,Utah Jazz,UTA vs. LAL,L,0,122,44.0,29,5.0,7,13,0.485,0.769,0.311,-16.0,22023
22300789,2024-02-14,Los Angeles Clippers,LAC @ GSW,W,1,130,48.0,28,6.0,4,12,0.5,0.784,0.342,5.0,22023
22300782,2024-02-14,Indiana Pacers,IND @ TOR,W,1,127,39.0,32,9.0,9,8,0.485,0.696,0.415,2.0,22023
22300777,2024-02-14,Charlotte Hornets,CHA vs. ATL,W,1,122,46.0,27,7.0,4,12,0.494,0.95,0.405,23.0,22023
22300781,2024-02-14,Cleveland Cavaliers,CLE vs. CHI,W,1,108,36.0,31,6.0,2,8,0.482,0.762,0.324,3.0,22023
22300778,2024-02-14,New York Knicks,NYK @ ORL,L,0,100,34.0,15,8.0,0,10,0.417,0.792,0.379,-18.0,22023
22300781,2024-02-14,Chicago Bulls,CHI @ CLE,L,0,105,44.0,18,5.0,3,14,0.458,0.882,0.424,-3.0,22023
22300787,2024-02-14,Detroit Pistons,DET @ PHX,L,0,100,48.0,26,14.0,5,19,0.384,0.636,0.27,-16.0,22023
22300779,2024-02-14,Miami Heat,MIA @ PHI,W,1,109,43.0,27,10.0,1,13,0.477,0.933,0.314,5.0,22023
22300777,2024-02-14,Atlanta Hawks,ATL @ CHA,L,0,99,45.0,23,5.0,6,16,0.404,0.9,0.237,-23.0,22023
22300785,2024-02-14,Dallas Mavericks,DAL vs. SAS,W,1,116,55.0,28,6.0,10,15,0.533,0.7,0.367,23.0,22023
22300785,2024-02-14,San Antonio Spurs,SAS @ DAL,L,0,93,44.0,29,8.0,7,11,0.36,0.733,0.25,-23.0,22023
22300784,2024-02-14,Washington Wizards,WAS @ NOP,L,0,126,42.0,35,7.0,3,19,0.478,0.85,0.467,-7.0,22023
22300779,2024-02-14,Philadelphia 76ers,PHI vs. MIA,L,0,104,39.0,29,3.0,1,14,0.477,0.75,0.286,-5.0,22023
22300787,2024-02-14,Phoenix Suns,PHX vs. DET,W,1,116,54.0,28,15.0,11,23,0.455,0.818,0.323,16.0,22023
22300789,2024-02-14,Golden State Warriors,GSW vs. LAC,L,0,125,47.0,34,7.0,2,9,0.456,0.722,0.383,-5.0,22023
22300786,2024-02-14,Sacramento Kings,SAC @ DEN,W,1,102,48.0,21,7.0,5,14,0.438,0.789,0.273,4.0,22023
22300780,2024-02-14,Brooklyn Nets,BKN @ BOS,L,0,86,31.0,27,5.0,1,11,0.383,0.933,0.323,-50.0,22023
22300783,2024-02-14,Memphis Grizzlies,MEM vs. HOU,W,1,121,46.0,27,8.0,11,11,0.494,0.683,0.429,8.0,22023
22300788,2024-02-14,Los Angeles Lakers,LAL @ UTA,W,1,138,37.0,34,8.0,4,9,0.571,0.833,0.452,16.0,22023
22300784,2024-02-14,New Orleans Pelicans,NOP vs. WAS,W,1,133,39.0,36,14.0,6,10,0.562,0.793,0.313,7.0,22023
22300780,2024-02-14,Boston Celtics,BOS vs. BKN,W,1,136,51.0,32,6.0,5,8,0.571,0.833,0.489,50.0,22023
22300778,2024-02-14,Orlando Magic,ORL vs. NYK,W,1,118,34.0,25,7.0,7,12,0.632,0.909,0.462,18.0,22023
22300783,2024-02-14,Houston Rockets,HOU @ MEM,L,0,113,56.0,20,9.0,4,9,0.412,0.643,0.306,-8.0,22023
22300782,2024-02-14,Toronto Raptors,TOR vs. IND,L,0,125,56.0,30,6.0,7,15,0.51,0.731,0.231,-2.0,22023
22300790,2024-02-15,Memphis Grizzlies,MEM vs. MIL,W,1,113,40.0,30,9.0,3,16,0.53,0.632,0.5,3.0,22023
22300790,2024-02-15,Milwaukee Bucks,MIL @ MEM,L,0,110,44.0,24,10.0,5,13,0.467,0.75,0.25,-3.0,22023
22300576,2024-02-15,Utah Jazz,UTA vs. GSW,L,0,137,48.0,33,10.0,3,16,0.462,0.906,0.449,-3.0,22023
22300576,2024-02-15,Golden State Warriors,GSW @ UTA,W,1,140,41.0,42,8.0,6,13,0.533,0.786,0.476,3.0,22023
22300791,2024-02-15,Portland Trail Blazers,POR vs. MIN,L,0,91,35.0,18,8.0,5,15,0.373,0.7,0.276,-37.0,22023
22300791,2024-02-15,Minnesota Timberwolves,MIN @ POR,W,1,128,52.0,24,8.0,5,13,0.517,0.926,0.367,37.0,22023
22300803,2024-02-22,San Antonio Spurs,SAS @ SAC,L,0,122,42.0,37,9.0,5,8,0.51,0.688,0.44,-5.0,22023
22300802,2024-02-22,Golden State Warriors,GSW vs. LAL,W,1,128,48.0,32,6.0,4,9,0.467,0.857,0.39,18.0,22023
22300794,2024-02-22,New York Knicks,NYK @ PHI,W,1,110,45.0,24,11.0,6,15,0.481,0.704,0.441,14.0,22023
22300801,2024-02-22,Charlotte Hornets,CHA @ UTA,W,1,115,42.0,28,11.0,3,9,0.435,0.682,0.476,8.0,22023
22300798,2024-02-22,Houston Rockets,HOU @ NOP,L,0,105,44.0,27,6.0,5,22,0.439,0.643,0.366,-22.0,22023
22300803,2024-02-22,Sacramento Kings,SAC vs. SAS,W,1,127,42.0,29,5.0,6,10,0.559,0.714,0.394,5.0,22023
22300801,2024-02-22,Utah Jazz,UTA vs. CHA,L,0,107,54.0,26,3.0,2,19,0.43,0.889,0.231,-8.0,22023
22300795,2024-02-22,Brooklyn Nets,BKN @ TOR,L,0,93,39.0,19,7.0,2,19,0.413,0.727,0.297,-28.0,22023
22300793,2024-02-22,Detroit Pistons,DET @ IND,L,0,115,41.0,27,6.0,4,15,0.528,0.5,0.4,-14.0,22023
22300792,2024-02-22,Orlando Magic,ORL @ CLE,W,1,116,33.0,26,8.0,3,13,0.512,0.889,0.56,7.0,22023
22300792,2024-02-22,Cleveland Cavaliers,CLE vs. ORL,L,0,109,33.0,31,8.0,5,17,0.557,0.808,0.455,-7.0,22023
22300800,2024-02-22,Denver Nuggets,DEN vs. WAS,W,1,130,60.0,41,11.0,11,16,0.554,0.733,0.226,20.0,22023
22300796,2024-02-22,Dallas Mavericks,DAL vs. PHX,W,1,123,39.0,24,10.0,5,10,0.478,0.857,0.432,10.0,22023
22300800,2024-02-22,Washington Wizards,WAS @ DEN,L,0,110,40.0,30,14.0,1,14,0.385,0.565,0.447,-20.0,22023
22300802,2024-02-22,Los Angeles Lakers,LAL @ GSW,L,0,110,41.0,28,5.0,9,11,0.489,0.667,0.286,-18.0,22023
22300795,2024-02-22,Toronto Raptors,TOR vs. BKN,W,1,121,45.0,24,10.0,6,10,0.488,0.833,0.452,28.0,22023
22300797,2024-02-22,Boston Celtics,BOS @ CHI,W,1,129,36.0,27,10.0,11,13,0.542,0.762,0.489,17.0,22023
22300793,2024-02-22,Indiana Pacers,IND vs. DET,W,1,129,42.0,36,10.0,5,13,0.532,0.842,0.433,14.0,22023
22300799,2024-02-22,Los Angeles Clippers,LAC @ OKC,L,0,107,42.0,27,6.0,2,14,0.452,0.846,0.375,-22.0,22023
22300794,2024-02-22,Philadelphia 76ers,PHI vs. NYK,L,0,96,38.0,23,7.0,3,18,0.44,0.857,0.345,-14.0,22023
22300798,2024-02-22,New Orleans Pelicans,NOP vs. HOU,W,1,127,43.0,35,16.0,6,13,0.521,0.611,0.39,22.0,22023
22300796,2024-02-22,Phoenix Suns,PHX @ DAL,L,0,113,41.0,20,7.0,4,16,0.482,0.75,0.417,-10.0,22023
22300799,2024-02-22,Oklahoma City Thunder,OKC vs. LAC,W,1,129,44.0,24,9.0,11,12,0.556,0.706,0.486,22.0,22023
22300797,2024-02-22,Chicago Bulls,CHI vs. BOS,L,0,112,45.0,30,6.0,2,13,0.468,0.875,0.357,-17.0,22023
22300810,2024-02-23,Miami Heat,MIA @ NOP,W,1,106,46.0,20,6.0,11,14,0.463,0.68,0.448,11.0,22023
22300813,2024-02-23,Los Angeles Lakers,LAL vs. SAS,W,1,123,46.0,28,7.0,4,12,0.516,0.778,0.407,5.0,22023
22300804,2024-02-23,Atlanta Hawks,ATL vs. TOR,L,0,121,54.0,27,5.0,4,9,0.434,0.708,0.308,-2.0,22023
22300805,2024-02-23,Cleveland Cavaliers,CLE @ PHI,L,0,97,43.0,24,5.0,8,10,0.425,0.677,0.296,-7.0,22023
22300811,2024-02-23,Golden State Warriors,GSW vs. CHA,W,1,97,53.0,28,7.0,7,21,0.427,0.8,0.31,13.0,22023
22300808,2024-02-23,Milwaukee Bucks,MIL @ MIN,W,1,112,47.0,24,10.0,4,10,0.471,0.68,0.351,5.0,22023
22300812,2024-02-23,Denver Nuggets,DEN @ POR,W,1,127,45.0,38,8.0,6,12,0.588,0.636,0.394,15.0,22023
22300805,2024-02-23,Philadelphia 76ers,PHI vs. CLE,W,1,104,51.0,20,6.0,7,9,0.444,0.8,0.414,7.0,22023
22300804,2024-02-23,Toronto Raptors,TOR @ ATL,W,1,123,47.0,37,3.0,7,11,0.49,1.0,0.385,2.0,22023
22300809,2024-02-23,Washington Wizards,WAS @ OKC,L,0,106,43.0,20,10.0,3,14,0.394,0.714,0.237,-41.0,22023
22300809,2024-02-23,Oklahoma City Thunder,OKC vs. WAS,W,1,147,56.0,30,5.0,9,15,0.598,0.81,0.5,41.0,22023
22300806,2024-02-23,Houston Rockets,HOU vs. PHX,W,1,114,54.0,25,8.0,5,14,0.398,0.735,0.333,4.0,22023
22300808,2024-02-23,Minnesota Timberwolves,MIN vs. MIL,L,0,107,52.0,23,8.0,4,13,0.439,0.615,0.371,-5.0,22023
22300813,2024-02-23,San Antonio Spurs,SAS @ LAL,L,0,118,47.0,33,9.0,7,14,0.438,0.826,0.395,-5.0,22023
22300811,2024-02-23,Charlotte Hornets,CHA @ GSW,L,0,84,43.0,21,13.0,6,18,0.364,0.818,0.282,-13.0,22023
22300812,2024-02-23,Portland Trail Blazers,POR vs. DEN,L,0,112,45.0,25,11.0,2,10,0.455,0.667,0.32,-15.0,22023
22300806,2024-02-23,Phoenix Suns,PHX @ HOU,L,0,110,58.0,23,10.0,8,10,0.4,0.771,0.226,-4.0,22023
22300810,2024-02-23,New Orleans Pelicans,NOP vs. MIA,L,0,95,54.0,20,6.0,7,11,0.375,0.769,0.219,-11.0,22023
22300807,2024-02-23,Los Angeles Clippers,LAC @ MEM,W,1,101,51.0,20,7.0,2,20,0.44,0.882,0.375,6.0,22023
22300807,2024-02-23,Memphis Grizzlies,MEM vs. LAC,L,0,95,41.0,26,12.0,3,12,0.418,0.688,0.229,-6.0,22023
22300814,2024-02-24,Orlando Magic,ORL @ DET,W,1,112,46.0,25,9.0,9,10,0.494,0.667,0.5,3.0,22023
22300815,2024-02-24,Minnesota Timberwolves,MIN vs. BKN,W,1,101,51.0,22,6.0,9,12,0.429,0.739,0.316,15.0,22023
22300816,2024-02-24,Boston Celtics,BOS @ NYK,W,1,116,36.0,27,8.0,4,7,0.568,0.75,0.429,14.0,22023
22300815,2024-02-24,Brooklyn Nets,BKN @ MIN,L,0,86,56.0,20,7.0,2,11,0.337,0.909,0.171,-15.0,22023
22300816,2024-02-24,New York Knicks,NYK vs. BOS,L,0,102,39.0,21,1.0,3,13,0.451,0.938,0.342,-14.0,22023
22300814,2024-02-24,Detroit Pistons,DET vs. ORL,L,0,109,36.0,29,7.0,7,12,0.506,0.692,0.452,-3.0,22023
22300827,2024-02-25,Los Angeles Clippers,LAC vs. SAC,L,0,107,39.0,23,7.0,2,15,0.488,0.95,0.296,-16.0,22023
22300822,2024-02-25,Houston Rockets,HOU vs. OKC,L,0,110,50.0,18,6.0,7,18,0.409,0.783,0.39,-13.0,22023
22300826,2024-02-25,Portland Trail Blazers,POR vs. CHA,L,0,80,56.0,14,11.0,4,15,0.347,0.688,0.094,-13.0,22023
22300823,2024-02-25,New Orleans Pelicans,NOP vs. CHI,L,0,106,49.0,25,5.0,7,19,0.455,0.714,0.39,-8.0,22023
22300825,2024-02-25,Utah Jazz,UTA vs. SAS,W,1,128,38.0,36,13.0,8,17,0.511,0.864,0.486,19.0,22023
22300817,2024-02-25,Philadelphia 76ers,PHI vs. MIL,L,0,98,41.0,24,12.0,5,10,0.371,0.909,0.348,-21.0,22023
22300820,2024-02-25,Washington Wizards,WAS vs. CLE,L,0,105,40.0,29,6.0,2,9,0.444,0.722,0.3,-9.0,22023
22300821,2024-02-25,Orlando Magic,ORL @ ATL,L,0,92,51.0,23,7.0,9,18,0.417,0.444,0.368,-17.0,22023
22300817,2024-02-25,Milwaukee Bucks,MIL @ PHI,W,1,119,47.0,32,6.0,10,18,0.544,0.833,0.486,21.0,22023
22300818,2024-02-25,Phoenix Suns,PHX vs. LAL,W,1,123,51.0,32,6.0,9,12,0.473,0.947,0.425,10.0,22023
22300823,2024-02-25,Chicago Bulls,CHI @ NOP,W,1,114,49.0,29,12.0,0,9,0.432,0.905,0.325,8.0,22023
22300824,2024-02-25,Denver Nuggets,DEN @ GSW,W,1,119,45.0,29,10.0,5,10,0.489,0.846,0.344,16.0,22023
22300822,2024-02-25,Oklahoma City Thunder,OKC @ HOU,W,1,123,48.0,30,12.0,8,9,0.474,0.933,0.486,13.0,22023
22300821,2024-02-25,Atlanta Hawks,ATL vs. ORL,W,1,109,44.0,31,10.0,3,9,0.456,0.882,0.414,17.0,22023
22300827,2024-02-25,Sacramento Kings,SAC @ LAC,W,1,123,41.0,29,10.0,1,10,0.495,0.818,0.405,16.0,22023
22300824,2024-02-25,Golden State Warriors,GSW vs. DEN,L,0,103,42.0,27,5.0,3,17,0.432,0.759,0.324,-16.0,22023
22300826,2024-02-25,Charlotte Hornets,CHA @ POR,W,1,93,41.0,24,12.0,6,14,0.493,0.706,0.292,13.0,22023
22300819,2024-02-25,Dallas Mavericks,DAL @ IND,L,0,111,38.0,15,9.0,4,15,0.471,0.714,0.452,-22.0,22023
22300818,2024-02-25,Los Angeles Lakers,LAL @ PHX,L,0,113,34.0,28,7.0,4,10,0.522,0.5,0.429,-10.0,22023
22300825,2024-02-25,San Antonio Spurs,SAS @ UTA,L,0,109,46.0,34,8.0,11,20,0.462,0.632,0.419,-19.0,22023
22300820,2024-02-25,Cleveland Cavaliers,CLE @ WAS,W,1,114,47.0,35,6.0,6,10,0.506,0.741,0.313,9.0,22023
22300819,2024-02-25,Indiana Pacers,IND vs. DAL,W,1,133,46.0,38,12.0,0,12,0.559,0.882,0.389,22.0,22023
22300828,2024-02-26,Detroit Pistons,DET @ NYK,L,0,111,42.0,25,9.0,6,17,0.481,0.808,0.467,-2.0,22023
22300828,2024-02-26,New York Knicks,NYK vs. DET,W,1,113,44.0,31,9.0,4,14,0.446,0.762,0.385,2.0,22023
22300831,2024-02-26,Miami Heat,MIA @ SAC,W,1,121,39.0,27,12.0,3,11,0.517,0.8,0.367,11.0,22023
22300830,2024-02-26,Brooklyn Nets,BKN @ MEM,W,1,111,46.0,32,5.0,5,8,0.489,0.571,0.357,25.0,22023
22300829,2024-02-26,Toronto Raptors,TOR @ IND,W,1,130,45.0,35,4.0,7,11,0.552,0.706,0.429,8.0,22023
22300830,2024-02-26,Memphis Grizzlies,MEM vs. BKN,L,0,86,40.0,16,6.0,4,14,0.387,0.808,0.269,-25.0,22023
22300829,2024-02-26,Indiana Pacers,IND vs. TOR,L,0,122,43.0,27,8.0,5,10,0.46,0.739,0.31,-8.0,22023
22300831,2024-02-26,Sacramento Kings,SAC vs. MIA,L,0,110,41.0,30,10.0,5,15,0.529,0.583,0.406,-11.0,22023
22300841,2024-02-27,Houston Rockets,HOU @ OKC,L,0,95,46.0,22,5.0,8,15,0.389,0.667,0.231,-17.0,22023
22300837,2024-02-27,New York Knicks,NYK vs. NOP,L,0,92,38.0,27,6.0,5,11,0.373,0.696,0.304,-23.0,22023
22300836,2024-02-27,Boston Celtics,BOS vs. PHI,W,1,117,56.0,21,7.0,9,14,0.527,0.919,0.227,18.0,22023
22300840,2024-02-27,Charlotte Hornets,CHA @ MIL,L,0,85,37.0,24,6.0,2,13,0.37,0.824,0.275,-38.0,22023
22300842,2024-02-27,Miami Heat,MIA @ POR,W,1,106,34.0,29,8.0,8,18,0.529,0.692,0.538,10.0,22023
22300840,2024-02-27,Milwaukee Bucks,MIL vs. CHA,W,1,123,51.0,29,7.0,3,9,0.517,0.833,0.4,38.0,22023
22300833,2024-02-27,Brooklyn Nets,BKN @ ORL,L,0,81,35.0,18,10.0,1,20,0.392,0.786,0.258,-27.0,22023
22300834,2024-02-27,Washington Wizards,WAS vs. GSW,L,0,112,41.0,34,5.0,5,20,0.495,0.8,0.343,-11.0,22023
22300839,2024-02-27,Chicago Bulls,CHI vs. DET,L,0,95,39.0,22,11.0,3,6,0.398,0.833,0.069,-10.0,22023
22300839,2024-02-27,Detroit Pistons,DET @ CHI,W,1,105,47.0,22,3.0,8,18,0.493,0.739,0.378,10.0,22023
22300832,2024-02-27,Cleveland Cavaliers,CLE vs. DAL,W,1,121,47.0,35,2.0,4,16,0.53,0.722,0.5,2.0,22023
22300837,2024-02-27,New Orleans Pelicans,NOP @ NYK,W,1,115,44.0,23,4.0,5,14,0.506,0.826,0.529,23.0,22023
22300838,2024-02-27,Minnesota Timberwolves,MIN vs. SAS,W,1,114,46.0,28,16.0,8,14,0.462,0.882,0.419,9.0,22023
22300832,2024-02-27,Dallas Mavericks,DAL @ CLE,L,0,119,36.0,23,11.0,6,5,0.527,0.6,0.424,-2.0,22023
22300841,2024-02-27,Oklahoma City Thunder,OKC vs. HOU,W,1,112,55.0,19,7.0,8,13,0.473,0.778,0.37,17.0,22023
22300834,2024-02-27,Golden State Warriors,GSW @ WAS,W,1,123,44.0,39,12.0,6,18,0.5,0.727,0.457,11.0,22023
22300838,2024-02-27,San Antonio Spurs,SAS @ MIN,L,0,105,41.0,28,9.0,7,22,0.476,0.733,0.39,-9.0,22023
22300842,2024-02-27,Portland Trail Blazers,POR vs. MIA,L,0,96,40.0,24,9.0,4,17,0.407,0.842,0.323,-10.0,22023
22300833,2024-02-27,Orlando Magic,ORL vs. BKN,W,1,108,38.0,20,14.0,2,17,0.527,0.84,0.36,27.0,22023
22300835,2024-02-27,Utah Jazz,UTA @ ATL,L,0,97,43.0,24,11.0,4,17,0.372,0.842,0.289,-27.0,22023
22300836,2024-02-27,Philadelphia 76ers,PHI @ BOS,L,0,99,28.0,20,6.0,5,9,0.394,0.917,0.333,-18.0,22023
22300835,2024-02-27,Atlanta Hawks,ATL vs. UTA,W,1,124,55.0,27,8.0,8,17,0.495,0.87,0.375,27.0,22023
22300844,2024-02-28,Dallas Mavericks,DAL @ TOR,W,1,136,50.0,32,7.0,10,14,0.542,0.81,0.349,11.0,22023
22300843,2024-02-28,New Orleans Pelicans,NOP @ IND,L,0,114,40.0,26,2.0,4,10,0.467,0.826,0.379,-9.0,22023
22300845,2024-02-28,Memphis Grizzlies,MEM @ MIN,L,0,101,50.0,23,8.0,5,14,0.387,0.9,0.297,-9.0,22023
22300848,2024-02-28,Los Angeles Clippers,LAC vs. LAL,L,0,112,36.0,29,10.0,1,12,0.506,0.75,0.27,-4.0,22023
22300846,2024-02-28,Chicago Bulls,CHI vs. CLE,W,1,132,74.0,29,6.0,8,16,0.4,0.816,0.351,9.0,22023
22300847,2024-02-28,Sacramento Kings,SAC @ DEN,L,0,96,43.0,28,8.0,5,14,0.4,0.615,0.343,-21.0,22023
22300847,2024-02-28,Denver Nuggets,DEN vs. SAC,W,1,117,43.0,35,10.0,6,15,0.535,0.909,0.429,21.0,22023
22300848,2024-02-28,Los Angeles Lakers,LAL @ LAC,W,1,116,39.0,28,6.0,5,15,0.547,0.8,0.389,4.0,22023
22300843,2024-02-28,Indiana Pacers,IND vs. NOP,W,1,123,50.0,34,5.0,9,8,0.49,1.0,0.368,9.0,22023
22300845,2024-02-28,Minnesota Timberwolves,MIN vs. MEM,W,1,110,39.0,29,4.0,13,13,0.494,0.818,0.4,9.0,22023
22300846,2024-02-28,Cleveland Cavaliers,CLE @ CHI,L,0,123,39.0,37,7.0,11,12,0.433,0.579,0.407,-9.0,22023
22300844,2024-02-28,Toronto Raptors,TOR vs. DAL,L,0,125,44.0,34,11.0,3,11,0.469,0.667,0.371,-11.0,22023
22300852,2024-02-29,New York Knicks,NYK vs. GSW,L,0,99,56.0,23,7.0,3,12,0.368,0.708,0.308,-11.0,22023
22300856,2024-02-29,Washington Wizards,WAS @ LAL,L,0,131,45.0,35,6.0,6,15,0.51,0.833,0.415,-3.0,22023
22300853,2024-02-29,Oklahoma City Thunder,OKC @ SAS,L,0,118,37.0,20,6.0,2,10,0.494,0.955,0.29,-14.0,22023
22300852,2024-02-29,Golden State Warriors,GSW @ NYK,W,1,110,53.0,26,8.0,5,11,0.449,0.5,0.318,11.0,22023
22300850,2024-02-29,Orlando Magic,ORL vs. UTA,W,1,115,45.0,27,9.0,6,15,0.545,0.677,0.333,8.0,22023
22300849,2024-02-29,Milwaukee Bucks,MIL @ CHA,W,1,111,44.0,21,9.0,3,7,0.453,0.85,0.41,12.0,22023
22300854,2024-02-29,Houston Rockets,HOU @ PHX,L,0,105,58.0,14,8.0,5,12,0.333,0.903,0.244,-5.0,22023
22300849,2024-02-29,Charlotte Hornets,CHA vs. MIL,L,0,99,42.0,24,3.0,3,13,0.439,0.75,0.308,-12.0,22023
22300851,2024-02-29,Atlanta Hawks,ATL @ BKN,L,0,97,39.0,18,3.0,8,11,0.43,0.714,0.286,-27.0,22023
22300850,2024-02-29,Utah Jazz,UTA @ ORL,L,0,107,37.0,25,8.0,1,13,0.425,0.821,0.432,-8.0,22023
22300854,2024-02-29,Phoenix Suns,PHX vs. HOU,W,1,110,51.0,20,6.0,6,14,0.404,0.676,0.351,5.0,22023
22300851,2024-02-29,Brooklyn Nets,BKN vs. ATL,W,1,124,43.0,30,6.0,4,9,0.511,0.769,0.478,27.0,22023
22300855,2024-02-29,Denver Nuggets,DEN vs. MIA,W,1,103,41.0,22,10.0,8,15,0.429,0.905,0.353,6.0,22023
22300855,2024-02-29,Miami Heat,MIA @ DEN,L,0,97,45.0,21,10.0,1,14,0.422,0.833,0.269,-6.0,22023
22300853,2024-02-29,San Antonio Spurs,SAS vs. OKC,W,1,132,45.0,39,6.0,8,11,0.527,0.85,0.487,14.0,22023
22300856,2024-02-29,Los Angeles Lakers,LAL vs. WAS,W,1,134,45.0,30,6.0,6,11,0.525,0.833,0.348,3.0,22023
22300859,2024-03-01,Boston Celtics,BOS vs. DAL,W,1,138,47.0,33,4.0,8,9,0.553,1.0,0.488,28.0,22023
22300861,2024-03-01,Memphis Grizzlies,MEM vs. POR,L,0,92,30.0,15,6.0,8,21,0.443,0.591,0.375,-30.0,22023
22300859,2024-03-01,Dallas Mavericks,DAL @ BOS,L,0,110,42.0,20,4.0,4,7,0.468,0.722,0.265,-28.0,22023
22300860,2024-03-01,Golden State Warriors,GSW @ TOR,W,1,120,56.0,26,10.0,5,14,0.449,0.778,0.409,15.0,22023
22300860,2024-03-01,Toronto Raptors,TOR vs. GSW,L,0,105,47.0,31,9.0,2,14,0.432,0.647,0.267,-15.0,22023
22300858,2024-03-01,Philadelphia 76ers,PHI vs. CHA,W,1,121,48.0,38,5.0,7,7,0.479,0.909,0.432,7.0,22023
22300861,2024-03-01,Portland Trail Blazers,POR @ MEM,W,1,122,46.0,31,13.0,8,14,0.522,0.813,0.419,30.0,22023
22300865,2024-03-01,Washington Wizards,WAS @ LAC,L,0,115,39.0,29,5.0,3,9,0.469,0.733,0.353,-25.0,22023
22300857,2024-03-01,Detroit Pistons,DET vs. CLE,L,0,100,42.0,24,10.0,7,8,0.371,0.857,0.278,-10.0,22023
22300858,2024-03-01,Charlotte Hornets,CHA @ PHI,L,0,114,32.0,24,5.0,6,5,0.512,0.824,0.424,-7.0,22023
22300864,2024-03-01,Milwaukee Bucks,MIL @ CHI,W,1,113,49.0,22,7.0,4,7,0.43,0.75,0.326,16.0,22023
22300857,2024-03-01,Cleveland Cavaliers,CLE @ DET,W,1,110,53.0,25,7.0,6,15,0.398,0.867,0.439,10.0,22023
22300863,2024-03-01,Indiana Pacers,IND @ NOP,L,0,102,44.0,25,9.0,8,16,0.421,0.667,0.313,-27.0,22023
22300865,2024-03-01,Los Angeles Clippers,LAC vs. WAS,W,1,140,49.0,32,5.0,7,8,0.574,0.76,0.406,25.0,22023
22300863,2024-03-01,New Orleans Pelicans,NOP vs. IND,W,1,129,47.0,25,9.0,4,17,0.558,0.692,0.469,27.0,22023
22300864,2024-03-01,Chicago Bulls,CHI vs. MIL,L,0,97,44.0,25,4.0,2,12,0.419,0.875,0.407,-16.0,22023
22300862,2024-03-01,Sacramento Kings,SAC @ MIN,W,1,124,45.0,29,8.0,6,7,0.5,0.542,0.379,4.0,22023
22300862,2024-03-01,Minnesota Timberwolves,MIN vs. SAC,L,0,120,44.0,29,4.0,5,12,0.494,0.75,0.387,-4.0,22023
22300870,2024-03-02,Houston Rockets,HOU @ PHX,W,1,118,49.0,27,13.0,3,12,0.438,0.692,0.381,9.0,22023
22300869,2024-03-02,Denver Nuggets,DEN @ LAL,W,1,124,47.0,34,5.0,7,10,0.587,0.714,0.423,10.0,22023
22300866,2024-03-02,Brooklyn Nets,BKN vs. ATL,W,1,114,45.0,28,6.0,8,10,0.466,0.773,0.469,12.0,22023
22300868,2024-03-02,Memphis Grizzlies,MEM vs. POR,L,0,100,45.0,21,15.0,9,22,0.361,0.758,0.375,-7.0,22023
22300870,2024-03-02,Phoenix Suns,PHX vs. HOU,L,0,109,47.0,23,6.0,6,19,0.459,0.759,0.31,-9.0,22023
22300866,2024-03-02,Atlanta Hawks,ATL @ BKN,L,0,102,42.0,23,4.0,4,11,0.425,0.739,0.324,-12.0,22023
22300869,2024-03-02,Los Angeles Lakers,LAL vs. DEN,L,0,114,31.0,33,5.0,4,7,0.528,0.727,0.414,-10.0,22023
22300868,2024-03-02,Portland Trail Blazers,POR @ MEM,W,1,107,50.0,23,8.0,5,22,0.424,0.75,0.314,7.0,22023
22300867,2024-03-02,Utah Jazz,UTA @ MIA,L,0,120,42.0,24,3.0,5,10,0.483,0.846,0.4,-6.0,22023
22300867,2024-03-02,Miami Heat,MIA vs. UTA,W,1,126,34.0,33,6.0,6,6,0.523,0.84,0.382,6.0,22023
22300878,2024-03-03,Phoenix Suns,PHX vs. OKC,L,0,110,50.0,26,2.0,7,21,0.44,0.889,0.359,-8.0,22023
22300871,2024-03-03,Dallas Mavericks,DAL vs. PHI,L,0,116,45.0,20,6.0,2,17,0.465,0.87,0.39,-4.0,22023
22300872,2024-03-03,Boston Celtics,BOS vs. GSW,W,1,140,51.0,35,10.0,5,7,0.552,0.818,0.51,52.0,22023
22300871,2024-03-03,Philadelphia 76ers,PHI @ DAL,W,1,120,42.0,26,10.0,5,8,0.455,0.935,0.297,4.0,22023
22300875,2024-03-03,Toronto Raptors,TOR vs. CHA,W,1,111,45.0,27,8.0,6,14,0.462,0.778,0.342,5.0,22023
22300872,2024-03-03,Golden State Warriors,GSW @ BOS,L,0,88,46.0,24,2.0,3,17,0.391,0.692,0.171,-52.0,22023
22300877,2024-03-03,Indiana Pacers,IND @ SAS,L,0,105,42.0,20,9.0,4,10,0.441,0.81,0.2,-12.0,22023
22300874,2024-03-03,Orlando Magic,ORL vs. DET,W,1,113,48.0,24,7.0,6,20,0.597,0.8,0.304,22.0,22023
22300878,2024-03-03,Oklahoma City Thunder,OKC @ PHX,W,1,118,41.0,21,16.0,8,5,0.48,0.733,0.29,8.0,22023
22300875,2024-03-03,Charlotte Hornets,CHA @ TOR,L,0,106,45.0,24,8.0,6,16,0.467,0.75,0.296,-5.0,22023
22300877,2024-03-03,San Antonio Spurs,SAS vs. IND,W,1,117,45.0,33,6.0,8,14,0.541,0.789,0.4,12.0,22023
22300873,2024-03-03,Los Angeles Clippers,LAC @ MIN,W,1,89,40.0,17,7.0,5,9,0.376,0.882,0.294,1.0,22023
22300874,2024-03-03,Detroit Pistons,DET @ ORL,L,0,91,28.0,25,11.0,2,12,0.384,0.85,0.222,-22.0,22023
22300876,2024-03-03,Cleveland Cavaliers,CLE vs. NYK,L,0,98,39.0,31,7.0,5,10,0.448,0.375,0.386,-9.0,22023
22300873,2024-03-03,Minnesota Timberwolves,MIN vs. LAC,L,0,88,54.0,24,4.0,7,15,0.388,0.944,0.273,-1.0,22023
22300876,2024-03-03,New York Knicks,NYK @ CLE,W,1,107,47.0,32,8.0,9,9,0.488,0.7,0.41,9.0,22023
22300883,2024-03-04,Chicago Bulls,CHI @ SAC,W,1,113,32.0,28,9.0,2,9,0.5,0.818,0.344,4.0,22023
22300880,2024-03-04,Los Angeles Clippers,LAC @ MIL,L,0,106,38.0,25,9.0,3,13,0.44,0.64,0.4,-7.0,22023
22300882,2024-03-04,Washington Wizards,WAS @ UTA,L,0,115,43.0,26,6.0,3,15,0.426,0.826,0.421,-12.0,22023
22300881,2024-03-04,Minnesota Timberwolves,MIN vs. POR,W,1,119,40.0,28,9.0,7,11,0.506,0.757,0.393,5.0,22023
22300884,2024-03-04,Los Angeles Lakers,LAL vs. OKC,W,1,116,55.0,29,8.0,7,20,0.513,0.72,0.471,12.0,22023
22300883,2024-03-04,Sacramento Kings,SAC vs. CHI,L,0,109,51.0,29,6.0,6,17,0.446,0.889,0.297,-4.0,22023
22300881,2024-03-04,Portland Trail Blazers,POR @ MIN,L,0,114,41.0,28,5.0,3,13,0.489,0.727,0.41,-5.0,22023
22300879,2024-03-04,Brooklyn Nets,BKN vs. MEM,L,0,102,33.0,27,10.0,6,13,0.443,0.567,0.357,-4.0,22023
22300879,2024-03-04,Memphis Grizzlies,MEM @ BKN,W,1,106,50.0,26,6.0,3,18,0.463,0.818,0.324,4.0,22023
22300880,2024-03-04,Milwaukee Bucks,MIL vs. LAC,W,1,113,46.0,20,8.0,3,11,0.474,0.857,0.395,7.0,22023
22300882,2024-03-04,Utah Jazz,UTA vs. WAS,W,1,127,51.0,29,6.0,9,11,0.485,0.867,0.4,12.0,22023
22300884,2024-03-04,Oklahoma City Thunder,OKC @ LAL,L,0,104,38.0,22,12.0,7,10,0.394,0.938,0.385,-12.0,22023
22300891,2024-03-05,San Antonio Spurs,SAS @ HOU,L,0,101,50.0,24,1.0,10,18,0.437,0.813,0.333,-13.0,22023
22300885,2024-03-05,Orlando Magic,ORL @ CHA,W,1,101,41.0,23,9.0,1,17,0.541,0.533,0.371,12.0,22023
22300889,2024-03-05,New York Knicks,NYK vs. ATL,L,0,100,40.0,27,8.0,6,11,0.384,0.727,0.308,-16.0,22023
22300887,2024-03-05,Philadelphia 76ers,PHI @ BKN,L,0,107,38.0,25,6.0,2,12,0.488,0.789,0.429,-5.0,22023
22300893,2024-03-05,Phoenix Suns,PHX @ DEN,W,1,117,52.0,32,9.0,7,9,0.438,0.818,0.441,10.0,22023
22300888,2024-03-05,Detroit Pistons,DET @ MIA,L,0,110,42.0,26,5.0,3,10,0.438,0.909,0.286,-8.0,22023
22300890,2024-03-05,New Orleans Pelicans,NOP @ TOR,W,1,139,62.0,38,9.0,5,11,0.505,0.818,0.49,41.0,22023
22300885,2024-03-05,Charlotte Hornets,CHA vs. ORL,L,0,89,31.0,19,7.0,1,19,0.458,1.0,0.364,-12.0,22023
22300892,2024-03-05,Dallas Mavericks,DAL vs. IND,L,0,120,41.0,23,5.0,6,9,0.484,0.81,0.333,-17.0,22023
22300886,2024-03-05,Cleveland Cavaliers,CLE vs. BOS,W,1,105,42.0,28,11.0,3,8,0.433,0.636,0.476,1.0,22023
22300887,2024-03-05,Brooklyn Nets,BKN vs. PHI,W,1,112,44.0,25,4.0,7,12,0.488,0.75,0.4,5.0,22023
22300890,2024-03-05,Toronto Raptors,TOR vs. NOP,L,0,98,45.0,21,6.0,7,11,0.387,0.591,0.295,-41.0,22023
22300893,2024-03-05,Denver Nuggets,DEN vs. PHX,L,0,107,51.0,25,6.0,6,14,0.427,0.714,0.375,-10.0,22023
22300891,2024-03-05,Houston Rockets,HOU vs. SAS,W,1,114,51.0,23,15.0,5,5,0.467,0.636,0.265,13.0,22023
22300886,2024-03-05,Boston Celtics,BOS @ CLE,L,0,104,53.0,24,6.0,9,13,0.419,0.917,0.395,-1.0,22023
22300889,2024-03-05,Atlanta Hawks,ATL @ NYK,W,1,116,51.0,26,6.0,5,14,0.506,0.783,0.323,16.0,22023
22300892,2024-03-05,Indiana Pacers,IND @ DAL,W,1,137,43.0,34,3.0,2,8,0.538,0.792,0.462,17.0,22023
22300888,2024-03-05,Miami Heat,MIA vs. DET,W,1,118,42.0,27,7.0,5,9,0.494,0.87,0.452,8.0,22023
22300899,2024-03-06,Milwaukee Bucks,MIL @ GSW,L,0,90,36.0,19,8.0,5,15,0.382,0.733,0.282,-35.0,22023
22300898,2024-03-06,Utah Jazz,UTA vs. CHI,L,0,117,45.0,28,4.0,7,10,0.458,0.875,0.319,-2.0,22023
22300895,2024-03-06,Cleveland Cavaliers,CLE @ ATL,L,0,101,42.0,27,5.0,4,13,0.438,0.765,0.227,-11.0,22023
22300897,2024-03-06,Houston Rockets,HOU vs. LAC,L,0,116,38.0,33,6.0,2,8,0.479,0.588,0.432,-6.0,22023
22300894,2024-03-06,Orlando Magic,ORL @ WAS,W,1,119,42.0,21,4.0,5,15,0.543,0.905,0.462,10.0,22023
22300898,2024-03-06,Chicago Bulls,CHI @ UTA,W,1,119,39.0,29,7.0,4,7,0.5,0.8,0.436,2.0,22023
22300896,2024-03-06,Philadelphia 76ers,PHI vs. MEM,L,0,109,47.0,25,11.0,9,11,0.382,0.857,0.371,-6.0,22023
22300900,2024-03-06,Portland Trail Blazers,POR vs. OKC,L,0,120,32.0,27,10.0,2,17,0.506,0.889,0.412,-8.0,22023
22300900,2024-03-06,Oklahoma City Thunder,OKC @ POR,W,1,128,39.0,23,10.0,5,18,0.581,0.846,0.409,8.0,22023
22300894,2024-03-06,Washington Wizards,WAS vs. ORL,L,0,109,35.0,26,7.0,4,9,0.455,0.85,0.316,-10.0,22023
22300897,2024-03-06,Los Angeles Clippers,LAC @ HOU,W,1,122,41.0,19,5.0,8,9,0.55,0.846,0.414,6.0,22023
22300901,2024-03-06,Sacramento Kings,SAC @ LAL,W,1,130,46.0,32,8.0,2,13,0.557,0.833,0.387,10.0,22023
22300895,2024-03-06,Atlanta Hawks,ATL vs. CLE,W,1,112,42.0,27,7.0,3,9,0.512,0.75,0.367,11.0,22023
22300896,2024-03-06,Memphis Grizzlies,MEM @ PHI,W,1,115,54.0,21,3.0,15,15,0.451,0.87,0.351,6.0,22023
22300901,2024-03-06,Los Angeles Lakers,LAL vs. SAC,L,0,120,34.0,25,4.0,5,14,0.519,0.84,0.469,-10.0,22023
22300899,2024-03-06,Golden State Warriors,GSW vs. MIL,W,1,125,50.0,37,10.0,13,14,0.56,0.571,0.487,35.0,22023
22300907,2024-03-07,Golden State Warriors,GSW vs. CHI,L,0,122,48.0,31,8.0,2,11,0.454,0.821,0.262,-3.0,22023
22300905,2024-03-07,Toronto Raptors,TOR @ PHX,L,0,113,36.0,30,5.0,2,9,0.457,0.733,0.364,-7.0,22023
22300902,2024-03-07,Brooklyn Nets,BKN @ DET,L,0,112,28.0,24,12.0,4,14,0.488,0.722,0.415,-6.0,22023
22300904,2024-03-07,Miami Heat,MIA @ DAL,L,0,108,37.0,30,7.0,2,10,0.488,0.647,0.447,-6.0,22023
22300903,2024-03-07,Minnesota Timberwolves,MIN @ IND,W,1,113,48.0,23,9.0,6,9,0.469,0.737,0.28,2.0,22023
22300905,2024-03-07,Phoenix Suns,PHX vs. TOR,W,1,120,49.0,29,6.0,6,14,0.512,0.85,0.429,7.0,22023
22300908,2024-03-07,Sacramento Kings,SAC vs. SAS,W,1,131,46.0,31,8.0,3,13,0.51,0.944,0.313,2.0,22023
22300906,2024-03-07,Boston Celtics,BOS @ DEN,L,0,109,47.0,24,6.0,3,12,0.451,0.64,0.289,-6.0,22023
22300904,2024-03-07,Dallas Mavericks,DAL vs. MIA,W,1,114,45.0,27,5.0,6,9,0.46,0.783,0.39,6.0,22023
22300908,2024-03-07,San Antonio Spurs,SAS @ SAC,L,0,129,37.0,39,8.0,4,12,0.505,1.0,0.485,-2.0,22023
22300907,2024-03-07,Chicago Bulls,CHI @ GSW,W,1,125,40.0,29,6.0,5,14,0.529,0.739,0.444,3.0,22023
22300903,2024-03-07,Indiana Pacers,IND vs. MIN,L,0,111,39.0,26,5.0,10,15,0.512,0.739,0.385,-2.0,22023
22300906,2024-03-07,Denver Nuggets,DEN vs. BOS,W,1,115,45.0,27,10.0,4,7,0.5,0.955,0.19,6.0,22023
22300902,2024-03-07,Detroit Pistons,DET vs. BKN,W,1,118,50.0,24,7.0,4,22,0.524,0.952,0.4,6.0,22023
22300910,2024-03-08,Charlotte Hornets,CHA @ WAS,L,0,100,48.0,18,6.0,5,7,0.4,0.733,0.214,-12.0,22023
22300909,2024-03-08,New Orleans Pelicans,NOP @ PHI,W,1,103,48.0,22,7.0,10,12,0.443,0.957,0.355,8.0,22023
22300913,2024-03-08,Atlanta Hawks,ATL @ MEM,W,1,99,47.0,21,9.0,5,14,0.425,0.667,0.429,7.0,22023
22300916,2024-03-08,Houston Rockets,HOU @ POR,W,1,123,47.0,33,12.0,10,7,0.479,0.731,0.378,16.0,22023
22300915,2024-03-08,Milwaukee Bucks,MIL @ LAL,L,0,122,43.0,28,3.0,2,6,0.495,0.824,0.39,-1.0,22023
22300911,2024-03-08,Minnesota Timberwolves,MIN @ CLE,L,0,104,45.0,25,5.0,5,12,0.415,0.818,0.267,-9.0,22023
22300911,2024-03-08,Cleveland Cavaliers,CLE vs. MIN,W,1,113,46.0,27,7.0,8,12,0.432,0.722,0.324,9.0,22023
22300914,2024-03-08,Oklahoma City Thunder,OKC vs. MIA,W,1,107,45.0,28,5.0,8,9,0.472,0.846,0.316,7.0,22023
22300910,2024-03-08,Washington Wizards,WAS vs. CHA,W,1,112,54.0,25,5.0,11,11,0.494,0.87,0.182,12.0,22023
22300915,2024-03-08,Los Angeles Lakers,LAL vs. MIL,W,1,123,38.0,27,2.0,7,5,0.522,0.684,0.471,1.0,22023
22300914,2024-03-08,Miami Heat,MIA @ OKC,L,0,100,43.0,24,6.0,5,10,0.463,0.722,0.379,-7.0,22023
22300913,2024-03-08,Memphis Grizzlies,MEM vs. ATL,L,0,92,38.0,21,10.0,11,13,0.405,0.733,0.385,-7.0,22023
22300912,2024-03-08,New York Knicks,NYK vs. ORL,W,1,98,43.0,20,7.0,10,15,0.481,0.75,0.485,24.0,22023
22300912,2024-03-08,Orlando Magic,ORL @ NYK,L,0,74,37.0,12,7.0,10,13,0.342,0.7,0.231,-24.0,22023
22300909,2024-03-08,Philadelphia 76ers,PHI vs. NOP,L,0,95,42.0,21,8.0,7,10,0.398,0.8,0.243,-8.0,22023
22300916,2024-03-08,Portland Trail Blazers,POR vs. HOU,L,0,107,49.0,22,5.0,5,17,0.416,0.68,0.457,-16.0,22023
22300921,2024-03-09,Golden State Warriors,GSW vs. SAS,L,0,113,39.0,26,9.0,7,12,0.466,0.724,0.333,-13.0,22023
22300919,2024-03-09,Detroit Pistons,DET vs. DAL,L,0,124,56.0,27,8.0,4,19,0.455,0.84,0.351,-18.0,22023
22300922,2024-03-09,Denver Nuggets,DEN vs. UTA,W,1,142,32.0,40,8.0,10,13,0.663,0.813,0.594,21.0,22023
22300917,2024-03-09,Chicago Bulls,CHI @ LAC,L,0,102,38.0,27,7.0,3,12,0.43,0.789,0.371,-10.0,22023
22300919,2024-03-09,Dallas Mavericks,DAL @ DET,W,1,142,36.0,29,13.0,8,14,0.554,0.813,0.368,18.0,22023
22300918,2024-03-09,Brooklyn Nets,BKN @ CHA,L,0,99,41.0,22,4.0,2,15,0.4,0.765,0.333,-11.0,22023
22300923,2024-03-09,Toronto Raptors,TOR @ POR,L,0,118,43.0,29,9.0,6,20,0.473,0.842,0.372,-10.0,22023
22300923,2024-03-09,Portland Trail Blazers,POR vs. TOR,W,1,128,52.0,31,10.0,3,14,0.476,0.933,0.4,10.0,22023
22300921,2024-03-09,San Antonio Spurs,SAS @ GSW,W,1,126,49.0,34,6.0,6,12,0.512,0.75,0.515,13.0,22023
22300918,2024-03-09,Charlotte Hornets,CHA vs. BKN,W,1,110,45.0,26,9.0,3,16,0.543,0.733,0.367,11.0,22023
22300920,2024-03-09,Boston Celtics,BOS @ PHX,W,1,117,43.0,29,7.0,4,12,0.489,0.769,0.385,10.0,22023
22300922,2024-03-09,Utah Jazz,UTA @ DEN,L,0,121,36.0,22,7.0,2,15,0.5,0.76,0.308,-21.0,22023
22300917,2024-03-09,Los Angeles Clippers,LAC vs. CHI,W,1,112,45.0,29,7.0,6,13,0.5,0.889,0.343,10.0,22023
22300920,2024-03-09,Phoenix Suns,PHX vs. BOS,L,0,107,41.0,21,6.0,1,14,0.506,0.625,0.29,-10.0,22023
22300928,2024-03-10,Orlando Magic,ORL vs. IND,L,0,97,46.0,18,7.0,3,12,0.375,0.759,0.25,-14.0,22023
22300925,2024-03-10,New Orleans Pelicans,NOP @ ATL,W,1,116,43.0,32,8.0,7,12,0.573,0.727,0.519,13.0,22023
22300927,2024-03-10,New York Knicks,NYK vs. PHI,L,0,73,50.0,19,9.0,5,19,0.325,0.75,0.225,-6.0,22023
22300929,2024-03-10,Houston Rockets,HOU @ SAC,W,1,112,42.0,23,8.0,1,12,0.464,0.815,0.414,8.0,22023
22300924,2024-03-10,Milwaukee Bucks,MIL @ LAC,W,1,124,41.0,28,5.0,6,7,0.494,0.778,0.447,7.0,22023
22300932,2024-03-10,Los Angeles Lakers,LAL vs. MIN,W,1,120,56.0,29,9.0,4,19,0.53,0.759,0.417,11.0,22023
22300927,2024-03-10,Philadelphia 76ers,PHI @ NYK,W,1,79,47.0,20,9.0,5,13,0.388,0.571,0.3,6.0,22023
22300929,2024-03-10,Sacramento Kings,SAC vs. HOU,L,0,104,44.0,24,10.0,5,12,0.453,0.87,0.188,-8.0,22023
22300924,2024-03-10,Los Angeles Clippers,LAC vs. MIL,L,0,117,52.0,30,3.0,9,10,0.452,0.9,0.298,-7.0,22023
22300928,2024-03-10,Indiana Pacers,IND @ ORL,W,1,111,46.0,20,5.0,10,12,0.487,0.818,0.348,14.0,22023
22300931,2024-03-10,Memphis Grizzlies,MEM @ OKC,L,0,93,39.0,21,8.0,4,16,0.41,0.667,0.333,-31.0,22023
22300926,2024-03-10,Miami Heat,MIA vs. WAS,L,0,108,51.0,20,9.0,6,13,0.453,0.667,0.303,-2.0,22023
22300931,2024-03-10,Oklahoma City Thunder,OKC vs. MEM,W,1,124,46.0,36,8.0,6,10,0.527,1.0,0.447,31.0,22023
22300932,2024-03-10,Minnesota Timberwolves,MIN @ LAL,L,0,109,38.0,27,8.0,6,11,0.423,0.846,0.348,-11.0,22023
22300930,2024-03-10,Cleveland Cavaliers,CLE vs. BKN,L,0,101,31.0,25,8.0,4,12,0.487,0.65,0.438,-19.0,22023
22300926,2024-03-10,Washington Wizards,WAS @ MIA,W,1,110,40.0,35,5.0,5,15,0.481,0.727,0.41,2.0,22023
22300925,2024-03-10,Atlanta Hawks,ATL vs. NOP,L,0,103,41.0,28,6.0,4,11,0.418,0.769,0.37,-13.0,22023
22300930,2024-03-10,Brooklyn Nets,BKN @ CLE,W,1,120,40.0,33,7.0,3,12,0.532,0.9,0.514,19.0,22023
22300937,2024-03-11,Denver Nuggets,DEN vs. TOR,W,1,125,42.0,36,8.0,8,9,0.547,0.611,0.345,6.0,22023
22300937,2024-03-11,Toronto Raptors,TOR @ DEN,L,0,119,42.0,30,6.0,4,11,0.505,0.824,0.367,-6.0,22023
22300935,2024-03-11,Chicago Bulls,CHI vs. DAL,L,0,92,43.0,19,6.0,2,13,0.393,0.682,0.206,-35.0,22023
22300933,2024-03-11,Charlotte Hornets,CHA @ DET,L,0,97,40.0,27,7.0,2,12,0.386,0.696,0.325,-17.0,22023
22300933,2024-03-11,Detroit Pistons,DET vs. CHA,W,1,114,51.0,26,8.0,5,12,0.477,0.917,0.238,17.0,22023
22300936,2024-03-11,San Antonio Spurs,SAS vs. GSW,L,0,102,50.0,27,6.0,10,15,0.419,0.667,0.378,-10.0,22023
22300934,2024-03-11,Cleveland Cavaliers,CLE vs. PHX,L,0,111,37.0,30,9.0,0,12,0.476,0.842,0.326,-6.0,22023
22300936,2024-03-11,Golden State Warriors,GSW @ SAS,W,1,112,45.0,28,7.0,4,13,0.495,0.667,0.444,10.0,22023
22300935,2024-03-11,Dallas Mavericks,DAL @ CHI,W,1,127,49.0,33,10.0,6,6,0.548,0.8,0.317,35.0,22023
22300938,2024-03-11,Portland Trail Blazers,POR vs. BOS,L,0,99,38.0,23,3.0,5,11,0.448,1.0,0.357,-22.0,22023
22300934,2024-03-11,Phoenix Suns,PHX @ CLE,W,1,117,42.0,23,8.0,6,14,0.548,0.684,0.375,6.0,22023
22300938,2024-03-11,Boston Celtics,BOS @ POR,W,1,121,45.0,34,7.0,10,3,0.49,0.667,0.375,22.0,22023
22300942,2024-03-12,San Antonio Spurs,SAS vs. HOU,L,0,101,42.0,30,9.0,5,13,0.476,0.857,0.306,-2.0,22023
22300944,2024-03-12,Los Angeles Clippers,LAC vs. MIN,L,0,100,34.0,22,7.0,4,18,0.472,0.84,0.367,-18.0,22023
22300939,2024-03-12,Philadelphia 76ers,PHI @ NYK,L,0,79,31.0,17,7.0,4,8,0.375,0.688,0.242,-27.0,22023
22300940,2024-03-12,Memphis Grizzlies,MEM vs. WAS,W,1,109,53.0,27,8.0,7,17,0.447,0.81,0.242,12.0,22023
22300943,2024-03-12,Utah Jazz,UTA vs. BOS,L,0,107,38.0,23,4.0,7,10,0.477,0.909,0.469,-16.0,22023
22300944,2024-03-12,Minnesota Timberwolves,MIN @ LAC,W,1,118,48.0,26,11.0,6,9,0.511,0.714,0.364,18.0,22023
22300945,2024-03-12,Sacramento Kings,SAC vs. MIL,W,1,129,51.0,34,11.0,1,8,0.533,0.813,0.45,35.0,22023
22300940,2024-03-12,Washington Wizards,WAS @ MEM,L,0,97,28.0,26,9.0,3,13,0.451,0.75,0.306,-12.0,22023
22300945,2024-03-12,Milwaukee Bucks,MIL @ SAC,L,0,94,44.0,23,3.0,2,13,0.366,0.771,0.179,-35.0,22023
22300942,2024-03-12,Houston Rockets,HOU @ SAS,W,1,103,36.0,21,10.0,5,12,0.463,0.905,0.313,2.0,22023
22300941,2024-03-12,Oklahoma City Thunder,OKC vs. IND,L,0,111,50.0,24,5.0,4,12,0.434,0.733,0.378,-10.0,22023
22300943,2024-03-12,Boston Celtics,BOS @ UTA,W,1,123,46.0,25,5.0,8,8,0.467,0.895,0.408,16.0,22023
22300941,2024-03-12,Indiana Pacers,IND @ OKC,W,1,121,43.0,34,8.0,10,9,0.539,0.842,0.321,10.0,22023
22300939,2024-03-12,New York Knicks,NYK vs. PHI,W,1,106,51.0,32,4.0,4,12,0.506,0.8,0.35,27.0,22023
22300946,2024-03-13,Toronto Raptors,TOR @ DET,L,0,104,37.0,32,13.0,8,11,0.441,0.684,0.25,-9.0,22023
22300949,2024-03-13,Denver Nuggets,DEN @ MIA,W,1,100,41.0,24,4.0,2,9,0.488,0.692,0.333,12.0,22023
22300953,2024-03-13,Portland Trail Blazers,POR vs. ATL,W,1,106,49.0,24,7.0,5,18,0.463,0.833,0.333,4.0,22023
22300952,2024-03-13,Golden State Warriors,GSW @ DAL,L,0,99,42.0,19,9.0,3,15,0.402,0.842,0.321,-10.0,22023
22300948,2024-03-13,Indiana Pacers,IND vs. CHI,L,0,129,47.0,30,4.0,6,8,0.465,0.821,0.311,-3.0,22023
22300954,2024-03-13,Sacramento Kings,SAC vs. LAL,W,1,120,44.0,30,11.0,2,12,0.523,0.75,0.463,13.0,22023
22300948,2024-03-13,Chicago Bulls,CHI @ IND,W,1,132,48.0,22,6.0,5,11,0.522,0.813,0.357,3.0,22023
22300947,2024-03-13,Brooklyn Nets,BKN @ ORL,L,0,106,32.0,21,7.0,4,13,0.469,0.852,0.269,-8.0,22023
22300952,2024-03-13,Dallas Mavericks,DAL vs. GSW,W,1,109,42.0,30,6.0,13,16,0.537,0.789,0.222,10.0,22023
22300949,2024-03-13,Miami Heat,MIA vs. DEN,L,0,88,42.0,18,5.0,2,8,0.425,0.833,0.238,-12.0,22023
22300947,2024-03-13,Orlando Magic,ORL vs. BKN,W,1,114,34.0,29,6.0,6,12,0.519,0.769,0.438,8.0,22023
22300946,2024-03-13,Detroit Pistons,DET vs. TOR,W,1,113,58.0,27,7.0,7,21,0.443,0.774,0.367,9.0,22023
22300950,2024-03-13,Memphis Grizzlies,MEM vs. CHA,L,0,98,46.0,24,12.0,5,21,0.424,0.909,0.4,-12.0,22023
22300951,2024-03-13,Cleveland Cavaliers,CLE @ NOP,W,1,116,46.0,38,4.0,4,9,0.511,0.667,0.444,21.0,22023
22300950,2024-03-13,Charlotte Hornets,CHA @ MEM,W,1,110,35.0,26,12.0,7,20,0.537,0.692,0.361,12.0,22023
22300954,2024-03-13,Los Angeles Lakers,LAL @ SAC,L,0,107,38.0,25,8.0,2,14,0.487,0.773,0.438,-13.0,22023
22300951,2024-03-13,New Orleans Pelicans,NOP vs. CLE,L,0,95,43.0,22,7.0,6,11,0.438,0.808,0.182,-21.0,22023
22300953,2024-03-13,Atlanta Hawks,ATL @ POR,L,0,102,38.0,19,11.0,6,14,0.432,0.667,0.359,-4.0,22023
22300955,2024-03-14,Boston Celtics,BOS vs. PHX,W,1,127,33.0,31,12.0,5,8,0.528,0.727,0.5,15.0,22023
22300959,2024-03-14,Dallas Mavericks,DAL @ OKC,L,0,119,40.0,25,6.0,2,19,0.512,0.808,0.414,-7.0,22023
22300955,2024-03-14,Phoenix Suns,PHX @ BOS,L,0,112,51.0,27,4.0,3,13,0.475,0.7,0.355,-15.0,22023
22300956,2024-03-14,Chicago Bulls,CHI vs. LAC,L,0,111,36.0,28,4.0,2,13,0.477,0.813,0.457,-15.0,22023
22300956,2024-03-14,Los Angeles Clippers,LAC @ CHI,W,1,126,35.0,32,9.0,2,9,0.6,0.714,0.5,15.0,22023
22300958,2024-03-14,Milwaukee Bucks,MIL vs. PHI,W,1,114,37.0,29,6.0,4,14,0.542,0.833,0.444,9.0,22023
22300958,2024-03-14,Philadelphia 76ers,PHI @ MIL,L,0,105,30.0,20,6.0,4,11,0.494,0.714,0.486,-9.0,22023
22300959,2024-03-14,Oklahoma City Thunder,OKC vs. DAL,W,1,126,34.0,28,10.0,7,13,0.523,0.87,0.41,7.0,22023
22300960,2024-03-14,New York Knicks,NYK @ POR,W,1,105,50.0,16,11.0,1,12,0.437,0.885,0.207,12.0,22023
22300960,2024-03-14,Portland Trail Blazers,POR vs. NYK,L,0,93,45.0,19,10.0,2,17,0.405,0.875,0.333,-12.0,22023
22300957,2024-03-14,Houston Rockets,HOU vs. WAS,W,1,135,47.0,24,7.0,1,17,0.586,0.875,0.429,16.0,22023
22300957,2024-03-14,Washington Wizards,WAS @ HOU,L,0,119,32.0,29,11.0,2,13,0.495,0.789,0.316,-16.0,22023
22300964,2024-03-15,Los Angeles Clippers,LAC @ NOP,L,0,104,37.0,18,6.0,8,12,0.481,0.947,0.364,-8.0,22023
22300966,2024-03-15,Atlanta Hawks,ATL @ UTA,L,0,122,41.0,32,7.0,5,9,0.446,0.741,0.513,-2.0,22023
22300964,2024-03-15,New Orleans Pelicans,NOP vs. LAC,W,1,112,40.0,28,8.0,2,8,0.483,0.75,0.371,8.0,22023
22300965,2024-03-15,Denver Nuggets,DEN @ SAS,W,1,117,40.0,37,13.0,5,12,0.551,0.75,0.4,11.0,22023
22300966,2024-03-15,Utah Jazz,UTA vs. ATL,W,1,124,49.0,24,6.0,7,11,0.511,0.9,0.389,2.0,22023
22300963,2024-03-15,Toronto Raptors,TOR vs. ORL,L,0,103,40.0,24,11.0,4,15,0.469,0.65,0.412,-10.0,22023
22300963,2024-03-15,Orlando Magic,ORL @ TOR,W,1,113,39.0,25,7.0,4,14,0.5,0.864,0.452,10.0,22023
22300961,2024-03-15,Phoenix Suns,PHX @ CHA,W,1,107,57.0,31,3.0,3,10,0.46,0.8,0.289,11.0,22023
22300961,2024-03-15,Charlotte Hornets,CHA vs. PHX,L,0,96,48.0,20,6.0,3,4,0.372,0.741,0.162,-11.0,22023
22300962,2024-03-15,Miami Heat,MIA @ DET,W,1,108,44.0,23,14.0,6,8,0.473,0.714,0.206,13.0,22023
22300962,2024-03-15,Detroit Pistons,DET vs. MIA,L,0,95,48.0,27,5.0,2,17,0.429,0.867,0.263,-13.0,22023
22300965,2024-03-15,San Antonio Spurs,SAS vs. DEN,L,0,106,44.0,23,6.0,4,16,0.457,0.778,0.379,-11.0,22023
22300968,2024-03-16,Indiana Pacers,IND vs. BKN,W,1,121,50.0,21,13.0,4,10,0.476,0.938,0.2,21.0,22023
22300969,2024-03-16,Philadelphia 76ers,PHI vs. CHA,W,1,109,41.0,25,9.0,4,15,0.444,0.96,0.317,11.0,22023
22300968,2024-03-16,Brooklyn Nets,BKN @ IND,L,0,100,45.0,18,8.0,3,20,0.429,0.774,0.4,-21.0,22023
22300971,2024-03-16,Chicago Bulls,CHI vs. WAS,W,1,127,51.0,33,9.0,4,15,0.576,0.724,0.333,29.0,22023
22300975,2024-03-16,New York Knicks,NYK @ SAC,W,1,98,52.0,19,8.0,9,14,0.43,0.813,0.282,7.0,22023
22300967,2024-03-16,Cleveland Cavaliers,CLE @ HOU,L,0,103,45.0,22,6.0,7,15,0.451,0.85,0.316,-14.0,22023
22300972,2024-03-16,Oklahoma City Thunder,OKC @ MEM,W,1,118,45.0,25,7.0,8,11,0.517,0.762,0.343,6.0,22023
22300971,2024-03-16,Washington Wizards,WAS @ CHI,L,0,98,32.0,27,12.0,7,15,0.429,0.591,0.406,-29.0,22023
22300969,2024-03-16,Charlotte Hornets,CHA @ PHI,L,0,98,40.0,21,11.0,4,16,0.451,0.778,0.323,-11.0,22023
22300973,2024-03-16,Golden State Warriors,GSW @ LAL,W,1,128,45.0,38,3.0,4,7,0.526,0.8,0.412,7.0,22023
22300970,2024-03-16,New Orleans Pelicans,NOP vs. POR,W,1,126,39.0,36,8.0,5,9,0.536,0.9,0.394,19.0,22023
22300967,2024-03-16,Houston Rockets,HOU vs. CLE,W,1,117,48.0,28,9.0,7,9,0.48,0.667,0.357,14.0,22023
22300974,2024-03-16,Minnesota Timberwolves,MIN @ UTA,W,1,119,44.0,31,8.0,6,8,0.473,0.8,0.463,19.0,22023
22300975,2024-03-16,Sacramento Kings,SAC vs. NYK,L,0,91,42.0,22,7.0,5,12,0.353,0.808,0.27,-7.0,22023
22300973,2024-03-16,Los Angeles Lakers,LAL vs. GSW,L,0,121,39.0,32,3.0,4,9,0.511,0.833,0.353,-7.0,22023
22300970,2024-03-16,Portland Trail Blazers,POR @ NOP,L,0,107,36.0,23,3.0,7,19,0.5,0.917,0.364,-19.0,22023
22300974,2024-03-16,Utah Jazz,UTA vs. MIN,L,0,100,51.0,23,4.0,5,15,0.458,0.857,0.231,-19.0,22023
22300972,2024-03-16,Memphis Grizzlies,MEM vs. OKC,L,0,112,36.0,34,7.0,4,14,0.457,0.769,0.409,-6.0,22023
22300981,2024-03-17,San Antonio Spurs,SAS vs. BKN,W,1,122,50.0,30,6.0,10,17,0.465,0.913,0.243,7.0,22023
22300978,2024-03-17,Denver Nuggets,DEN @ DAL,L,0,105,37.0,26,7.0,6,7,0.44,0.864,0.429,-2.0,22023
22300977,2024-03-17,Detroit Pistons,DET vs. MIA,L,0,101,44.0,24,4.0,7,12,0.458,0.786,0.389,-3.0,22023
22300981,2024-03-17,Brooklyn Nets,BKN @ SAS,L,0,115,48.0,29,13.0,5,12,0.461,0.684,0.258,-7.0,22023
22300979,2024-03-17,Toronto Raptors,TOR @ ORL,L,0,96,37.0,23,7.0,3,18,0.44,0.933,0.258,-15.0,22023
22300980,2024-03-17,Washington Wizards,WAS vs. BOS,L,0,104,40.0,24,3.0,5,16,0.461,0.857,0.294,-26.0,22023
22300979,2024-03-17,Orlando Magic,ORL vs. TOR,W,1,111,39.0,22,7.0,4,13,0.506,0.7,0.306,15.0,22023
22300982,2024-03-17,Los Angeles Clippers,LAC vs. ATL,L,0,93,40.0,17,10.0,5,15,0.378,0.897,0.306,-17.0,22023
22300977,2024-03-17,Miami Heat,MIA @ DET,W,1,104,47.0,24,7.0,2,9,0.449,0.75,0.343,3.0,22023
22300978,2024-03-17,Dallas Mavericks,DAL vs. DEN,W,1,107,60.0,22,5.0,5,11,0.42,0.667,0.257,2.0,22023
22300976,2024-03-17,Phoenix Suns,PHX @ MIL,L,0,129,39.0,36,7.0,5,12,0.586,0.867,0.424,-11.0,22023
22300980,2024-03-17,Boston Celtics,BOS @ WAS,W,1,130,43.0,30,9.0,6,14,0.494,0.833,0.48,26.0,22023
22300982,2024-03-17,Atlanta Hawks,ATL @ LAC,W,1,110,45.0,32,10.0,7,14,0.488,0.917,0.5,17.0,22023
22300976,2024-03-17,Milwaukee Bucks,MIL vs. PHX,W,1,140,35.0,35,11.0,2,10,0.543,1.0,0.585,11.0,22023
22300988,2024-03-18,New York Knicks,NYK @ GSW,W,1,119,44.0,29,6.0,1,10,0.484,0.85,0.378,7.0,22023
22300985,2024-03-18,Philadelphia 76ers,PHI vs. MIA,W,1,98,46.0,23,7.0,12,12,0.435,0.917,0.361,7.0,22023
22300986,2024-03-18,Chicago Bulls,CHI vs. POR,W,1,110,40.0,26,9.0,5,9,0.441,0.81,0.333,3.0,22023
22300985,2024-03-18,Miami Heat,MIA @ PHI,L,0,91,49.0,23,8.0,3,15,0.393,0.643,0.364,-7.0,22023
22300989,2024-03-18,Memphis Grizzlies,MEM @ SAC,L,0,111,49.0,22,13.0,7,12,0.378,0.8,0.342,-10.0,22023
22300987,2024-03-18,Minnesota Timberwolves,MIN @ UTA,W,1,114,35.0,27,9.0,9,9,0.484,0.833,0.39,10.0,22023
22300990,2024-03-18,Atlanta Hawks,ATL @ LAL,L,0,105,42.0,32,8.0,5,9,0.429,0.8,0.22,-31.0,22023
22300984,2024-03-18,Detroit Pistons,DET @ BOS,L,0,94,43.0,21,6.0,3,12,0.429,0.867,0.31,-25.0,22023
22300983,2024-03-18,Indiana Pacers,IND vs. CLE,L,0,103,45.0,28,8.0,3,11,0.462,0.625,0.237,-5.0,22023
22300984,2024-03-18,Boston Celtics,BOS vs. DET,W,1,119,53.0,30,8.0,8,9,0.453,0.846,0.449,25.0,22023
22300988,2024-03-18,Golden State Warriors,GSW vs. NYK,L,0,112,39.0,29,7.0,5,13,0.477,0.778,0.389,-7.0,22023
22300987,2024-03-18,Utah Jazz,UTA vs. MIN,L,0,104,47.0,25,6.0,3,17,0.464,0.857,0.438,-10.0,22023
22300989,2024-03-18,Sacramento Kings,SAC vs. MEM,W,1,121,59.0,30,7.0,10,17,0.447,0.813,0.314,10.0,22023
22300983,2024-03-18,Cleveland Cavaliers,CLE @ IND,W,1,108,39.0,27,8.0,4,14,0.475,0.714,0.375,5.0,22023
22300990,2024-03-18,Los Angeles Lakers,LAL vs. ATL,W,1,136,48.0,39,6.0,4,8,0.578,0.85,0.417,31.0,22023
22300986,2024-03-18,Portland Trail Blazers,POR @ CHI,L,0,107,43.0,21,7.0,5,13,0.455,0.76,0.286,-3.0,22023
22300994,2024-03-19,Dallas Mavericks,DAL @ SAS,W,1,113,40.0,31,6.0,3,9,0.484,0.882,0.333,6.0,22023
22300991,2024-03-19,Orlando Magic,ORL vs. CHA,W,1,112,41.0,32,10.0,6,16,0.543,0.923,0.353,20.0,22023
22300994,2024-03-19,San Antonio Spurs,SAS vs. DAL,L,0,107,48.0,31,6.0,10,15,0.438,0.714,0.359,-6.0,22023
22300993,2024-03-19,Brooklyn Nets,BKN vs. NOP,L,0,91,42.0,19,6.0,4,13,0.369,0.773,0.3,-13.0,22023
22300995,2024-03-19,Denver Nuggets,DEN @ MIN,W,1,115,49.0,26,5.0,1,17,0.519,0.773,0.519,3.0,22023
22300993,2024-03-19,New Orleans Pelicans,NOP @ BKN,W,1,104,48.0,29,7.0,5,13,0.506,0.769,0.294,13.0,22023
22300992,2024-03-19,Houston Rockets,HOU @ WAS,W,1,137,47.0,25,6.0,11,7,0.516,0.833,0.333,23.0,22023
22300995,2024-03-19,Minnesota Timberwolves,MIN vs. DEN,L,0,112,37.0,25,10.0,7,7,0.477,0.696,0.343,-3.0,22023
22300992,2024-03-19,Washington Wizards,WAS vs. HOU,L,0,114,44.0,24,6.0,2,10,0.429,0.75,0.385,-23.0,22023
22300991,2024-03-19,Charlotte Hornets,CHA @ ORL,L,0,92,30.0,19,8.0,1,17,0.481,0.778,0.31,-20.0,22023
22301000,2024-03-20,Utah Jazz,UTA @ OKC,L,0,107,47.0,20,6.0,5,15,0.444,0.944,0.278,-12.0,22023
22301002,2024-03-20,Philadelphia 76ers,PHI @ PHX,L,0,102,40.0,33,12.0,7,9,0.432,0.389,0.351,-13.0,22023
22301001,2024-03-20,Memphis Grizzlies,MEM @ GSW,L,0,116,45.0,29,4.0,3,10,0.438,0.778,0.367,-21.0,22023
22300996,2024-03-20,Cleveland Cavaliers,CLE vs. MIA,L,0,104,37.0,30,3.0,2,11,0.467,0.864,0.357,-3.0,22023
22301003,2024-03-20,Los Angeles Clippers,LAC @ POR,W,1,116,42.0,29,15.0,7,11,0.523,0.867,0.419,13.0,22023
22300999,2024-03-20,Toronto Raptors,TOR vs. SAC,L,0,89,31.0,21,11.0,3,21,0.413,0.722,0.323,-34.0,22023
22300996,2024-03-20,Miami Heat,MIA @ CLE,W,1,107,37.0,19,7.0,2,7,0.458,0.947,0.361,3.0,22023
22300999,2024-03-20,Sacramento Kings,SAC @ TOR,W,1,123,53.0,32,14.0,6,15,0.516,0.833,0.3,34.0,22023
22301003,2024-03-20,Portland Trail Blazers,POR vs. LAC,L,0,103,38.0,21,6.0,4,17,0.481,0.667,0.441,-13.0,22023
22300997,2024-03-20,Detroit Pistons,DET vs. IND,L,0,103,46.0,23,8.0,1,15,0.411,0.8,0.217,-19.0,22023
22301000,2024-03-20,Oklahoma City Thunder,OKC vs. UTA,W,1,119,45.0,29,10.0,7,10,0.489,0.793,0.294,12.0,22023
22301001,2024-03-20,Golden State Warriors,GSW vs. MEM,W,1,137,48.0,43,6.0,5,6,0.58,0.333,0.487,21.0,22023
22300998,2024-03-20,Milwaukee Bucks,MIL @ BOS,L,0,119,41.0,20,3.0,6,14,0.536,0.857,0.486,-3.0,22023
22300998,2024-03-20,Boston Celtics,BOS vs. MIL,W,1,122,37.0,25,6.0,5,9,0.471,0.828,0.45,3.0,22023
22301002,2024-03-20,Phoenix Suns,PHX vs. PHI,W,1,115,55.0,34,7.0,12,23,0.5,0.75,0.487,13.0,22023
22300997,2024-03-20,Indiana Pacers,IND @ DET,W,1,122,40.0,38,13.0,6,12,0.568,0.611,0.379,19.0,22023
22301008,2024-03-21,Utah Jazz,UTA @ DAL,L,0,97,38.0,29,6.0,3,18,0.458,0.895,0.133,-16.0,22023
22301007,2024-03-21,Milwaukee Bucks,MIL vs. BKN,W,1,115,40.0,27,5.0,4,10,0.473,0.867,0.39,7.0,22023
22301006,2024-03-21,Houston Rockets,HOU vs. CHI,W,1,127,49.0,27,7.0,6,14,0.505,0.8,0.378,10.0,22023
22301010,2024-03-21,Phoenix Suns,PHX vs. ATL,W,1,128,38.0,28,4.0,11,17,0.554,0.889,0.537,13.0,22023
22301004,2024-03-21,Orlando Magic,ORL vs. NOP,W,1,121,40.0,33,12.0,4,14,0.547,0.684,0.389,15.0,22023
22301005,2024-03-21,Sacramento Kings,SAC @ WAS,L,0,102,37.0,21,12.0,7,15,0.43,0.895,0.282,-7.0,22023
22301007,2024-03-21,Brooklyn Nets,BKN @ MIL,L,0,108,49.0,29,7.0,1,14,0.446,0.813,0.295,-7.0,22023
22301008,2024-03-21,Dallas Mavericks,DAL vs. UTA,W,1,113,43.0,33,12.0,3,13,0.5,0.607,0.313,16.0,22023
22301005,2024-03-21,Washington Wizards,WAS vs. SAC,W,1,109,45.0,20,9.0,3,19,0.506,0.739,0.4,7.0,22023
22301009,2024-03-21,New York Knicks,NYK @ DEN,L,0,100,31.0,28,6.0,6,9,0.481,0.765,0.355,-13.0,22023
22301010,2024-03-21,Atlanta Hawks,ATL @ PHX,L,0,115,36.0,27,11.0,3,8,0.44,0.793,0.343,-13.0,22023
22301006,2024-03-21,Chicago Bulls,CHI @ HOU,L,0,117,43.0,23,8.0,3,11,0.452,0.84,0.387,-10.0,22023
22301004,2024-03-21,New Orleans Pelicans,NOP @ ORL,L,0,106,33.0,24,11.0,1,18,0.538,0.762,0.3,-15.0,22023
22301009,2024-03-21,Denver Nuggets,DEN vs. NYK,W,1,113,42.0,31,5.0,4,9,0.536,0.85,0.3,13.0,22023
22301015,2024-03-22,San Antonio Spurs,SAS vs. MEM,L,0,97,56.0,24,12.0,7,16,0.389,0.696,0.184,-2.0,22023
22301015,2024-03-22,Memphis Grizzlies,MEM @ SAS,W,1,99,51.0,18,10.0,4,17,0.402,0.677,0.353,2.0,22023
22301017,2024-03-22,Los Angeles Clippers,LAC @ POR,W,1,125,40.0,26,8.0,8,17,0.571,0.852,0.424,8.0,22023
22301017,2024-03-22,Portland Trail Blazers,POR vs. LAC,L,0,117,41.0,29,11.0,1,10,0.484,0.6,0.364,-8.0,22023
22301018,2024-03-22,Los Angeles Lakers,LAL vs. PHI,W,1,101,54.0,22,1.0,7,21,0.438,0.758,0.387,7.0,22023
22301013,2024-03-22,New Orleans Pelicans,NOP @ MIA,W,1,111,56.0,25,3.0,2,12,0.512,0.75,0.5,23.0,22023
22301013,2024-03-22,Miami Heat,MIA vs. NOP,L,0,88,34.0,22,3.0,4,4,0.36,0.867,0.277,-23.0,22023
22301011,2024-03-22,Detroit Pistons,DET vs. BOS,L,0,102,42.0,25,4.0,1,18,0.506,0.692,0.29,-27.0,22023
22301011,2024-03-22,Boston Celtics,BOS @ DET,W,1,129,35.0,31,9.0,5,7,0.528,0.704,0.356,27.0,22023
22301016,2024-03-22,Indiana Pacers,IND @ GSW,W,1,123,50.0,32,8.0,10,11,0.485,0.75,0.417,12.0,22023
22301012,2024-03-22,Toronto Raptors,TOR vs. OKC,L,0,103,36.0,34,12.0,3,27,0.526,0.706,0.367,-20.0,22023
22301014,2024-03-22,Minnesota Timberwolves,MIN vs. CLE,W,1,104,46.0,27,9.0,5,11,0.482,0.5,0.519,13.0,22023
22301012,2024-03-22,Oklahoma City Thunder,OKC @ TOR,W,1,123,46.0,27,17.0,5,15,0.505,0.789,0.375,20.0,22023
22301018,2024-03-22,Philadelphia 76ers,PHI @ LAL,L,0,94,42.0,20,13.0,7,8,0.344,0.833,0.216,-7.0,22023
22301016,2024-03-22,Golden State Warriors,GSW vs. IND,L,0,111,64.0,24,6.0,6,14,0.406,0.688,0.292,-12.0,22023
22301014,2024-03-22,Cleveland Cavaliers,CLE @ MIN,L,0,91,41.0,22,6.0,5,12,0.42,0.842,0.241,-13.0,22023
22301021,2024-03-23,Charlotte Hornets,CHA @ ATL,L,0,91,39.0,25,3.0,4,13,0.417,0.714,0.282,-41.0,22023
22301026,2024-03-23,Denver Nuggets,DEN @ POR,W,1,114,49.0,25,8.0,9,13,0.451,0.727,0.333,3.0,22023
22301026,2024-03-23,Portland Trail Blazers,POR vs. DEN,L,0,111,45.0,27,8.0,8,15,0.462,0.882,0.357,-3.0,22023
22301020,2024-03-23,Sacramento Kings,SAC @ ORL,W,1,109,42.0,26,6.0,5,7,0.437,0.857,0.375,2.0,22023
22301020,2024-03-23,Orlando Magic,ORL vs. SAC,L,0,107,49.0,27,5.0,3,13,0.477,0.722,0.286,-2.0,22023
22301023,2024-03-23,Chicago Bulls,CHI vs. BOS,L,0,113,29.0,36,7.0,3,7,0.573,0.909,0.375,-11.0,22023
22301024,2024-03-23,Houston Rockets,HOU vs. UTA,W,1,147,44.0,31,7.0,3,9,0.557,0.857,0.551,28.0,22023
22301024,2024-03-23,Utah Jazz,UTA @ HOU,L,0,119,40.0,24,2.0,4,10,0.449,0.848,0.297,-28.0,22023
22301025,2024-03-23,San Antonio Spurs,SAS vs. PHX,L,0,106,34.0,27,6.0,6,15,0.471,0.81,0.273,-25.0,22023
22301019,2024-03-23,New York Knicks,NYK vs. BKN,W,1,105,47.0,25,10.0,4,9,0.433,0.5,0.375,12.0,22023
22301019,2024-03-23,Brooklyn Nets,BKN @ NYK,L,0,93,41.0,26,5.0,6,15,0.447,0.867,0.353,-12.0,22023
22301022,2024-03-23,Washington Wizards,WAS vs. TOR,W,1,112,55.0,28,7.0,8,17,0.478,0.684,0.314,3.0,22023
22301023,2024-03-23,Boston Celtics,BOS @ CHI,W,1,124,41.0,28,5.0,3,12,0.512,0.882,0.438,11.0,22023
22301021,2024-03-23,Atlanta Hawks,ATL vs. CHA,W,1,132,43.0,40,9.0,5,8,0.556,0.857,0.476,41.0,22023
22301025,2024-03-23,Phoenix Suns,PHX @ SAS,W,1,131,39.0,38,11.0,5,8,0.596,0.8,0.458,25.0,22023
22301022,2024-03-23,Toronto Raptors,TOR @ WAS,L,0,109,42.0,27,9.0,7,12,0.426,0.808,0.242,-3.0,22023
22301030,2024-03-24,Milwaukee Bucks,MIL vs. OKC,W,1,118,57.0,33,7.0,5,16,0.533,0.643,0.324,25.0,22023
22301028,2024-03-24,Los Angeles Clippers,LAC vs. PHI,L,0,107,37.0,27,2.0,9,13,0.482,0.944,0.357,-14.0,22023
22301031,2024-03-24,Minnesota Timberwolves,MIN vs. GSW,W,1,114,44.0,30,9.0,5,15,0.476,0.722,0.525,4.0,22023
22301029,2024-03-24,Cleveland Cavaliers,CLE @ MIA,L,0,84,30.0,24,3.0,3,17,0.417,0.75,0.31,-37.0,22023
22301030,2024-03-24,Oklahoma City Thunder,OKC @ MIL,L,0,93,37.0,20,9.0,1,12,0.371,0.773,0.233,-25.0,22023
22301032,2024-03-24,Indiana Pacers,IND @ LAL,L,0,145,40.0,39,6.0,4,11,0.551,0.563,0.5,-5.0,22023
22301027,2024-03-24,Detroit Pistons,DET vs. NOP,L,0,101,46.0,20,4.0,5,16,0.405,0.813,0.268,-13.0,22023
22301027,2024-03-24,New Orleans Pelicans,NOP @ DET,W,1,114,41.0,27,8.0,7,10,0.506,0.677,0.324,13.0,22023
22301028,2024-03-24,Philadelphia 76ers,PHI @ LAC,W,1,121,37.0,32,7.0,10,8,0.533,0.778,0.486,14.0,22023
22301029,2024-03-24,Miami Heat,MIA vs. CLE,W,1,121,44.0,29,13.0,0,9,0.518,0.87,0.395,37.0,22023
22301031,2024-03-24,Golden State Warriors,GSW @ MIN,L,0,110,41.0,23,8.0,3,12,0.447,0.769,0.389,-4.0,22023
22301032,2024-03-24,Los Angeles Lakers,LAL vs. IND,W,1,150,41.0,28,6.0,7,10,0.562,0.884,0.48,5.0,22023
22301036,2024-03-25,Brooklyn Nets,BKN @ TOR,W,1,96,50.0,20,3.0,4,18,0.457,0.722,0.231,8.0,22023
22301043,2024-03-25,Los Angeles Clippers,LAC vs. IND,L,0,116,36.0,26,4.0,4,8,0.541,0.818,0.3,-17.0,22023
22301042,2024-03-25,Philadelphia 76ers,PHI @ SAC,L,0,96,47.0,18,2.0,4,15,0.415,0.85,0.324,-12.0,22023
22301040,2024-03-25,Denver Nuggets,DEN vs. MEM,W,1,128,50.0,38,10.0,7,15,0.533,0.944,0.469,25.0,22023
22301037,2024-03-25,Chicago Bulls,CHI vs. WAS,L,0,105,46.0,27,9.0,8,11,0.414,0.821,0.286,-2.0,22023
22301041,2024-03-25,Utah Jazz,UTA vs. DAL,L,0,105,46.0,28,6.0,3,12,0.425,0.818,0.333,-10.0,22023
22301039,2024-03-25,San Antonio Spurs,SAS vs. PHX,W,1,104,40.0,23,10.0,1,7,0.44,0.842,0.258,2.0,22023
22301038,2024-03-25,Houston Rockets,HOU vs. POR,W,1,110,45.0,19,7.0,7,8,0.398,0.96,0.308,18.0,22023
22301040,2024-03-25,Memphis Grizzlies,MEM @ DEN,L,0,103,40.0,25,9.0,9,14,0.394,0.667,0.25,-25.0,22023
22301041,2024-03-25,Dallas Mavericks,DAL @ UTA,W,1,115,47.0,31,9.0,7,6,0.478,0.833,0.286,10.0,22023
22301037,2024-03-25,Washington Wizards,WAS @ CHI,W,1,107,52.0,32,8.0,5,13,0.402,0.833,0.286,2.0,22023
22301035,2024-03-25,New York Knicks,NYK vs. DET,W,1,124,52.0,30,6.0,6,13,0.506,0.682,0.413,25.0,22023
22301034,2024-03-25,Atlanta Hawks,ATL vs. BOS,W,1,120,44.0,30,5.0,3,13,0.529,0.588,0.5,2.0,22023
22301034,2024-03-25,Boston Celtics,BOS @ ATL,L,0,118,38.0,21,7.0,8,7,0.495,0.684,0.289,-2.0,22023
22301043,2024-03-25,Indiana Pacers,IND @ LAC,W,1,133,34.0,28,7.0,3,8,0.581,0.727,0.607,17.0,22023
22301039,2024-03-25,Phoenix Suns,PHX @ SAS,L,0,102,47.0,28,5.0,7,14,0.506,0.571,0.357,-2.0,22023
22301033,2024-03-25,Cleveland Cavaliers,CLE vs. CHA,W,1,115,47.0,41,4.0,3,12,0.535,0.6,0.415,23.0,22023
22301033,2024-03-25,Charlotte Hornets,CHA @ CLE,L,0,92,33.0,22,5.0,4,11,0.425,0.833,0.321,-23.0,22023
22301042,2024-03-25,Sacramento Kings,SAC vs. PHI,W,1,108,40.0,25,6.0,6,7,0.442,0.786,0.263,12.0,22023
22301038,2024-03-25,Portland Trail Blazers,POR @ HOU,L,0,92,44.0,14,5.0,6,16,0.414,0.867,0.212,-18.0,22023
22301035,2024-03-25,Detroit Pistons,DET @ NYK,L,0,99,37.0,22,8.0,5,12,0.386,0.955,0.294,-25.0,22023
22301036,2024-03-25,Toronto Raptors,TOR vs. BKN,L,0,88,30.0,23,10.0,2,10,0.435,0.75,0.185,-8.0,22023
22301047,2024-03-26,Dallas Mavericks,DAL @ SAC,W,1,132,49.0,34,10.0,4,9,0.554,0.615,0.564,36.0,22023
22301047,2024-03-26,Sacramento Kings,SAC vs. DAL,L,0,96,42.0,27,6.0,5,13,0.389,0.789,0.367,-36.0,22023
22301044,2024-03-26,Golden State Warriors,GSW @ MIA,W,1,113,43.0,31,6.0,5,10,0.553,0.6,0.342,21.0,22023
22301046,2024-03-26,Oklahoma City Thunder,OKC @ NOP,W,1,119,45.0,28,5.0,3,12,0.535,0.857,0.441,7.0,22023
22301044,2024-03-26,Miami Heat,MIA vs. GSW,L,0,92,39.0,24,3.0,2,8,0.402,0.769,0.242,-21.0,22023
22301045,2024-03-26,Los Angeles Lakers,LAL @ MIL,W,1,128,69.0,30,4.0,8,17,0.389,0.938,0.318,4.0,22023
22301045,2024-03-26,Milwaukee Bucks,MIL vs. LAL,L,0,124,61.0,37,9.0,5,14,0.412,0.647,0.294,-4.0,22023
22301046,2024-03-26,New Orleans Pelicans,NOP vs. OKC,L,0,112,37.0,26,7.0,2,9,0.453,0.87,0.368,-7.0,22023
22301048,2024-03-27,Cleveland Cavaliers,CLE @ CHA,L,0,111,32.0,33,7.0,1,13,0.494,0.571,0.432,-7.0,22023
22301054,2024-03-27,Chicago Bulls,CHI vs. IND,W,1,125,54.0,28,7.0,5,7,0.5,0.833,0.444,26.0,22023
22301058,2024-03-27,Utah Jazz,UTA vs. SAS,L,0,111,36.0,25,8.0,4,21,0.47,0.909,0.371,-7.0,22023
22301055,2024-03-27,Memphis Grizzlies,MEM vs. LAL,L,0,124,39.0,30,10.0,3,14,0.474,0.789,0.395,-12.0,22023
22301051,2024-03-27,Atlanta Hawks,ATL vs. POR,W,1,120,41.0,23,12.0,9,16,0.518,0.8,0.39,14.0,22023
22301050,2024-03-27,Brooklyn Nets,BKN @ WAS,W,1,122,45.0,24,8.0,9,8,0.48,0.783,0.303,3.0,22023
22301055,2024-03-27,Los Angeles Lakers,LAL @ MEM,W,1,136,43.0,31,5.0,4,15,0.556,0.8,0.545,12.0,22023
22301053,2024-03-27,Toronto Raptors,TOR vs. NYK,L,0,101,28.0,31,7.0,4,18,0.464,0.923,0.355,-44.0,22023
22301049,2024-03-27,Golden State Warriors,GSW @ ORL,W,1,101,52.0,26,5.0,5,12,0.444,0.846,0.294,8.0,22023
22301059,2024-03-27,Phoenix Suns,PHX @ DEN,W,1,104,51.0,29,3.0,7,16,0.47,0.909,0.485,7.0,22023
22301054,2024-03-27,Indiana Pacers,IND @ CHI,L,0,99,40.0,25,3.0,4,13,0.4,0.783,0.31,-26.0,22023
22301050,2024-03-27,Washington Wizards,WAS vs. BKN,L,0,119,44.0,26,4.0,4,13,0.505,0.765,0.412,-3.0,22023
22301049,2024-03-27,Orlando Magic,ORL vs. GSW,L,0,93,39.0,25,10.0,5,10,0.424,0.524,0.313,-8.0,22023
22301058,2024-03-27,San Antonio Spurs,SAS @ UTA,W,1,118,41.0,40,9.0,7,21,0.512,0.667,0.485,7.0,22023
22301057,2024-03-27,Oklahoma City Thunder,OKC vs. HOU,L,0,126,49.0,26,7.0,7,19,0.49,0.75,0.368,-6.0,22023
22301059,2024-03-27,Denver Nuggets,DEN vs. PHX,L,0,97,38.0,24,9.0,4,8,0.432,0.917,0.25,-7.0,22023
22301056,2024-03-27,Minnesota Timberwolves,MIN vs. DET,W,1,106,40.0,28,8.0,3,12,0.512,0.688,0.306,15.0,22023
22301052,2024-03-27,Los Angeles Clippers,LAC @ PHI,W,1,108,43.0,28,8.0,5,6,0.444,0.7,0.389,1.0,22023
22301051,2024-03-27,Portland Trail Blazers,POR @ ATL,L,0,106,33.0,35,8.0,2,18,0.506,0.6,0.452,-14.0,22023
22301057,2024-03-27,Houston Rockets,HOU @ OKC,W,1,132,50.0,25,10.0,3,16,0.481,0.739,0.349,6.0,22023
22301052,2024-03-27,Philadelphia 76ers,PHI vs. LAC,L,0,107,51.0,17,3.0,11,12,0.476,0.842,0.394,-1.0,22023
22301056,2024-03-27,Detroit Pistons,DET @ MIN,L,0,91,41.0,15,9.0,1,12,0.383,0.8,0.281,-15.0,22023
22301048,2024-03-27,Charlotte Hornets,CHA vs. CLE,W,1,118,38.0,30,8.0,2,15,0.579,0.773,0.394,7.0,22023
22301053,2024-03-27,New York Knicks,NYK @ TOR,W,1,145,42.0,37,7.0,8,11,0.585,0.813,0.5,44.0,22023
22301061,2024-03-28,Milwaukee Bucks,MIL @ NOP,L,0,100,46.0,21,1.0,4,14,0.463,0.526,0.359,-7.0,22023
22301061,2024-03-28,New Orleans Pelicans,NOP vs. MIL,W,1,107,48.0,22,11.0,5,6,0.396,0.794,0.25,7.0,22023
22301060,2024-03-28,Atlanta Hawks,ATL vs. BOS,W,1,123,53.0,24,5.0,5,11,0.49,0.6,0.341,1.0,22023
22301060,2024-03-28,Boston Celtics,BOS @ ATL,L,0,122,43.0,28,7.0,6,12,0.479,0.857,0.389,-1.0,22023
22301065,2024-03-29,Detroit Pistons,DET @ WAS,W,1,96,47.0,19,9.0,5,13,0.416,0.8,0.25,9.0,22023
22301066,2024-03-29,Chicago Bulls,CHI @ BKN,L,0,108,44.0,24,3.0,6,12,0.507,0.793,0.3,-17.0,22023
22301069,2024-03-29,Oklahoma City Thunder,OKC vs. PHX,W,1,128,38.0,33,7.0,7,10,0.563,1.0,0.533,25.0,22023
22301065,2024-03-29,Washington Wizards,WAS vs. DET,L,0,87,47.0,22,2.0,4,18,0.409,0.75,0.273,-9.0,22023
22301068,2024-03-29,Portland Trail Blazers,POR @ MIA,L,0,82,43.0,20,4.0,2,23,0.402,0.636,0.167,-60.0,22023
22301072,2024-03-29,Utah Jazz,UTA vs. HOU,L,0,100,51.0,23,4.0,9,20,0.463,0.947,0.258,-1.0,22023
22301069,2024-03-29,Phoenix Suns,PHX @ OKC,L,0,103,39.0,26,6.0,6,14,0.448,0.8,0.317,-25.0,22023
22301062,2024-03-29,Charlotte Hornets,CHA vs. GSW,L,0,97,41.0,23,4.0,2,11,0.405,0.708,0.261,-18.0,22023
22301071,2024-03-29,Denver Nuggets,DEN vs. MIN,L,0,98,46.0,29,6.0,1,12,0.398,0.741,0.286,-13.0,22023
22301063,2024-03-29,Los Angeles Lakers,LAL @ IND,L,0,90,48.0,24,3.0,3,16,0.407,0.833,0.167,-19.0,22023
22301066,2024-03-29,Brooklyn Nets,BKN vs. CHI,W,1,125,43.0,26,9.0,3,6,0.473,0.636,0.568,17.0,22023
22301073,2024-03-29,Sacramento Kings,SAC vs. DAL,L,0,103,45.0,24,9.0,1,10,0.435,0.667,0.469,-4.0,22023
22301062,2024-03-29,Golden State Warriors,GSW @ CHA,W,1,115,50.0,35,7.0,5,12,0.539,0.889,0.344,18.0,22023
22301063,2024-03-29,Indiana Pacers,IND vs. LAL,W,1,109,46.0,27,8.0,6,8,0.483,0.929,0.323,19.0,22023
22301068,2024-03-29,Miami Heat,MIA vs. POR,W,1,142,44.0,41,17.0,4,8,0.587,0.722,0.538,60.0,22023
22301073,2024-03-29,Dallas Mavericks,DAL @ SAC,W,1,107,42.0,24,4.0,6,10,0.473,0.667,0.429,4.0,22023
22301070,2024-03-29,San Antonio Spurs,SAS vs. NYK,W,1,130,46.0,34,3.0,2,15,0.537,0.813,0.4,4.0,22023
22301067,2024-03-29,Philadelphia 76ers,PHI @ CLE,L,0,114,42.0,28,6.0,7,9,0.447,0.824,0.4,-3.0,22023
22301064,2024-03-29,Orlando Magic,ORL vs. LAC,L,0,97,38.0,20,10.0,8,14,0.442,0.733,0.345,-3.0,22023
22301072,2024-03-29,Houston Rockets,HOU @ UTA,W,1,101,45.0,19,10.0,6,10,0.385,0.643,0.31,1.0,22023
22301070,2024-03-29,New York Knicks,NYK @ SAS,L,0,126,50.0,24,10.0,1,11,0.464,0.833,0.378,-4.0,22023
22301064,2024-03-29,Los Angeles Clippers,LAC @ ORL,W,1,100,41.0,19,11.0,4,16,0.482,0.833,0.333,3.0,22023
22301067,2024-03-29,Cleveland Cavaliers,CLE vs. PHI,W,1,117,37.0,34,4.0,3,13,0.549,0.846,0.432,3.0,22023
22301071,2024-03-29,Minnesota Timberwolves,MIN @ DEN,W,1,111,39.0,28,6.0,7,7,0.514,0.703,0.321,13.0,22023
22301074,2024-03-30,New Orleans Pelicans,NOP vs. BOS,L,0,92,41.0,22,9.0,3,9,0.395,0.611,0.371,-12.0,22023
22301076,2024-03-30,Milwaukee Bucks,MIL @ ATL,W,1,122,40.0,27,7.0,5,10,0.551,0.8,0.286,9.0,22023
22301075,2024-03-30,Orlando Magic,ORL vs. MEM,W,1,118,43.0,28,8.0,8,15,0.487,0.87,0.5,30.0,22023
22301076,2024-03-30,Atlanta Hawks,ATL vs. MIL,L,0,113,39.0,24,5.0,3,11,0.457,0.833,0.4,-9.0,22023
22301074,2024-03-30,Boston Celtics,BOS @ NOP,W,1,104,51.0,27,7.0,7,12,0.476,0.917,0.405,12.0,22023
22301075,2024-03-30,Memphis Grizzlies,MEM @ ORL,L,0,88,45.0,25,11.0,7,19,0.36,0.824,0.333,-30.0,22023
22301085,2024-03-31,Golden State Warriors,GSW @ SAS,W,1,117,41.0,34,15.0,3,15,0.489,0.846,0.41,4.0,22023
22301078,2024-03-31,Los Angeles Lakers,LAL @ BKN,W,1,116,50.0,24,8.0,6,19,0.545,0.773,0.375,12.0,22023
22301083,2024-03-31,Houston Rockets,HOU vs. DAL,L,0,107,43.0,22,9.0,3,10,0.424,0.842,0.342,-18.0,22023
22301078,2024-03-31,Brooklyn Nets,BKN vs. LAL,L,0,104,38.0,19,12.0,3,12,0.424,0.737,0.333,-12.0,22023
22301080,2024-03-31,Philadelphia 76ers,PHI @ TOR,W,1,135,39.0,28,6.0,10,15,0.59,0.813,0.558,15.0,22023
22301086,2024-03-31,Sacramento Kings,SAC vs. UTA,W,1,127,44.0,34,8.0,6,15,0.536,0.739,0.5,21.0,22023
22301079,2024-03-31,Los Angeles Clippers,LAC @ CHA,W,1,130,41.0,28,4.0,5,8,0.573,0.882,0.483,12.0,22023
22301079,2024-03-31,Charlotte Hornets,CHA vs. LAC,L,0,118,31.0,32,3.0,2,9,0.5,0.636,0.442,-12.0,22023
22301077,2024-03-31,Cleveland Cavaliers,CLE @ DEN,L,0,101,28.0,26,10.0,4,15,0.463,0.81,0.32,-29.0,22023
22301080,2024-03-31,Toronto Raptors,TOR vs. PHI,L,0,120,30.0,31,10.0,2,12,0.522,0.75,0.367,-15.0,22023
22301081,2024-03-31,Miami Heat,MIA @ WAS,W,1,119,42.0,22,11.0,8,13,0.494,0.862,0.389,12.0,22023
22301082,2024-03-31,New York Knicks,NYK vs. OKC,L,0,112,46.0,24,8.0,3,10,0.413,0.676,0.302,-1.0,22023
22301084,2024-03-31,Minnesota Timberwolves,MIN vs. CHI,L,0,101,37.0,28,12.0,5,13,0.469,0.667,0.297,-8.0,22023
22301083,2024-03-31,Dallas Mavericks,DAL @ HOU,W,1,125,47.0,24,7.0,8,13,0.516,0.556,0.511,18.0,22023
22301086,2024-03-31,Utah Jazz,UTA @ SAC,L,0,106,33.0,22,6.0,4,12,0.41,0.786,0.39,-21.0,22023
22301085,2024-03-31,San Antonio Spurs,SAS vs. GSW,L,0,113,45.0,31,7.0,5,19,0.449,0.889,0.395,-4.0,22023
22301084,2024-03-31,Chicago Bulls,CHI @ MIN,W,1,109,43.0,30,11.0,3,16,0.525,0.667,0.586,8.0,22023
22301081,2024-03-31,Washington Wizards,WAS vs. MIA,L,0,107,42.0,27,6.0,1,15,0.455,0.762,0.289,-12.0,22023
22301077,2024-03-31,Denver Nuggets,DEN vs. CLE,W,1,130,51.0,36,7.0,4,16,0.575,0.692,0.636,29.0,22023
22301082,2024-03-31,Oklahoma City Thunder,OKC @ NYK,W,1,113,43.0,29,6.0,8,12,0.537,0.5,0.382,1.0,22023
22301087,2024-04-01,Boston Celtics,BOS @ CHA,W,1,118,51.0,28,3.0,3,10,0.483,0.813,0.358,14.0,22023
22301090,2024-04-01,Orlando Magic,ORL vs. POR,W,1,104,43.0,26,4.0,6,15,0.474,0.778,0.344,1.0,22023
22301092,2024-04-01,New Orleans Pelicans,NOP vs. PHX,L,0,111,37.0,29,10.0,1,9,0.472,0.667,0.407,-13.0,22023
22301088,2024-04-01,Detroit Pistons,DET vs. MEM,L,0,108,41.0,22,7.0,9,14,0.506,0.773,0.393,-2.0,22023
22301091,2024-04-01,Chicago Bulls,CHI vs. ATL,L,0,101,51.0,17,8.0,2,8,0.394,0.833,0.25,-12.0,22023
22301088,2024-04-01,Memphis Grizzlies,MEM @ DET,W,1,110,44.0,28,11.0,9,12,0.44,0.826,0.333,2.0,22023
22301089,2024-04-01,Brooklyn Nets,BKN @ IND,L,0,111,43.0,20,3.0,4,15,0.471,0.679,0.385,-22.0,22023
22301092,2024-04-01,Phoenix Suns,PHX @ NOP,W,1,124,49.0,29,7.0,6,12,0.494,0.8,0.383,13.0,22023
22301091,2024-04-01,Atlanta Hawks,ATL @ CHI,W,1,113,45.0,29,4.0,5,14,0.5,0.667,0.475,12.0,22023
22301087,2024-04-01,Charlotte Hornets,CHA vs. BOS,L,0,104,40.0,28,3.0,2,6,0.451,0.818,0.351,-14.0,22023
22301089,2024-04-01,Indiana Pacers,IND vs. BKN,W,1,133,47.0,35,6.0,9,9,0.515,0.824,0.419,22.0,22023
22301090,2024-04-01,Portland Trail Blazers,POR @ ORL,L,0,103,44.0,28,9.0,3,9,0.444,0.8,0.355,-1.0,22023
22301101,2024-04-02,Sacramento Kings,SAC vs. LAC,W,1,109,56.0,29,10.0,6,10,0.424,0.76,0.286,14.0,22023
22301095,2024-04-02,Washington Wizards,WAS vs. MIL,W,1,117,44.0,26,9.0,2,10,0.505,0.824,0.237,4.0,22023
22301101,2024-04-02,Los Angeles Clippers,LAC @ SAC,L,0,95,38.0,18,6.0,1,15,0.408,0.815,0.407,-14.0,22023
22301100,2024-04-02,Cleveland Cavaliers,CLE @ UTA,W,1,129,41.0,38,10.0,6,13,0.541,0.875,0.41,16.0,22023
22301099,2024-04-02,San Antonio Spurs,SAS @ DEN,L,0,105,59.0,33,4.0,12,7,0.4,0.5,0.295,-5.0,22023
22300589,2024-04-02,Dallas Mavericks,DAL @ GSW,L,0,100,42.0,27,8.0,7,15,0.438,0.636,0.375,-4.0,22023
22301095,2024-04-02,Milwaukee Bucks,MIL @ WAS,L,0,113,57.0,31,8.0,6,12,0.437,0.667,0.229,-4.0,22023
22301094,2024-04-02,Toronto Raptors,TOR vs. LAL,L,0,111,40.0,25,11.0,6,17,0.483,0.714,0.313,-17.0,22023
22301098,2024-04-02,Minnesota Timberwolves,MIN vs. HOU,W,1,113,39.0,29,12.0,5,17,0.532,0.909,0.423,7.0,22023
22301093,2024-04-02,Oklahoma City Thunder,OKC @ PHI,L,0,105,43.0,30,10.0,9,14,0.425,0.818,0.333,-4.0,22023
22301099,2024-04-02,Denver Nuggets,DEN vs. SAS,W,1,110,52.0,28,5.0,10,8,0.439,0.813,0.324,5.0,22023
22301098,2024-04-02,Houston Rockets,HOU @ MIN,L,0,106,37.0,23,10.0,0,14,0.446,0.714,0.292,-7.0,22023
22301094,2024-04-02,Los Angeles Lakers,LAL @ TOR,W,1,128,47.0,38,6.0,8,14,0.515,0.5,0.439,17.0,22023
22301093,2024-04-02,Philadelphia 76ers,PHI vs. OKC,W,1,109,42.0,27,8.0,4,16,0.462,0.92,0.467,4.0,22023
22300589,2024-04-02,Golden State Warriors,GSW vs. DAL,W,1,104,52.0,29,9.0,4,17,0.456,1.0,0.469,4.0,22023
22301096,2024-04-02,Miami Heat,MIA vs. NYK,W,1,109,39.0,24,5.0,4,17,0.486,0.952,0.447,10.0,22023
22301100,2024-04-02,Utah Jazz,UTA vs. CLE,L,0,113,33.0,26,7.0,3,19,0.482,0.833,0.432,-16.0,22023
22301096,2024-04-02,New York Knicks,NYK @ MIA,L,0,99,30.0,25,11.0,2,14,0.461,0.81,0.353,-10.0,22023
22301105,2024-04-03,Oklahoma City Thunder,OKC @ BOS,L,0,100,31.0,21,8.0,5,13,0.432,0.893,0.208,-35.0,22023
22301103,2024-04-03,Los Angeles Lakers,LAL @ WAS,W,1,125,49.0,21,10.0,4,16,0.505,0.862,0.286,5.0,22023
22301110,2024-04-03,Phoenix Suns,PHX vs. CLE,W,1,122,43.0,32,11.0,2,15,0.506,0.941,0.545,21.0,22023
22301104,2024-04-03,Atlanta Hawks,ATL vs. DET,W,1,121,48.0,36,9.0,8,16,0.544,0.667,0.342,8.0,22023
22301106,2024-04-03,Indiana Pacers,IND @ BKN,L,0,111,45.0,27,8.0,9,9,0.447,0.818,0.263,-4.0,22023
22301107,2024-04-03,Milwaukee Bucks,MIL vs. MEM,L,0,101,44.0,26,5.0,10,11,0.4,0.583,0.409,-10.0,22023
22301105,2024-04-03,Boston Celtics,BOS vs. OKC,W,1,135,46.0,33,7.0,10,10,0.543,0.947,0.425,35.0,22023
22301109,2024-04-03,Orlando Magic,ORL @ NOP,W,1,117,39.0,27,9.0,2,13,0.513,0.733,0.406,9.0,22023
22301110,2024-04-03,Cleveland Cavaliers,CLE @ PHX,L,0,101,37.0,28,9.0,4,15,0.47,0.842,0.269,-21.0,22023
22301107,2024-04-03,Memphis Grizzlies,MEM @ MIL,W,1,111,54.0,25,5.0,8,8,0.505,0.706,0.304,10.0,22023
22301104,2024-04-03,Detroit Pistons,DET @ ATL,L,0,113,37.0,24,14.0,3,10,0.457,0.81,0.333,-8.0,22023
22301103,2024-04-03,Washington Wizards,WAS vs. LAL,L,0,120,39.0,26,11.0,4,18,0.495,0.923,0.429,-5.0,22023
22301108,2024-04-03,Toronto Raptors,TOR @ MIN,L,0,85,48.0,19,4.0,6,20,0.367,0.857,0.233,-48.0,22023
22301108,2024-04-03,Minnesota Timberwolves,MIN vs. TOR,W,1,133,50.0,37,13.0,9,9,0.51,0.682,0.465,48.0,22023
22301109,2024-04-03,New Orleans Pelicans,NOP vs. ORL,L,0,108,35.0,21,9.0,1,14,0.474,0.857,0.414,-9.0,22023
22301102,2024-04-03,Portland Trail Blazers,POR @ CHA,W,1,89,55.0,19,4.0,2,15,0.398,0.667,0.269,3.0,22023
22301102,2024-04-03,Charlotte Hornets,CHA vs. POR,L,0,86,36.0,22,10.0,8,9,0.41,0.773,0.161,-3.0,22023
22301106,2024-04-03,Brooklyn Nets,BKN vs. IND,W,1,115,50.0,22,4.0,8,13,0.483,0.704,0.375,4.0,22023
22301112,2024-04-04,New York Knicks,NYK vs. SAC,W,1,120,39.0,34,9.0,2,11,0.55,0.69,0.429,11.0,22023
22301124,2024-04-04,Dallas Mavericks,DAL vs. ATL,W,1,109,53.0,20,7.0,7,14,0.404,0.882,0.367,14.0,22023
22301111,2024-04-04,Miami Heat,MIA vs. PHI,L,0,105,51.0,24,8.0,4,15,0.415,0.875,0.302,-4.0,22023
22301114,2024-04-04,Denver Nuggets,DEN @ LAC,L,0,100,51.0,27,3.0,4,13,0.434,0.68,0.314,-2.0,22023
22301112,2024-04-04,Sacramento Kings,SAC @ NYK,L,0,109,35.0,26,6.0,3,16,0.488,0.583,0.429,-11.0,22023
22301124,2024-04-04,Atlanta Hawks,ATL @ DAL,L,0,95,56.0,21,7.0,2,21,0.4,0.667,0.342,-14.0,22023
22301111,2024-04-04,Philadelphia 76ers,PHI @ MIA,W,1,109,41.0,28,11.0,7,11,0.467,0.818,0.35,4.0,22023
22301113,2024-04-04,Golden State Warriors,GSW @ HOU,W,1,133,43.0,29,6.0,2,18,0.588,0.88,0.486,23.0,22023
22301114,2024-04-04,Los Angeles Clippers,LAC vs. DEN,W,1,102,48.0,22,10.0,2,6,0.378,0.844,0.212,2.0,22023
22301113,2024-04-04,Houston Rockets,HOU vs. GSW,L,0,110,29.0,23,11.0,1,12,0.419,0.867,0.3,-23.0,22023
22301123,2024-04-05,New Orleans Pelicans,NOP vs. SAS,L,0,109,41.0,28,11.0,2,17,0.512,1.0,0.31,-2.0,22023
22301117,2024-04-05,Portland Trail Blazers,POR @ WAS,W,1,108,55.0,29,7.0,5,12,0.436,0.708,0.31,6.0,22023
22301119,2024-04-05,Chicago Bulls,CHI vs. NYK,W,1,108,57.0,27,11.0,5,16,0.473,0.813,0.304,8.0,22023
22301119,2024-04-05,New York Knicks,NYK @ CHI,L,0,100,38.0,22,9.0,2,17,0.434,0.75,0.345,-8.0,22023
22301125,2024-04-05,Minnesota Timberwolves,MIN @ PHX,L,0,87,44.0,23,9.0,6,18,0.388,0.786,0.345,-10.0,22023
22301125,2024-04-05,Phoenix Suns,PHX vs. MIN,W,1,97,49.0,29,12.0,3,18,0.434,0.759,0.346,10.0,22023
22301122,2024-04-05,Toronto Raptors,TOR @ MIL,W,1,117,47.0,24,9.0,3,16,0.456,0.861,0.389,6.0,22023
22301121,2024-04-05,Memphis Grizzlies,MEM vs. DET,W,1,108,49.0,24,13.0,7,20,0.467,0.875,0.323,18.0,22023
22301115,2024-04-05,Orlando Magic,ORL @ CHA,L,0,115,37.0,24,9.0,3,10,0.447,0.846,0.237,-9.0,22023
22301097,2024-04-05,Dallas Mavericks,DAL vs. GSW,W,1,108,41.0,30,9.0,9,17,0.476,0.762,0.353,2.0,22023
22301121,2024-04-05,Detroit Pistons,DET @ MEM,L,0,90,38.0,22,13.0,4,17,0.405,0.75,0.267,-18.0,22023
22301126,2024-04-05,Utah Jazz,UTA @ LAC,L,0,102,43.0,20,11.0,4,15,0.385,0.793,0.3,-29.0,22023
22301120,2024-04-05,Houston Rockets,HOU vs. MIA,L,0,104,45.0,25,7.0,2,9,0.378,0.88,0.318,-15.0,22023
22301115,2024-04-05,Charlotte Hornets,CHA vs. ORL,W,1,124,36.0,29,6.0,4,18,0.597,1.0,0.5,9.0,22023
22301118,2024-04-05,Sacramento Kings,SAC @ BOS,L,0,100,54.0,21,4.0,3,7,0.384,0.538,0.333,-1.0,22023
22301117,2024-04-05,Washington Wizards,WAS vs. POR,L,0,102,45.0,24,9.0,5,9,0.432,0.7,0.152,-6.0,22023
22301118,2024-04-05,Boston Celtics,BOS vs. SAC,W,1,101,51.0,25,6.0,4,7,0.427,0.722,0.273,1.0,22023
22301116,2024-04-05,Oklahoma City Thunder,OKC @ IND,L,0,112,39.0,24,8.0,6,15,0.488,0.833,0.267,-14.0,22023
22301097,2024-04-05,Golden State Warriors,GSW @ DAL,L,0,106,44.0,27,12.0,5,15,0.441,0.667,0.343,-2.0,22023
22301116,2024-04-05,Indiana Pacers,IND vs. OKC,W,1,126,39.0,30,8.0,5,13,0.523,0.905,0.429,14.0,22023
22301123,2024-04-05,San Antonio Spurs,SAS @ NOP,W,1,111,34.0,34,9.0,8,16,0.506,0.769,0.37,2.0,22023
22301122,2024-04-05,Milwaukee Bucks,MIL vs. TOR,L,0,111,45.0,21,8.0,6,13,0.436,0.81,0.286,-6.0,22023
22301120,2024-04-05,Miami Heat,MIA @ HOU,W,1,119,48.0,27,8.0,4,9,0.494,0.857,0.361,15.0,22023
22301126,2024-04-05,Los Angeles Clippers,LAC vs. UTA,W,1,131,51.0,32,9.0,4,14,0.56,0.889,0.371,29.0,22023
22301130,2024-04-06,Denver Nuggets,DEN vs. ATL,W,1,142,47.0,38,9.0,7,15,0.602,0.813,0.561,32.0,22023
22301127,2024-04-06,Cleveland Cavaliers,CLE @ LAL,L,0,97,40.0,24,11.0,3,18,0.433,0.667,0.314,-19.0,22023
22301128,2024-04-06,Detroit Pistons,DET @ BKN,L,0,103,28.0,25,9.0,2,7,0.457,0.5,0.436,-10.0,22023
22301128,2024-04-06,Brooklyn Nets,BKN vs. DET,W,1,113,48.0,20,3.0,7,18,0.521,0.788,0.407,10.0,22023
22301129,2024-04-06,Memphis Grizzlies,MEM vs. PHI,L,0,96,44.0,21,9.0,2,18,0.414,0.714,0.346,-20.0,22023
22301127,2024-04-06,Los Angeles Lakers,LAL vs. CLE,W,1,116,40.0,30,11.0,11,17,0.563,0.625,0.432,19.0,22023
22301129,2024-04-06,Philadelphia 76ers,PHI @ MEM,W,1,116,41.0,27,12.0,9,19,0.519,0.783,0.41,20.0,22023
22301130,2024-04-06,Atlanta Hawks,ATL @ DEN,L,0,110,38.0,30,8.0,2,16,0.425,0.828,0.324,-32.0,22023
22301140,2024-04-07,Philadelphia 76ers,PHI @ SAS,W,1,133,46.0,31,15.0,3,10,0.456,0.895,0.308,7.0,22023
22301136,2024-04-07,Orlando Magic,ORL vs. CHI,W,1,113,40.0,24,12.0,4,10,0.467,0.947,0.324,15.0,22023
22301140,2024-04-07,San Antonio Spurs,SAS vs. PHI,L,0,126,59.0,31,5.0,11,25,0.449,0.846,0.364,-7.0,22023
22301133,2024-04-07,Miami Heat,MIA @ IND,L,0,115,39.0,21,3.0,2,7,0.464,0.906,0.296,-2.0,22023
22301132,2024-04-07,Los Angeles Clippers,LAC vs. CLE,W,1,120,48.0,26,5.0,2,15,0.488,1.0,0.4,2.0,22023
22301135,2024-04-07,Oklahoma City Thunder,OKC @ CHA,W,1,121,36.0,33,14.0,4,16,0.517,0.765,0.5,3.0,22023
22301132,2024-04-07,Cleveland Cavaliers,CLE @ LAC,L,0,118,36.0,27,10.0,2,11,0.477,0.852,0.367,-2.0,22023
22301143,2024-04-07,Minnesota Timberwolves,MIN @ LAL,W,1,127,46.0,29,12.0,3,14,0.515,0.857,0.385,10.0,22023
22301131,2024-04-07,Houston Rockets,HOU @ DAL,L,0,136,32.0,31,11.0,6,10,0.495,0.771,0.415,-11.0,22023
22301134,2024-04-07,Portland Trail Blazers,POR @ BOS,L,0,107,53.0,26,8.0,2,14,0.392,1.0,0.368,-17.0,22023
22301138,2024-04-07,Phoenix Suns,PHX vs. NOP,L,0,105,38.0,30,7.0,8,15,0.448,0.929,0.359,-8.0,22023
22301141,2024-04-07,Sacramento Kings,SAC @ BKN,W,1,107,54.0,31,8.0,12,9,0.426,0.75,0.313,30.0,22023
22301133,2024-04-07,Indiana Pacers,IND vs. MIA,W,1,117,37.0,27,4.0,6,6,0.512,0.952,0.281,2.0,22023
22301141,2024-04-07,Brooklyn Nets,BKN vs. SAC,L,0,77,46.0,17,5.0,5,16,0.349,0.769,0.233,-30.0,22023
22301138,2024-04-07,New Orleans Pelicans,NOP @ PHX,W,1,113,42.0,26,8.0,7,12,0.471,0.895,0.41,8.0,22023
22301134,2024-04-07,Boston Celtics,BOS vs. POR,W,1,124,40.0,34,11.0,8,12,0.563,0.769,0.421,17.0,22023
22301139,2024-04-07,New York Knicks,NYK @ MIL,W,1,122,41.0,25,9.0,6,5,0.489,0.818,0.483,13.0,22023
22301139,2024-04-07,Milwaukee Bucks,MIL vs. NYK,L,0,109,38.0,27,3.0,7,14,0.467,0.844,0.353,-13.0,22023
22301142,2024-04-07,Utah Jazz,UTA @ GSW,L,0,110,29.0,21,4.0,6,11,0.47,0.81,0.429,-8.0,22023
22301131,2024-04-07,Dallas Mavericks,DAL vs. HOU,W,1,147,47.0,21,4.0,6,17,0.541,0.889,0.385,11.0,22023
22301137,2024-04-07,Washington Wizards,WAS @ TOR,L,0,122,43.0,29,9.0,11,15,0.472,0.733,0.4,-8.0,22023
22301136,2024-04-07,Chicago Bulls,CHI @ ORL,L,0,98,37.0,20,7.0,5,21,0.507,0.727,0.3,-15.0,22023
22301137,2024-04-07,Toronto Raptors,TOR vs. WAS,W,1,130,49.0,33,9.0,4,13,0.51,0.75,0.355,8.0,22023
22301135,2024-04-07,Charlotte Hornets,CHA vs. OKC,L,0,118,36.0,29,12.0,9,18,0.542,0.786,0.425,-3.0,22023
22301142,2024-04-07,Golden State Warriors,GSW vs. UTA,W,1,118,47.0,32,9.0,8,13,0.533,1.0,0.4,8.0,22023
22301143,2024-04-07,Los Angeles Lakers,LAL vs. MIN,L,0,117,41.0,27,10.0,2,15,0.464,0.875,0.355,-10.0,22023
22301156,2024-04-09,Phoenix Suns,PHX vs. LAC,L,0,92,38.0,17,16.0,7,8,0.337,0.857,0.229,-13.0,22023
22301145,2024-04-09,Philadelphia 76ers,PHI vs. DET,W,1,120,51.0,29,11.0,8,7,0.449,0.826,0.351,18.0,22023
22301148,2024-04-09,Milwaukee Bucks,MIL vs. BOS,W,1,104,49.0,29,6.0,5,16,0.531,0.5,0.472,13.0,22023
22301156,2024-04-09,Los Angeles Clippers,LAC @ PHX,W,1,105,63.0,28,5.0,3,18,0.471,1.0,0.462,13.0,22023
22301153,2024-04-09,Oklahoma City Thunder,OKC vs. SAC,W,1,112,42.0,21,11.0,8,13,0.488,0.742,0.367,7.0,22023
22301150,2024-04-09,Houston Rockets,HOU vs. ORL,W,1,118,37.0,29,8.0,7,12,0.523,0.722,0.429,12.0,22023
22301155,2024-04-09,Golden State Warriors,GSW @ LAL,W,1,134,42.0,37,3.0,12,15,0.588,0.667,0.634,14.0,22023
22301155,2024-04-09,Los Angeles Lakers,LAL vs. GSW,L,0,120,40.0,31,8.0,3,7,0.458,0.833,0.343,-14.0,22023
22301145,2024-04-09,Detroit Pistons,DET @ PHI,L,0,102,44.0,20,3.0,5,16,0.405,0.833,0.467,-18.0,22023
22301153,2024-04-09,Sacramento Kings,SAC @ OKC,L,0,105,56.0,23,8.0,4,17,0.344,0.731,0.345,-7.0,22023
22301146,2024-04-09,Toronto Raptors,TOR vs. IND,L,0,123,40.0,21,8.0,6,15,0.5,0.727,0.238,-17.0,22023
22301149,2024-04-09,Chicago Bulls,CHI vs. NYK,L,0,117,39.0,20,4.0,5,9,0.534,0.684,0.357,-11.0,22023
22301147,2024-04-09,Atlanta Hawks,ATL vs. MIA,L,0,111,59.0,28,13.0,2,15,0.398,0.786,0.217,-6.0,22023
22301157,2024-04-09,New Orleans Pelicans,NOP @ POR,W,1,110,45.0,25,13.0,2,9,0.414,0.931,0.306,10.0,22023
22301151,2024-04-09,San Antonio Spurs,SAS @ MEM,W,1,102,51.0,30,5.0,11,16,0.483,1.0,0.25,15.0,22023
22301147,2024-04-09,Miami Heat,MIA @ ATL,W,1,117,46.0,29,8.0,3,18,0.477,0.714,0.4,6.0,22023
22301149,2024-04-09,New York Knicks,NYK @ CHI,W,1,128,31.0,31,6.0,4,10,0.554,0.95,0.472,11.0,22023
22301146,2024-04-09,Indiana Pacers,IND @ TOR,W,1,140,44.0,33,9.0,8,13,0.545,0.696,0.356,17.0,22023
22301148,2024-04-09,Boston Celtics,BOS @ MIL,L,0,91,38.0,27,11.0,4,12,0.398,,0.327,-13.0,22023
22301154,2024-04-09,Utah Jazz,UTA vs. DEN,L,0,95,44.0,19,5.0,2,14,0.396,1.0,0.323,-16.0,22023
22301151,2024-04-09,Memphis Grizzlies,MEM vs. SAS,L,0,87,49.0,21,10.0,5,7,0.346,0.818,0.2,-15.0,22023
22301144,2024-04-09,Charlotte Hornets,CHA vs. DAL,L,0,104,39.0,24,8.0,3,11,0.438,0.762,0.313,-26.0,22023
22301150,2024-04-09,Orlando Magic,ORL @ HOU,L,0,106,42.0,23,9.0,6,14,0.453,0.913,0.292,-12.0,22023
22301157,2024-04-09,Portland Trail Blazers,POR vs. NOP,L,0,100,47.0,28,3.0,3,21,0.471,0.875,0.342,-10.0,22023
22301144,2024-04-09,Dallas Mavericks,DAL @ CHA,W,1,130,55.0,35,6.0,7,14,0.538,0.65,0.34,26.0,22023
22301154,2024-04-09,Denver Nuggets,DEN @ UTA,W,1,111,43.0,30,12.0,12,9,0.489,0.455,0.378,16.0,22023
22301152,2024-04-09,Washington Wizards,WAS @ MIN,L,0,121,41.0,26,5.0,4,13,0.494,0.765,0.465,-9.0,22023
22301152,2024-04-09,Minnesota Timberwolves,MIN vs. WAS,W,1,130,44.0,30,9.0,8,8,0.478,0.813,0.439,9.0,22023
22301158,2024-04-10,Memphis Grizzlies,MEM @ CLE,L,0,98,44.0,21,10.0,10,13,0.393,0.947,0.438,-12.0,22023
22301164,2024-04-10,Denver Nuggets,DEN vs. MIN,W,1,116,44.0,31,7.0,8,13,0.554,0.565,0.44,9.0,22023
22301163,2024-04-10,Oklahoma City Thunder,OKC vs. SAS,W,1,127,62.0,33,12.0,6,12,0.465,0.81,0.421,38.0,22023
22301159,2024-04-10,Atlanta Hawks,ATL vs. CHA,L,0,114,38.0,35,7.0,2,16,0.524,0.625,0.45,-1.0,22023
22301164,2024-04-10,Minnesota Timberwolves,MIN @ DEN,L,0,107,35.0,23,9.0,5,9,0.5,0.571,0.433,-9.0,22023
22301165,2024-04-10,Los Angeles Clippers,LAC vs. PHX,L,0,108,44.0,23,9.0,3,12,0.463,0.8,0.333,-16.0,22023
22301161,2024-04-10,Miami Heat,MIA vs. DAL,L,0,92,46.0,22,3.0,1,15,0.407,1.0,0.433,-19.0,22023
22301165,2024-04-10,Phoenix Suns,PHX @ LAC,W,1,124,48.0,29,8.0,6,13,0.484,0.933,0.36,16.0,22023
22301162,2024-04-10,Milwaukee Bucks,MIL vs. ORL,W,1,117,43.0,27,9.0,4,12,0.512,0.8,0.375,18.0,22023
22301159,2024-04-10,Charlotte Hornets,CHA @ ATL,W,1,115,33.0,25,11.0,2,13,0.506,0.955,0.389,1.0,22023
22301160,2024-04-10,Toronto Raptors,TOR @ BKN,L,0,102,45.0,19,8.0,5,9,0.372,0.889,0.4,-4.0,22023
22301161,2024-04-10,Dallas Mavericks,DAL @ MIA,W,1,111,39.0,27,8.0,8,7,0.494,0.769,0.341,19.0,22023
22301162,2024-04-10,Orlando Magic,ORL @ MIL,L,0,99,34.0,19,6.0,1,15,0.462,0.696,0.367,-18.0,22023
22301163,2024-04-10,San Antonio Spurs,SAS @ OKC,L,0,89,47.0,24,8.0,4,15,0.333,0.8,0.225,-38.0,22023
22301160,2024-04-10,Brooklyn Nets,BKN vs. TOR,W,1,106,56.0,25,4.0,15,13,0.442,0.792,0.306,4.0,22023
22301158,2024-04-10,Cleveland Cavaliers,CLE vs. MEM,W,1,110,47.0,27,11.0,10,13,0.451,0.724,0.405,12.0,22023
22301170,2024-04-11,New Orleans Pelicans,NOP @ SAC,W,1,135,40.0,35,7.0,2,13,0.57,0.833,0.55,12.0,22023
22301167,2024-04-11,New York Knicks,NYK @ BOS,W,1,118,52.0,24,7.0,4,12,0.495,0.6,0.389,9.0,22023
22301168,2024-04-11,Houston Rockets,HOU @ UTA,L,0,121,39.0,22,8.0,6,10,0.421,0.909,0.447,-3.0,22023
22301169,2024-04-11,Golden State Warriors,GSW @ POR,W,1,100,46.0,24,8.0,13,16,0.468,0.8,0.343,8.0,22023
22301169,2024-04-11,Portland Trail Blazers,POR vs. GSW,L,0,92,49.0,22,9.0,3,12,0.361,0.824,0.235,-8.0,22023
22301168,2024-04-11,Utah Jazz,UTA vs. HOU,W,1,124,49.0,27,8.0,7,14,0.506,0.815,0.359,3.0,22023
22301166,2024-04-11,Chicago Bulls,CHI @ DET,W,1,127,42.0,28,14.0,5,8,0.531,0.733,0.389,22.0,22023
22301166,2024-04-11,Detroit Pistons,DET vs. CHI,L,0,105,38.0,27,4.0,2,20,0.494,0.652,0.4,-22.0,22023
22301170,2024-04-11,Sacramento Kings,SAC vs. NOP,L,0,123,32.0,26,7.0,0,14,0.548,0.75,0.421,-12.0,22023
22301167,2024-04-11,Boston Celtics,BOS vs. NYK,L,0,109,36.0,25,7.0,12,12,0.465,0.813,0.381,-9.0,22023
22301181,2024-04-12,Detroit Pistons,DET @ DAL,W,1,107,40.0,23,11.0,7,6,0.484,0.778,0.258,18.0,22023
22301185,2024-04-12,Phoenix Suns,PHX @ SAC,W,1,108,41.0,25,4.0,4,18,0.526,0.941,0.375,1.0,22023
22301179,2024-04-12,Oklahoma City Thunder,OKC vs. MIL,W,1,125,38.0,29,13.0,5,10,0.528,0.9,0.342,18.0,22023
22301182,2024-04-12,New Orleans Pelicans,NOP @ GSW,W,1,114,38.0,24,11.0,5,8,0.467,0.625,0.526,5.0,22023
22301173,2024-04-12,Boston Celtics,BOS vs. CHA,W,1,131,53.0,34,12.0,1,6,0.519,0.692,0.341,33.0,22023
22301184,2024-04-12,Los Angeles Clippers,LAC vs. UTA,L,0,109,44.0,23,9.0,7,13,0.448,0.684,0.256,-1.0,22023
22301184,2024-04-12,Utah Jazz,UTA @ LAC,W,1,110,46.0,26,7.0,4,16,0.466,0.88,0.171,1.0,22023
22301174,2024-04-12,Cleveland Cavaliers,CLE vs. IND,W,1,129,41.0,28,9.0,2,9,0.526,0.696,0.406,9.0,22023
22301175,2024-04-12,Brooklyn Nets,BKN @ NYK,L,0,107,45.0,22,3.0,4,12,0.5,0.737,0.344,-4.0,22023
22301176,2024-04-12,Toronto Raptors,TOR @ MIA,L,0,103,41.0,23,1.0,1,17,0.481,0.864,0.323,-22.0,22023
22301172,2024-04-12,Washington Wizards,WAS vs. CHI,L,0,127,39.0,32,6.0,5,12,0.523,0.655,0.419,-2.0,22023
22301176,2024-04-12,Miami Heat,MIA vs. TOR,W,1,125,37.0,37,7.0,2,4,0.523,0.783,0.415,22.0,22023
22301172,2024-04-12,Chicago Bulls,CHI @ WAS,W,1,129,56.0,28,9.0,6,13,0.49,0.679,0.4,2.0,22023
22301179,2024-04-12,Milwaukee Bucks,MIL @ OKC,L,0,107,42.0,27,7.0,3,17,0.494,0.923,0.367,-18.0,22023
22301185,2024-04-12,Sacramento Kings,SAC vs. PHX,L,0,107,35.0,26,12.0,1,7,0.44,0.929,0.368,-1.0,22023
22301183,2024-04-12,Portland Trail Blazers,POR vs. HOU,L,0,107,48.0,20,4.0,5,7,0.389,0.724,0.343,-9.0,22023
22301173,2024-04-12,Charlotte Hornets,CHA @ BOS,L,0,98,33.0,20,3.0,7,19,0.421,0.864,0.429,-33.0,22023
22301174,2024-04-12,Indiana Pacers,IND @ CLE,L,0,120,39.0,37,7.0,2,13,0.517,0.864,0.281,-9.0,22023
22301183,2024-04-12,Houston Rockets,HOU @ POR,W,1,116,48.0,25,3.0,5,8,0.478,0.85,0.282,9.0,22023
22301177,2024-04-12,Memphis Grizzlies,MEM vs. LAL,L,0,120,42.0,19,14.0,2,13,0.453,0.81,0.436,-3.0,22023
22301178,2024-04-12,Atlanta Hawks,ATL @ MIN,L,0,106,40.0,23,4.0,1,14,0.444,0.68,0.3,-3.0,22023
22301175,2024-04-12,New York Knicks,NYK vs. BKN,W,1,111,31.0,21,10.0,3,5,0.458,0.84,0.467,4.0,22023
22301171,2024-04-12,Philadelphia 76ers,PHI vs. ORL,W,1,125,44.0,22,6.0,6,11,0.477,0.821,0.486,12.0,22023
22301178,2024-04-12,Minnesota Timberwolves,MIN vs. ATL,W,1,109,44.0,29,8.0,11,14,0.481,0.793,0.27,3.0,22023
22301181,2024-04-12,Dallas Mavericks,DAL vs. DET,L,0,89,49.0,20,5.0,5,20,0.434,0.75,0.276,-18.0,22023
22301177,2024-04-12,Los Angeles Lakers,LAL @ MEM,W,1,123,39.0,25,5.0,6,19,0.519,0.765,0.351,3.0,22023
22301180,2024-04-12,Denver Nuggets,DEN @ SAS,L,0,120,33.0,31,9.0,4,7,0.505,0.9,0.361,-1.0,22023
22301180,2024-04-12,San Antonio Spurs,SAS vs. DEN,W,1,121,49.0,31,2.0,4,18,0.529,0.696,0.455,1.0,22023
22301171,2024-04-12,Orlando Magic,ORL @ PHI,L,0,113,45.0,25,7.0,7,11,0.453,0.76,0.296,-12.0,22023
22301182,2024-04-12,Golden State Warriors,GSW vs. NOP,L,0,109,53.0,27,6.0,5,16,0.465,0.762,0.382,-5.0,22023
22301186,2024-04-14,Washington Wizards,WAS @ BOS,L,0,122,36.0,33,9.0,4,11,0.476,1.0,0.368,-10.0,22023
22301196,2024-04-14,Dallas Mavericks,DAL @ OKC,L,0,86,41.0,19,8.0,2,14,0.33,0.824,0.205,-49.0,22023
22301188,2024-04-14,Atlanta Hawks,ATL @ IND,L,0,115,32.0,25,6.0,5,15,0.438,0.926,0.333,-42.0,22023
22301186,2024-04-14,Boston Celtics,BOS vs. WAS,W,1,132,48.0,29,10.0,15,14,0.573,0.667,0.5,10.0,22023
22301189,2024-04-14,Toronto Raptors,TOR @ MIA,L,0,103,41.0,23,6.0,3,19,0.422,0.857,0.265,-15.0,22023
22301197,2024-04-14,San Antonio Spurs,SAS vs. DET,W,1,123,54.0,33,9.0,3,13,0.538,0.714,0.441,28.0,22023
22301188,2024-04-14,Indiana Pacers,IND vs. ATL,W,1,157,48.0,41,10.0,6,14,0.65,0.8,0.528,42.0,22023
22301193,2024-04-14,Denver Nuggets,DEN @ MEM,W,1,126,54.0,32,9.0,5,17,0.517,0.846,0.333,15.0,22023
22301191,2024-04-14,Milwaukee Bucks,MIL @ ORL,L,0,88,34.0,16,10.0,4,17,0.4,0.913,0.259,-25.0,22023
22301194,2024-04-14,Minnesota Timberwolves,MIN vs. PHX,L,0,106,36.0,22,7.0,5,24,0.514,0.806,0.346,-19.0,22023
22301200,2024-04-14,Sacramento Kings,SAC vs. POR,W,1,121,51.0,29,11.0,6,14,0.494,0.815,0.382,39.0,22023
22301199,2024-04-14,Houston Rockets,HOU @ LAC,W,1,116,59.0,31,7.0,8,18,0.485,0.357,0.289,11.0,22023
22301189,2024-04-14,Miami Heat,MIA vs. TOR,W,1,118,46.0,29,13.0,7,19,0.529,0.895,0.25,15.0,22023
22301193,2024-04-14,Memphis Grizzlies,MEM vs. DEN,L,0,111,43.0,22,9.0,2,13,0.45,0.722,0.242,-15.0,22023
22301199,2024-04-14,Los Angeles Clippers,LAC vs. HOU,L,0,105,51.0,23,13.0,8,12,0.394,0.882,0.216,-11.0,22023
22301190,2024-04-14,Chicago Bulls,CHI @ NYK,L,0,119,44.0,25,15.0,3,12,0.485,0.813,0.258,-1.0,22023
22301195,2024-04-14,Los Angeles Lakers,LAL @ NOP,W,1,124,39.0,32,12.0,3,14,0.552,0.944,0.379,16.0,22023
22301195,2024-04-14,New Orleans Pelicans,NOP vs. LAL,L,0,108,39.0,26,8.0,1,19,0.477,0.786,0.405,-16.0,22023
22301194,2024-04-14,Phoenix Suns,PHX @ MIN,W,1,125,32.0,28,13.0,3,12,0.547,0.833,0.552,19.0,22023
22301191,2024-04-14,Orlando Magic,ORL vs. MIL,W,1,113,43.0,27,11.0,5,11,0.494,0.947,0.314,25.0,22023
22301197,2024-04-14,Detroit Pistons,DET @ SAS,L,0,95,40.0,17,7.0,3,14,0.391,0.75,0.242,-28.0,22023
22301196,2024-04-14,Oklahoma City Thunder,OKC vs. DAL,W,1,135,58.0,38,6.0,6,14,0.557,0.813,0.412,49.0,22023
22301192,2024-04-14,Brooklyn Nets,BKN @ PHI,L,0,86,42.0,19,8.0,6,12,0.386,0.765,0.265,-21.0,22023
22301187,2024-04-14,Charlotte Hornets,CHA @ CLE,W,1,120,47.0,36,10.0,9,9,0.505,0.818,0.475,10.0,22023
22301192,2024-04-14,Philadelphia 76ers,PHI vs. BKN,W,1,107,57.0,30,8.0,6,12,0.427,0.733,0.318,21.0,22023
22301200,2024-04-14,Portland Trail Blazers,POR @ SAC,L,0,82,54.0,18,11.0,2,17,0.316,0.765,0.156,-39.0,22023
22301198,2024-04-14,Utah Jazz,UTA @ GSW,L,0,116,48.0,22,6.0,5,19,0.517,0.625,0.412,-7.0,22023
22301190,2024-04-14,New York Knicks,NYK vs. CHI,W,1,120,53.0,27,7.0,6,21,0.505,0.762,0.375,1.0,22023
22301198,2024-04-14,Golden State Warriors,GSW vs. UTA,W,1,123,42.0,35,10.0,6,9,0.479,0.826,0.326,7.0,22023
22301187,2024-04-14,Cleveland Cavaliers,CLE vs. CHA,L,0,110,43.0,30,4.0,1,14,0.473,0.667,0.485,-10.0,22023
22400062,2024-10-22,Minnesota Timberwolves,MIN @ LAL,L,0,103,47.0,17,4.0,1,15,0.412,0.741,0.317,-7.0,22024
22400061,2024-10-22,New York Knicks,NYK @ BOS,L,0,109,34.0,20,2.0,3,11,0.551,0.75,0.367,-23.0,22024
22400062,2024-10-22,Los Angeles Lakers,LAL vs. MIN,W,1,110,46.0,22,7.0,8,7,0.442,0.84,0.167,7.0,22024
22400061,2024-10-22,Boston Celtics,BOS vs. NYK,W,1,132,40.0,33,6.0,3,3,0.505,0.875,0.475,23.0,22024
22400068,2024-10-23,Houston Rockets,HOU vs. CHA,L,0,105,43.0,19,8.0,4,8,0.369,0.8,0.302,-5.0,22024
22400065,2024-10-23,Miami Heat,MIA vs. ORL,L,0,97,41.0,24,5.0,8,11,0.39,0.759,0.324,-19.0,22024
22400071,2024-10-23,Los Angeles Clippers,LAC vs. PHX,L,0,113,51.0,27,9.0,1,21,0.457,0.7,0.276,-3.0,22024
22400068,2024-10-23,Charlotte Hornets,CHA @ HOU,W,1,110,56.0,20,6.0,10,16,0.447,0.792,0.385,5.0,22024
22400065,2024-10-23,Orlando Magic,ORL @ MIA,W,1,116,57.0,28,8.0,8,11,0.427,0.727,0.367,19.0,22024
22400063,2024-10-23,Detroit Pistons,DET vs. IND,L,0,109,38.0,22,6.0,2,12,0.432,0.857,0.273,-6.0,22024
22400067,2024-10-23,Cleveland Cavaliers,CLE @ TOR,W,1,136,36.0,29,10.0,9,12,0.586,0.769,0.467,30.0,22024
22400066,2024-10-23,Milwaukee Bucks,MIL @ PHI,W,1,124,46.0,27,4.0,9,14,0.538,0.71,0.432,15.0,22024
22400072,2024-10-23,Golden State Warriors,GSW @ POR,W,1,140,57.0,38,13.0,5,17,0.516,0.8,0.417,36.0,22024
22400070,2024-10-23,Memphis Grizzlies,MEM @ UTA,W,1,126,41.0,28,7.0,5,12,0.473,0.719,0.378,2.0,22024
22400064,2024-10-23,Atlanta Hawks,ATL vs. BKN,W,1,120,45.0,25,12.0,9,16,0.488,0.717,0.321,4.0,22024
22400063,2024-10-23,Indiana Pacers,IND @ DET,W,1,115,39.0,32,10.0,8,15,0.506,0.88,0.29,6.0,22024
22400072,2024-10-23,Portland Trail Blazers,POR vs. GSW,L,0,104,42.0,21,10.0,4,17,0.391,0.8,0.235,-36.0,22024
22400067,2024-10-23,Toronto Raptors,TOR vs. CLE,L,0,106,38.0,25,8.0,6,18,0.419,0.759,0.387,-30.0,22024
22400066,2024-10-23,Philadelphia 76ers,PHI vs. MIL,L,0,109,49.0,18,4.0,2,10,0.418,0.704,0.258,-15.0,22024
22400069,2024-10-23,Chicago Bulls,CHI @ NOP,L,0,111,47.0,26,4.0,2,21,0.488,0.68,0.294,-12.0,22024
22400070,2024-10-23,Utah Jazz,UTA vs. MEM,L,0,124,49.0,21,7.0,9,14,0.471,0.756,0.385,-2.0,22024
22400071,2024-10-23,Phoenix Suns,PHX @ LAC,W,1,116,42.0,25,12.0,9,22,0.487,0.735,0.395,3.0,22024
22400064,2024-10-23,Brooklyn Nets,BKN @ ATL,L,0,116,43.0,21,8.0,6,17,0.44,0.76,0.395,-4.0,22024
22400069,2024-10-23,New Orleans Pelicans,NOP vs. CHI,W,1,123,42.0,29,15.0,10,11,0.464,0.905,0.378,12.0,22024
22400075,2024-10-24,Oklahoma City Thunder,OKC @ DEN,W,1,102,49.0,23,9.0,13,12,0.426,0.667,0.222,15.0,22024
22400074,2024-10-24,Dallas Mavericks,DAL vs. SAS,W,1,120,50.0,27,9.0,5,9,0.412,0.739,0.432,11.0,22024
22400076,2024-10-24,Minnesota Timberwolves,MIN @ SAC,W,1,117,42.0,24,3.0,2,16,0.477,0.882,0.4,2.0,22024
22400074,2024-10-24,San Antonio Spurs,SAS @ DAL,L,0,109,52.0,30,6.0,5,19,0.453,0.792,0.333,-11.0,22024
22400073,2024-10-24,Washington Wizards,WAS vs. BOS,L,0,102,40.0,27,9.0,6,13,0.432,0.722,0.194,-20.0,22024
22400075,2024-10-24,Denver Nuggets,DEN vs. OKC,L,0,87,57.0,29,11.0,7,15,0.357,0.714,0.184,-15.0,22024
22400073,2024-10-24,Boston Celtics,BOS @ WAS,W,1,122,49.0,21,7.0,3,14,0.467,0.778,0.378,20.0,22024
22400076,2024-10-24,Sacramento Kings,SAC vs. MIN,L,0,115,38.0,21,7.0,2,9,0.463,0.8,0.379,-2.0,22024
22400079,2024-10-25,Charlotte Hornets,CHA @ ATL,L,0,120,53.0,22,7.0,4,17,0.385,0.806,0.412,-5.0,22024
22400082,2024-10-25,Memphis Grizzlies,MEM @ HOU,L,0,108,43.0,24,8.0,8,17,0.418,0.611,0.357,-20.0,22024
22400079,2024-10-25,Atlanta Hawks,ATL vs. CHA,W,1,125,39.0,25,11.0,9,13,0.481,0.868,0.368,5.0,22024
22400081,2024-10-25,Indiana Pacers,IND @ NYK,L,0,98,33.0,28,8.0,6,15,0.494,0.65,0.1,-25.0,22024
22400081,2024-10-25,New York Knicks,NYK vs. IND,W,1,123,43.0,19,5.0,4,11,0.524,0.793,0.444,25.0,22024
22400077,2024-10-25,Orlando Magic,ORL vs. BKN,W,1,116,39.0,28,10.0,7,12,0.52,0.697,0.5,15.0,22024
22400078,2024-10-25,Philadelphia 76ers,PHI @ TOR,L,0,107,28.0,19,11.0,5,16,0.382,0.755,0.31,-8.0,22024
22400085,2024-10-25,Los Angeles Lakers,LAL vs. PHX,W,1,123,37.0,33,10.0,5,12,0.533,0.744,0.519,7.0,22024
22400084,2024-10-25,Golden State Warriors,GSW @ UTA,W,1,127,60.0,35,15.0,6,13,0.481,0.833,0.4,41.0,22024
22400082,2024-10-25,Houston Rockets,HOU vs. MEM,W,1,128,64.0,20,10.0,4,17,0.439,0.694,0.395,20.0,22024
22400080,2024-10-25,Detroit Pistons,DET @ CLE,L,0,101,42.0,25,3.0,5,22,0.469,0.706,0.406,-12.0,22024
22400083,2024-10-25,Chicago Bulls,CHI @ MIL,W,1,133,46.0,30,10.0,4,9,0.479,0.87,0.447,11.0,22024
22400084,2024-10-25,Utah Jazz,UTA vs. GSW,L,0,86,45.0,18,8.0,5,22,0.315,0.731,0.214,-41.0,22024
22400086,2024-10-25,Portland Trail Blazers,POR vs. NOP,L,0,103,48.0,26,7.0,11,19,0.411,0.8,0.351,-2.0,22024
22400078,2024-10-25,Toronto Raptors,TOR vs. PHI,W,1,115,54.0,25,11.0,13,26,0.461,0.848,0.261,8.0,22024
22400083,2024-10-25,Milwaukee Bucks,MIL vs. CHI,L,0,122,47.0,24,5.0,3,14,0.495,0.68,0.325,-11.0,22024
22400080,2024-10-25,Cleveland Cavaliers,CLE vs. DET,W,1,113,39.0,28,13.0,4,12,0.512,0.696,0.382,12.0,22024
22400086,2024-10-25,New Orleans Pelicans,NOP @ POR,W,1,105,44.0,25,12.0,8,14,0.419,0.677,0.375,2.0,22024
22400085,2024-10-25,Phoenix Suns,PHX @ LAL,L,0,116,34.0,35,8.0,4,16,0.512,0.882,0.459,-7.0,22024
22400077,2024-10-25,Brooklyn Nets,BKN @ ORL,L,0,101,37.0,22,7.0,3,17,0.422,0.81,0.378,-15.0,22024
22400096,2024-10-26,Los Angeles Lakers,LAL vs. SAC,W,1,131,45.0,32,8.0,3,19,0.522,0.875,0.412,4.0,22024
22400089,2024-10-26,Detroit Pistons,DET vs. BOS,L,0,118,44.0,27,4.0,7,14,0.489,0.818,0.359,-6.0,22024
22400093,2024-10-26,Toronto Raptors,TOR @ MIN,L,0,101,46.0,29,9.0,4,20,0.456,0.692,0.345,-11.0,22024
22400091,2024-10-26,Chicago Bulls,CHI vs. OKC,L,0,95,61.0,23,6.0,2,26,0.348,0.727,0.283,-19.0,22024
22400093,2024-10-26,Minnesota Timberwolves,MIN vs. TOR,W,1,112,41.0,29,9.0,8,13,0.47,0.769,0.378,11.0,22024
22400096,2024-10-26,Sacramento Kings,SAC @ LAL,L,0,127,32.0,32,12.0,5,14,0.511,0.88,0.341,-4.0,22024
22400095,2024-10-26,Phoenix Suns,PHX vs. DAL,W,1,114,47.0,26,3.0,4,11,0.45,0.757,0.359,12.0,22024
22400088,2024-10-26,Miami Heat,MIA @ CHA,W,1,114,43.0,33,8.0,6,13,0.465,0.714,0.412,8.0,22024
22400088,2024-10-26,Charlotte Hornets,CHA vs. MIA,L,0,106,46.0,20,6.0,5,17,0.438,0.714,0.317,-8.0,22024
22400094,2024-10-26,San Antonio Spurs,SAS vs. HOU,W,1,109,49.0,23,6.0,7,17,0.494,0.821,0.4,3.0,22024
22400087,2024-10-26,Denver Nuggets,DEN vs. LAC,L,0,104,37.0,20,13.0,4,10,0.402,0.833,0.4,-5.0,22024
22400092,2024-10-26,Memphis Grizzlies,MEM vs. ORL,W,1,124,42.0,38,10.0,5,18,0.535,0.792,0.382,13.0,22024
22400090,2024-10-26,Washington Wizards,WAS vs. CLE,L,0,116,46.0,25,6.0,9,15,0.385,0.844,0.349,-19.0,22024
22400089,2024-10-26,Boston Celtics,BOS @ DET,W,1,124,37.0,19,10.0,6,10,0.422,0.867,0.458,6.0,22024
22400090,2024-10-26,Cleveland Cavaliers,CLE @ WAS,W,1,135,48.0,27,13.0,10,16,0.534,0.676,0.462,19.0,22024
22400087,2024-10-26,Los Angeles Clippers,LAC @ DEN,W,1,109,44.0,30,4.0,5,16,0.488,0.81,0.364,5.0,22024
22400094,2024-10-26,Houston Rockets,HOU @ SAS,L,0,106,34.0,21,10.0,3,10,0.413,0.81,0.317,-3.0,22024
22400092,2024-10-26,Orlando Magic,ORL @ MEM,L,0,111,41.0,21,10.0,6,19,0.425,0.714,0.354,-13.0,22024
22400095,2024-10-26,Dallas Mavericks,DAL @ PHX,L,0,102,46.0,22,6.0,2,8,0.398,0.833,0.317,-12.0,22024
22400091,2024-10-26,Oklahoma City Thunder,OKC @ CHI,W,1,114,54.0,21,15.0,5,10,0.421,0.8,0.2,19.0,22024
22400100,2024-10-27,Oklahoma City Thunder,OKC vs. ATL,W,1,128,45.0,26,13.0,12,10,0.494,0.75,0.4,24.0,22024
22400099,2024-10-27,Portland Trail Blazers,POR vs. NOP,W,1,125,51.0,25,9.0,8,16,0.462,0.781,0.4,22.0,22024
22400099,2024-10-27,New Orleans Pelicans,NOP @ POR,L,0,103,39.0,24,9.0,8,15,0.432,0.792,0.276,-22.0,22024
22400097,2024-10-27,Philadelphia 76ers,PHI @ IND,W,1,118,54.0,15,9.0,4,19,0.429,0.742,0.262,4.0,22024
22400101,2024-10-27,Golden State Warriors,GSW vs. LAC,L,0,104,47.0,19,10.0,5,21,0.432,0.636,0.326,-8.0,22024
22400101,2024-10-27,Los Angeles Clippers,LAC @ GSW,W,1,112,48.0,27,11.0,2,18,0.467,0.783,0.313,8.0,22024
22400098,2024-10-27,Milwaukee Bucks,MIL @ BKN,L,0,102,43.0,20,7.0,3,18,0.446,0.839,0.303,-13.0,22024
22400097,2024-10-27,Indiana Pacers,IND vs. PHI,L,0,114,37.0,28,8.0,4,19,0.464,0.676,0.406,-4.0,22024
22400100,2024-10-27,Atlanta Hawks,ATL @ OKC,L,0,104,49.0,24,7.0,4,19,0.396,0.759,0.323,-24.0,22024
22400098,2024-10-27,Brooklyn Nets,BKN vs. MIL,W,1,115,47.0,23,9.0,3,12,0.429,0.913,0.356,13.0,22024
22400102,2024-10-28,Indiana Pacers,IND @ ORL,L,0,115,44.0,25,7.0,4,12,0.466,0.667,0.448,-4.0,22024
22400112,2024-10-28,Portland Trail Blazers,POR @ SAC,L,0,98,46.0,17,5.0,4,17,0.422,0.8,0.182,-13.0,22024
22400107,2024-10-28,Toronto Raptors,TOR vs. DEN,L,0,125,54.0,30,7.0,7,15,0.45,0.81,0.286,-2.0,22024
22400104,2024-10-28,Milwaukee Bucks,MIL @ BOS,L,0,108,43.0,18,7.0,6,16,0.451,0.839,0.258,-11.0,22024
22400104,2024-10-28,Boston Celtics,BOS vs. MIL,W,1,119,38.0,24,5.0,5,12,0.494,0.789,0.383,11.0,22024
22400109,2024-10-28,San Antonio Spurs,SAS vs. HOU,L,0,101,49.0,22,6.0,6,17,0.425,0.81,0.303,-5.0,22024
22400110,2024-10-28,Utah Jazz,UTA @ DAL,L,0,102,50.0,24,7.0,5,13,0.37,0.828,0.286,-8.0,22024
22400103,2024-10-28,Washington Wizards,WAS @ ATL,W,1,121,43.0,24,7.0,3,18,0.451,0.818,0.477,2.0,22024
22400106,2024-10-28,Cleveland Cavaliers,CLE @ NYK,W,1,110,41.0,21,10.0,5,13,0.476,0.833,0.333,6.0,22024
22400105,2024-10-28,Miami Heat,MIA vs. DET,W,1,106,44.0,24,14.0,3,9,0.432,0.75,0.319,8.0,22024
22400112,2024-10-28,Sacramento Kings,SAC vs. POR,W,1,111,40.0,25,8.0,6,14,0.457,0.92,0.4,13.0,22024
22400107,2024-10-28,Denver Nuggets,DEN @ TOR,W,1,127,52.0,29,6.0,6,16,0.49,0.8,0.45,2.0,22024
22400105,2024-10-28,Detroit Pistons,DET @ MIA,L,0,98,54.0,14,6.0,6,16,0.385,0.824,0.368,-8.0,22024
22400103,2024-10-28,Atlanta Hawks,ATL vs. WAS,L,0,119,39.0,32,12.0,7,16,0.481,0.722,0.375,-2.0,22024
22400109,2024-10-28,Houston Rockets,HOU @ SAS,W,1,106,43.0,20,6.0,2,12,0.412,0.875,0.405,5.0,22024
22400110,2024-10-28,Dallas Mavericks,DAL vs. UTA,W,1,110,50.0,27,9.0,12,13,0.453,0.765,0.282,8.0,22024
22400102,2024-10-28,Orlando Magic,ORL vs. IND,W,1,119,46.0,26,7.0,6,15,0.47,0.737,0.317,4.0,22024
22400106,2024-10-28,New York Knicks,NYK vs. CLE,L,0,104,43.0,22,8.0,3,16,0.444,0.833,0.321,-6.0,22024
22400108,2024-10-28,Memphis Grizzlies,MEM vs. CHI,L,0,123,60.0,37,5.0,9,10,0.459,0.538,0.326,-3.0,22024
22400111,2024-10-28,Phoenix Suns,PHX vs. LAL,W,1,109,46.0,21,7.0,11,10,0.46,0.9,0.306,4.0,22024
22400111,2024-10-28,Los Angeles Lakers,LAL @ PHX,L,0,105,46.0,25,5.0,6,11,0.415,0.722,0.438,-4.0,22024
22400108,2024-10-28,Chicago Bulls,CHI @ MEM,W,1,126,50.0,36,5.0,6,9,0.45,0.647,0.472,3.0,22024
22400113,2024-10-29,Brooklyn Nets,BKN vs. DEN,L,0,139,41.0,37,4.0,6,8,0.51,0.778,0.385,-5.0,22024
22400116,2024-10-29,Golden State Warriors,GSW vs. NOP,W,1,124,34.0,34,15.0,9,7,0.474,0.846,0.457,18.0,22024
22400114,2024-10-29,Minnesota Timberwolves,MIN vs. DAL,L,0,114,42.0,33,5.0,2,20,0.506,0.654,0.487,-6.0,22024
22400115,2024-10-29,Sacramento Kings,SAC @ UTA,W,1,113,49.0,26,9.0,9,11,0.522,0.643,0.258,17.0,22024
22400115,2024-10-29,Utah Jazz,UTA vs. SAC,L,0,96,42.0,24,7.0,4,17,0.393,0.857,0.292,-17.0,22024
22400114,2024-10-29,Dallas Mavericks,DAL @ MIN,W,1,120,40.0,25,12.0,2,9,0.484,0.778,0.41,6.0,22024
22400116,2024-10-29,New Orleans Pelicans,NOP @ GSW,L,0,106,44.0,23,4.0,6,23,0.541,0.708,0.409,-18.0,22024
22400113,2024-10-29,Denver Nuggets,DEN @ BKN,W,1,144,43.0,31,3.0,4,5,0.517,0.83,0.481,5.0,22024
22400125,2024-10-30,San Antonio Spurs,SAS @ OKC,L,0,93,52.0,22,6.0,6,22,0.412,0.846,0.333,-12.0,22024
22400121,2024-10-30,Atlanta Hawks,ATL @ WAS,L,0,120,41.0,28,10.0,3,15,0.474,0.857,0.308,-13.0,22024
22400123,2024-10-30,Orlando Magic,ORL @ CHI,L,0,99,42.0,25,9.0,8,12,0.407,0.9,0.239,-3.0,22024
22400127,2024-10-30,Los Angeles Clippers,LAC vs. POR,L,0,105,49.0,26,10.0,5,13,0.456,0.556,0.361,-1.0,22024
22400124,2024-10-30,Memphis Grizzlies,MEM vs. BKN,L,0,106,38.0,27,9.0,3,22,0.469,0.759,0.296,-13.0,22024
22400119,2024-10-30,Indiana Pacers,IND vs. BOS,W,1,135,57.0,33,10.0,5,18,0.481,0.833,0.395,3.0,22024
22400119,2024-10-30,Boston Celtics,BOS @ IND,L,0,132,51.0,23,11.0,5,14,0.404,0.806,0.333,-3.0,22024
22400125,2024-10-30,Oklahoma City Thunder,OKC vs. SAS,W,1,105,39.0,28,18.0,6,10,0.461,0.75,0.415,12.0,22024
22400122,2024-10-30,Miami Heat,MIA vs. NYK,L,0,107,39.0,27,6.0,3,10,0.457,0.667,0.425,-9.0,22024
22400127,2024-10-30,Portland Trail Blazers,POR @ LAC,W,1,106,47.0,19,9.0,6,12,0.446,0.833,0.424,1.0,22024
22400126,2024-10-30,Golden State Warriors,GSW vs. NOP,W,1,104,42.0,32,5.0,9,13,0.471,0.692,0.342,15.0,22024
22400117,2024-10-30,Charlotte Hornets,CHA vs. TOR,W,1,138,38.0,31,9.0,8,15,0.521,0.8,0.444,5.0,22024
22400118,2024-10-30,Los Angeles Lakers,LAL @ CLE,L,0,110,37.0,21,6.0,0,20,0.494,0.848,0.214,-24.0,22024
22400123,2024-10-30,Chicago Bulls,CHI vs. ORL,W,1,102,54.0,23,6.0,2,14,0.429,0.68,0.382,3.0,22024
22400120,2024-10-30,Philadelphia 76ers,PHI vs. DET,L,0,95,37.0,17,7.0,4,9,0.418,0.75,0.286,-10.0,22024
22400120,2024-10-30,Detroit Pistons,DET @ PHI,W,1,105,49.0,23,4.0,5,16,0.462,0.818,0.417,10.0,22024
22400126,2024-10-30,New Orleans Pelicans,NOP @ GSW,L,0,89,49.0,24,7.0,6,14,0.367,0.6,0.306,-15.0,22024
22400121,2024-10-30,Washington Wizards,WAS vs. ATL,W,1,133,37.0,32,10.0,5,14,0.528,0.92,0.421,13.0,22024
22400122,2024-10-30,New York Knicks,NYK @ MIA,W,1,116,42.0,30,8.0,4,9,0.488,0.9,0.45,9.0,22024
22400118,2024-10-30,Cleveland Cavaliers,CLE vs. LAL,W,1,134,36.0,37,14.0,2,12,0.577,0.625,0.415,24.0,22024
22400124,2024-10-30,Brooklyn Nets,BKN @ MEM,W,1,119,34.0,27,10.0,2,15,0.513,0.88,0.366,13.0,22024
22400117,2024-10-30,Toronto Raptors,TOR @ CHA,L,0,133,41.0,37,9.0,5,14,0.571,0.667,0.321,-5.0,22024
22400129,2024-10-31,Houston Rockets,HOU @ DAL,W,1,108,50.0,21,4.0,4,8,0.412,0.741,0.235,6.0,22024
22400131,2024-10-31,Phoenix Suns,PHX @ LAC,W,1,125,39.0,29,12.0,4,12,0.512,0.821,0.462,6.0,22024
22400130,2024-10-31,Utah Jazz,UTA vs. SAS,L,0,88,53.0,19,6.0,6,26,0.39,0.895,0.219,-18.0,22024
22400128,2024-10-31,Memphis Grizzlies,MEM vs. MIL,W,1,122,56.0,26,6.0,3,16,0.524,0.903,0.286,23.0,22024
22400128,2024-10-31,Milwaukee Bucks,MIL @ MEM,L,0,99,38.0,20,10.0,4,10,0.427,0.421,0.214,-23.0,22024
22400129,2024-10-31,Dallas Mavericks,DAL vs. HOU,L,0,102,37.0,21,6.0,7,10,0.459,0.7,0.333,-6.0,22024
22400130,2024-10-31,San Antonio Spurs,SAS @ UTA,W,1,106,42.0,25,17.0,7,11,0.413,0.783,0.279,18.0,22024
22400131,2024-10-31,Los Angeles Clippers,LAC vs. PHX,L,0,119,48.0,27,8.0,8,14,0.484,0.81,0.343,-6.0,22024
22400137,2024-11-01,Los Angeles Lakers,LAL @ TOR,W,1,131,43.0,29,6.0,5,10,0.477,0.878,0.344,6.0,22024
22400133,2024-11-01,Cleveland Cavaliers,CLE vs. ORL,W,1,120,49.0,25,6.0,4,12,0.506,0.85,0.395,11.0,22024
22400140,2024-11-01,Portland Trail Blazers,POR vs. OKC,L,0,114,36.0,27,8.0,5,19,0.47,0.677,0.429,-23.0,22024
22400138,2024-11-01,Indiana Pacers,IND @ NOP,L,0,118,39.0,35,3.0,3,14,0.517,0.769,0.421,-7.0,22024
22400135,2024-11-01,Sacramento Kings,SAC @ ATL,W,1,123,51.0,28,9.0,4,14,0.483,0.867,0.333,8.0,22024
22400134,2024-11-01,Detroit Pistons,DET vs. NYK,L,0,98,38.0,23,6.0,9,22,0.506,0.714,0.324,-30.0,22024
22400134,2024-11-01,New York Knicks,NYK @ DET,W,1,128,45.0,31,16.0,3,9,0.515,0.6,0.474,30.0,22024
22400132,2024-11-01,Charlotte Hornets,CHA vs. BOS,L,0,109,42.0,20,5.0,5,14,0.462,0.5,0.396,-15.0,22024
22400138,2024-11-01,New Orleans Pelicans,NOP vs. IND,W,1,125,46.0,28,8.0,4,6,0.485,0.789,0.387,7.0,22024
22400132,2024-11-01,Boston Celtics,BOS @ CHA,W,1,124,41.0,21,12.0,5,10,0.477,0.829,0.31,15.0,22024
22400140,2024-11-01,Oklahoma City Thunder,OKC @ POR,W,1,137,45.0,31,14.0,9,13,0.537,0.842,0.388,23.0,22024
22400136,2024-11-01,Chicago Bulls,CHI @ BKN,L,0,112,44.0,24,5.0,3,16,0.432,0.792,0.386,-8.0,22024
22400136,2024-11-01,Brooklyn Nets,BKN vs. CHI,W,1,120,46.0,34,11.0,6,10,0.521,0.846,0.306,8.0,22024
22400139,2024-11-01,Minnesota Timberwolves,MIN vs. DEN,W,1,119,38.0,34,8.0,9,16,0.518,0.833,0.429,3.0,22024
22400133,2024-11-01,Orlando Magic,ORL @ CLE,L,0,109,39.0,26,10.0,4,14,0.456,0.667,0.333,-11.0,22024
22400139,2024-11-01,Denver Nuggets,DEN @ MIN,L,0,116,46.0,30,11.0,2,13,0.446,0.793,0.344,-3.0,22024
22400135,2024-11-01,Atlanta Hawks,ATL vs. SAC,L,0,115,40.0,30,8.0,4,13,0.446,0.778,0.38,-8.0,22024
22400137,2024-11-01,Toronto Raptors,TOR vs. LAL,L,0,125,44.0,35,4.0,6,11,0.486,0.846,0.286,-6.0,22024
22400143,2024-11-02,Toronto Raptors,TOR vs. SAC,W,1,131,46.0,31,13.0,3,19,0.484,0.71,0.459,3.0,22024
22400146,2024-11-02,Minnesota Timberwolves,MIN @ SAS,L,0,103,32.0,21,7.0,2,12,0.476,0.7,0.297,-10.0,22024
22400143,2024-11-02,Sacramento Kings,SAC @ TOR,L,0,128,49.0,21,16.0,3,18,0.46,0.813,0.25,-3.0,22024
22400142,2024-11-02,Philadelphia 76ers,PHI vs. MEM,L,0,107,33.0,22,11.0,5,14,0.404,0.8,0.413,-17.0,22024
22400147,2024-11-02,Miami Heat,MIA @ WAS,W,1,118,65.0,19,6.0,3,13,0.422,0.708,0.405,20.0,22024
22400150,2024-11-02,Los Angeles Clippers,LAC vs. OKC,L,0,92,50.0,23,10.0,7,20,0.405,0.654,0.314,-13.0,22024
22400150,2024-11-02,Oklahoma City Thunder,OKC @ LAC,W,1,105,41.0,25,11.0,3,12,0.429,0.895,0.41,13.0,22024
22400144,2024-11-02,Golden State Warriors,GSW @ HOU,W,1,127,47.0,26,5.0,4,14,0.513,0.64,0.469,6.0,22024
22400145,2024-11-02,Milwaukee Bucks,MIL vs. CLE,L,0,113,45.0,24,3.0,3,13,0.483,0.6,0.462,-1.0,22024
22400149,2024-11-02,Portland Trail Blazers,POR @ PHX,L,0,97,56.0,17,10.0,5,6,0.333,0.818,0.326,-6.0,22024
22400141,2024-11-02,Charlotte Hornets,CHA vs. BOS,L,0,103,34.0,24,10.0,1,13,0.44,0.667,0.405,-10.0,22024
22400147,2024-11-02,Washington Wizards,MIA @ WAS,L,0,98,44.0,23,12.0,10,11,0.418,0.714,0.2,-20.0,22024
22400149,2024-11-02,Phoenix Suns,PHX vs. POR,W,1,103,63.0,29,4.0,8,12,0.376,0.727,0.327,6.0,22024
22400148,2024-11-02,Utah Jazz,UTA @ DEN,L,0,103,39.0,24,7.0,8,22,0.416,0.839,0.31,-26.0,22024
22400146,2024-11-02,San Antonio Spurs,SAS vs. MIN,W,1,113,44.0,32,6.0,5,11,0.518,0.824,0.31,10.0,22024
22400141,2024-11-02,Boston Celtics,BOS @ CHA,W,1,113,44.0,23,4.0,4,15,0.439,0.893,0.308,10.0,22024
22400145,2024-11-02,Cleveland Cavaliers,CLE @ MIL,W,1,114,45.0,31,3.0,2,7,0.484,0.733,0.395,1.0,22024
22400148,2024-11-02,Denver Nuggets,DEN vs. UTA,W,1,129,52.0,33,14.0,1,17,0.485,0.739,0.5,26.0,22024
22400144,2024-11-02,Houston Rockets,HOU vs. GSW,L,0,121,49.0,27,10.0,6,11,0.411,0.75,0.333,-6.0,22024
22400142,2024-11-02,Memphis Grizzlies,MEM @ PHI,W,1,124,52.0,35,9.0,6,16,0.552,0.762,0.444,17.0,22024
22400151,2024-11-03,Detroit Pistons,DET @ BKN,W,1,106,47.0,25,4.0,6,17,0.481,0.808,0.306,14.0,22024
22400152,2024-11-03,New Orleans Pelicans,NOP vs. ATL,L,0,111,43.0,22,6.0,3,18,0.433,0.85,0.421,-15.0,22024
22400151,2024-11-03,Brooklyn Nets,BKN vs. DET,L,0,92,27.0,23,9.0,3,13,0.451,0.613,0.29,-14.0,22024
22400153,2024-11-03,Orlando Magic,ORL @ DAL,L,0,85,43.0,19,8.0,4,14,0.333,0.789,0.195,-23.0,22024
22400152,2024-11-03,Atlanta Hawks,ATL @ NOP,W,1,126,41.0,29,10.0,3,16,0.568,0.917,0.417,15.0,22024
22400153,2024-11-03,Dallas Mavericks,DAL vs. ORL,W,1,108,53.0,25,8.0,5,18,0.494,0.609,0.313,23.0,22024
22400158,2024-11-04,Memphis Grizzlies,MEM @ BKN,L,0,104,44.0,29,5.0,8,14,0.473,0.769,0.267,-2.0,22024
22400167,2024-11-04,Philadelphia 76ers,PHI @ PHX,L,0,116,38.0,27,10.0,4,14,0.46,0.889,0.392,-2.0,22024
22400160,2024-11-04,Chicago Bulls,CHI vs. UTA,L,0,126,36.0,36,7.0,7,9,0.474,0.88,0.378,-9.0,22024
22400163,2024-11-04,Orlando Magic,ORL @ OKC,L,0,86,41.0,20,12.0,5,18,0.354,0.852,0.147,-16.0,22024
22400156,2024-11-04,Los Angeles Lakers,LAL @ DET,L,0,103,37.0,28,8.0,1,13,0.435,0.741,0.36,-12.0,22024
22400158,2024-11-04,Brooklyn Nets,BKN vs. MEM,W,1,106,37.0,28,7.0,1,13,0.476,0.722,0.361,2.0,22024
22400166,2024-11-04,Toronto Raptors,TOR @ DEN,L,0,119,41.0,38,12.0,3,13,0.456,0.667,0.333,-2.0,22024
22400157,2024-11-04,Atlanta Hawks,ATL vs. BOS,L,0,93,43.0,23,9.0,3,19,0.416,0.813,0.194,-30.0,22024
22400154,2024-11-04,Milwaukee Bucks,MIL @ CLE,L,0,114,49.0,21,6.0,6,14,0.488,0.867,0.486,-2.0,22024
22400164,2024-11-04,New Orleans Pelicans,NOP vs. POR,L,0,100,34.0,24,5.0,3,12,0.452,0.875,0.286,-18.0,22024
22400162,2024-11-04,Charlotte Hornets,CHA @ MIN,L,0,93,38.0,19,10.0,1,14,0.398,0.813,0.238,-21.0,22024
22400165,2024-11-04,Dallas Mavericks,DAL vs. IND,L,0,127,38.0,29,4.0,3,8,0.517,0.8,0.417,-7.0,22024
22400162,2024-11-04,Minnesota Timberwolves,MIN vs. CHA,W,1,114,45.0,23,7.0,8,15,0.494,0.692,0.474,21.0,22024
22400161,2024-11-04,Houston Rockets,HOU vs. NYK,W,1,109,50.0,21,4.0,6,10,0.489,0.833,0.242,12.0,22024
22400168,2024-11-04,San Antonio Spurs,SAS @ LAC,L,0,104,45.0,22,9.0,10,10,0.442,0.895,0.268,-9.0,22024
22400160,2024-11-04,Utah Jazz,UTA @ CHI,W,1,135,49.0,35,3.0,6,12,0.539,0.767,0.444,9.0,22024
22400154,2024-11-04,Cleveland Cavaliers,CLE vs. MIL,W,1,116,39.0,28,10.0,4,10,0.505,0.538,0.459,2.0,22024
22400164,2024-11-04,Portland Trail Blazers,POR @ NOP,W,1,118,38.0,21,10.0,5,11,0.548,0.667,0.345,18.0,22024
22400168,2024-11-04,Los Angeles Clippers,LAC vs. SAS,W,1,113,44.0,25,6.0,7,10,0.456,0.706,0.514,9.0,22024
22400159,2024-11-04,Sacramento Kings,SAC @ MIA,W,1,111,39.0,23,5.0,4,12,0.512,0.867,0.37,1.0,22024
22400165,2024-11-04,Indiana Pacers,IND @ DAL,W,1,134,46.0,30,5.0,3,9,0.568,0.65,0.406,7.0,22024
22400161,2024-11-04,New York Knicks,NYK @ HOU,L,0,97,39.0,20,6.0,4,10,0.386,0.857,0.393,-12.0,22024
22400155,2024-11-04,Washington Wizards,WAS vs. GSW,L,0,112,47.0,29,4.0,8,9,0.438,0.857,0.233,-13.0,22024
22400157,2024-11-04,Boston Celtics,BOS @ ATL,W,1,123,50.0,27,15.0,7,12,0.485,0.692,0.327,30.0,22024
22400159,2024-11-04,Miami Heat,MIA vs. SAC,L,0,110,36.0,24,9.0,6,10,0.435,0.7,0.417,-1.0,22024
22400166,2024-11-04,Denver Nuggets,DEN vs. TOR,W,1,121,44.0,29,9.0,10,17,0.494,0.763,0.323,2.0,22024
22400163,2024-11-04,Oklahoma City Thunder,OKC vs. ORL,W,1,102,42.0,23,12.0,4,15,0.459,0.75,0.387,16.0,22024
22400156,2024-11-04,Detroit Pistons,DET vs. LAL,W,1,115,55.0,22,6.0,5,12,0.469,0.773,0.235,12.0,22024
22400155,2024-11-04,Golden State Warriors,GSW @ WAS,W,1,125,56.0,29,5.0,7,6,0.454,0.735,0.324,13.0,22024
22400167,2024-11-04,Phoenix Suns,PHX vs. PHI,W,1,118,43.0,24,6.0,4,14,0.512,0.885,0.344,2.0,22024
22400173,2024-11-06,Houston Rockets,HOU vs. SAS,W,1,127,45.0,28,10.0,5,11,0.563,0.6,0.37,27.0,22024
22400175,2024-11-06,Cleveland Cavaliers,CLE @ NOP,W,1,131,46.0,33,6.0,10,11,0.542,0.769,0.486,9.0,22024
22400180,2024-11-06,Toronto Raptors,TOR @ SAC,L,0,107,34.0,25,7.0,1,11,0.489,0.733,0.294,-15.0,22024
22400178,2024-11-06,Miami Heat,MIA @ PHX,L,0,112,43.0,27,12.0,3,10,0.435,0.95,0.382,-3.0,22024
22400177,2024-11-06,Denver Nuggets,DEN vs. OKC,W,1,124,55.0,34,8.0,6,18,0.472,0.727,0.421,2.0,22024
22400175,2024-11-06,New Orleans Pelicans,NOP vs. CLE,L,0,122,33.0,21,8.0,8,9,0.477,0.893,0.481,-9.0,22024
22400170,2024-11-06,Orlando Magic,ORL @ IND,L,0,111,38.0,26,6.0,5,16,0.512,0.769,0.28,-7.0,22024
22400169,2024-11-06,Charlotte Hornets,CHA vs. DET,W,1,108,47.0,22,5.0,4,12,0.433,1.0,0.318,1.0,22024
22400172,2024-11-06,Golden State Warriors,GSW @ BOS,W,1,118,53.0,22,6.0,5,11,0.462,0.833,0.412,6.0,22024
22400176,2024-11-06,Chicago Bulls,CHI @ DAL,L,0,99,51.0,25,8.0,2,22,0.419,0.652,0.286,-20.0,22024
22400171,2024-11-06,New York Knicks,NYK @ ATL,L,0,116,41.0,29,5.0,5,15,0.488,0.8,0.468,-5.0,22024
22400179,2024-11-06,Philadelphia 76ers,PHI @ LAC,L,0,98,32.0,19,10.0,2,20,0.548,0.579,0.28,-12.0,22024
22400174,2024-11-06,Los Angeles Lakers,LAL @ MEM,L,0,114,37.0,23,10.0,1,11,0.441,0.81,0.313,-17.0,22024
22400173,2024-11-06,San Antonio Spurs,SAS @ HOU,L,0,100,41.0,20,6.0,6,19,0.446,0.75,0.389,-27.0,22024
22400178,2024-11-06,Phoenix Suns,PHX vs. MIA,W,1,115,46.0,29,5.0,6,16,0.5,0.722,0.419,3.0,22024
22400176,2024-11-06,Dallas Mavericks,DAL vs. CHI,W,1,119,47.0,33,11.0,4,15,0.484,0.81,0.316,20.0,22024
22400180,2024-11-06,Sacramento Kings,SAC vs. TOR,W,1,122,47.0,26,7.0,5,9,0.467,0.875,0.286,15.0,22024
22400171,2024-11-06,Atlanta Hawks,ATL vs. NYK,W,1,121,48.0,31,12.0,4,8,0.45,0.727,0.395,5.0,22024
22400179,2024-11-06,Los Angeles Clippers,LAC vs. PHI,W,1,110,29.0,27,12.0,1,17,0.569,0.842,0.429,12.0,22024
22400170,2024-11-06,Indiana Pacers,IND vs. ORL,W,1,118,36.0,21,7.0,3,11,0.539,0.923,0.462,7.0,22024
22400177,2024-11-06,Oklahoma City Thunder,OKC @ DEN,L,0,122,47.0,29,15.0,6,14,0.44,0.783,0.4,-2.0,22024
22400169,2024-11-06,Detroit Pistons,DET @ CHA,L,0,107,46.0,34,5.0,4,10,0.489,0.556,0.313,-1.0,22024
22400172,2024-11-06,Boston Celtics,BOS vs. GSW,L,0,112,47.0,22,5.0,3,12,0.422,0.81,0.352,-6.0,22024
22400174,2024-11-06,Memphis Grizzlies,MEM vs. LAL,W,1,131,50.0,28,5.0,6,18,0.516,0.783,0.5,17.0,22024
22400182,2024-11-07,Milwaukee Bucks,MIL vs. UTA,W,1,123,41.0,20,13.0,3,10,0.512,0.733,0.429,23.0,22024
22400181,2024-11-07,Chicago Bulls,CHI vs. MIN,L,0,119,32.0,30,9.0,4,13,0.534,0.667,0.417,-16.0,22024
22400183,2024-11-07,San Antonio Spurs,SAS vs. POR,W,1,118,45.0,35,9.0,4,15,0.537,0.778,0.41,13.0,22024
22400183,2024-11-07,Portland Trail Blazers,POR @ SAS,L,0,105,41.0,23,7.0,3,14,0.477,0.636,0.281,-13.0,22024
22400182,2024-11-07,Utah Jazz,UTA @ MIL,L,0,100,39.0,24,5.0,5,21,0.429,0.944,0.415,-23.0,22024
22400181,2024-11-07,Minnesota Timberwolves,MIN @ CHI,W,1,135,40.0,29,7.0,4,13,0.548,1.0,0.421,16.0,22024
22400191,2024-11-08,Memphis Grizzlies,MEM vs. WAS,W,1,128,50.0,30,10.0,10,17,0.474,0.88,0.326,24.0,22024
22400190,2024-11-08,Phoenix Suns,PHX @ DAL,W,1,114,37.0,26,6.0,2,8,0.5,0.722,0.385,1.0,22024
22400192,2024-11-08,Houston Rockets,HOU @ OKC,L,0,107,48.0,19,7.0,3,17,0.433,0.692,0.367,-19.0,22024
22400190,2024-11-08,Dallas Mavericks,DAL vs. PHX,L,0,113,39.0,18,5.0,1,11,0.513,0.909,0.333,-1.0,22024
22400187,2024-11-08,Boston Celtics,BOS vs. BKN,W,1,108,39.0,23,7.0,9,13,0.433,0.842,0.264,4.0,22024
22400194,2024-11-08,Miami Heat,MIA @ DEN,L,0,122,33.0,33,11.0,1,11,0.489,0.769,0.465,-13.0,22024
22400185,2024-11-08,Detroit Pistons,DET vs. ATL,W,1,122,45.0,27,7.0,8,20,0.512,0.677,0.394,1.0,22024
22400186,2024-11-08,Orlando Magic,ORL vs. NOP,W,1,115,43.0,28,9.0,8,13,0.523,0.81,0.25,27.0,22024
22400196,2024-11-08,Los Angeles Clippers,LAC @ SAC,W,1,107,48.0,20,7.0,2,18,0.444,0.913,0.467,9.0,22024
22400196,2024-11-08,Sacramento Kings,SAC vs. LAC,L,0,98,35.0,19,6.0,3,13,0.474,0.875,0.115,-9.0,22024
22400189,2024-11-08,New York Knicks,NYK vs. MIL,W,1,116,48.0,35,7.0,3,7,0.473,0.842,0.304,22.0,22024
22400193,2024-11-08,Portland Trail Blazers,POR @ MIN,L,0,102,37.0,13,11.0,7,16,0.429,0.75,0.24,-25.0,22024
22400186,2024-11-08,New Orleans Pelicans,NOP @ ORL,L,0,88,31.0,18,10.0,1,15,0.381,0.824,0.323,-27.0,22024
22400184,2024-11-08,Indiana Pacers,IND @ CHA,L,0,83,37.0,24,10.0,4,12,0.398,0.571,0.31,-20.0,22024
22400188,2024-11-08,Cleveland Cavaliers,CLE vs. GSW,W,1,136,43.0,33,7.0,7,19,0.541,0.857,0.476,19.0,22024
22400191,2024-11-08,Washington Wizards,WAS @ MEM,L,0,104,41.0,27,14.0,8,18,0.409,0.826,0.257,-24.0,22024
22400194,2024-11-08,Denver Nuggets,DEN vs. MIA,W,1,135,39.0,37,5.0,5,17,0.617,0.895,0.514,13.0,22024
22400188,2024-11-08,Golden State Warriors,GSW @ CLE,L,0,117,40.0,32,14.0,4,17,0.48,0.714,0.31,-19.0,22024
22400195,2024-11-08,Los Angeles Lakers,LAL vs. PHI,W,1,116,45.0,28,1.0,13,11,0.518,0.857,0.457,10.0,22024
22400192,2024-11-08,Oklahoma City Thunder,OKC vs. HOU,W,1,126,41.0,24,9.0,8,10,0.511,0.87,0.378,19.0,22024
22400193,2024-11-08,Minnesota Timberwolves,MIN vs. POR,W,1,127,49.0,32,9.0,7,17,0.485,0.786,0.44,25.0,22024
22400189,2024-11-08,Milwaukee Bucks,MIL @ NYK,L,0,94,41.0,20,1.0,5,12,0.434,0.652,0.233,-22.0,22024
22400195,2024-11-08,Philadelphia 76ers,PHI @ LAL,L,0,106,44.0,28,6.0,4,5,0.406,0.652,0.333,-10.0,22024
22400187,2024-11-08,Brooklyn Nets,BKN @ BOS,L,0,104,51.0,24,6.0,3,12,0.41,0.8,0.263,-4.0,22024
22400185,2024-11-08,Atlanta Hawks,ATL @ DET,L,0,121,44.0,30,12.0,7,17,0.454,0.783,0.417,-1.0,22024
22400184,2024-11-08,Charlotte Hornets,CHA vs. IND,W,1,103,56.0,23,6.0,7,14,0.422,0.833,0.34,20.0,22024
22400200,2024-11-09,Toronto Raptors,TOR @ LAC,L,0,103,44.0,26,8.0,5,10,0.421,0.571,0.297,-2.0,22024
22400199,2024-11-09,Brooklyn Nets,BKN @ CLE,L,0,100,36.0,21,4.0,2,17,0.447,0.944,0.349,-5.0,22024
22400198,2024-11-09,Chicago Bulls,CHI @ ATL,W,1,125,47.0,30,12.0,6,17,0.5,0.87,0.333,12.0,22024
22400197,2024-11-09,San Antonio Spurs,SAS vs. UTA,L,0,110,37.0,29,8.0,10,20,0.447,0.895,0.362,-1.0,22024
22400200,2024-11-09,Los Angeles Clippers,LAC vs. TOR,W,1,105,47.0,18,6.0,8,12,0.461,0.781,0.385,2.0,22024
22400198,2024-11-09,Atlanta Hawks,ATL vs. CHI,L,0,113,39.0,31,8.0,5,13,0.461,0.733,0.31,-12.0,22024
22400197,2024-11-09,Utah Jazz,UTA @ SAS,W,1,111,45.0,23,13.0,4,17,0.463,0.714,0.303,1.0,22024
22400199,2024-11-09,Cleveland Cavaliers,CLE vs. BKN,W,1,105,33.0,24,12.0,5,14,0.541,0.789,0.357,5.0,22024
22400206,2024-11-10,Miami Heat,MIA @ MIN,W,1,95,43.0,18,14.0,9,22,0.442,0.727,0.355,1.0,22024
22400209,2024-11-10,Sacramento Kings,SAC @ PHX,W,1,127,57.0,23,7.0,3,14,0.49,0.842,0.297,9.0,22024
22400202,2024-11-10,Milwaukee Bucks,MIL vs. BOS,L,0,107,41.0,21,9.0,8,12,0.481,0.762,0.406,-6.0,22024
22400208,2024-11-10,Denver Nuggets,DEN vs. DAL,W,1,122,45.0,35,6.0,5,10,0.506,0.692,0.483,2.0,22024
22400204,2024-11-10,Orlando Magic,ORL vs. WAS,W,1,121,44.0,25,6.0,5,11,0.451,0.88,0.354,27.0,22024
22400210,2024-11-10,Memphis Grizzlies,MEM @ POR,W,1,134,51.0,32,15.0,13,20,0.553,0.857,0.372,45.0,22024
22400211,2024-11-10,Los Angeles Lakers,LAL vs. TOR,W,1,123,33.0,30,9.0,4,5,0.512,0.821,0.324,20.0,22024
22400203,2024-11-10,Indiana Pacers,IND vs. NYK,W,1,132,32.0,27,6.0,4,6,0.511,0.84,0.457,11.0,22024
22400201,2024-11-10,Detroit Pistons,DET vs. HOU,L,0,99,46.0,21,6.0,6,18,0.429,0.696,0.324,-2.0,22024
22400207,2024-11-10,Oklahoma City Thunder,OKC vs. GSW,L,0,116,41.0,25,4.0,6,11,0.447,0.808,0.333,-11.0,22024
22400208,2024-11-10,Dallas Mavericks,DAL @ DEN,L,0,120,42.0,29,7.0,5,10,0.533,0.737,0.303,-2.0,22024
22400205,2024-11-10,Charlotte Hornets,CHA @ PHI,L,0,105,50.0,22,10.0,5,19,0.379,0.864,0.259,-2.0,22024
22400206,2024-11-10,Minnesota Timberwolves,MIN vs. MIA,L,0,94,47.0,22,13.0,5,19,0.398,0.846,0.289,-1.0,22024
22400209,2024-11-10,Phoenix Suns,PHX vs. SAC,L,0,118,48.0,30,11.0,3,11,0.419,0.8,0.316,-9.0,22024
22400207,2024-11-10,Golden State Warriors,GSW @ OKC,W,1,127,46.0,35,8.0,3,14,0.506,0.696,0.488,11.0,22024
22400202,2024-11-10,Boston Celtics,BOS @ MIL,W,1,113,42.0,27,5.0,2,12,0.407,0.889,0.38,6.0,22024
22400211,2024-11-10,Toronto Raptors,TOR @ LAL,L,0,103,40.0,26,2.0,2,16,0.451,0.864,0.345,-20.0,22024
22400204,2024-11-10,Washington Wizards,WAS @ ORL,L,0,94,37.0,20,4.0,7,16,0.458,0.72,0.303,-27.0,22024
22400203,2024-11-10,New York Knicks,NYK @ IND,L,0,121,39.0,23,5.0,3,13,0.554,0.815,0.28,-11.0,22024
22400210,2024-11-10,Portland Trail Blazers,POR vs. MEM,L,0,89,43.0,18,9.0,3,23,0.34,0.81,0.095,-45.0,22024
22400205,2024-11-10,Philadelphia 76ers,PHI vs. CHA,W,1,107,40.0,24,8.0,1,17,0.464,0.769,0.273,2.0,22024
22400201,2024-11-10,Houston Rockets,HOU @ DET,W,1,101,53.0,19,10.0,5,11,0.409,0.75,0.206,2.0,22024
22400212,2024-11-11,Chicago Bulls,CHI vs. CLE,L,0,113,51.0,26,7.0,5,20,0.494,0.813,0.368,-6.0,22024
22400216,2024-11-11,San Antonio Spurs,SAS vs. SAC,W,1,116,44.0,31,5.0,5,16,0.506,1.0,0.478,20.0,22024
22400212,2024-11-11,Cleveland Cavaliers,CLE @ CHI,W,1,119,43.0,26,14.0,3,8,0.443,0.75,0.333,6.0,22024
22400213,2024-11-11,Houston Rockets,HOU vs. WAS,W,1,107,58.0,13,12.0,10,19,0.46,0.88,0.217,15.0,22024
22400213,2024-11-11,Washington Wizards,WAS @ HOU,L,0,92,34.0,21,14.0,5,18,0.409,0.692,0.355,-15.0,22024
22400214,2024-11-11,New Orleans Pelicans,NOP vs. BKN,L,0,105,45.0,31,13.0,4,10,0.447,0.917,0.333,-2.0,22024
22400215,2024-11-11,Los Angeles Clippers,LAC @ OKC,L,0,128,47.0,31,5.0,5,23,0.55,0.69,0.541,-6.0,22024
22400216,2024-11-11,Sacramento Kings,SAC @ SAS,L,0,96,37.0,18,11.0,4,11,0.429,0.889,0.263,-20.0,22024
22400214,2024-11-11,Brooklyn Nets,BKN @ NOP,W,1,107,46.0,24,4.0,5,16,0.429,0.842,0.452,2.0,22024
22400215,2024-11-11,Oklahoma City Thunder,OKC vs. LAC,W,1,134,29.0,31,16.0,5,11,0.516,0.957,0.391,6.0,22024
22400003,2024-11-12,Charlotte Hornets,CHA @ ORL,L,0,89,48.0,22,7.0,3,22,0.405,0.571,0.342,-25.0,22024
22400004,2024-11-12,New York Knicks,NYK @ PHI,W,1,111,47.0,31,8.0,5,15,0.494,0.933,0.29,12.0,22024
22400001,2024-11-12,Boston Celtics,BOS vs. ATL,L,0,116,34.0,28,7.0,5,20,0.507,0.815,0.4,-1.0,22024
22400007,2024-11-12,Dallas Mavericks,DAL @ GSW,L,0,117,40.0,26,6.0,1,17,0.524,0.75,0.324,-3.0,22024
22400005,2024-11-12,Toronto Raptors,TOR @ MIL,L,0,85,54.0,20,11.0,6,21,0.349,0.8,0.36,-14.0,22024
22400005,2024-11-12,Milwaukee Bucks,MIL vs. TOR,W,1,99,47.0,25,16.0,9,16,0.404,0.583,0.286,14.0,22024
22400007,2024-11-12,Golden State Warriors,GSW vs. DAL,W,1,120,50.0,29,13.0,7,12,0.479,0.593,0.341,3.0,22024
22400002,2024-11-12,Detroit Pistons,DET vs. MIA,W,1,123,56.0,32,4.0,4,19,0.467,0.857,0.361,2.0,22024
22400004,2024-11-12,Philadelphia 76ers,PHI vs. NYK,L,0,99,40.0,19,10.0,6,13,0.373,0.958,0.333,-12.0,22024
22400006,2024-11-12,Utah Jazz,UTA vs. PHX,L,0,112,39.0,32,7.0,3,10,0.489,0.778,0.395,-8.0,22024
22400006,2024-11-12,Phoenix Suns,PHX @ UTA,W,1,120,42.0,21,6.0,11,8,0.5,0.727,0.462,8.0,22024
22400001,2024-11-12,Atlanta Hawks,ATL @ BOS,W,1,117,44.0,35,16.0,2,16,0.505,0.538,0.313,1.0,22024
22400008,2024-11-12,Minnesota Timberwolves,MIN @ POR,L,0,108,32.0,22,13.0,4,21,0.507,0.913,0.371,-14.0,22024
22400002,2024-11-12,Miami Heat,MIA @ DET,L,0,121,43.0,25,14.0,3,10,0.465,0.769,0.378,-2.0,22024
22400008,2024-11-12,Portland Trail Blazers,POR vs. MIN,W,1,122,39.0,30,14.0,7,19,0.512,0.9,0.563,14.0,22024
22400003,2024-11-12,Orlando Magic,ORL vs. CHA,W,1,114,43.0,25,12.0,7,11,0.462,0.789,0.295,25.0,22024
22400218,2024-11-13,Boston Celtics,BOS @ BKN,W,1,139,45.0,35,7.0,6,7,0.538,0.708,0.478,25.0,22024
22400217,2024-11-13,Indiana Pacers,IND @ ORL,L,0,90,41.0,22,10.0,6,16,0.381,0.889,0.333,-4.0,22024
22400224,2024-11-13,Washington Wizards,WAS @ SAS,L,0,130,41.0,27,5.0,5,18,0.516,0.875,0.409,-9.0,22024
22400219,2024-11-13,Chicago Bulls,CHI @ NYK,W,1,124,40.0,31,10.0,6,18,0.537,0.815,0.389,1.0,22024
22400218,2024-11-13,Brooklyn Nets,BKN vs. BOS,L,0,114,34.0,26,4.0,3,12,0.506,0.833,0.442,-25.0,22024
22400217,2024-11-13,Orlando Magic,ORL vs. IND,W,1,94,50.0,26,8.0,10,17,0.405,0.867,0.342,4.0,22024
22400226,2024-11-13,Portland Trail Blazers,POR vs. MIN,W,1,106,47.0,17,10.0,10,19,0.458,0.913,0.36,8.0,22024
22400221,2024-11-13,Oklahoma City Thunder,OKC vs. NOP,W,1,106,31.0,20,16.0,7,5,0.443,0.813,0.385,18.0,22024
22400225,2024-11-13,Los Angeles Lakers,LAL vs. MEM,W,1,128,42.0,31,7.0,5,18,0.506,0.688,0.488,5.0,22024
22400219,2024-11-13,New York Knicks,NYK vs. CHI,L,0,123,40.0,31,7.0,3,15,0.511,0.667,0.405,-1.0,22024
22400227,2024-11-13,Phoenix Suns,PHX @ SAC,L,0,104,40.0,23,12.0,2,10,0.371,0.731,0.302,-23.0,22024
22400221,2024-11-13,New Orleans Pelicans,NOP @ OKC,L,0,88,58.0,21,3.0,4,23,0.395,0.647,0.243,-18.0,22024
22400222,2024-11-13,Houston Rockets,HOU vs. LAC,W,1,111,59.0,28,8.0,11,13,0.433,0.706,0.375,8.0,22024
22400223,2024-11-13,Detroit Pistons,DET @ MIL,L,0,120,45.0,29,6.0,7,14,0.46,0.769,0.474,-7.0,22024
22400222,2024-11-13,Los Angeles Clippers,LAC @ HOU,L,0,103,42.0,27,10.0,3,9,0.396,0.813,0.368,-8.0,22024
22400225,2024-11-13,Memphis Grizzlies,MEM @ LAL,L,0,123,41.0,28,11.0,6,13,0.472,0.818,0.364,-5.0,22024
22400223,2024-11-13,Milwaukee Bucks,MIL vs. DET,W,1,127,47.0,26,10.0,9,11,0.474,0.88,0.429,7.0,22024
22400226,2024-11-13,Minnesota Timberwolves,MIN @ POR,L,0,98,41.0,16,12.0,3,13,0.394,0.773,0.179,-8.0,22024
22400227,2024-11-13,Sacramento Kings,SAC vs. PHX,W,1,127,45.0,38,7.0,8,17,0.641,0.706,0.536,23.0,22024
22400224,2024-11-13,San Antonio Spurs,SAS vs. WAS,W,1,139,39.0,38,7.0,7,9,0.522,0.781,0.409,9.0,22024
22400220,2024-11-13,Philadelphia 76ers,PHI vs. CLE,L,0,106,45.0,24,8.0,2,11,0.446,0.909,0.326,-8.0,22024
22400220,2024-11-13,Cleveland Cavaliers,CLE @ PHI,W,1,114,46.0,25,8.0,1,11,0.494,0.824,0.4,8.0,22024
22400228,2024-11-14,Dallas Mavericks,DAL @ UTA,L,0,113,30.0,25,11.0,10,17,0.506,0.75,0.308,-2.0,22024
22400228,2024-11-14,Utah Jazz,UTA vs. DAL,W,1,115,40.0,25,11.0,2,18,0.506,0.762,0.382,2.0,22024
22400018,2024-11-15,Phoenix Suns,PHX @ OKC,L,0,83,50.0,17,6.0,4,14,0.293,0.75,0.243,-16.0,22024
22400014,2024-11-15,New York Knicks,NYK vs. BKN,W,1,124,45.0,25,7.0,6,13,0.53,0.821,0.342,2.0,22024
22400012,2024-11-15,Washington Wizards,WAS @ ATL,L,0,117,52.0,28,11.0,5,15,0.406,0.762,0.349,-12.0,22024
22400016,2024-11-15,Los Angeles Clippers,LAC @ HOU,L,0,104,51.0,12,6.0,6,14,0.378,0.788,0.25,-21.0,22024
22400009,2024-11-15,Indiana Pacers,IND vs. MIA,L,0,111,39.0,28,8.0,4,20,0.512,0.818,0.4,-13.0,22024
22400019,2024-11-15,Memphis Grizzlies,MEM @ GSW,L,0,118,54.0,22,8.0,11,15,0.408,0.818,0.167,-5.0,22024
22400020,2024-11-15,Sacramento Kings,SAC vs. MIN,L,0,126,51.0,21,6.0,7,13,0.5,0.9,0.324,-4.0,22024
22400009,2024-11-15,Miami Heat,MIA @ IND,W,1,124,36.0,27,16.0,1,10,0.517,0.826,0.357,13.0,22024
22400014,2024-11-15,Brooklyn Nets,BKN @ NYK,L,0,122,37.0,27,8.0,2,9,0.438,0.893,0.413,-2.0,22024
22400011,2024-11-15,Toronto Raptors,TOR vs. DET,L,0,95,53.0,21,7.0,6,14,0.361,0.773,0.258,-4.0,22024
22400012,2024-11-15,Atlanta Hawks,ATL vs. WAS,W,1,129,55.0,28,10.0,10,16,0.469,0.833,0.324,12.0,22024
22400013,2024-11-15,Chicago Bulls,CHI @ CLE,L,0,126,36.0,32,7.0,4,17,0.511,0.8,0.476,-18.0,22024
22400016,2024-11-15,Houston Rockets,HOU vs. LAC,W,1,125,48.0,31,11.0,3,12,0.484,0.778,0.432,21.0,22024
22400018,2024-11-15,Oklahoma City Thunder,OKC vs. PHX,W,1,99,53.0,21,6.0,11,10,0.396,0.944,0.25,16.0,22024
22400010,2024-11-15,Philadelphia 76ers,PHI @ ORL,L,0,86,34.0,19,10.0,3,16,0.403,0.857,0.323,-12.0,22024
22400017,2024-11-15,New Orleans Pelicans,NOP vs. DEN,W,1,101,56.0,21,4.0,5,14,0.425,0.889,0.314,7.0,22024
22400019,2024-11-15,Golden State Warriors,GSW vs. MEM,W,1,123,56.0,33,9.0,5,19,0.439,0.72,0.413,5.0,22024
22400017,2024-11-15,Denver Nuggets,DEN @ NOP,L,0,94,38.0,26,10.0,1,7,0.425,0.909,0.27,-7.0,22024
22400011,2024-11-15,Detroit Pistons,DET @ TOR,W,1,99,56.0,24,8.0,8,13,0.411,0.65,0.211,4.0,22024
22400015,2024-11-15,San Antonio Spurs,SAS vs. LAL,L,0,115,40.0,32,6.0,5,13,0.489,0.75,0.378,-5.0,22024
22400013,2024-11-15,Cleveland Cavaliers,CLE vs. CHI,W,1,144,40.0,33,11.0,6,13,0.548,0.875,0.488,18.0,22024
22400010,2024-11-15,Orlando Magic,ORL vs. PHI,W,1,98,43.0,15,11.0,6,17,0.436,0.864,0.297,12.0,22024
22400020,2024-11-15,Minnesota Timberwolves,MIN @ SAC,W,1,130,41.0,26,9.0,4,11,0.475,0.875,0.408,4.0,22024
22400015,2024-11-15,Los Angeles Lakers,LAL @ SAS,W,1,120,41.0,27,10.0,3,10,0.5,0.783,0.452,5.0,22024
22400230,2024-11-16,Toronto Raptors,TOR @ BOS,L,0,123,46.0,35,3.0,2,9,0.51,0.667,0.391,-3.0,22024
22400233,2024-11-16,Sacramento Kings,SAC vs. UTA,W,1,121,35.0,24,6.0,3,14,0.506,0.72,0.463,4.0,22024
22400229,2024-11-16,Milwaukee Bucks,MIL @ CHA,L,0,114,40.0,31,6.0,6,9,0.511,0.455,0.417,-1.0,22024
22400233,2024-11-16,Utah Jazz,UTA @ SAC,L,0,117,33.0,16,11.0,3,13,0.493,0.738,0.462,-4.0,22024
22400230,2024-11-16,Boston Celtics,BOS vs. TOR,W,1,126,42.0,30,2.0,6,9,0.444,0.895,0.344,3.0,22024
22400231,2024-11-16,Los Angeles Lakers,LAL @ NOP,W,1,104,43.0,24,10.0,3,11,0.438,0.778,0.3,5.0,22024
22400232,2024-11-16,San Antonio Spurs,SAS @ DAL,L,0,93,45.0,21,10.0,9,11,0.318,0.867,0.275,-17.0,22024
22400231,2024-11-16,New Orleans Pelicans,NOP vs. LAL,L,0,99,50.0,24,7.0,4,17,0.422,0.783,0.379,-5.0,22024
22400232,2024-11-16,Dallas Mavericks,DAL vs. SAS,W,1,110,53.0,26,9.0,7,14,0.468,0.778,0.258,17.0,22024
22400229,2024-11-16,Charlotte Hornets,CHA vs. MIL,W,1,115,53.0,25,7.0,4,10,0.441,0.857,0.357,1.0,22024
22400236,2024-11-17,Charlotte Hornets,CHA @ CLE,L,0,114,40.0,34,12.0,6,9,0.408,0.833,0.385,-14.0,22024
22400240,2024-11-17,Brooklyn Nets,BKN @ NYK,L,0,104,35.0,31,1.0,3,9,0.421,0.767,0.415,-10.0,22024
22400240,2024-11-17,New York Knicks,NYK vs. BKN,W,1,114,47.0,33,4.0,5,6,0.489,0.789,0.325,10.0,22024
22400237,2024-11-17,Detroit Pistons,DET @ WAS,W,1,124,51.0,27,11.0,4,8,0.474,0.789,0.447,20.0,22024
22400242,2024-11-17,Oklahoma City Thunder,OKC vs. DAL,L,0,119,29.0,29,11.0,5,6,0.494,0.76,0.333,-2.0,22024
22400235,2024-11-17,Indiana Pacers,IND vs. MIA,W,1,119,45.0,30,6.0,6,10,0.518,0.9,0.448,9.0,22024
22400234,2024-11-17,Phoenix Suns,PHX @ MIN,L,0,117,41.0,29,9.0,2,19,0.541,0.733,0.452,-3.0,22024
22400234,2024-11-17,Minnesota Timberwolves,MIN vs. PHX,W,1,120,32.0,27,8.0,6,14,0.525,0.731,0.436,3.0,22024
22400238,2024-11-17,Denver Nuggets,DEN @ MEM,L,0,90,39.0,23,9.0,5,14,0.417,0.714,0.323,-15.0,22024
22400243,2024-11-17,Los Angeles Clippers,LAC vs. UTA,W,1,116,41.0,30,11.0,5,9,0.489,0.765,0.275,11.0,22024
22400235,2024-11-17,Miami Heat,MIA @ IND,L,0,110,38.0,21,4.0,1,10,0.4,0.95,0.442,-9.0,22024
22400243,2024-11-17,Utah Jazz,UTA @ LAC,L,0,105,41.0,24,7.0,1,18,0.494,0.833,0.3,-11.0,22024
22400241,2024-11-17,Houston Rockets,HOU @ CHI,W,1,143,66.0,34,8.0,9,10,0.524,0.719,0.294,36.0,22024
22400237,2024-11-17,Washington Wizards,WAS vs. DET,L,0,104,39.0,21,6.0,3,17,0.47,0.7,0.444,-20.0,22024
22400239,2024-11-17,Portland Trail Blazers,POR vs. ATL,W,1,114,40.0,31,16.0,10,20,0.463,0.632,0.368,4.0,22024
22400242,2024-11-17,Dallas Mavericks,DAL @ OKC,W,1,121,53.0,18,4.0,5,16,0.476,0.833,0.407,2.0,22024
22400241,2024-11-17,Chicago Bulls,CHI vs. HOU,L,0,107,47.0,26,8.0,7,13,0.336,0.955,0.25,-36.0,22024
22400236,2024-11-17,Cleveland Cavaliers,CLE vs. CHA,W,1,128,48.0,26,3.0,4,20,0.571,0.964,0.433,14.0,22024
22400239,2024-11-17,Atlanta Hawks,ATL @ POR,L,0,110,47.0,30,10.0,7,25,0.459,0.84,0.344,-4.0,22024
22400238,2024-11-17,Memphis Grizzlies,MEM vs. DEN,W,1,105,45.0,31,10.0,10,12,0.451,0.833,0.333,15.0,22024
22400249,2024-11-18,Orlando Magic,ORL @ PHX,W,1,109,38.0,28,5.0,7,10,0.513,0.8,0.379,10.0,22024
22400250,2024-11-18,Atlanta Hawks,ATL @ SAC,W,1,109,37.0,34,7.0,7,14,0.47,0.833,0.421,1.0,22024
22400249,2024-11-18,Phoenix Suns,PHX vs. ORL,L,0,99,45.0,25,5.0,2,13,0.422,0.68,0.293,-10.0,22024
22400247,2024-11-18,Indiana Pacers,IND @ TOR,L,0,119,32.0,29,17.0,5,10,0.444,0.8,0.375,-11.0,22024
22400246,2024-11-18,New York Knicks,NYK vs. WAS,W,1,134,41.0,37,4.0,1,8,0.56,0.923,0.5,28.0,22024
22400250,2024-11-18,Sacramento Kings,SAC vs. ATL,L,0,108,45.0,24,9.0,4,17,0.435,0.737,0.435,-1.0,22024
22400244,2024-11-18,Chicago Bulls,CHI @ DET,W,1,122,46.0,28,3.0,5,10,0.484,0.786,0.5,10.0,22024
22400245,2024-11-18,Philadelphia 76ers,PHI @ MIA,L,0,89,42.0,25,10.0,3,14,0.417,0.75,0.244,-17.0,22024
22400251,2024-11-18,Los Angeles Clippers,LAC vs. GSW,W,1,102,44.0,29,10.0,6,17,0.427,0.889,0.471,3.0,22024
22400248,2024-11-18,Houston Rockets,HOU @ MIL,L,0,100,53.0,19,9.0,6,12,0.4,0.846,0.281,-1.0,22024
22400251,2024-11-18,Golden State Warriors,GSW @ LAC,L,0,99,45.0,27,12.0,4,19,0.44,0.474,0.364,-3.0,22024
22400246,2024-11-18,Washington Wizards,WAS @ NYK,L,0,106,41.0,23,5.0,3,10,0.473,0.563,0.333,-28.0,22024
22400248,2024-11-18,Milwaukee Bucks,MIL vs. HOU,W,1,101,43.0,21,8.0,8,15,0.458,0.632,0.394,1.0,22024
22400244,2024-11-18,Detroit Pistons,DET vs. CHI,L,0,112,48.0,27,3.0,3,9,0.429,0.684,0.341,-10.0,22024
22400247,2024-11-18,Toronto Raptors,TOR vs. IND,W,1,130,46.0,27,5.0,9,23,0.585,0.714,0.483,11.0,22024
22400245,2024-11-18,Miami Heat,MIA vs. PHI,W,1,106,53.0,26,10.0,2,13,0.414,0.913,0.295,17.0,22024
22400024,2024-11-19,New Orleans Pelicans,NOP @ DAL,L,0,91,37.0,19,9.0,4,21,0.397,0.857,0.344,-41.0,22024
22400026,2024-11-19,Los Angeles Lakers,LAL vs. UTA,W,1,124,34.0,30,9.0,5,14,0.553,0.722,0.452,6.0,22024
22400023,2024-11-19,Denver Nuggets,DEN @ MEM,W,1,122,53.0,29,15.0,6,18,0.48,0.636,0.333,12.0,22024
22400021,2024-11-19,Cleveland Cavaliers,CLE @ BOS,L,0,117,41.0,30,4.0,3,7,0.495,0.882,0.345,-3.0,22024
22400022,2024-11-19,Charlotte Hornets,CHA @ BKN,L,0,115,44.0,25,6.0,8,21,0.463,0.864,0.541,-1.0,22024
22400025,2024-11-19,San Antonio Spurs,SAS vs. OKC,W,1,110,46.0,32,5.0,5,21,0.47,0.684,0.413,6.0,22024
22400021,2024-11-19,Boston Celtics,BOS vs. CLE,W,1,120,42.0,32,4.0,4,13,0.512,0.714,0.537,3.0,22024
22400022,2024-11-19,Brooklyn Nets,BKN vs. CHA,W,1,116,36.0,31,8.0,8,13,0.494,0.737,0.439,1.0,22024
22400023,2024-11-19,Memphis Grizzlies,MEM vs. DEN,L,0,110,55.0,24,9.0,10,22,0.398,0.613,0.237,-12.0,22024
22400026,2024-11-19,Utah Jazz,UTA @ LAL,L,0,118,42.0,28,9.0,0,14,0.5,0.842,0.333,-6.0,22024
22400024,2024-11-19,Dallas Mavericks,DAL vs. NOP,W,1,132,48.0,26,12.0,7,11,0.521,0.8,0.452,41.0,22024
22400025,2024-11-19,Oklahoma City Thunder,OKC @ SAS,L,0,104,47.0,24,16.0,4,13,0.41,0.857,0.302,-6.0,22024
22400255,2024-11-20,Philadelphia 76ers,PHI @ MEM,L,0,111,41.0,21,12.0,6,14,0.448,0.917,0.333,-6.0,22024
22400252,2024-11-20,New Orleans Pelicans,NOP @ CLE,L,0,100,40.0,23,9.0,3,11,0.424,0.636,0.258,-28.0,22024
22400256,2024-11-20,Oklahoma City Thunder,OKC vs. POR,W,1,109,46.0,24,14.0,8,13,0.44,0.87,0.29,10.0,22024
22400252,2024-11-20,Cleveland Cavaliers,CLE vs. NOP,W,1,128,52.0,29,10.0,9,11,0.527,0.857,0.429,28.0,22024
22400258,2024-11-20,Golden State Warriors,GSW vs. ATL,W,1,120,54.0,36,10.0,7,15,0.465,0.667,0.35,23.0,22024
22400254,2024-11-20,Houston Rockets,HOU vs. IND,W,1,130,47.0,25,16.0,2,13,0.461,0.727,0.333,17.0,22024
22400259,2024-11-20,Los Angeles Clippers,LAC vs. ORL,W,1,104,49.0,22,10.0,1,22,0.494,0.81,0.5,11.0,22024
22400257,2024-11-20,Phoenix Suns,PHX vs. NYK,L,0,122,34.0,30,9.0,2,14,0.489,0.765,0.38,-16.0,22024
22400255,2024-11-20,Memphis Grizzlies,MEM vs. PHI,W,1,117,41.0,29,5.0,6,19,0.482,1.0,0.442,6.0,22024
22400257,2024-11-20,New York Knicks,NYK @ PHX,W,1,138,41.0,30,10.0,0,13,0.581,0.905,0.487,16.0,22024
22400259,2024-11-20,Orlando Magic,ORL @ LAC,L,0,93,24.0,21,11.0,7,14,0.44,0.792,0.229,-11.0,22024
22400258,2024-11-20,Atlanta Hawks,ATL @ GSW,L,0,97,65.0,27,9.0,5,17,0.333,0.625,0.267,-23.0,22024
22400253,2024-11-20,Chicago Bulls,CHI @ MIL,L,0,106,33.0,25,7.0,2,14,0.466,1.0,0.378,-16.0,22024
22400256,2024-11-20,Portland Trail Blazers,POR @ OKC,L,0,99,49.0,18,6.0,7,22,0.405,0.714,0.395,-10.0,22024
22400253,2024-11-20,Milwaukee Bucks,MIL vs. CHI,W,1,122,45.0,30,7.0,2,11,0.55,0.677,0.361,16.0,22024
22400254,2024-11-20,Indiana Pacers,IND @ HOU,L,0,113,36.0,19,7.0,9,23,0.53,0.8,0.227,-17.0,22024
22400262,2024-11-21,San Antonio Spurs,SAS vs. UTA,W,1,126,51.0,32,8.0,9,11,0.466,0.761,0.281,8.0,22024
22400263,2024-11-21,Los Angeles Lakers,LAL vs. ORL,L,0,118,36.0,21,4.0,6,10,0.506,0.654,0.419,-1.0,22024
22400260,2024-11-21,Detroit Pistons,DET @ CHA,L,0,121,56.0,30,8.0,3,19,0.424,0.8,0.354,-2.0,22024
22400262,2024-11-21,Utah Jazz,UTA @ SAS,L,0,118,49.0,22,4.0,7,14,0.418,0.885,0.289,-8.0,22024
22400261,2024-11-21,Minnesota Timberwolves,MIN @ TOR,L,0,105,40.0,16,12.0,5,17,0.413,0.818,0.343,-5.0,22024
22400263,2024-11-21,Orlando Magic,ORL @ LAL,W,1,119,48.0,31,8.0,5,16,0.473,0.857,0.375,1.0,22024
22400260,2024-11-21,Charlotte Hornets,CHA vs. DET,W,1,123,43.0,23,12.0,5,15,0.473,0.714,0.455,2.0,22024
22400261,2024-11-21,Toronto Raptors,TOR vs. MIN,W,1,110,43.0,22,11.0,1,17,0.514,0.744,0.304,5.0,22024
22400028,2024-11-22,Boston Celtics,BOS @ WAS,W,1,108,43.0,22,11.0,7,12,0.424,0.781,0.239,12.0,22024
22400033,2024-11-22,Dallas Mavericks,DAL @ DEN,W,1,123,44.0,24,11.0,5,13,0.505,0.778,0.37,3.0,22024
22400032,2024-11-22,Golden State Warriors,GSW @ NOP,W,1,112,52.0,27,5.0,5,16,0.448,0.759,0.324,4.0,22024
22400027,2024-11-22,Brooklyn Nets,BKN @ PHI,L,0,98,34.0,28,1.0,4,19,0.494,1.0,0.351,-15.0,22024
22400030,2024-11-22,Chicago Bulls,CHI vs. ATL,W,1,136,41.0,36,8.0,10,19,0.57,0.905,0.442,14.0,22024
22400032,2024-11-22,New Orleans Pelicans,NOP vs. GSW,L,0,108,43.0,28,10.0,9,9,0.446,0.636,0.308,-4.0,22024
22400034,2024-11-22,Los Angeles Clippers,LAC vs. SAC,W,1,104,54.0,27,13.0,3,12,0.415,1.0,0.238,16.0,22024
22400027,2024-11-22,Philadelphia 76ers,PHI vs. BKN,W,1,113,40.0,25,13.0,9,11,0.446,0.75,0.372,15.0,22024
22400029,2024-11-22,Milwaukee Bucks,MIL vs. IND,W,1,129,44.0,33,10.0,4,17,0.533,0.8,0.472,12.0,22024
22400034,2024-11-22,Sacramento Kings,SAC @ LAC,L,0,88,48.0,19,5.0,8,15,0.386,0.708,0.2,-16.0,22024
22400029,2024-11-22,Indiana Pacers,IND @ MIL,L,0,117,46.0,30,11.0,6,15,0.473,0.741,0.324,-12.0,22024
22400031,2024-11-22,Houston Rockets,HOU vs. POR,W,1,116,51.0,27,14.0,5,17,0.452,0.68,0.385,28.0,22024
22400030,2024-11-22,Atlanta Hawks,ATL @ CHI,L,0,122,42.0,32,11.0,4,11,0.458,0.737,0.294,-14.0,22024
22400028,2024-11-22,Washington Wizards,WAS vs. BOS,L,0,96,48.0,19,6.0,4,19,0.433,0.688,0.25,-12.0,22024
22400031,2024-11-22,Portland Trail Blazers,POR @ HOU,L,0,88,45.0,17,9.0,8,20,0.33,0.773,0.256,-28.0,22024
22400033,2024-11-22,Denver Nuggets,DEN vs. DAL,L,0,120,42.0,33,4.0,7,13,0.478,0.655,0.517,-3.0,22024
22400266,2024-11-23,Memphis Grizzlies,MEM @ CHI,W,1,142,49.0,38,5.0,4,11,0.573,0.65,0.452,11.0,22024
22400267,2024-11-23,Houston Rockets,HOU vs. POR,L,0,98,43.0,17,8.0,5,9,0.356,0.788,0.25,-6.0,22024
22400268,2024-11-23,Milwaukee Bucks,MIL vs. CHA,W,1,125,51.0,20,3.0,9,14,0.483,0.808,0.486,6.0,22024
22400264,2024-11-23,Utah Jazz,UTA vs. NYK,W,1,121,52.0,30,4.0,4,18,0.506,0.737,0.559,15.0,22024
22400270,2024-11-23,Denver Nuggets,DEN @ LAL,W,1,127,48.0,37,7.0,2,17,0.61,0.579,0.5,25.0,22024
22400269,2024-11-23,San Antonio Spurs,SAS vs. GSW,W,1,104,48.0,29,5.0,9,8,0.447,0.789,0.277,10.0,22024
22400270,2024-11-23,Los Angeles Lakers,LAL vs. DEN,L,0,102,32.0,27,11.0,3,15,0.443,0.786,0.361,-25.0,22024
22400266,2024-11-23,Chicago Bulls,CHI vs. MEM,L,0,131,35.0,29,4.0,8,11,0.505,0.737,0.452,-11.0,22024
22400265,2024-11-23,Orlando Magic,ORL vs. DET,W,1,111,44.0,25,13.0,9,13,0.46,0.864,0.308,11.0,22024
22400264,2024-11-23,New York Knicks,NYK @ UTA,L,0,106,40.0,25,10.0,10,9,0.39,0.917,0.333,-15.0,22024
22400269,2024-11-23,Golden State Warriors,GSW @ SAS,L,0,94,49.0,29,4.0,3,10,0.379,0.615,0.318,-10.0,22024
22400268,2024-11-23,Charlotte Hornets,CHA @ MIL,L,0,119,48.0,22,6.0,5,10,0.41,0.857,0.404,-6.0,22024
22400265,2024-11-23,Detroit Pistons,DET @ ORL,L,0,100,34.0,16,7.0,8,17,0.467,0.773,0.394,-11.0,22024
22400267,2024-11-23,Portland Trail Blazers,POR @ HOU,W,1,104,53.0,16,5.0,12,16,0.378,0.783,0.409,6.0,22024
22400272,2024-11-24,Washington Wizards,WAS @ IND,L,0,103,41.0,24,8.0,5,16,0.456,0.8,0.314,-12.0,22024
22400272,2024-11-24,Indiana Pacers,IND vs. WAS,W,1,115,45.0,31,8.0,3,11,0.477,0.778,0.444,12.0,22024
22400271,2024-11-24,Minnesota Timberwolves,MIN @ BOS,L,0,105,49.0,19,2.0,1,8,0.42,0.762,0.366,-2.0,22024
22400274,2024-11-24,Los Angeles Clippers,LAC @ PHI,W,1,125,44.0,31,9.0,5,17,0.58,0.76,0.4,26.0,22024
22400275,2024-11-24,Cleveland Cavaliers,CLE vs. TOR,W,1,122,49.0,27,11.0,4,13,0.495,0.714,0.39,14.0,22024
22400271,2024-11-24,Boston Celtics,BOS vs. MIN,W,1,107,40.0,25,5.0,7,6,0.425,0.8,0.375,2.0,22024
22400275,2024-11-24,Toronto Raptors,TOR @ CLE,L,0,108,55.0,22,9.0,5,14,0.402,0.647,0.308,-14.0,22024
22400276,2024-11-24,Brooklyn Nets,BKN @ SAC,W,1,108,31.0,24,7.0,5,12,0.48,0.68,0.487,5.0,22024
22400274,2024-11-24,Philadelphia 76ers,PHI vs. LAC,L,0,99,33.0,22,8.0,5,13,0.395,0.846,0.231,-26.0,22024
22400276,2024-11-24,Sacramento Kings,SAC vs. BKN,L,0,103,44.0,21,6.0,6,16,0.481,0.645,0.36,-5.0,22024
22400273,2024-11-24,Miami Heat,MIA vs. DAL,W,1,123,57.0,27,6.0,6,9,0.43,0.63,0.341,5.0,22024
22400273,2024-11-24,Dallas Mavericks,DAL @ MIA,L,0,118,59.0,29,6.0,9,13,0.419,0.8,0.25,-5.0,22024
22400277,2024-11-25,Charlotte Hornets,CHA vs. ORL,L,0,84,52.0,14,6.0,5,26,0.413,0.789,0.219,-11.0,22024
22400284,2024-11-25,Brooklyn Nets,BKN @ GSW,W,1,128,42.0,23,6.0,3,11,0.494,0.867,0.444,8.0,22024
22400277,2024-11-25,Orlando Magic,ORL @ CHA,W,1,95,39.0,21,12.0,6,8,0.394,0.529,0.261,11.0,22024
22400285,2024-11-25,Sacramento Kings,SAC vs. OKC,L,0,109,31.0,24,10.0,4,12,0.483,0.739,0.25,-21.0,22024
22400284,2024-11-25,Golden State Warriors,GSW vs. BKN,L,0,120,43.0,32,8.0,5,12,0.484,0.647,0.413,-8.0,22024
22400283,2024-11-25,New York Knicks,NYK @ DEN,W,1,145,43.0,45,5.0,4,9,0.609,0.875,0.528,27.0,22024
22400278,2024-11-25,Detroit Pistons,DET vs. TOR,W,1,102,38.0,27,4.0,7,14,0.447,0.71,0.324,2.0,22024
22400279,2024-11-25,New Orleans Pelicans,NOP @ IND,L,0,110,44.0,35,9.0,3,15,0.517,0.579,0.273,-4.0,22024
22400280,2024-11-25,Dallas Mavericks,DAL @ ATL,W,1,129,51.0,24,6.0,8,17,0.5,0.864,0.457,10.0,22024
22400285,2024-11-25,Oklahoma City Thunder,OKC @ SAC,W,1,130,44.0,28,6.0,3,15,0.558,0.8,0.452,21.0,22024
22400281,2024-11-25,Los Angeles Clippers,LAC @ BOS,L,0,94,44.0,18,8.0,3,13,0.433,0.692,0.269,-32.0,22024
22400282,2024-11-25,Memphis Grizzlies,MEM vs. POR,W,1,123,60.0,35,7.0,13,18,0.494,0.735,0.429,25.0,22024
22400279,2024-11-25,Indiana Pacers,IND vs. NOP,W,1,114,41.0,30,10.0,2,13,0.473,0.688,0.362,4.0,22024
22400283,2024-11-25,Denver Nuggets,DEN vs. NYK,L,0,118,33.0,23,5.0,3,11,0.446,0.926,0.333,-27.0,22024
22400281,2024-11-25,Boston Celtics,BOS vs. LAC,W,1,126,47.0,33,10.0,11,11,0.511,0.7,0.431,32.0,22024
22400280,2024-11-25,Atlanta Hawks,ATL vs. DAL,L,0,119,39.0,32,10.0,6,14,0.475,0.875,0.29,-10.0,22024
22400278,2024-11-25,Toronto Raptors,TOR @ DET,L,0,100,50.0,26,7.0,5,9,0.394,0.8,0.286,-2.0,22024
22400282,2024-11-25,Portland Trail Blazers,POR @ MEM,L,0,98,44.0,22,10.0,7,11,0.333,0.786,0.174,-25.0,22024
22400039,2024-11-26,Phoenix Suns,PHX vs. LAL,W,1,127,46.0,31,9.0,3,9,0.515,0.8,0.405,27.0,22024
22400038,2024-11-26,San Antonio Spurs,SAS @ UTA,W,1,128,39.0,30,12.0,5,10,0.484,0.769,0.375,13.0,22024
22400036,2024-11-26,Miami Heat,MIA vs. MIL,L,0,103,38.0,26,6.0,2,8,0.455,0.767,0.345,-3.0,22024
22400035,2024-11-26,Chicago Bulls,CHI @ WAS,W,1,127,50.0,29,6.0,4,10,0.5,0.864,0.35,19.0,22024
22400039,2024-11-26,Los Angeles Lakers,LAL @ PHX,L,0,100,42.0,25,7.0,6,12,0.435,0.72,0.235,-27.0,22024
22400036,2024-11-26,Milwaukee Bucks,MIL @ MIA,W,1,106,41.0,23,5.0,7,10,0.468,0.824,0.476,3.0,22024
22400037,2024-11-26,Houston Rockets,HOU @ MIN,W,1,117,44.0,31,12.0,9,10,0.455,0.923,0.405,6.0,22024
22400038,2024-11-26,Utah Jazz,UTA vs. SAS,L,0,115,41.0,24,6.0,4,21,0.512,0.8,0.371,-13.0,22024
22400037,2024-11-26,Minnesota Timberwolves,MIN vs. HOU,L,0,111,52.0,21,6.0,4,17,0.429,0.9,0.237,-6.0,22024
22400035,2024-11-26,Washington Wizards,WAS vs. CHI,L,0,108,43.0,27,7.0,3,12,0.429,0.645,0.27,-19.0,22024
22400297,2024-11-27,Phoenix Suns,PHX vs. BKN,L,0,117,37.0,25,7.0,5,17,0.532,0.821,0.387,-10.0,22024
22400299,2024-11-27,Oklahoma City Thunder,OKC @ GSW,W,1,105,48.0,26,10.0,9,14,0.459,0.615,0.297,4.0,22024
22400293,2024-11-27,Detroit Pistons,DET @ MEM,L,0,111,42.0,24,6.0,4,18,0.471,0.72,0.342,-20.0,22024
22400296,2024-11-27,San Antonio Spurs,SAS vs. LAL,L,0,101,38.0,26,7.0,4,15,0.424,0.938,0.35,-18.0,22024
22400298,2024-11-27,Utah Jazz,UTA vs. DEN,L,0,103,47.0,25,7.0,5,18,0.422,0.611,0.372,-19.0,22024
22400286,2024-11-27,Miami Heat,MIA @ CHA,W,1,98,44.0,21,6.0,5,18,0.452,0.818,0.378,4.0,22024
22400291,2024-11-27,Washington Wizards,WAS vs. LAC,L,0,96,40.0,21,9.0,4,20,0.412,0.818,0.242,-25.0,22024
22400287,2024-11-27,Cleveland Cavaliers,CLE vs. ATL,L,0,124,44.0,31,11.0,5,12,0.463,0.75,0.313,-11.0,22024
22400292,2024-11-27,Dallas Mavericks,DAL vs. NYK,W,1,129,43.0,27,6.0,4,13,0.565,0.762,0.515,15.0,22024
22400295,2024-11-27,Toronto Raptors,TOR @ NOP,W,1,119,52.0,38,11.0,4,15,0.495,0.333,0.404,26.0,22024
22400296,2024-11-27,Los Angeles Lakers,LAL @ SAS,W,1,119,46.0,31,8.0,3,13,0.533,1.0,0.382,18.0,22024
22400291,2024-11-27,Los Angeles Clippers,LAC @ WAS,W,1,121,47.0,27,18.0,4,13,0.506,0.76,0.364,25.0,22024
22400297,2024-11-27,Brooklyn Nets,BKN @ PHX,W,1,127,36.0,32,8.0,1,12,0.506,0.955,0.429,10.0,22024
22400294,2024-11-27,Minnesota Timberwolves,MIN vs. SAC,L,0,104,33.0,25,11.0,9,15,0.446,0.889,0.359,-11.0,22024
22400287,2024-11-27,Atlanta Hawks,ATL @ CLE,W,1,135,51.0,39,6.0,6,13,0.474,0.92,0.476,11.0,22024
22400290,2024-11-27,Philadelphia 76ers,PHI vs. HOU,L,0,115,42.0,19,12.0,7,14,0.448,0.739,0.364,-7.0,22024
22400290,2024-11-27,Houston Rockets,HOU @ PHI,W,1,122,51.0,23,10.0,14,20,0.455,0.842,0.323,7.0,22024
22400299,2024-11-27,Golden State Warriors,GSW vs. OKC,L,0,101,57.0,25,7.0,6,14,0.357,0.714,0.32,-4.0,22024
22400289,2024-11-27,Orlando Magic,ORL vs. CHI,W,1,133,39.0,30,10.0,8,11,0.511,0.929,0.385,14.0,22024
22400286,2024-11-27,Charlotte Hornets,CHA vs. MIA,L,0,94,43.0,22,10.0,5,13,0.378,0.375,0.333,-4.0,22024
22400288,2024-11-27,Portland Trail Blazers,POR @ IND,L,0,114,38.0,31,6.0,5,14,0.506,0.588,0.457,-7.0,22024
22400295,2024-11-27,New Orleans Pelicans,NOP vs. TOR,L,0,93,47.0,24,12.0,4,15,0.387,0.625,0.314,-26.0,22024
22400298,2024-11-27,Denver Nuggets,DEN @ UTA,W,1,122,39.0,30,10.0,8,10,0.548,0.826,0.333,19.0,22024
22400289,2024-11-27,Chicago Bulls,CHI @ ORL,L,0,119,37.0,30,9.0,6,18,0.529,0.688,0.381,-14.0,22024
22400293,2024-11-27,Memphis Grizzlies,MEM vs. DET,W,1,131,42.0,31,13.0,4,16,0.548,0.75,0.37,20.0,22024
22400294,2024-11-27,Sacramento Kings,SAC @ MIN,W,1,115,47.0,28,8.0,3,16,0.489,0.733,0.324,11.0,22024
22400292,2024-11-27,New York Knicks,NYK @ DAL,L,0,114,33.0,20,9.0,3,8,0.465,0.9,0.241,-15.0,22024
22400288,2024-11-27,Indiana Pacers,IND vs. POR,W,1,121,47.0,27,10.0,10,12,0.489,0.8,0.406,7.0,22024
22400042,2024-11-29,New Orleans Pelicans,NOP @ MEM,L,0,109,46.0,16,9.0,7,14,0.418,0.8,0.31,-11.0,22024
22400046,2024-11-29,Toronto Raptors,TOR @ MIA,L,0,111,46.0,34,4.0,3,18,0.538,0.824,0.379,-10.0,22024
22400041,2024-11-29,Cleveland Cavaliers,CLE @ ATL,L,0,101,40.0,21,9.0,0,13,0.409,0.824,0.289,-16.0,22024
22400043,2024-11-29,Orlando Magic,ORL @ BKN,W,1,123,40.0,29,13.0,13,17,0.53,0.773,0.514,23.0,22024
22400040,2024-11-29,Charlotte Hornets,CHA vs. NYK,L,0,98,39.0,25,8.0,6,13,0.404,0.733,0.319,-1.0,22024
22400045,2024-11-29,Detroit Pistons,DET @ IND,W,1,130,44.0,35,9.0,5,18,0.578,0.8,0.474,24.0,22024
22400040,2024-11-29,New York Knicks,NYK @ CHA,W,1,99,44.0,20,7.0,5,19,0.444,0.789,0.375,1.0,22024
22400049,2024-11-29,Portland Trail Blazers,POR vs. SAC,W,1,115,40.0,27,10.0,3,11,0.511,0.8,0.297,9.0,22024
22400044,2024-11-29,Minnesota Timberwolves,MIN vs. LAC,W,1,93,49.0,25,8.0,5,21,0.413,0.8,0.385,1.0,22024
22400048,2024-11-29,Oklahoma City Thunder,OKC @ LAL,W,1,101,47.0,20,12.0,3,9,0.409,0.75,0.325,8.0,22024
22400045,2024-11-29,Indiana Pacers,IND vs. DET,L,0,106,32.0,23,9.0,4,16,0.482,0.923,0.364,-24.0,22024
22400046,2024-11-29,Miami Heat,MIA vs. TOR,W,1,121,33.0,32,10.0,0,8,0.457,0.824,0.389,10.0,22024
22400048,2024-11-29,Los Angeles Lakers,LAL vs. OKC,L,0,93,47.0,25,4.0,6,17,0.452,0.762,0.289,-8.0,22024
22400047,2024-11-29,Chicago Bulls,CHI vs. BOS,L,0,129,43.0,28,7.0,2,8,0.516,0.813,0.392,-9.0,22024
22400044,2024-11-29,Los Angeles Clippers,LAC @ MIN,L,0,92,39.0,20,17.0,3,15,0.429,0.769,0.323,-1.0,22024
22400042,2024-11-29,Memphis Grizzlies,MEM vs. NOP,W,1,120,51.0,36,9.0,5,15,0.49,0.824,0.293,11.0,22024
22400041,2024-11-29,Atlanta Hawks,ATL vs. CLE,W,1,117,53.0,33,9.0,5,18,0.518,0.833,0.412,16.0,22024
22400047,2024-11-29,Boston Celtics,BOS @ CHI,W,1,138,51.0,24,6.0,2,9,0.5,0.739,0.426,9.0,22024
22400049,2024-11-29,Sacramento Kings,SAC @ POR,L,0,106,41.0,29,7.0,4,20,0.449,0.75,0.357,-9.0,22024
22400043,2024-11-29,Brooklyn Nets,BKN vs. ORL,L,0,100,35.0,22,5.0,5,20,0.494,0.714,0.483,-23.0,22024
22400304,2024-11-30,Utah Jazz,UTA vs. DAL,L,0,94,53.0,20,10.0,7,15,0.358,0.81,0.231,-12.0,22024
22400303,2024-11-30,Golden State Warriors,GSW @ PHX,L,0,105,43.0,28,8.0,5,9,0.413,0.833,0.35,-8.0,22024
22400301,2024-11-30,Philadelphia 76ers,PHI @ DET,W,1,111,50.0,19,9.0,8,14,0.494,0.727,0.355,15.0,22024
22400300,2024-11-30,Atlanta Hawks,ATL @ CHA,W,1,107,49.0,27,8.0,7,20,0.487,0.778,0.303,3.0,22024
22400301,2024-11-30,Detroit Pistons,DET vs. PHI,L,0,96,42.0,22,6.0,5,16,0.385,0.833,0.275,-15.0,22024
22400300,2024-11-30,Charlotte Hornets,CHA vs. ATL,L,0,104,45.0,23,13.0,6,14,0.372,0.842,0.375,-3.0,22024
22400302,2024-11-30,Milwaukee Bucks,MIL vs. WAS,W,1,124,38.0,31,5.0,6,11,0.512,0.8,0.457,10.0,22024
22400304,2024-11-30,Dallas Mavericks,DAL @ UTA,W,1,106,48.0,30,12.0,6,15,0.456,0.6,0.385,12.0,22024
22400303,2024-11-30,Phoenix Suns,PHX vs. GSW,W,1,113,45.0,31,4.0,9,12,0.481,0.864,0.514,8.0,22024
22400302,2024-11-30,Washington Wizards,WAS @ MIL,L,0,114,41.0,24,7.0,3,12,0.471,0.958,0.281,-10.0,22024
22400310,2024-12-01,Houston Rockets,HOU vs. OKC,W,1,119,51.0,20,3.0,6,10,0.413,0.769,0.351,3.0,22024
22400309,2024-12-01,Toronto Raptors,TOR vs. MIA,W,1,119,47.0,30,4.0,5,14,0.534,0.75,0.345,3.0,22024
22400314,2024-12-01,Denver Nuggets,DEN @ LAC,L,0,122,39.0,37,7.0,3,14,0.58,0.526,0.417,-4.0,22024
22400312,2024-12-01,Portland Trail Blazers,POR vs. DAL,L,0,131,39.0,29,7.0,0,21,0.583,0.833,0.581,-6.0,22024
22400311,2024-12-01,Los Angeles Lakers,LAL @ UTA,W,1,105,42.0,23,7.0,4,5,0.443,0.8,0.212,1.0,22024
22400306,2024-12-01,Memphis Grizzlies,MEM vs. IND,W,1,136,40.0,36,9.0,6,10,0.527,0.815,0.348,15.0,22024
22400309,2024-12-01,Miami Heat,MIA @ TOR,L,0,116,45.0,25,11.0,4,14,0.443,0.821,0.375,-3.0,22024
22400307,2024-12-01,Boston Celtics,BOS @ CLE,L,0,111,46.0,17,11.0,6,8,0.4,0.947,0.347,-4.0,22024
22400306,2024-12-01,Indiana Pacers,IND @ MEM,L,0,121,41.0,28,8.0,3,15,0.478,0.808,0.333,-15.0,22024
22400314,2024-12-01,Los Angeles Clippers,LAC vs. DEN,W,1,126,42.0,28,8.0,4,14,0.478,0.815,0.462,4.0,22024
22400307,2024-12-01,Cleveland Cavaliers,CLE vs. BOS,W,1,115,44.0,22,5.0,7,17,0.488,0.8,0.472,4.0,22024
22400308,2024-12-01,New Orleans Pelicans,NOP @ NYK,L,0,85,42.0,20,14.0,9,14,0.372,0.647,0.148,-33.0,22024
22400312,2024-12-01,Dallas Mavericks,DAL @ POR,W,1,137,33.0,33,13.0,0,13,0.552,0.793,0.5,6.0,22024
22400310,2024-12-01,Oklahoma City Thunder,OKC @ HOU,L,0,116,46.0,30,5.0,4,7,0.447,0.76,0.333,-3.0,22024
22400305,2024-12-01,Brooklyn Nets,BKN vs. ORL,L,0,92,33.0,19,10.0,3,16,0.38,0.774,0.258,-8.0,22024
22400311,2024-12-01,Utah Jazz,UTA vs. LAL,L,0,104,44.0,27,4.0,4,15,0.506,0.625,0.35,-1.0,22024
22400308,2024-12-01,New York Knicks,NYK vs. NOP,W,1,118,60.0,30,10.0,9,17,0.457,0.875,0.444,33.0,22024
22400313,2024-12-01,San Antonio Spurs,SAS @ SAC,W,1,127,38.0,32,6.0,9,15,0.512,0.833,0.5,2.0,22024
22400305,2024-12-01,Orlando Magic,ORL @ BKN,W,1,100,52.0,23,10.0,11,22,0.459,0.781,0.25,8.0,22024
22400313,2024-12-01,Sacramento Kings,SAC vs. SAS,L,0,125,51.0,32,8.0,5,10,0.465,0.792,0.375,-2.0,22024
22400315,2024-12-02,New Orleans Pelicans,NOP @ ATL,L,0,112,41.0,21,15.0,5,16,0.44,0.647,0.31,-12.0,22024
22400317,2024-12-02,Brooklyn Nets,BKN @ CHI,L,0,102,41.0,24,9.0,5,10,0.4,0.8,0.333,-26.0,22024
22400315,2024-12-02,Atlanta Hawks,ATL vs. NOP,W,1,124,51.0,30,12.0,4,18,0.51,0.8,0.263,12.0,22024
22400318,2024-12-02,Los Angeles Lakers,LAL @ MIN,L,0,80,39.0,19,8.0,2,20,0.405,0.714,0.194,-29.0,22024
22400316,2024-12-02,Boston Celtics,BOS vs. MIA,W,1,108,54.0,25,5.0,9,14,0.438,0.846,0.345,19.0,22024
22400316,2024-12-02,Miami Heat,MIA @ BOS,L,0,89,44.0,24,6.0,1,10,0.356,0.826,0.229,-19.0,22024
22400318,2024-12-02,Minnesota Timberwolves,MIN vs. LAL,W,1,109,43.0,31,11.0,2,15,0.506,0.8,0.429,29.0,22024
22400317,2024-12-02,Chicago Bulls,CHI vs. BKN,W,1,128,54.0,33,8.0,5,16,0.522,0.842,0.34,26.0,22024
22400056,2024-12-03,Memphis Grizzlies,MEM @ DAL,L,0,116,39.0,27,15.0,3,19,0.464,0.929,0.325,-5.0,22024
22400052,2024-12-03,Detroit Pistons,DET vs. MIL,L,0,107,41.0,22,11.0,7,18,0.46,0.727,0.333,-21.0,22024
22400053,2024-12-03,New York Knicks,NYK vs. ORL,W,1,121,39.0,30,6.0,4,17,0.506,1.0,0.429,15.0,22024
22400056,2024-12-03,Dallas Mavericks,DAL vs. MEM,W,1,121,49.0,24,8.0,8,25,0.481,0.682,0.406,5.0,22024
22400050,2024-12-03,Philadelphia 76ers,PHI @ CHA,W,1,110,31.0,26,9.0,3,12,0.463,0.9,0.4,6.0,22024
22400059,2024-12-03,Houston Rockets,HOU @ SAC,L,0,111,53.0,14,6.0,1,15,0.441,0.714,0.359,-9.0,22024
22400057,2024-12-03,San Antonio Spurs,SAS @ PHX,L,0,93,53.0,26,9.0,2,14,0.35,0.75,0.182,-11.0,22024
22400050,2024-12-03,Charlotte Hornets,CHA vs. PHI,L,0,104,47.0,22,5.0,3,15,0.442,0.821,0.382,-6.0,22024
22400060,2024-12-03,Portland Trail Blazers,POR @ LAC,L,0,105,29.0,25,6.0,4,15,0.513,0.813,0.345,-22.0,22024
22400054,2024-12-03,Indiana Pacers,IND @ TOR,L,0,111,34.0,21,8.0,6,20,0.452,0.821,0.4,-11.0,22024
22400052,2024-12-03,Milwaukee Bucks,MIL @ DET,W,1,128,36.0,26,10.0,6,16,0.563,0.714,0.561,21.0,22024
22400051,2024-12-03,Washington Wizards,WAS @ CLE,L,0,87,52.0,18,4.0,8,20,0.386,0.76,0.154,-31.0,22024
22400053,2024-12-03,Orlando Magic,ORL @ NYK,L,0,106,38.0,20,9.0,4,15,0.437,0.84,0.231,-15.0,22024
22400058,2024-12-03,Denver Nuggets,DEN vs. GSW,W,1,119,38.0,32,9.0,5,15,0.506,0.8,0.458,4.0,22024
22400051,2024-12-03,Cleveland Cavaliers,CLE vs. WAS,W,1,118,45.0,31,11.0,4,11,0.483,0.64,0.348,31.0,22024
22400054,2024-12-03,Toronto Raptors,TOR vs. IND,W,1,122,42.0,28,9.0,4,21,0.543,0.724,0.394,11.0,22024
22400055,2024-12-03,Utah Jazz,UTA @ OKC,L,0,106,36.0,21,3.0,6,29,0.543,0.773,0.371,-27.0,22024
22400055,2024-12-03,Oklahoma City Thunder,OKC vs. UTA,W,1,133,34.0,32,18.0,3,8,0.52,0.909,0.362,27.0,22024
22400058,2024-12-03,Golden State Warriors,GSW @ DEN,L,0,115,48.0,36,12.0,3,14,0.463,0.714,0.316,-4.0,22024
22400060,2024-12-03,Los Angeles Clippers,LAC vs. POR,W,1,127,35.0,29,8.0,8,13,0.553,0.824,0.514,22.0,22024
22400059,2024-12-03,Sacramento Kings,SAC vs. HOU,W,1,120,34.0,33,7.0,8,10,0.516,0.6,0.467,9.0,22024
22400057,2024-12-03,Phoenix Suns,PHX vs. SAS,W,1,104,44.0,26,10.0,5,12,0.487,0.81,0.344,11.0,22024
22400323,2024-12-04,Atlanta Hawks,ATL @ MIL,W,1,119,54.0,29,16.0,3,11,0.441,0.909,0.281,15.0,22024
22400319,2024-12-04,Boston Celtics,BOS vs. DET,W,1,130,43.0,30,11.0,7,16,0.479,0.76,0.396,10.0,22024
22400321,2024-12-04,Miami Heat,MIA vs. LAL,W,1,134,52.0,42,11.0,5,15,0.578,0.667,0.511,41.0,22024
22400322,2024-12-04,Philadelphia 76ers,PHI vs. ORL,L,0,102,35.0,23,9.0,1,14,0.488,0.579,0.367,-4.0,22024
22400324,2024-12-04,Minnesota Timberwolves,MIN @ LAC,W,1,108,50.0,31,15.0,5,14,0.482,0.556,0.364,28.0,22024
22400321,2024-12-04,Los Angeles Lakers,LAL @ MIA,L,0,93,36.0,29,9.0,4,13,0.42,0.737,0.227,-41.0,22024
22400320,2024-12-04,Brooklyn Nets,BKN vs. IND,W,1,99,43.0,24,12.0,6,12,0.432,0.739,0.333,9.0,22024
22400323,2024-12-04,Milwaukee Bucks,MIL vs. ATL,L,0,104,40.0,23,7.0,4,18,0.423,0.657,0.333,-15.0,22024
22400319,2024-12-04,Detroit Pistons,DET @ BOS,L,0,120,34.0,27,10.0,5,18,0.512,0.778,0.513,-10.0,22024
22400324,2024-12-04,Los Angeles Clippers,LAC vs. MIN,L,0,80,46.0,13,7.0,2,21,0.349,0.846,0.275,-28.0,22024
22400320,2024-12-04,Indiana Pacers,IND @ BKN,L,0,90,39.0,20,6.0,10,16,0.427,0.818,0.242,-9.0,22024
22400322,2024-12-04,Orlando Magic,ORL @ PHI,W,1,106,42.0,21,13.0,7,13,0.488,0.762,0.276,4.0,22024
22400325,2024-12-05,Denver Nuggets,DEN @ CLE,L,0,114,49.0,25,12.0,5,15,0.479,0.727,0.25,-12.0,22024
22400331,2024-12-05,San Antonio Spurs,SAS vs. CHI,L,0,124,41.0,26,11.0,4,11,0.463,0.718,0.286,-15.0,22024
22400330,2024-12-05,Phoenix Suns,PHX @ NOP,L,0,124,46.0,32,10.0,3,17,0.506,0.808,0.378,-2.0,22024
22400329,2024-12-05,Memphis Grizzlies,MEM vs. SAC,W,1,115,49.0,27,9.0,5,22,0.475,0.813,0.342,5.0,22024
22400332,2024-12-05,Golden State Warriors,GSW vs. HOU,W,1,99,54.0,19,5.0,3,10,0.419,0.667,0.321,6.0,22024
22400326,2024-12-05,Dallas Mavericks,DAL @ WAS,W,1,137,58.0,27,8.0,12,15,0.539,0.778,0.526,36.0,22024
22400328,2024-12-05,Oklahoma City Thunder,OKC @ TOR,W,1,129,55.0,28,15.0,11,6,0.48,0.824,0.362,37.0,22024
22400328,2024-12-05,Toronto Raptors,TOR vs. OKC,L,0,92,51.0,24,5.0,7,20,0.356,0.85,0.244,-37.0,22024
22400331,2024-12-05,Chicago Bulls,CHI @ SAS,W,1,139,50.0,36,6.0,5,17,0.578,0.783,0.459,15.0,22024
22400326,2024-12-05,Washington Wizards,WAS vs. DAL,L,0,101,39.0,25,10.0,3,12,0.394,0.667,0.325,-36.0,22024
22400329,2024-12-05,Sacramento Kings,SAC @ MEM,L,0,110,46.0,19,11.0,1,13,0.398,0.857,0.229,-5.0,22024
22400325,2024-12-05,Cleveland Cavaliers,CLE vs. DEN,W,1,126,47.0,32,9.0,3,15,0.5,0.625,0.458,12.0,22024
22400332,2024-12-05,Houston Rockets,HOU @ GSW,L,0,93,45.0,20,9.0,9,8,0.376,0.765,0.263,-6.0,22024
22400327,2024-12-05,Charlotte Hornets,CHA @ NYK,L,0,101,40.0,27,3.0,4,10,0.449,0.6,0.385,-24.0,22024
22400330,2024-12-05,New Orleans Pelicans,NOP vs. PHX,W,1,126,44.0,23,13.0,4,13,0.495,0.72,0.389,2.0,22024
22400327,2024-12-05,New York Knicks,NYK vs. CHA,W,1,125,43.0,29,7.0,4,9,0.539,0.781,0.545,24.0,22024
22400334,2024-12-06,Los Angeles Lakers,LAL @ ATL,L,0,132,40.0,33,11.0,10,13,0.515,0.875,0.457,-2.0,22024
22400333,2024-12-06,Philadelphia 76ers,PHI vs. ORL,W,1,102,37.0,23,11.0,0,15,0.481,0.655,0.269,8.0,22024
22400333,2024-12-06,Orlando Magic,ORL @ PHI,L,0,94,38.0,21,8.0,6,19,0.423,0.882,0.283,-8.0,22024
22400339,2024-12-06,Portland Trail Blazers,POR vs. UTA,L,0,99,34.0,23,4.0,7,10,0.389,0.647,0.298,-42.0,22024
22400338,2024-12-06,Golden State Warriors,GSW vs. MIN,L,0,90,41.0,21,9.0,4,22,0.39,0.882,0.282,-17.0,22024
22400335,2024-12-06,Milwaukee Bucks,MIL @ BOS,L,0,105,51.0,16,4.0,2,9,0.426,0.824,0.379,-6.0,22024
22400334,2024-12-06,Atlanta Hawks,ATL vs. LAL,W,1,134,48.0,40,10.0,5,17,0.5,0.773,0.425,2.0,22024
22400336,2024-12-06,Chicago Bulls,CHI vs. IND,L,0,123,38.0,33,8.0,6,12,0.474,0.833,0.42,-9.0,22024
22400336,2024-12-06,Indiana Pacers,IND @ CHI,W,1,132,46.0,33,9.0,4,12,0.565,0.833,0.6,9.0,22024
22400339,2024-12-06,Utah Jazz,UTA @ POR,W,1,141,61.0,34,6.0,11,12,0.552,0.913,0.438,42.0,22024
22400335,2024-12-06,Boston Celtics,BOS vs. MIL,W,1,111,41.0,27,5.0,6,6,0.46,0.875,0.321,6.0,22024
22400337,2024-12-06,San Antonio Spurs,SAS vs. SAC,L,0,113,42.0,28,8.0,5,14,0.429,0.7,0.341,-27.0,22024
22400337,2024-12-06,Sacramento Kings,SAC @ SAS,W,1,140,44.0,33,7.0,6,11,0.567,0.917,0.471,27.0,22024
22400338,2024-12-06,Minnesota Timberwolves,MIN @ GSW,W,1,107,48.0,32,12.0,6,17,0.455,0.929,0.333,17.0,22024
22400343,2024-12-07,Detroit Pistons,DET @ NYK,W,1,120,43.0,28,7.0,0,18,0.518,0.842,0.5,9.0,22024
22400342,2024-12-07,New Orleans Pelicans,NOP vs. OKC,L,0,109,35.0,25,15.0,6,18,0.481,0.815,0.297,-10.0,22024
22400344,2024-12-07,Toronto Raptors,TOR vs. DAL,L,0,118,39.0,37,13.0,3,13,0.462,0.944,0.385,-7.0,22024
22400342,2024-12-07,Oklahoma City Thunder,OKC @ NOP,W,1,119,45.0,27,13.0,3,18,0.529,0.81,0.375,10.0,22024
22400346,2024-12-07,Miami Heat,MIA vs. PHX,W,1,121,41.0,30,9.0,4,11,0.523,0.783,0.406,10.0,22024
22400343,2024-12-07,New York Knicks,NYK vs. DET,L,0,111,31.0,27,11.0,5,15,0.532,0.593,0.324,-9.0,22024
22400341,2024-12-07,Denver Nuggets,DEN @ WAS,L,0,113,48.0,34,11.0,6,15,0.484,0.593,0.2,-9.0,22024
22400345,2024-12-07,Memphis Grizzlies,MEM @ BOS,W,1,127,52.0,25,13.0,7,13,0.5,0.783,0.455,6.0,22024
22400344,2024-12-07,Dallas Mavericks,DAL @ TOR,W,1,125,52.0,21,10.0,8,18,0.469,0.865,0.378,7.0,22024
22400340,2024-12-07,Charlotte Hornets,CHA vs. CLE,L,0,102,37.0,21,6.0,5,10,0.43,0.895,0.282,-14.0,22024
22400345,2024-12-07,Boston Celtics,BOS vs. MEM,L,0,121,51.0,26,6.0,7,13,0.4,0.679,0.3,-6.0,22024
22400341,2024-12-07,Washington Wizards,WAS vs. DEN,W,1,122,46.0,31,9.0,12,17,0.484,0.727,0.39,9.0,22024
22400340,2024-12-07,Cleveland Cavaliers,CLE @ CHA,W,1,116,47.0,28,6.0,6,11,0.5,0.75,0.368,14.0,22024
22400346,2024-12-07,Phoenix Suns,PHX @ MIA,L,0,111,41.0,29,8.0,3,14,0.439,0.92,0.39,-10.0,22024
22400356,2024-12-08,Houston Rockets,HOU @ LAC,W,1,117,50.0,23,4.0,4,15,0.488,0.846,0.366,11.0,22024
22400347,2024-12-08,Chicago Bulls,CHI vs. PHI,L,0,100,35.0,29,9.0,3,15,0.407,0.917,0.352,-8.0,22024
22400354,2024-12-08,San Antonio Spurs,SAS vs. NOP,W,1,121,55.0,27,7.0,11,13,0.452,0.806,0.308,5.0,22024
22400352,2024-12-08,Phoenix Suns,PHX @ ORL,L,0,110,39.0,24,7.0,6,19,0.47,0.864,0.464,-5.0,22024
22400348,2024-12-08,Brooklyn Nets,BKN vs. MIL,L,0,113,30.0,24,9.0,3,9,0.506,0.938,0.457,-5.0,22024
22400353,2024-12-08,Memphis Grizzlies,MEM @ WAS,W,1,140,46.0,34,12.0,8,16,0.521,0.793,0.395,28.0,22024
22400355,2024-12-08,Minnesota Timberwolves,MIN @ GSW,L,0,106,39.0,22,6.0,8,14,0.456,0.75,0.452,-8.0,22024
22400353,2024-12-08,Washington Wizards,WAS vs. MEM,L,0,112,52.0,20,10.0,5,21,0.43,0.909,0.188,-28.0,22024
22400351,2024-12-08,Cleveland Cavaliers,CLE @ MIA,L,0,113,36.0,25,5.0,1,9,0.477,0.944,0.424,-9.0,22024
22400356,2024-12-08,Los Angeles Clippers,LAC vs. HOU,L,0,106,33.0,21,11.0,3,7,0.446,0.813,0.324,-11.0,22024
22400347,2024-12-08,Philadelphia 76ers,PHI @ CHI,W,1,108,56.0,25,8.0,5,15,0.467,0.929,0.25,8.0,22024
22400357,2024-12-08,Sacramento Kings,SAC vs. UTA,W,1,141,43.0,39,10.0,7,8,0.57,0.625,0.5,44.0,22024
22400355,2024-12-08,Golden State Warriors,GSW vs. MIN,W,1,114,45.0,28,8.0,6,11,0.467,0.7,0.39,8.0,22024
22400354,2024-12-08,New Orleans Pelicans,NOP @ SAS,L,0,116,43.0,26,9.0,8,8,0.434,0.81,0.342,-5.0,22024
22400352,2024-12-08,Orlando Magic,ORL vs. PHX,W,1,115,44.0,17,11.0,6,13,0.477,0.633,0.333,5.0,22024
22400358,2024-12-08,Los Angeles Lakers,LAL vs. POR,W,1,107,40.0,25,14.0,7,11,0.458,0.857,0.382,9.0,22024
22400350,2024-12-08,Denver Nuggets,DEN @ ATL,W,1,141,43.0,43,9.0,5,18,0.629,0.708,0.444,30.0,22024
22400348,2024-12-08,Milwaukee Bucks,MIL @ BKN,W,1,118,31.0,26,6.0,7,16,0.574,0.781,0.484,5.0,22024
22400349,2024-12-08,Indiana Pacers,IND vs. CHA,L,0,109,29.0,23,9.0,7,17,0.512,0.867,0.333,-4.0,22024
22400357,2024-12-08,Utah Jazz,UTA @ SAC,L,0,97,38.0,21,6.0,6,20,0.388,0.952,0.357,-44.0,22024
22400358,2024-12-08,Portland Trail Blazers,POR @ LAL,L,0,98,49.0,17,4.0,3,17,0.417,0.905,0.25,-9.0,22024
22400349,2024-12-08,Charlotte Hornets,CHA @ IND,W,1,113,45.0,24,11.0,3,24,0.513,0.731,0.483,4.0,22024
22400351,2024-12-08,Miami Heat,MIA vs. CLE,W,1,122,47.0,27,4.0,4,11,0.477,0.923,0.432,9.0,22024
22400350,2024-12-08,Atlanta Hawks,ATL vs. DEN,L,0,111,45.0,26,12.0,2,12,0.406,0.741,0.225,-30.0,22024
22400359,2024-12-09,New York Knicks,NYK @ TOR,W,1,113,40.0,32,7.0,7,10,0.512,0.632,0.425,5.0,22024
22400359,2024-12-09,Toronto Raptors,TOR vs. NYK,L,0,108,51.0,23,4.0,4,12,0.448,0.818,0.371,-5.0,22024
22401201,2024-12-10,Orlando Magic,ORL @ MIL,L,0,109,46.0,19,11.0,4,13,0.441,0.778,0.222,-5.0,22024
22401203,2024-12-10,Oklahoma City Thunder,OKC vs. DAL,W,1,118,52.0,29,14.0,5,13,0.455,0.857,0.4,14.0,22024
22401201,2024-12-10,Milwaukee Bucks,MIL vs. ORL,W,1,114,37.0,27,9.0,6,16,0.545,0.76,0.367,5.0,22024
22401203,2024-12-10,Dallas Mavericks,DAL @ OKC,L,0,104,44.0,25,10.0,2,18,0.475,0.684,0.417,-14.0,22024
22401202,2024-12-11,Atlanta Hawks,ATL @ NYK,W,1,108,58.0,27,5.0,7,10,0.413,0.65,0.29,8.0,22024
22401204,2024-12-11,Golden State Warriors,GSW @ HOU,L,0,90,39.0,22,13.0,8,15,0.44,0.444,0.316,-1.0,22024
22401204,2024-12-11,Houston Rockets,HOU vs. GSW,W,1,91,36.0,23,10.0,5,16,0.458,0.9,0.222,1.0,22024
22401202,2024-12-11,New York Knicks,NYK vs. ATL,L,0,100,49.0,27,8.0,11,12,0.43,0.6,0.262,-8.0,22024
22401205,2024-12-12,Boston Celtics,BOS vs. DET,W,1,123,51.0,34,6.0,4,14,0.511,0.846,0.417,24.0,22024
22401205,2024-12-12,Detroit Pistons,DET @ BOS,L,0,99,43.0,27,8.0,4,8,0.429,0.8,0.189,-24.0,22024
22401206,2024-12-12,Miami Heat,MIA vs. TOR,W,1,114,52.0,21,4.0,3,15,0.482,0.656,0.406,10.0,22024
22401207,2024-12-12,New Orleans Pelicans,NOP vs. SAC,L,0,109,43.0,22,6.0,4,17,0.47,0.85,0.378,-2.0,22024
22401207,2024-12-12,Sacramento Kings,SAC @ NOP,W,1,111,50.0,24,12.0,2,11,0.402,0.931,0.303,2.0,22024
22401206,2024-12-12,Toronto Raptors,TOR @ MIA,L,0,104,42.0,29,8.0,5,11,0.446,0.733,0.344,-10.0,22024
22401211,2024-12-13,Memphis Grizzlies,MEM vs. BKN,W,1,135,49.0,33,9.0,4,13,0.525,0.667,0.472,16.0,22024
22401209,2024-12-13,Indiana Pacers,IND @ PHI,W,1,121,41.0,35,9.0,4,10,0.516,0.765,0.368,14.0,22024
22401213,2024-12-13,Los Angeles Clippers,LAC @ DEN,L,0,98,31.0,24,18.0,2,19,0.446,0.556,0.341,-22.0,22024
22401215,2024-12-13,Portland Trail Blazers,POR vs. SAS,L,0,116,36.0,25,9.0,5,13,0.512,0.941,0.39,-2.0,22024
22401212,2024-12-13,Charlotte Hornets,CHA @ CHI,L,0,95,54.0,22,7.0,5,16,0.357,0.81,0.174,-14.0,22024
22401208,2024-12-13,Washington Wizards,WAS @ CLE,L,0,105,44.0,24,7.0,7,17,0.477,0.818,0.35,-10.0,22024
22401208,2024-12-13,Cleveland Cavaliers,CLE vs. WAS,W,1,115,50.0,27,10.0,5,11,0.396,0.7,0.3,10.0,22024
22401210,2024-12-13,Minnesota Timberwolves,MIN vs. LAL,W,1,97,48.0,18,12.0,5,13,0.402,0.75,0.281,10.0,22024
22401210,2024-12-13,Los Angeles Lakers,LAL @ MIN,L,0,87,53.0,17,7.0,6,21,0.384,0.647,0.286,-10.0,22024
22401211,2024-12-13,Brooklyn Nets,BKN @ MEM,L,0,119,41.0,30,9.0,7,16,0.457,0.789,0.377,-16.0,22024
22401209,2024-12-13,Philadelphia 76ers,PHI vs. IND,L,0,107,47.0,18,5.0,4,15,0.435,0.719,0.4,-14.0,22024
22401213,2024-12-13,Denver Nuggets,DEN vs. LAC,W,1,120,46.0,23,15.0,2,21,0.545,0.813,0.345,22.0,22024
22401215,2024-12-13,San Antonio Spurs,SAS @ POR,W,1,118,41.0,32,5.0,6,14,0.518,0.762,0.467,2.0,22024
22401212,2024-12-13,Chicago Bulls,CHI vs. CHA,W,1,109,52.0,27,12.0,11,16,0.398,0.84,0.275,14.0,22024
22401214,2024-12-13,Phoenix Suns,PHX @ UTA,W,1,134,37.0,36,10.0,7,7,0.528,0.9,0.489,8.0,22024
22401214,2024-12-13,Utah Jazz,UTA vs. PHX,L,0,126,34.0,30,5.0,6,15,0.558,0.818,0.564,-8.0,22024
22401229,2024-12-14,Atlanta Hawks,ATL @ MIL,L,0,102,44.0,23,3.0,6,13,0.427,0.647,0.417,-8.0,22024
22401229,2024-12-14,Milwaukee Bucks,ATL @ MIL,W,1,110,47.0,28,8.0,8,12,0.453,0.667,0.311,8.0,22024
22401230,2024-12-14,Oklahoma City Thunder,HOU @ OKC,W,1,111,43.0,19,12.0,4,12,0.45,0.875,0.367,15.0,22024
22401230,2024-12-14,Houston Rockets,HOU @ OKC,L,0,96,49.0,17,7.0,3,16,0.365,0.6,0.239,-15.0,22024
22401218,2024-12-15,Minnesota Timberwolves,MIN @ SAS,W,1,106,51.0,26,11.0,4,12,0.4,0.875,0.343,14.0,22024
22401217,2024-12-15,Boston Celtics,BOS @ WAS,W,1,112,56.0,26,11.0,5,18,0.43,0.583,0.391,14.0,22024
22401220,2024-12-15,Los Angeles Lakers,LAL vs. MEM,W,1,116,44.0,23,10.0,7,21,0.476,0.718,0.294,6.0,22024
22401228,2024-12-15,Golden State Warriors,GSW vs. DAL,L,0,133,37.0,39,8.0,2,10,0.476,0.727,0.5,-10.0,22024
22401227,2024-12-15,Orlando Magic,ORL vs. NYK,L,0,91,39.0,24,8.0,10,15,0.419,0.769,0.3,-9.0,22024
22401217,2024-12-15,Washington Wizards,WAS vs. BOS,L,0,98,51.0,22,10.0,7,16,0.404,0.625,0.325,-14.0,22024
22401216,2024-12-15,New Orleans Pelicans,NOP @ IND,L,0,104,49.0,18,11.0,4,18,0.392,0.783,0.303,-15.0,22024
22401220,2024-12-15,Memphis Grizzlies,MEM @ LAL,L,0,110,50.0,25,10.0,3,20,0.392,0.833,0.321,-6.0,22024
22401219,2024-12-15,Portland Trail Blazers,POR @ PHX,L,0,109,48.0,30,6.0,4,13,0.447,0.769,0.306,-7.0,22024
22401228,2024-12-15,Dallas Mavericks,DAL @ GSW,W,1,143,47.0,36,8.0,5,15,0.598,0.72,0.512,10.0,22024
22401227,2024-12-15,New York Knicks,NYK @ ORL,W,1,100,45.0,20,8.0,3,17,0.465,0.8,0.417,9.0,22024
22401218,2024-12-15,San Antonio Spurs,SAS vs. MIN,L,0,92,50.0,34,6.0,8,18,0.407,0.778,0.244,-14.0,22024
22401216,2024-12-15,Indiana Pacers,IND vs. NOP,W,1,119,43.0,33,10.0,9,17,0.506,0.875,0.421,15.0,22024
22401219,2024-12-15,Phoenix Suns,PHX vs. POR,W,1,116,46.0,23,7.0,2,11,0.483,0.789,0.385,7.0,22024
22401226,2024-12-16,Utah Jazz,UTA @ LAC,L,0,107,35.0,22,8.0,3,22,0.45,0.733,0.333,-37.0,22024
22401226,2024-12-16,Los Angeles Clippers,LAC vs. UTA,W,1,144,41.0,28,13.0,6,14,0.598,0.781,0.538,37.0,22024
22401222,2024-12-16,Charlotte Hornets,CHA vs. PHI,L,0,108,38.0,30,12.0,8,20,0.506,0.571,0.316,-13.0,22024
22401224,2024-12-16,Cleveland Cavaliers,CLE @ BKN,W,1,130,42.0,33,14.0,6,17,0.531,0.862,0.404,29.0,22024
22401221,2024-12-16,Miami Heat,MIA @ DET,L,0,124,44.0,30,16.0,2,13,0.455,0.917,0.279,-1.0,22024
22401225,2024-12-16,Denver Nuggets,DEN @ SAC,W,1,130,55.0,38,9.0,4,15,0.5,0.75,0.357,1.0,22024
22401224,2024-12-16,Brooklyn Nets,BKN vs. CLE,L,0,101,35.0,25,11.0,2,20,0.42,0.792,0.412,-29.0,22024
22401223,2024-12-16,Chicago Bulls,CHI @ TOR,W,1,122,41.0,33,12.0,8,12,0.462,0.786,0.35,1.0,22024
22401221,2024-12-16,Detroit Pistons,DET vs. MIA,W,1,125,52.0,32,8.0,4,21,0.489,0.739,0.5,1.0,22024
22401223,2024-12-16,Toronto Raptors,TOR vs. CHI,L,0,121,44.0,28,7.0,6,18,0.489,0.733,0.346,-1.0,22024
22401222,2024-12-16,Philadelphia 76ers,PHI @ CHA,W,1,121,42.0,21,14.0,4,20,0.513,0.767,0.421,13.0,22024
22401225,2024-12-16,Sacramento Kings,SAC vs. DEN,L,0,129,42.0,28,10.0,9,11,0.48,0.95,0.343,-1.0,22024
22400369,2024-12-19,Indiana Pacers,IND @ PHX,W,1,120,47.0,30,9.0,7,9,0.438,0.839,0.39,9.0,22024
22400371,2024-12-19,Denver Nuggets,DEN @ POR,L,0,124,40.0,35,7.0,3,11,0.54,0.714,0.441,-2.0,22024
22400366,2024-12-19,Golden State Warriors,GSW @ MEM,L,0,93,36.0,20,11.0,5,17,0.356,0.708,0.333,-51.0,22024
22400365,2024-12-19,New Orleans Pelicans,NOP @ HOU,L,0,113,37.0,25,6.0,2,12,0.446,0.72,0.464,-20.0,22024
22400371,2024-12-19,Portland Trail Blazers,POR vs. DEN,W,1,126,45.0,29,7.0,7,10,0.464,0.833,0.348,2.0,22024
22400372,2024-12-19,Sacramento Kings,SAC vs. LAL,L,0,100,43.0,27,7.0,6,15,0.451,0.682,0.379,-13.0,22024
22400367,2024-12-19,New York Knicks,NYK @ MIN,W,1,133,57.0,39,10.0,2,15,0.515,0.813,0.444,26.0,22024
22400365,2024-12-19,Houston Rockets,HOU vs. NOP,W,1,133,42.0,34,7.0,6,11,0.575,0.842,0.436,20.0,22024
22400360,2024-12-19,Utah Jazz,UTA @ DET,W,1,126,62.0,23,5.0,8,27,0.47,0.903,0.5,7.0,22024
22400360,2024-12-19,Detroit Pistons,DET vs. UTA,L,0,119,39.0,26,10.0,8,10,0.438,0.778,0.277,-7.0,22024
22400370,2024-12-19,San Antonio Spurs,SAS vs. ATL,W,1,133,42.0,32,15.0,8,17,0.485,0.696,0.452,7.0,22024
22400363,2024-12-19,Chicago Bulls,CHI @ BOS,W,1,117,56.0,23,2.0,2,10,0.447,0.875,0.365,9.0,22024
22400364,2024-12-19,Brooklyn Nets,BKN @ TOR,W,1,101,53.0,18,3.0,6,15,0.402,0.839,0.231,7.0,22024
22400362,2024-12-19,Charlotte Hornets,CHA @ WAS,L,0,114,52.0,30,12.0,2,8,0.406,0.741,0.186,-9.0,22024
22400362,2024-12-19,Washington Wizards,WAS vs. CHA,W,1,123,52.0,33,5.0,8,18,0.494,0.774,0.405,9.0,22024
22400361,2024-12-19,Orlando Magic,ORL vs. OKC,L,0,99,40.0,25,6.0,6,18,0.449,0.72,0.314,-6.0,22024
22400368,2024-12-19,Dallas Mavericks,DAL vs. LAC,L,0,95,40.0,21,9.0,5,13,0.395,0.714,0.233,-23.0,22024
22400370,2024-12-19,Atlanta Hawks,ATL @ SAS,L,0,126,53.0,32,14.0,6,22,0.474,0.857,0.421,-7.0,22024
22400368,2024-12-19,Los Angeles Clippers,LAC @ DAL,W,1,118,47.0,30,9.0,3,13,0.518,0.941,0.424,23.0,22024
22400366,2024-12-19,Memphis Grizzlies,MEM vs. GSW,W,1,144,60.0,38,11.0,8,16,0.541,0.733,0.563,51.0,22024
22400361,2024-12-19,Oklahoma City Thunder,OKC @ ORL,W,1,105,32.0,23,15.0,6,13,0.482,0.938,0.323,6.0,22024
22400364,2024-12-19,Toronto Raptors,TOR vs. BKN,L,0,94,34.0,26,6.0,4,12,0.395,0.786,0.341,-7.0,22024
22400372,2024-12-19,Los Angeles Lakers,LAL @ SAC,W,1,113,53.0,22,8.0,10,10,0.404,0.833,0.364,13.0,22024
22400363,2024-12-19,Boston Celtics,BOS vs. CHI,L,0,108,45.0,21,6.0,8,4,0.392,0.857,0.25,-9.0,22024
22400369,2024-12-19,Phoenix Suns,PHX vs. IND,L,0,111,44.0,28,6.0,4,16,0.488,0.786,0.3,-9.0,22024
22400367,2024-12-19,Minnesota Timberwolves,MIN vs. NYK,L,0,107,37.0,29,10.0,5,13,0.461,0.615,0.405,-26.0,22024
22400373,2024-12-20,Philadelphia 76ers,PHI vs. CHA,W,1,108,39.0,30,14.0,6,14,0.494,0.778,0.364,10.0,22024
22400375,2024-12-20,Oklahoma City Thunder,OKC @ MIA,W,1,104,48.0,24,8.0,5,14,0.453,0.706,0.412,7.0,22024
22400374,2024-12-20,Milwaukee Bucks,MIL @ CLE,L,0,101,45.0,23,14.0,4,20,0.471,0.611,0.37,-23.0,22024
22400374,2024-12-20,Cleveland Cavaliers,CLE vs. MIL,W,1,124,48.0,30,11.0,0,15,0.505,0.857,0.426,23.0,22024
22400375,2024-12-20,Miami Heat,MIA vs. OKC,L,0,97,41.0,20,9.0,3,18,0.434,0.65,0.3,-7.0,22024
22400373,2024-12-20,Charlotte Hornets,CHA @ PHI,L,0,98,44.0,22,7.0,4,17,0.462,0.762,0.323,-10.0,22024
22400385,2024-12-21,Los Angeles Clippers,LAC @ DAL,L,0,97,40.0,18,8.0,7,17,0.42,0.864,0.27,-16.0,22024
22400377,2024-12-21,Orlando Magic,ORL vs. MIA,W,1,121,41.0,24,5.0,9,13,0.494,0.889,0.297,7.0,22024
22400387,2024-12-21,Phoenix Suns,PHX vs. DET,L,0,125,35.0,30,9.0,1,19,0.577,0.913,0.483,-8.0,22024
22400376,2024-12-21,Sacramento Kings,SAC vs. LAL,L,0,99,46.0,25,10.0,1,13,0.433,0.786,0.27,-4.0,22024
22400386,2024-12-21,Portland Trail Blazers,POR @ SAS,L,0,94,44.0,21,8.0,3,13,0.396,0.667,0.279,-20.0,22024
22400380,2024-12-21,Philadelphia 76ers,PHI @ CLE,L,0,99,41.0,13,7.0,3,13,0.4,0.741,0.324,-27.0,22024
22400384,2024-12-21,New York Knicks,NYK @ NOP,W,1,104,42.0,24,11.0,3,16,0.437,0.867,0.405,11.0,22024
22400378,2024-12-21,Atlanta Hawks,ATL vs. MEM,L,0,112,41.0,29,11.0,6,25,0.488,0.833,0.368,-16.0,22024
22400381,2024-12-21,Boston Celtics,BOS @ CHI,W,1,123,59.0,27,8.0,4,12,0.48,0.857,0.333,25.0,22024
22400380,2024-12-21,Cleveland Cavaliers,CLE vs. PHI,W,1,126,49.0,31,8.0,1,13,0.533,0.533,0.512,27.0,22024
22400387,2024-12-21,Detroit Pistons,DET @ PHX,W,1,133,35.0,31,13.0,4,13,0.551,0.727,0.487,8.0,22024
22400386,2024-12-21,San Antonio Spurs,SAS vs. POR,W,1,114,49.0,33,7.0,13,12,0.473,0.889,0.278,20.0,22024
22400381,2024-12-21,Chicago Bulls,CHI vs. BOS,L,0,98,43.0,28,8.0,4,12,0.378,0.909,0.341,-25.0,22024
22400379,2024-12-21,Utah Jazz,UTA @ BKN,W,1,105,45.0,25,11.0,8,18,0.477,0.529,0.341,11.0,22024
22400383,2024-12-21,Minnesota Timberwolves,MIN vs. GSW,L,0,103,45.0,27,5.0,2,15,0.419,0.68,0.368,-10.0,22024
22400382,2024-12-21,Washington Wizards,WAS @ MIL,L,0,101,47.0,20,7.0,4,19,0.444,0.688,0.429,-11.0,22024
22400385,2024-12-21,Dallas Mavericks,DAL vs. LAC,W,1,113,43.0,25,12.0,5,11,0.455,0.864,0.4,16.0,22024
22400382,2024-12-21,Milwaukee Bucks,MIL vs. WAS,W,1,112,44.0,35,12.0,2,11,0.449,0.8,0.417,11.0,22024
22400384,2024-12-21,New Orleans Pelicans,NOP vs. NYK,L,0,93,45.0,23,8.0,5,19,0.41,0.684,0.353,-11.0,22024
22400383,2024-12-21,Golden State Warriors,GSW @ MIN,W,1,113,45.0,30,9.0,6,10,0.46,0.739,0.381,10.0,22024
22400377,2024-12-21,Miami Heat,MIA @ ORL,L,0,114,38.0,16,7.0,2,14,0.48,0.786,0.281,-7.0,22024
22400376,2024-12-21,Los Angeles Lakers,LAL @ SAC,W,1,103,48.0,23,10.0,6,13,0.482,0.667,0.257,4.0,22024
22400378,2024-12-21,Memphis Grizzlies,MEM @ ATL,W,1,128,40.0,35,13.0,1,18,0.515,0.769,0.439,16.0,22024
22400379,2024-12-21,Brooklyn Nets,BKN vs. UTA,L,0,94,50.0,24,9.0,3,17,0.404,0.917,0.175,-11.0,22024
22400390,2024-12-22,Denver Nuggets,DEN @ NOP,W,1,132,54.0,34,10.0,8,22,0.505,0.75,0.303,3.0,22024
22400389,2024-12-22,Indiana Pacers,IND @ SAC,W,1,122,50.0,36,7.0,5,10,0.581,0.625,0.436,27.0,22024
22400388,2024-12-22,Toronto Raptors,TOR vs. HOU,L,0,110,42.0,33,10.0,3,21,0.457,0.692,0.395,-4.0,22024
22400389,2024-12-22,Sacramento Kings,SAC vs. IND,L,0,95,47.0,21,3.0,3,10,0.365,0.765,0.316,-27.0,22024
22400390,2024-12-22,New Orleans Pelicans,NOP vs. DEN,L,0,129,43.0,37,16.0,9,13,0.463,0.739,0.3,-3.0,22024
22400388,2024-12-22,Houston Rockets,HOU @ TOR,W,1,114,53.0,18,12.0,6,21,0.449,0.818,0.25,4.0,22024
22400401,2024-12-23,Dallas Mavericks,DAL vs. POR,W,1,132,41.0,27,10.0,4,10,0.533,0.706,0.333,24.0,22024
22400397,2024-12-23,New York Knicks,NYK vs. TOR,W,1,139,35.0,34,9.0,1,14,0.593,0.69,0.459,14.0,22024
22400394,2024-12-23,Philadelphia 76ers,PHI vs. SAS,W,1,111,47.0,22,11.0,2,9,0.419,0.739,0.364,5.0,22024
22400391,2024-12-23,Houston Rockets,HOU @ CHA,W,1,114,60.0,23,4.0,8,11,0.434,0.789,0.31,13.0,22024
22400392,2024-12-23,Utah Jazz,UTA @ CLE,L,0,113,51.0,27,6.0,5,16,0.413,0.692,0.432,-11.0,22024
22400392,2024-12-23,Cleveland Cavaliers,CLE vs. UTA,W,1,124,40.0,33,10.0,3,9,0.473,0.783,0.435,11.0,22024
22400393,2024-12-23,Boston Celtics,BOS @ ORL,L,0,104,41.0,13,13.0,5,18,0.44,0.815,0.242,-4.0,22024
22400404,2024-12-23,Detroit Pistons,DET @ LAL,W,1,117,37.0,24,12.0,5,12,0.511,1.0,0.367,3.0,22024
22400394,2024-12-23,San Antonio Spurs,SAS @ PHI,L,0,106,42.0,24,4.0,12,18,0.457,0.944,0.333,-5.0,22024
22400400,2024-12-23,Washington Wizards,WAS @ OKC,L,0,105,51.0,25,7.0,8,19,0.396,0.85,0.372,-18.0,22024
22400398,2024-12-23,Chicago Bulls,CHI vs. MIL,L,0,91,46.0,27,9.0,1,15,0.4,0.75,0.208,-21.0,22024
22400391,2024-12-23,Charlotte Hornets,CHA vs. HOU,L,0,101,44.0,25,8.0,6,11,0.416,0.708,0.278,-13.0,22024
22400400,2024-12-23,Oklahoma City Thunder,OKC vs. WAS,W,1,123,59.0,25,15.0,9,12,0.443,0.864,0.263,18.0,22024
22400396,2024-12-23,Miami Heat,MIA vs. BKN,W,1,110,44.0,27,6.0,3,15,0.493,0.875,0.415,15.0,22024
22400403,2024-12-23,Golden State Warriors,GSW vs. IND,L,0,105,44.0,29,7.0,7,11,0.433,0.714,0.316,-6.0,22024
22400395,2024-12-23,Atlanta Hawks,ATL vs. MIN,W,1,117,38.0,27,15.0,6,21,0.534,0.808,0.5,13.0,22024
22400403,2024-12-23,Indiana Pacers,IND @ GSW,W,1,111,43.0,26,7.0,4,11,0.489,0.909,0.314,6.0,22024
22400399,2024-12-23,Los Angeles Clippers,LAC @ MEM,W,1,114,53.0,22,15.0,6,17,0.438,0.808,0.333,4.0,22024
22400398,2024-12-23,Milwaukee Bucks,MIL @ CHI,W,1,112,49.0,24,7.0,1,13,0.46,0.824,0.419,21.0,22024
22400399,2024-12-23,Memphis Grizzlies,MEM vs. LAC,L,0,110,56.0,26,8.0,6,20,0.384,0.692,0.381,-4.0,22024
22400402,2024-12-23,Phoenix Suns,PHX @ DEN,L,0,90,39.0,23,6.0,5,13,0.398,0.733,0.394,-27.0,22024
22400396,2024-12-23,Brooklyn Nets,BKN @ MIA,L,0,95,42.0,23,9.0,2,14,0.393,0.8,0.382,-15.0,22024
22400404,2024-12-23,Los Angeles Lakers,LAL vs. DET,L,0,114,38.0,28,8.0,3,18,0.541,0.8,0.467,-3.0,22024
22400397,2024-12-23,Toronto Raptors,TOR @ NYK,L,0,125,30.0,28,6.0,3,15,0.545,0.811,0.393,-14.0,22024
22400393,2024-12-23,Orlando Magic,ORL vs. BOS,W,1,108,42.0,26,11.0,9,20,0.446,1.0,0.394,4.0,22024
22400402,2024-12-23,Denver Nuggets,DEN vs. PHX,W,1,117,46.0,35,6.0,4,12,0.511,0.818,0.39,27.0,22024
22400395,2024-12-23,Minnesota Timberwolves,MIN @ ATL,L,0,104,43.0,31,12.0,3,21,0.429,0.923,0.326,-13.0,22024
22400401,2024-12-23,Portland Trail Blazers,POR @ DAL,L,0,108,48.0,23,6.0,1,18,0.462,0.737,0.276,-24.0,22024
22400409,2024-12-25,Phoenix Suns,PHX vs. DEN,W,1,110,42.0,31,12.0,4,7,0.466,0.85,0.306,10.0,22024
22400405,2024-12-25,San Antonio Spurs,SAS @ NYK,L,0,114,45.0,33,3.0,6,15,0.506,0.824,0.421,-3.0,22024
22400407,2024-12-25,Philadelphia 76ers,PHI @ BOS,W,1,118,39.0,28,10.0,5,6,0.466,1.0,0.425,4.0,22024
22400406,2024-12-25,Minnesota Timberwolves,MIN @ DAL,W,1,105,46.0,23,8.0,5,10,0.465,0.846,0.438,6.0,22024
22400407,2024-12-25,Boston Celtics,BOS vs. PHI,L,0,114,51.0,24,3.0,4,13,0.453,0.615,0.408,-4.0,22024
22400408,2024-12-25,Golden State Warriors,GSW vs. LAL,L,0,113,44.0,26,2.0,8,12,0.461,0.765,0.4,-2.0,22024
22400406,2024-12-25,Dallas Mavericks,DAL vs. MIN,L,0,99,43.0,15,6.0,8,12,0.414,1.0,0.372,-6.0,22024
22400405,2024-12-25,New York Knicks,NYK vs. SAS,W,1,117,47.0,26,7.0,3,5,0.45,0.875,0.333,3.0,22024
22400408,2024-12-25,Los Angeles Lakers,LAL @ GSW,W,1,115,41.0,30,6.0,4,9,0.451,1.0,0.357,2.0,22024
22400409,2024-12-25,Denver Nuggets,DEN @ PHX,L,0,100,46.0,20,3.0,2,16,0.462,0.714,0.276,-10.0,22024
22400418,2024-12-26,Detroit Pistons,DET @ SAC,W,1,114,44.0,25,6.0,4,10,0.418,0.84,0.386,1.0,22024
22400414,2024-12-26,Memphis Grizzlies,MEM vs. TOR,W,1,155,63.0,36,8.0,8,17,0.532,0.724,0.4,29.0,22024
22400410,2024-12-26,Oklahoma City Thunder,OKC @ IND,W,1,120,45.0,20,4.0,4,3,0.463,0.792,0.351,6.0,22024
22400416,2024-12-26,Houston Rockets,HOU @ NOP,W,1,128,54.0,19,7.0,9,15,0.474,0.783,0.383,17.0,22024
22400413,2024-12-26,Atlanta Hawks,ATL vs. CHI,W,1,141,44.0,32,9.0,5,12,0.517,0.941,0.378,8.0,22024
22400411,2024-12-26,Orlando Magic,ORL vs. MIA,L,0,88,42.0,14,12.0,6,21,0.442,0.833,0.172,-1.0,22024
22400417,2024-12-26,Portland Trail Blazers,POR vs. UTA,W,1,122,43.0,26,10.0,8,11,0.506,0.773,0.395,2.0,22024
22400414,2024-12-26,Toronto Raptors,TOR @ MEM,L,0,126,40.0,39,8.0,3,15,0.454,0.778,0.326,-29.0,22024
22400418,2024-12-26,Sacramento Kings,SAC vs. DET,L,0,113,44.0,20,3.0,6,14,0.476,0.808,0.359,-1.0,22024
22400416,2024-12-26,New Orleans Pelicans,NOP vs. HOU,L,0,111,44.0,29,12.0,2,13,0.434,0.722,0.324,-17.0,22024
22400415,2024-12-26,Milwaukee Bucks,MIL vs. BKN,L,0,105,39.0,23,12.0,3,22,0.494,0.667,0.395,-6.0,22024
22400410,2024-12-26,Indiana Pacers,IND vs. OKC,L,0,114,51.0,28,1.0,8,11,0.472,0.727,0.389,-6.0,22024
22400411,2024-12-26,Miami Heat,MIA @ ORL,W,1,89,35.0,21,14.0,6,20,0.408,0.857,0.5,1.0,22024
22400412,2024-12-26,Charlotte Hornets,CHA @ WAS,L,0,110,50.0,31,6.0,4,18,0.436,0.786,0.405,-3.0,22024
22400413,2024-12-26,Chicago Bulls,CHI @ ATL,L,0,133,36.0,36,8.0,1,14,0.541,0.833,0.512,-8.0,22024
22400415,2024-12-26,Brooklyn Nets,BKN @ MIL,W,1,111,38.0,25,8.0,1,21,0.476,0.773,0.421,6.0,22024
22400412,2024-12-26,Washington Wizards,WAS vs. CHA,W,1,113,43.0,25,9.0,7,11,0.429,0.75,0.318,3.0,22024
22400417,2024-12-26,Utah Jazz,UTA @ POR,L,0,120,46.0,26,9.0,5,13,0.477,0.68,0.5,-2.0,22024
22400419,2024-12-27,New York Knicks,NYK @ ORL,W,1,108,44.0,18,10.0,3,18,0.533,0.706,0.267,23.0,22024
22400425,2024-12-27,Phoenix Suns,PHX vs. DAL,L,0,89,42.0,23,11.0,7,13,0.386,0.667,0.371,-9.0,22024
22400420,2024-12-27,Indiana Pacers,IND @ BOS,L,0,105,39.0,27,5.0,3,12,0.418,0.72,0.282,-37.0,22024
22400423,2024-12-27,New Orleans Pelicans,NOP vs. MEM,L,0,124,45.0,30,13.0,10,17,0.448,0.931,0.289,-8.0,22024
22400421,2024-12-27,San Antonio Spurs,SAS @ BKN,W,1,96,43.0,26,10.0,8,13,0.41,0.741,0.429,9.0,22024
22400424,2024-12-27,Denver Nuggets,DEN vs. CLE,L,0,135,38.0,39,8.0,3,13,0.564,0.778,0.484,-14.0,22024
22400423,2024-12-27,Memphis Grizzlies,MEM @ NOP,W,1,132,42.0,30,12.0,7,16,0.472,0.886,0.415,8.0,22024
22400425,2024-12-27,Dallas Mavericks,DAL @ PHX,W,1,98,41.0,24,6.0,5,15,0.438,0.941,0.353,9.0,22024
22400426,2024-12-27,Golden State Warriors,GSW @ LAC,L,0,92,47.0,24,14.0,2,14,0.368,0.75,0.184,-10.0,22024
22400422,2024-12-27,Minnesota Timberwolves,MIN @ HOU,W,1,113,40.0,25,8.0,6,14,0.506,0.5,0.488,1.0,22024
22400424,2024-12-27,Cleveland Cavaliers,CLE @ DEN,W,1,149,38.0,40,10.0,7,10,0.563,0.818,0.479,14.0,22024
22400420,2024-12-27,Boston Celtics,BOS vs. IND,W,1,142,52.0,31,9.0,6,10,0.511,0.862,0.411,37.0,22024
22400422,2024-12-27,Houston Rockets,HOU vs. MIN,L,0,112,47.0,19,7.0,3,13,0.489,0.632,0.333,-1.0,22024
22400419,2024-12-27,Orlando Magic,ORL vs. NYK,L,0,85,33.0,20,7.0,3,17,0.368,0.917,0.303,-23.0,22024
22400426,2024-12-27,Los Angeles Clippers,LAC vs. GSW,W,1,102,39.0,19,6.0,10,21,0.533,0.8,0.313,10.0,22024
22400421,2024-12-27,Brooklyn Nets,BKN vs. SAS,L,0,87,45.0,22,8.0,4,16,0.389,0.625,0.293,-9.0,22024
22400435,2024-12-28,Sacramento Kings,SAC @ LAL,L,0,122,39.0,38,7.0,2,9,0.51,0.733,0.275,-10.0,22024
22400427,2024-12-28,Atlanta Hawks,ATL vs. MIA,W,1,120,47.0,34,7.0,2,11,0.512,0.773,0.405,10.0,22024
22400429,2024-12-28,New York Knicks,NYK @ WAS,W,1,136,43.0,26,7.0,3,15,0.526,0.923,0.25,4.0,22024
22400433,2024-12-28,Philadelphia 76ers,PHI @ UTA,W,1,114,32.0,22,15.0,8,8,0.434,0.784,0.361,3.0,22024
22400433,2024-12-28,Utah Jazz,UTA vs. PHI,L,0,111,48.0,27,3.0,3,21,0.483,0.867,0.333,-3.0,22024
22400430,2024-12-28,Milwaukee Bucks,MIL @ CHI,L,0,111,43.0,27,6.0,7,7,0.402,1.0,0.333,-5.0,22024
22400430,2024-12-28,Chicago Bulls,CHI vs. MIL,W,1,116,52.0,33,4.0,6,11,0.474,0.706,0.389,5.0,22024
22400435,2024-12-28,Los Angeles Lakers,LAL vs. SAC,W,1,132,33.0,33,4.0,3,11,0.597,0.788,0.538,10.0,22024
22400434,2024-12-28,Portland Trail Blazers,POR vs. DAL,W,1,126,50.0,27,8.0,7,14,0.5,0.793,0.423,4.0,22024
22400429,2024-12-28,Washington Wizards,WAS vs. NYK,L,0,132,44.0,32,7.0,4,15,0.515,0.867,0.447,-4.0,22024
22400431,2024-12-28,Phoenix Suns,PHX @ GSW,L,0,105,46.0,21,7.0,12,13,0.424,0.818,0.257,-4.0,22024
22400432,2024-12-28,Denver Nuggets,DEN vs. DET,W,1,134,40.0,29,9.0,6,13,0.561,0.806,0.481,13.0,22024
22400428,2024-12-28,Charlotte Hornets,CHA vs. OKC,L,0,94,44.0,17,9.0,5,18,0.363,0.893,0.324,-12.0,22024
22400434,2024-12-28,Dallas Mavericks,DAL @ POR,L,0,122,40.0,20,6.0,10,13,0.483,0.808,0.395,-4.0,22024
22400427,2024-12-28,Miami Heat,MIA @ ATL,L,0,110,42.0,23,9.0,4,8,0.444,0.944,0.317,-10.0,22024
22400431,2024-12-28,Golden State Warriors,GSW vs. PHX,W,1,109,49.0,26,8.0,7,11,0.418,0.789,0.267,4.0,22024
22400432,2024-12-28,Detroit Pistons,DET @ DEN,L,0,121,41.0,29,8.0,1,12,0.484,0.739,0.308,-13.0,22024
22400428,2024-12-28,Oklahoma City Thunder,OKC @ CHA,W,1,106,49.0,29,9.0,1,15,0.477,0.857,0.263,12.0,22024
22400436,2024-12-29,Brooklyn Nets,BKN @ ORL,L,0,101,38.0,22,7.0,3,14,0.438,0.857,0.433,-1.0,22024
22400439,2024-12-29,Houston Rockets,HOU vs. MIA,L,0,100,52.0,24,5.0,4,12,0.392,0.846,0.325,-4.0,22024
22400436,2024-12-29,Orlando Magic,ORL vs. BKN,W,1,102,42.0,30,7.0,3,13,0.446,0.64,0.333,1.0,22024
22400438,2024-12-29,Toronto Raptors,TOR vs. ATL,L,0,107,52.0,26,10.0,4,31,0.447,0.889,0.292,-29.0,22024
22400437,2024-12-29,Boston Celtics,BOS vs. IND,L,0,114,41.0,26,6.0,6,8,0.462,0.632,0.296,-9.0,22024
22400438,2024-12-29,Atlanta Hawks,ATL @ TOR,W,1,136,40.0,30,22.0,8,14,0.484,0.743,0.4,29.0,22024
22400441,2024-12-29,Minnesota Timberwolves,MIN vs. SAS,W,1,112,56.0,23,4.0,5,10,0.43,0.789,0.25,2.0,22024
22400441,2024-12-29,San Antonio Spurs,SAS @ MIN,L,0,110,41.0,25,6.0,4,9,0.437,0.821,0.282,-2.0,22024
22400440,2024-12-29,Oklahoma City Thunder,OKC vs. MEM,W,1,130,45.0,35,10.0,9,10,0.505,1.0,0.318,24.0,22024
22400440,2024-12-29,Memphis Grizzlies,MEM @ OKC,L,0,106,51.0,30,6.0,4,21,0.381,0.857,0.275,-24.0,22024
22400437,2024-12-29,Indiana Pacers,IND @ BOS,W,1,123,50.0,27,6.0,2,9,0.529,0.815,0.391,9.0,22024
22400439,2024-12-29,Miami Heat,MIA @ HOU,W,1,104,52.0,21,6.0,3,14,0.44,0.714,0.303,4.0,22024
22400444,2024-12-30,New Orleans Pelicans,NOP vs. LAC,L,0,113,35.0,30,13.0,5,16,0.512,0.786,0.486,-3.0,22024
22400443,2024-12-30,New York Knicks,NYK @ WAS,W,1,126,54.0,34,9.0,2,7,0.459,0.84,0.341,20.0,22024
22400447,2024-12-30,Philadelphia 76ers,PHI @ POR,W,1,125,32.0,20,12.0,3,19,0.573,0.903,0.458,22.0,22024
22400445,2024-12-30,Denver Nuggets,DEN @ UTA,W,1,132,51.0,38,13.0,3,7,0.505,0.895,0.3,11.0,22024
22400442,2024-12-30,Charlotte Hornets,CHA vs. CHI,L,0,108,56.0,23,8.0,6,14,0.416,0.7,0.233,-7.0,22024
22400444,2024-12-30,Los Angeles Clippers,LAC @ NOP,W,1,116,40.0,24,11.0,2,16,0.477,0.778,0.351,3.0,22024
22400448,2024-12-30,Dallas Mavericks,DAL @ SAC,L,0,100,36.0,17,8.0,13,17,0.421,0.828,0.387,-10.0,22024
22400446,2024-12-30,Cleveland Cavaliers,CLE @ GSW,W,1,113,54.0,25,10.0,6,16,0.458,0.7,0.383,18.0,22024
22400442,2024-12-30,Chicago Bulls,CHI @ CHA,W,1,115,63.0,31,11.0,4,13,0.375,0.704,0.3,7.0,22024
22400446,2024-12-30,Golden State Warriors,GSW vs. CLE,L,0,95,55.0,20,5.0,8,14,0.333,0.769,0.237,-18.0,22024
22400447,2024-12-30,Portland Trail Blazers,POR vs. PHI,L,0,103,33.0,23,8.0,4,24,0.481,0.7,0.222,-22.0,22024
22400445,2024-12-30,Utah Jazz,UTA vs. DEN,L,0,121,37.0,28,6.0,2,16,0.512,0.909,0.342,-11.0,22024
22400448,2024-12-30,Sacramento Kings,SAC vs. DAL,W,1,110,58.0,25,8.0,1,15,0.42,0.842,0.313,10.0,22024
22400443,2024-12-30,Washington Wizards,WAS vs. NYK,L,0,106,46.0,25,6.0,8,13,0.424,0.727,0.279,-20.0,22024
22400449,2024-12-31,Toronto Raptors,TOR @ BOS,L,0,71,44.0,18,8.0,4,21,0.314,0.636,0.25,-54.0,22024
22400451,2024-12-31,San Antonio Spurs,SAS vs. LAC,W,1,122,58.0,37,10.0,7,9,0.49,0.895,0.225,36.0,22024
22400453,2024-12-31,Phoenix Suns,PHX vs. MEM,L,0,112,43.0,28,9.0,10,17,0.457,0.76,0.3,-5.0,22024
22400452,2024-12-31,Oklahoma City Thunder,OKC vs. MIN,W,1,113,37.0,25,16.0,2,9,0.472,0.739,0.333,8.0,22024
22400451,2024-12-31,Los Angeles Clippers,LAC @ SAS,L,0,86,41.0,17,7.0,3,13,0.345,0.833,0.268,-36.0,22024
22400453,2024-12-31,Memphis Grizzlies,MEM @ PHX,W,1,117,51.0,27,10.0,6,17,0.426,0.667,0.341,5.0,22024
22400454,2024-12-31,Cleveland Cavaliers,CLE @ LAL,W,1,122,48.0,32,5.0,8,11,0.484,0.824,0.391,12.0,22024
22400452,2024-12-31,Minnesota Timberwolves,MIN @ OKC,L,0,105,43.0,21,3.0,7,23,0.494,1.0,0.395,-8.0,22024
22400450,2024-12-31,Indiana Pacers,IND vs. MIL,L,0,112,50.0,26,8.0,7,16,0.444,0.633,0.351,-8.0,22024
22400449,2024-12-31,Boston Celtics,BOS vs. TOR,W,1,125,49.0,29,14.0,7,13,0.54,0.6,0.512,54.0,22024
22400454,2024-12-31,Los Angeles Lakers,LAL vs. CLE,L,0,110,43.0,26,7.0,3,8,0.442,0.895,0.257,-12.0,22024
22400450,2024-12-31,Milwaukee Bucks,MIL @ IND,W,1,120,51.0,27,10.0,0,12,0.464,0.75,0.364,8.0,22024
22400461,2025-01-01,Denver Nuggets,DEN vs. ATL,W,1,139,43.0,44,8.0,5,12,0.564,1.0,0.4,19.0,22024
22400457,2025-01-01,New Orleans Pelicans,NOP @ MIA,L,0,108,31.0,25,4.0,7,10,0.5,0.864,0.265,-11.0,22024
22400458,2025-01-01,Utah Jazz,UTA @ NYK,L,0,103,45.0,23,7.0,6,16,0.406,0.8,0.302,-16.0,22024
22400457,2025-01-01,Miami Heat,MIA vs. NOP,W,1,119,38.0,34,6.0,1,10,0.53,0.81,0.412,11.0,22024
22400460,2025-01-01,Houston Rockets,HOU vs. DAL,W,1,110,35.0,16,17.0,1,12,0.472,0.783,0.32,11.0,22024
22400455,2025-01-01,Orlando Magic,ORL @ DET,L,0,96,33.0,18,18.0,5,12,0.407,0.7,0.229,-9.0,22024
22400461,2025-01-01,Atlanta Hawks,ATL @ DEN,L,0,120,44.0,34,10.0,5,13,0.45,0.667,0.348,-19.0,22024
22400459,2025-01-01,Toronto Raptors,TOR vs. BKN,W,1,130,39.0,36,8.0,6,10,0.591,0.769,0.5,17.0,22024
22400462,2025-01-01,Sacramento Kings,SAC vs. PHI,W,1,113,45.0,24,11.0,4,17,0.488,0.917,0.29,6.0,22024
22400460,2025-01-01,Dallas Mavericks,DAL @ HOU,L,0,99,38.0,19,9.0,12,20,0.533,0.5,0.393,-11.0,22024
22400459,2025-01-01,Brooklyn Nets,BKN @ TOR,L,0,113,32.0,28,8.0,2,11,0.483,0.9,0.297,-17.0,22024
22400458,2025-01-01,New York Knicks,NYK vs. UTA,W,1,119,47.0,31,10.0,6,13,0.553,0.696,0.391,16.0,22024
22400462,2025-01-01,Philadelphia 76ers,PHI @ SAC,L,0,107,34.0,24,10.0,5,18,0.476,0.857,0.375,-6.0,22024
22400456,2025-01-01,Chicago Bulls,CHI @ WAS,L,0,107,44.0,28,11.0,6,20,0.446,0.786,0.298,-18.0,22024
22400455,2025-01-01,Detroit Pistons,DET vs. ORL,W,1,105,49.0,25,7.0,3,23,0.519,0.647,0.414,9.0,22024
22400456,2025-01-01,Washington Wizards,WAS vs. CHI,W,1,125,42.0,36,11.0,3,15,0.495,0.833,0.472,18.0,22024
22400468,2025-01-02,Los Angeles Lakers,LAL vs. POR,W,1,114,43.0,30,8.0,3,12,0.457,0.929,0.349,8.0,22024
22400467,2025-01-02,Philadelphia 76ers,PHI @ GSW,L,0,105,33.0,17,11.0,6,11,0.42,0.824,0.29,-34.0,22024
22400465,2025-01-02,Brooklyn Nets,BKN @ MIL,W,1,113,51.0,26,8.0,3,14,0.432,0.893,0.308,3.0,22024
22400466,2025-01-02,Oklahoma City Thunder,OKC vs. LAC,W,1,116,35.0,29,11.0,3,9,0.5,0.8,0.368,18.0,22024
22400468,2025-01-02,Portland Trail Blazers,POR @ LAL,L,0,106,42.0,24,6.0,4,18,0.5,0.81,0.346,-8.0,22024
22400464,2025-01-02,Boston Celtics,BOS @ MIN,W,1,118,31.0,30,9.0,4,3,0.5,0.667,0.386,3.0,22024
22400463,2025-01-02,Indiana Pacers,IND @ MIA,W,1,128,39.0,35,9.0,4,6,0.531,0.563,0.425,13.0,22024
22400463,2025-01-02,Miami Heat,MIA vs. IND,L,0,115,39.0,34,6.0,6,14,0.573,0.857,0.423,-13.0,22024
22400464,2025-01-02,Minnesota Timberwolves,MIN vs. BOS,L,0,115,41.0,24,1.0,2,15,0.5,0.909,0.538,-3.0,22024
22400467,2025-01-02,Golden State Warriors,GSW vs. PHI,W,1,139,43.0,41,5.0,8,11,0.609,0.733,0.564,34.0,22024
22400466,2025-01-02,Los Angeles Clippers,LAC @ OKC,L,0,98,45.0,25,6.0,1,19,0.469,0.647,0.344,-18.0,22024
22400465,2025-01-02,Milwaukee Bucks,MIL vs. BKN,L,0,110,46.0,21,6.0,6,14,0.444,0.679,0.297,-3.0,22024
22400476,2025-01-03,Sacramento Kings,SAC vs. MEM,W,1,138,37.0,32,10.0,8,9,0.495,0.826,0.447,5.0,22024
22400477,2025-01-03,Atlanta Hawks,ATL @ LAL,L,0,102,39.0,22,10.0,3,8,0.41,0.778,0.176,-17.0,22024
22400473,2025-01-03,New York Knicks,NYK @ OKC,L,0,107,42.0,22,7.0,2,12,0.478,0.706,0.281,-10.0,22024
22400475,2025-01-03,Denver Nuggets,DEN vs. SAS,L,0,110,46.0,33,7.0,7,8,0.433,0.688,0.385,-3.0,22024
22400471,2025-01-03,Boston Celtics,BOS @ HOU,W,1,109,41.0,20,6.0,8,14,0.506,0.667,0.487,23.0,22024
22400477,2025-01-03,Los Angeles Lakers,LAL vs. ATL,W,1,119,56.0,28,4.0,6,18,0.489,0.8,0.433,17.0,22024
22400472,2025-01-03,New Orleans Pelicans,NOP vs. WAS,W,1,132,37.0,36,10.0,6,7,0.5,0.818,0.439,12.0,22024
22400474,2025-01-03,Cleveland Cavaliers,CLE @ DAL,W,1,134,46.0,38,5.0,7,7,0.531,0.75,0.375,12.0,22024
22400470,2025-01-03,Toronto Raptors,TOR vs. ORL,L,0,97,37.0,28,6.0,1,11,0.475,0.846,0.345,-9.0,22024
22400474,2025-01-03,Dallas Mavericks,DAL vs. CLE,L,0,122,53.0,29,3.0,4,12,0.43,0.8,0.273,-12.0,22024
22400476,2025-01-03,Memphis Grizzlies,MEM @ SAC,L,0,133,51.0,31,5.0,4,17,0.483,0.833,0.459,-5.0,22024
22400472,2025-01-03,Washington Wizards,WAS @ NOP,L,0,120,48.0,28,6.0,0,21,0.536,0.778,0.321,-12.0,22024
22400473,2025-01-03,Oklahoma City Thunder,OKC vs. NYK,W,1,117,41.0,27,9.0,7,13,0.512,0.81,0.519,10.0,22024
22400475,2025-01-03,San Antonio Spurs,SAS @ DEN,W,1,113,56.0,31,4.0,3,13,0.465,0.615,0.361,3.0,22024
22400470,2025-01-03,Orlando Magic,ORL @ TOR,W,1,106,42.0,32,10.0,8,11,0.468,0.765,0.432,9.0,22024
22400469,2025-01-03,Charlotte Hornets,CHA @ DET,L,0,94,45.0,25,8.0,6,17,0.413,0.633,0.3,-4.0,22024
22400469,2025-01-03,Detroit Pistons,DET vs. CHA,W,1,98,51.0,21,13.0,7,13,0.419,0.615,0.324,4.0,22024
22400471,2025-01-03,Houston Rockets,HOU vs. BOS,L,0,86,37.0,9,6.0,4,11,0.364,1.0,0.278,-23.0,22024
22400481,2025-01-04,Miami Heat,MIA vs. UTA,L,0,100,32.0,25,9.0,7,15,0.438,0.7,0.257,-36.0,22024
22400486,2025-01-04,Los Angeles Clippers,LAC vs. ATL,W,1,131,48.0,36,15.0,3,17,0.552,0.706,0.361,26.0,22024
22400485,2025-01-04,Golden State Warriors,GSW vs. MEM,W,1,121,29.0,32,13.0,5,18,0.524,0.625,0.535,8.0,22024
22400481,2025-01-04,Utah Jazz,UTA @ MIA,W,1,136,57.0,31,11.0,4,14,0.52,0.813,0.413,36.0,22024
22400482,2025-01-04,Chicago Bulls,CHI vs. NYK,W,1,139,43.0,36,6.0,4,12,0.543,0.944,0.541,13.0,22024
22400486,2025-01-04,Atlanta Hawks,ATL @ LAC,L,0,105,43.0,30,11.0,4,22,0.432,0.765,0.348,-26.0,22024
22400480,2025-01-04,Indiana Pacers,IND vs. PHX,W,1,126,47.0,35,7.0,4,6,0.479,0.905,0.375,18.0,22024
22400478,2025-01-04,Brooklyn Nets,BKN vs. PHI,L,0,94,39.0,22,6.0,4,22,0.415,0.632,0.341,-29.0,22024
22400479,2025-01-04,Detroit Pistons,DET vs. MIN,W,1,119,47.0,26,12.0,2,12,0.484,0.8,0.342,14.0,22024
22400485,2025-01-04,Memphis Grizzlies,MEM @ GSW,L,0,113,43.0,29,9.0,7,22,0.523,0.75,0.333,-8.0,22024
22400483,2025-01-04,Portland Trail Blazers,POR @ MIL,W,1,105,55.0,21,7.0,3,17,0.482,0.769,0.361,3.0,22024
22400480,2025-01-04,Phoenix Suns,PHX @ IND,L,0,108,36.0,30,3.0,7,11,0.487,0.952,0.4,-18.0,22024
22400484,2025-01-04,Denver Nuggets,DEN @ SAS,W,1,122,58.0,32,11.0,7,7,0.435,0.783,0.303,11.0,22024
22400482,2025-01-04,New York Knicks,NYK @ CHI,L,0,126,49.0,27,7.0,3,13,0.495,0.786,0.267,-13.0,22024
22400478,2025-01-04,Philadelphia 76ers,PHI @ BKN,W,1,123,50.0,31,11.0,2,17,0.512,0.8,0.375,29.0,22024
22400479,2025-01-04,Minnesota Timberwolves,MIN @ DET,L,0,105,33.0,20,7.0,4,17,0.425,0.808,0.4,-14.0,22024
22400483,2025-01-04,Milwaukee Bucks,MIL vs. POR,L,0,102,43.0,25,14.0,3,11,0.432,0.778,0.317,-3.0,22024
22400484,2025-01-04,San Antonio Spurs,SAS vs. DEN,L,0,111,58.0,28,3.0,7,12,0.394,0.889,0.271,-11.0,22024
22400488,2025-01-05,Charlotte Hornets,CHA @ CLE,L,0,105,48.0,19,9.0,4,15,0.418,0.737,0.357,-10.0,22024
22400490,2025-01-05,Utah Jazz,UTA @ ORL,W,1,105,50.0,21,6.0,5,22,0.481,0.889,0.344,13.0,22024
22400487,2025-01-05,Oklahoma City Thunder,OKC vs. BOS,W,1,105,46.0,22,11.0,6,15,0.448,0.846,0.421,13.0,22024
22400489,2025-01-05,Washington Wizards,WAS vs. NOP,L,0,98,46.0,25,6.0,4,15,0.427,0.786,0.268,-12.0,22024
22400492,2025-01-05,Golden State Warriors,GSW vs. SAC,L,0,99,35.0,22,10.0,3,22,0.457,0.722,0.343,-30.0,22024
22400491,2025-01-05,Los Angeles Lakers,LAL @ HOU,L,0,115,39.0,26,4.0,5,10,0.487,0.821,0.444,-4.0,22024
22400489,2025-01-05,New Orleans Pelicans,NOP @ WAS,W,1,110,49.0,26,7.0,8,11,0.411,0.9,0.367,12.0,22024
22400487,2025-01-05,Boston Celtics,BOS @ OKC,L,0,92,48.0,17,6.0,5,16,0.365,0.875,0.196,-13.0,22024
22400491,2025-01-05,Houston Rockets,HOU vs. LAL,W,1,119,49.0,19,3.0,4,6,0.475,0.579,0.35,4.0,22024
22400488,2025-01-05,Cleveland Cavaliers,CLE vs. CHA,W,1,115,41.0,29,5.0,5,12,0.478,0.75,0.349,10.0,22024
22400492,2025-01-05,Sacramento Kings,SAC @ GSW,W,1,129,43.0,31,15.0,3,15,0.517,0.909,0.442,30.0,22024
22400490,2025-01-05,Orlando Magic,ORL vs. UTA,L,0,92,43.0,25,8.0,4,11,0.357,0.615,0.298,-13.0,22024
22400493,2025-01-06,Portland Trail Blazers,POR @ DET,L,0,115,38.0,32,6.0,4,16,0.533,0.6,0.457,-3.0,22024
22400495,2025-01-06,Indiana Pacers,IND @ BKN,W,1,113,35.0,22,8.0,5,10,0.506,0.913,0.387,14.0,22024
22400493,2025-01-06,Detroit Pistons,DET vs. POR,W,1,118,45.0,23,9.0,4,14,0.447,0.864,0.349,3.0,22024
22400499,2025-01-06,Memphis Grizzlies,MEM vs. DAL,W,1,119,55.0,24,11.0,5,13,0.455,0.771,0.343,15.0,22024
22400497,2025-01-06,Milwaukee Bucks,MIL @ TOR,W,1,128,46.0,37,7.0,8,21,0.573,0.8,0.5,24.0,22024
22400496,2025-01-06,Orlando Magic,ORL @ NYK,W,1,103,39.0,23,7.0,5,9,0.5,0.778,0.355,9.0,22024
22400498,2025-01-06,Chicago Bulls,CHI vs. SAS,W,1,114,47.0,25,12.0,4,13,0.431,0.867,0.333,4.0,22024
22400501,2025-01-06,Miami Heat,MIA @ SAC,L,0,118,53.0,25,14.0,6,13,0.422,0.778,0.262,-5.0,22024
22400496,2025-01-06,New York Knicks,NYK vs. ORL,L,0,94,38.0,16,4.0,3,12,0.444,0.818,0.182,-9.0,22024
22400500,2025-01-06,Minnesota Timberwolves,MIN vs. LAC,W,1,108,55.0,24,6.0,5,14,0.446,0.588,0.41,2.0,22024
22400495,2025-01-06,Brooklyn Nets,BKN vs. IND,L,0,99,51.0,23,8.0,3,14,0.418,0.636,0.303,-14.0,22024
22400498,2025-01-06,San Antonio Spurs,SAS @ CHI,L,0,110,49.0,31,8.0,12,17,0.463,0.583,0.326,-4.0,22024
22400494,2025-01-06,Philadelphia 76ers,PHI vs. PHX,L,0,99,46.0,20,6.0,4,10,0.391,0.615,0.375,-10.0,22024
22400500,2025-01-06,Los Angeles Clippers,LAC @ MIN,L,0,106,49.0,23,9.0,10,13,0.416,0.8,0.343,-2.0,22024
22400501,2025-01-06,Sacramento Kings,SAC vs. MIA,W,1,123,60.0,30,7.0,8,15,0.417,0.769,0.342,5.0,22024
22400499,2025-01-06,Dallas Mavericks,DAL @ MEM,L,0,104,50.0,25,7.0,8,15,0.408,0.733,0.361,-15.0,22024
22400497,2025-01-06,Toronto Raptors,TOR vs. MIL,L,0,104,35.0,27,11.0,4,15,0.451,0.619,0.257,-24.0,22024
22400494,2025-01-06,Phoenix Suns,PHX @ PHI,W,1,109,44.0,32,7.0,4,12,0.506,0.684,0.452,10.0,22024
22400507,2025-01-07,Denver Nuggets,DEN vs. BOS,L,0,106,39.0,22,6.0,6,16,0.46,0.8,0.389,-12.0,22024
22400506,2025-01-07,Utah Jazz,UTA vs. ATL,L,0,121,47.0,25,8.0,4,15,0.417,0.88,0.396,-3.0,22024
22400503,2025-01-07,Houston Rockets,HOU @ WAS,W,1,135,49.0,31,15.0,2,10,0.515,0.87,0.395,23.0,22024
22400506,2025-01-07,Atlanta Hawks,ATL @ UTA,W,1,124,44.0,35,6.0,11,10,0.48,0.8,0.409,3.0,22024
22400505,2025-01-07,New Orleans Pelicans,NOP vs. MIN,L,0,97,46.0,23,12.0,5,14,0.372,0.625,0.293,-7.0,22024
22400505,2025-01-07,Minnesota Timberwolves,MIN @ NOP,W,1,104,53.0,26,9.0,8,16,0.427,0.684,0.341,7.0,22024
22400508,2025-01-07,Miami Heat,MIA @ GSW,W,1,114,48.0,32,6.0,3,9,0.473,0.706,0.4,16.0,22024
22400508,2025-01-07,Golden State Warriors,GSW vs. MIA,L,0,98,52.0,28,9.0,6,10,0.408,0.8,0.28,-16.0,22024
22400502,2025-01-07,Charlotte Hornets,CHA vs. PHX,W,1,115,59.0,23,9.0,5,11,0.388,0.897,0.277,11.0,22024
22400502,2025-01-07,Phoenix Suns,PHX @ CHA,L,0,104,42.0,27,3.0,4,11,0.424,0.947,0.242,-11.0,22024
22400504,2025-01-07,Los Angeles Lakers,LAL @ DAL,L,0,97,33.0,20,7.0,6,10,0.453,0.75,0.314,-21.0,22024
22400507,2025-01-07,Boston Celtics,BOS @ DEN,W,1,118,41.0,30,11.0,7,11,0.5,0.9,0.343,12.0,22024
22400504,2025-01-07,Dallas Mavericks,DAL vs. LAL,W,1,118,44.0,29,7.0,0,10,0.523,0.714,0.474,21.0,22024
22400503,2025-01-07,Washington Wizards,WAS vs. HOU,L,0,112,43.0,21,6.0,4,18,0.461,0.75,0.375,-23.0,22024
22400513,2025-01-08,Detroit Pistons,DET @ BKN,W,1,113,42.0,30,9.0,9,13,0.523,0.667,0.405,15.0,22024
22400510,2025-01-08,Indiana Pacers,IND vs. CHI,W,1,129,46.0,37,11.0,1,8,0.52,0.625,0.345,16.0,22024
22400513,2025-01-08,Brooklyn Nets,BKN vs. DET,L,0,98,38.0,24,10.0,4,15,0.384,0.905,0.333,-15.0,22024
22400511,2025-01-08,New York Knicks,NYK vs. TOR,W,1,112,43.0,24,9.0,4,12,0.477,0.8,0.364,14.0,22024
22400512,2025-01-08,Philadelphia 76ers,PHI vs. WAS,W,1,109,36.0,21,8.0,11,7,0.455,0.737,0.341,6.0,22024
22400511,2025-01-08,Toronto Raptors,TOR @ NYK,L,0,98,33.0,25,9.0,6,16,0.494,0.8,0.385,-14.0,22024
22400512,2025-01-08,Washington Wizards,WAS @ PHI,L,0,103,51.0,26,3.0,6,17,0.447,0.667,0.433,-6.0,22024
22400514,2025-01-08,New Orleans Pelicans,NOP vs. POR,L,0,100,41.0,19,11.0,3,17,0.444,0.727,0.324,-19.0,22024
22400510,2025-01-08,Chicago Bulls,CHI @ IND,L,0,113,39.0,23,6.0,6,18,0.512,0.684,0.343,-16.0,22024
22400509,2025-01-08,Oklahoma City Thunder,OKC @ CLE,L,0,122,38.0,35,9.0,5,13,0.533,0.882,0.355,-7.0,22024
22400515,2025-01-08,Los Angeles Clippers,LAC @ DEN,L,0,103,40.0,14,8.0,6,11,0.375,0.8,0.289,-23.0,22024
22400516,2025-01-08,San Antonio Spurs,SAS @ MIL,L,0,105,46.0,24,8.0,5,9,0.368,0.85,0.346,-16.0,22024
22400509,2025-01-08,Cleveland Cavaliers,CLE vs. OKC,W,1,129,40.0,36,7.0,2,15,0.522,0.741,0.417,7.0,22024
22400516,2025-01-08,Milwaukee Bucks,MIL vs. SAS,W,1,121,57.0,26,7.0,4,10,0.478,0.7,0.452,16.0,22024
22400515,2025-01-08,Denver Nuggets,DEN vs. LAC,W,1,126,45.0,29,7.0,3,11,0.551,0.647,0.486,23.0,22024
22400514,2025-01-08,Portland Trail Blazers,POR @ NOP,W,1,119,44.0,24,11.0,7,13,0.545,0.769,0.361,19.0,22024
22400521,2025-01-09,Dallas Mavericks,DAL vs. POR,W,1,117,53.0,26,8.0,7,14,0.455,0.9,0.333,6.0,22024
22400517,2025-01-09,Cleveland Cavaliers,CLE vs. TOR,W,1,132,42.0,31,8.0,3,11,0.528,0.8,0.4,6.0,22024
22400518,2025-01-09,Golden State Warriors,GSW @ DET,W,1,107,49.0,32,9.0,7,15,0.461,0.625,0.326,3.0,22024
22400522,2025-01-09,Atlanta Hawks,ATL @ PHX,L,0,115,32.0,32,11.0,3,11,0.488,0.941,0.469,-8.0,22024
22400523,2025-01-09,Miami Heat,MIA @ UTA,W,1,97,49.0,26,10.0,7,14,0.396,0.733,0.28,5.0,22024
22400518,2025-01-09,Detroit Pistons,DET vs. GSW,L,0,104,40.0,25,7.0,7,14,0.453,0.75,0.359,-3.0,22024
22400517,2025-01-09,Toronto Raptors,TOR @ CLE,L,0,126,37.0,34,9.0,2,12,0.596,0.462,0.452,-6.0,22024
22400521,2025-01-09,Portland Trail Blazers,POR @ DAL,L,0,111,43.0,24,6.0,7,12,0.419,0.85,0.444,-6.0,22024
22400520,2025-01-09,Memphis Grizzlies,MEM vs. HOU,L,0,115,43.0,20,9.0,8,19,0.5,0.7,0.313,-4.0,22024
22400523,2025-01-09,Utah Jazz,UTA vs. MIA,L,0,92,49.0,20,9.0,7,16,0.398,0.882,0.306,-5.0,22024
22400519,2025-01-09,Orlando Magic,ORL vs. MIN,L,0,89,47.0,21,4.0,10,14,0.379,0.684,0.25,-15.0,22024
22400520,2025-01-09,Houston Rockets,HOU @ MEM,W,1,119,44.0,21,13.0,3,12,0.427,0.585,0.382,4.0,22024
22400522,2025-01-09,Phoenix Suns,PHX vs. ATL,W,1,123,42.0,33,7.0,6,16,0.576,0.8,0.394,8.0,22024
22400519,2025-01-09,Minnesota Timberwolves,MIN @ ORL,W,1,104,50.0,21,9.0,4,8,0.4,0.774,0.353,15.0,22024
22400527,2025-01-10,Philadelphia 76ers,PHI vs. NOP,L,0,115,42.0,23,7.0,3,9,0.462,0.895,0.368,-8.0,22024
22400527,2025-01-10,New Orleans Pelicans,NOP @ PHI,W,1,123,44.0,31,7.0,8,12,0.484,0.654,0.45,8.0,22024
22400528,2025-01-10,Sacramento Kings,SAC @ BOS,W,1,114,56.0,26,11.0,8,9,0.431,0.889,0.383,17.0,22024
22400529,2025-01-10,Oklahoma City Thunder,OKC @ NYK,W,1,126,46.0,20,9.0,9,15,0.539,0.889,0.519,25.0,22024
22400528,2025-01-10,Boston Celtics,BOS vs. SAC,L,0,97,43.0,22,5.0,7,15,0.405,0.818,0.268,-17.0,22024
22400530,2025-01-10,Chicago Bulls,CHI vs. WAS,W,1,138,55.0,39,11.0,7,13,0.558,0.643,0.469,33.0,22024
22400531,2025-01-10,Denver Nuggets,DEN vs. BKN,W,1,124,49.0,34,12.0,5,14,0.517,0.758,0.375,19.0,22024
22400530,2025-01-10,Washington Wizards,WAS @ CHI,L,0,105,45.0,26,6.0,4,15,0.398,0.692,0.391,-33.0,22024
22400531,2025-01-10,Brooklyn Nets,BKN @ DEN,L,0,105,39.0,26,9.0,5,17,0.422,0.789,0.311,-19.0,22024
22400525,2025-01-10,Indiana Pacers,IND vs. GSW,W,1,108,48.0,27,8.0,8,15,0.524,0.684,0.333,12.0,22024
22400525,2025-01-10,Golden State Warriors,GSW @ IND,L,0,96,42.0,25,11.0,2,13,0.418,0.769,0.263,-12.0,22024
22400526,2025-01-10,Orlando Magic,ORL vs. MIL,L,0,106,44.0,20,8.0,5,10,0.43,0.692,0.35,-3.0,22024
22400526,2025-01-10,Milwaukee Bucks,MIL @ ORL,W,1,109,43.0,18,10.0,5,11,0.518,0.609,0.36,3.0,22024
22400529,2025-01-10,New York Knicks,NYK vs. OKC,L,0,101,43.0,18,7.0,3,10,0.385,1.0,0.129,-25.0,22024
22400533,2025-01-11,Utah Jazz,UTA @ PHX,L,0,106,50.0,26,6.0,2,13,0.438,0.722,0.214,-8.0,22024
22400534,2025-01-11,Toronto Raptors,TOR @ DET,L,0,114,45.0,27,12.0,3,12,0.435,0.667,0.421,-9.0,22024
22400536,2025-01-11,Miami Heat,MIA @ POR,W,1,119,43.0,31,13.0,5,10,0.478,0.75,0.432,21.0,22024
22400535,2025-01-11,Minnesota Timberwolves,MIN vs. MEM,L,0,125,41.0,37,7.0,5,18,0.566,0.737,0.405,-2.0,22024
22400534,2025-01-11,Detroit Pistons,DET vs. TOR,W,1,123,46.0,35,8.0,5,15,0.524,0.762,0.576,9.0,22024
22400535,2025-01-11,Memphis Grizzlies,MEM @ MIN,W,1,127,46.0,25,13.0,3,13,0.444,0.789,0.39,2.0,22024
22400536,2025-01-11,Portland Trail Blazers,POR vs. MIA,L,0,98,51.0,24,6.0,6,16,0.379,0.684,0.289,-21.0,22024
22400533,2025-01-11,Phoenix Suns,PHX vs. UTA,W,1,114,38.0,26,9.0,4,11,0.512,0.684,0.351,8.0,22024
22400546,2025-01-12,Brooklyn Nets,BKN @ UTA,L,0,111,54.0,26,5.0,5,8,0.424,0.657,0.25,-1.0,22024
22400540,2025-01-12,Denver Nuggets,DEN @ DAL,W,1,112,55.0,23,6.0,5,13,0.489,0.65,0.219,11.0,22024
22400545,2025-01-12,Washington Wizards,WAS vs. OKC,L,0,95,39.0,20,6.0,6,16,0.337,0.909,0.196,-41.0,22024
22400547,2025-01-12,Phoenix Suns,PHX vs. CHA,W,1,120,39.0,31,9.0,6,12,0.483,0.864,0.415,7.0,22024
22400541,2025-01-12,Chicago Bulls,CHI vs. SAC,L,0,119,45.0,26,4.0,4,7,0.462,0.75,0.486,-5.0,22024
22400544,2025-01-12,Philadelphia 76ers,PHI @ ORL,L,0,99,29.0,17,10.0,4,16,0.458,0.955,0.414,-5.0,22024
22400542,2025-01-12,New Orleans Pelicans,NOP @ BOS,L,0,119,42.0,24,8.0,3,9,0.465,0.846,0.459,-1.0,22024
22400547,2025-01-12,Charlotte Hornets,CHA @ PHX,L,0,113,52.0,30,10.0,2,16,0.446,0.8,0.375,-7.0,22024
22400543,2025-01-12,Indiana Pacers,IND @ CLE,W,1,108,50.0,30,11.0,7,10,0.467,0.611,0.314,15.0,22024
22400543,2025-01-12,Cleveland Cavaliers,CLE vs. IND,L,0,93,44.0,24,4.0,5,13,0.398,0.889,0.268,-15.0,22024
22400539,2025-01-12,Milwaukee Bucks,MIL @ NYK,L,0,106,39.0,22,6.0,3,14,0.457,0.588,0.294,-34.0,22024
22400542,2025-01-12,Boston Celtics,BOS vs. NOP,W,1,120,55.0,23,5.0,7,11,0.436,0.826,0.295,1.0,22024
22400540,2025-01-12,Dallas Mavericks,DAL vs. DEN,L,0,101,37.0,27,7.0,5,12,0.412,0.76,0.353,-11.0,22024
22400539,2025-01-12,New York Knicks,NYK vs. MIL,W,1,140,49.0,29,6.0,4,11,0.58,0.833,0.439,34.0,22024
22400541,2025-01-12,Sacramento Kings,SAC @ CHI,W,1,124,53.0,33,4.0,3,8,0.495,0.81,0.333,5.0,22024
22400546,2025-01-12,Utah Jazz,UTA vs. BKN,W,1,112,41.0,25,7.0,6,9,0.444,0.75,0.386,1.0,22024
22400545,2025-01-12,Oklahoma City Thunder,OKC @ WAS,W,1,136,56.0,26,11.0,4,13,0.474,0.943,0.371,41.0,22024
22400544,2025-01-12,Orlando Magic,ORL vs. PHI,W,1,104,41.0,23,10.0,9,16,0.488,0.679,0.233,5.0,22024
22400548,2025-01-13,Washington Wizards,WAS vs. MIN,L,0,106,34.0,27,13.0,3,11,0.44,0.6,0.425,-14.0,22024
22400551,2025-01-13,Memphis Grizzlies,MEM @ HOU,L,0,118,31.0,15,17.0,2,17,0.536,0.667,0.438,-2.0,22024
22400549,2025-01-13,Detroit Pistons,DET @ NYK,W,1,124,39.0,20,8.0,2,11,0.5,0.944,0.441,5.0,22024
22400549,2025-01-13,New York Knicks,NYK vs. DET,L,0,119,42.0,26,5.0,2,17,0.5,0.828,0.405,-5.0,22024
22400550,2025-01-13,Golden State Warriors,GSW @ TOR,L,0,101,46.0,23,11.0,4,14,0.398,0.682,0.348,-3.0,22024
22400552,2025-01-13,San Antonio Spurs,SAS @ LAL,W,1,126,41.0,30,16.0,5,10,0.533,0.85,0.371,24.0,22024
22400553,2025-01-13,Miami Heat,MIA @ LAC,L,0,98,49.0,22,7.0,3,15,0.388,0.833,0.327,-11.0,22024
22400552,2025-01-13,Los Angeles Lakers,LAL vs. SAS,L,0,102,40.0,24,9.0,4,19,0.448,0.625,0.318,-24.0,22024
22400551,2025-01-13,Houston Rockets,HOU vs. MEM,W,1,120,40.0,28,13.0,8,22,0.506,0.71,0.516,2.0,22024
22400548,2025-01-13,Minnesota Timberwolves,MIN @ WAS,W,1,120,53.0,20,8.0,6,18,0.494,0.774,0.378,14.0,22024
22400553,2025-01-13,Los Angeles Clippers,LAC vs. MIA,W,1,109,48.0,28,11.0,6,11,0.484,0.6,0.361,11.0,22024
22400550,2025-01-13,Toronto Raptors,TOR vs. GSW,W,1,104,44.0,28,3.0,9,14,0.477,0.667,0.414,3.0,22024
22400555,2025-01-14,Oklahoma City Thunder,OKC @ PHI,W,1,118,38.0,32,10.0,4,17,0.556,0.889,0.333,16.0,22024
22400556,2025-01-14,Phoenix Suns,PHX @ ATL,L,0,117,37.0,28,10.0,4,13,0.512,0.667,0.371,-5.0,22024
22400554,2025-01-14,Indiana Pacers,IND vs. CLE,L,0,117,37.0,30,10.0,3,11,0.484,0.773,0.429,-10.0,22024
22400554,2025-01-14,Cleveland Cavaliers,CLE @ IND,W,1,127,49.0,25,8.0,6,14,0.483,0.839,0.341,10.0,22024
22400555,2025-01-14,Philadelphia 76ers,PHI vs. OKC,L,0,102,35.0,23,10.0,1,21,0.44,0.75,0.295,-16.0,22024
22400558,2025-01-14,Milwaukee Bucks,MIL vs. SAC,W,1,130,52.0,32,2.0,4,7,0.495,0.833,0.378,15.0,22024
22400558,2025-01-14,Sacramento Kings,SAC @ MIL,L,0,115,45.0,25,4.0,5,9,0.442,0.778,0.405,-15.0,22024
22400560,2025-01-14,Portland Trail Blazers,POR vs. BKN,L,0,114,38.0,20,8.0,3,17,0.453,0.792,0.447,-18.0,22024
22400560,2025-01-14,Brooklyn Nets,BKN @ POR,W,1,132,44.0,36,11.0,2,11,0.544,0.833,0.463,18.0,22024
22400559,2025-01-14,Dallas Mavericks,DAL vs. DEN,L,0,99,30.0,27,14.0,6,12,0.422,0.636,0.281,-19.0,22024
22400557,2025-01-14,Chicago Bulls,CHI vs. NOP,L,0,113,57.0,31,8.0,6,15,0.441,0.75,0.326,-6.0,22024
22400557,2025-01-14,New Orleans Pelicans,NOP @ CHI,W,1,119,46.0,32,11.0,5,10,0.438,0.808,0.28,6.0,22024
22400559,2025-01-14,Denver Nuggets,DEN @ DAL,W,1,118,51.0,28,9.0,7,18,0.518,0.864,0.448,19.0,22024
22400556,2025-01-14,Atlanta Hawks,ATL vs. PHX,W,1,122,54.0,22,10.0,3,12,0.439,0.731,0.415,5.0,22024
22400564,2025-01-15,Orlando Magic,ORL @ MIL,L,0,93,32.0,24,13.0,1,13,0.347,0.714,0.261,-29.0,22024
22400569,2025-01-15,Utah Jazz,UTA vs. CHA,L,0,112,36.0,30,5.0,4,10,0.462,0.588,0.372,-5.0,22024
22400568,2025-01-15,Houston Rockets,HOU @ DEN,W,1,128,40.0,28,14.0,6,8,0.521,0.765,0.447,20.0,22024
22400561,2025-01-15,New York Knicks,NYK @ PHI,W,1,125,45.0,28,10.0,3,13,0.535,0.708,0.432,6.0,22024
22400568,2025-01-15,Denver Nuggets,DEN vs. HOU,L,0,108,36.0,22,4.0,7,18,0.533,0.667,0.483,-20.0,22024
22400567,2025-01-15,San Antonio Spurs,SAS vs. MEM,L,0,115,44.0,22,5.0,11,11,0.449,0.704,0.372,-14.0,22024
22400565,2025-01-15,Golden State Warriors,GSW @ MIN,W,1,116,45.0,26,8.0,5,12,0.488,0.857,0.5,1.0,22024
22400563,2025-01-15,Chicago Bulls,CHI vs. ATL,L,0,94,53.0,23,5.0,5,20,0.443,1.0,0.222,-16.0,22024
22400561,2025-01-15,Philadelphia 76ers,PHI vs. NYK,L,0,119,35.0,27,8.0,2,12,0.5,1.0,0.371,-6.0,22024
22400571,2025-01-15,Brooklyn Nets,BKN @ LAC,L,0,67,39.0,15,9.0,2,20,0.301,0.545,0.179,-59.0,22024
22400566,2025-01-15,New Orleans Pelicans,NOP vs. DAL,W,1,119,49.0,24,11.0,8,10,0.443,0.833,0.333,3.0,22024
22400566,2025-01-15,Dallas Mavericks,DAL @ NOP,L,0,116,45.0,27,9.0,3,15,0.478,0.72,0.343,-3.0,22024
22400569,2025-01-15,Charlotte Hornets,CHA @ UTA,W,1,117,45.0,27,6.0,6,18,0.529,0.714,0.308,5.0,22024
22400570,2025-01-15,Miami Heat,MIA @ LAL,L,0,108,37.0,25,3.0,6,19,0.534,0.933,0.444,-9.0,22024
22400564,2025-01-15,Milwaukee Bucks,MIL vs. ORL,W,1,122,49.0,24,10.0,10,21,0.625,0.714,0.583,29.0,22024
22400562,2025-01-15,Toronto Raptors,TOR vs. BOS,W,1,110,56.0,35,4.0,4,10,0.506,0.6,0.324,13.0,22024
22400563,2025-01-15,Atlanta Hawks,ATL @ CHI,W,1,110,51.0,28,11.0,5,9,0.41,0.682,0.302,16.0,22024
22400562,2025-01-15,Boston Celtics,BOS @ TOR,L,0,97,45.0,24,6.0,8,9,0.396,0.5,0.348,-13.0,22024
22400565,2025-01-15,Minnesota Timberwolves,MIN vs. GSW,L,0,115,41.0,21,4.0,7,9,0.442,0.759,0.459,-1.0,22024
22400571,2025-01-15,Los Angeles Clippers,LAC vs. BKN,W,1,126,46.0,26,13.0,3,14,0.544,0.933,0.375,59.0,22024
22400570,2025-01-15,Los Angeles Lakers,LAL vs. MIA,W,1,117,34.0,33,12.0,4,6,0.522,0.714,0.382,9.0,22024
22400567,2025-01-15,Memphis Grizzlies,MEM @ SAS,W,1,129,52.0,28,7.0,5,8,0.495,0.647,0.421,14.0,22024
22400574,2025-01-16,Oklahoma City Thunder,OKC vs. CLE,W,1,134,39.0,25,12.0,5,6,0.505,0.909,0.34,20.0,22024
22400572,2025-01-16,Indiana Pacers,IND @ DET,W,1,111,40.0,28,13.0,8,9,0.461,0.727,0.433,11.0,22024
22400573,2025-01-16,Phoenix Suns,PHX @ WAS,W,1,130,47.0,33,10.0,4,16,0.518,0.839,0.485,7.0,22024
22400573,2025-01-16,Washington Wizards,WAS vs. PHX,L,0,123,45.0,28,13.0,4,13,0.5,0.667,0.317,-7.0,22024
22400572,2025-01-16,Detroit Pistons,DET vs. IND,L,0,100,55.0,22,3.0,7,19,0.396,0.864,0.25,-11.0,22024
22400574,2025-01-16,Cleveland Cavaliers,CLE @ OKC,L,0,114,49.0,32,2.0,5,21,0.467,0.81,0.31,-20.0,22024
22400576,2025-01-16,Houston Rockets,HOU @ SAC,L,0,127,46.0,24,10.0,6,14,0.527,0.708,0.364,-5.0,22024
22400575,2025-01-16,Los Angeles Clippers,LAC @ POR,W,1,118,50.0,23,9.0,4,15,0.564,0.741,0.435,29.0,22024
22400576,2025-01-16,Sacramento Kings,SAC vs. HOU,W,1,132,44.0,32,5.0,3,12,0.5,0.909,0.424,5.0,22024
22400575,2025-01-16,Portland Trail Blazers,POR vs. LAC,L,0,89,37.0,24,9.0,1,16,0.374,0.923,0.265,-29.0,22024
22400584,2025-01-17,Charlotte Hornets,CHA @ CHI,W,1,125,44.0,26,9.0,2,12,0.5,0.8,0.382,2.0,22024
22400582,2025-01-17,San Antonio Spurs,SAS vs. MEM,L,0,112,40.0,29,4.0,8,17,0.476,0.826,0.361,-28.0,22024
22400584,2025-01-17,Chicago Bulls,CHI vs. CHA,L,0,123,45.0,34,9.0,3,13,0.505,0.929,0.35,-2.0,22024
22400585,2025-01-17,Los Angeles Lakers,LAL vs. BKN,W,1,102,34.0,24,6.0,7,10,0.463,0.778,0.353,1.0,22024
22400585,2025-01-17,Brooklyn Nets,BKN @ LAL,L,0,101,45.0,28,5.0,6,17,0.451,0.769,0.447,-1.0,22024
22400583,2025-01-17,Dallas Mavericks,DAL vs. OKC,W,1,106,43.0,25,11.0,7,17,0.493,0.727,0.39,8.0,22024
22400580,2025-01-17,Milwaukee Bucks,MIL vs. TOR,W,1,130,44.0,25,7.0,5,13,0.519,0.805,0.419,18.0,22024
22400578,2025-01-17,New York Knicks,NYK vs. MIN,L,0,99,41.0,19,10.0,4,9,0.389,0.882,0.412,-17.0,22024
22400579,2025-01-17,Denver Nuggets,DEN @ MIA,W,1,133,41.0,35,5.0,1,5,0.543,0.895,0.485,20.0,22024
22400581,2025-01-17,New Orleans Pelicans,NOP vs. UTA,W,1,136,56.0,34,9.0,8,13,0.47,0.645,0.44,13.0,22024
22400579,2025-01-17,Miami Heat,MIA vs. DEN,L,0,113,41.0,30,2.0,0,8,0.495,1.0,0.273,-20.0,22024
22400580,2025-01-17,Toronto Raptors,TOR @ MIL,L,0,112,43.0,31,6.0,4,12,0.473,0.75,0.235,-18.0,22024
22400577,2025-01-17,Boston Celtics,BOS vs. ORL,W,1,121,41.0,25,6.0,3,10,0.525,0.909,0.459,27.0,22024
22400582,2025-01-17,Memphis Grizzlies,MEM @ SAS,W,1,140,41.0,39,9.0,0,7,0.567,0.733,0.432,28.0,22024
22400581,2025-01-17,Utah Jazz,UTA @ NOP,L,0,123,40.0,30,7.0,8,15,0.5,0.8,0.342,-13.0,22024
22400583,2025-01-17,Oklahoma City Thunder,OKC @ DAL,L,0,98,46.0,24,7.0,2,15,0.385,0.667,0.435,-8.0,22024
22400577,2025-01-17,Orlando Magic,ORL @ BOS,L,0,94,37.0,15,3.0,3,8,0.415,0.677,0.156,-27.0,22024
22400578,2025-01-17,Minnesota Timberwolves,MIN @ NYK,W,1,116,46.0,23,5.0,2,15,0.532,0.714,0.55,17.0,22024
22400591,2025-01-18,Houston Rockets,HOU @ POR,W,1,125,61.0,25,13.0,4,12,0.444,0.682,0.452,22.0,22024
22400590,2025-01-18,Minnesota Timberwolves,MIN vs. CLE,L,0,117,42.0,27,4.0,4,7,0.478,0.842,0.395,-7.0,22024
22400586,2025-01-18,Phoenix Suns,PHX @ DET,W,1,125,50.0,25,6.0,3,9,0.5,0.8,0.28,4.0,22024
22400586,2025-01-18,Detroit Pistons,DET vs. PHX,L,0,121,43.0,22,5.0,3,9,0.468,0.667,0.273,-4.0,22024
22400589,2025-01-18,Golden State Warriors,GSW vs. WAS,W,1,122,55.0,24,6.0,7,9,0.469,0.75,0.341,8.0,22024
22400589,2025-01-18,Washington Wizards,WAS @ GSW,L,0,114,44.0,24,5.0,2,13,0.442,0.696,0.489,-8.0,22024
22400590,2025-01-18,Cleveland Cavaliers,CLE @ MIN,W,1,124,47.0,27,4.0,1,7,0.457,0.92,0.354,7.0,22024
22400591,2025-01-18,Portland Trail Blazers,POR vs. HOU,L,0,103,40.0,28,6.0,10,19,0.453,0.722,0.333,-22.0,22024
22400587,2025-01-18,Atlanta Hawks,ATL @ BOS,W,1,119,55.0,27,9.0,10,17,0.473,0.786,0.243,4.0,22024
22400588,2025-01-18,Philadelphia 76ers,PHI @ IND,L,0,102,32.0,21,8.0,1,9,0.427,0.727,0.294,-13.0,22024
22400588,2025-01-18,Indiana Pacers,IND vs. PHI,W,1,115,50.0,30,4.0,4,17,0.53,0.696,0.324,13.0,22024
22400587,2025-01-18,Boston Celtics,BOS vs. ATL,L,0,115,53.0,23,13.0,6,14,0.385,0.87,0.288,-4.0,22024
22400597,2025-01-19,Chicago Bulls,CHI @ POR,L,0,102,36.0,21,10.0,7,14,0.444,0.846,0.276,-11.0,22024
22400595,2025-01-19,Oklahoma City Thunder,OKC vs. BKN,W,1,127,43.0,37,8.0,5,11,0.552,0.923,0.442,26.0,22024
22400596,2025-01-19,Los Angeles Clippers,LAC vs. LAL,W,1,116,38.0,27,12.0,4,12,0.528,0.786,0.367,14.0,22024
22400596,2025-01-19,Los Angeles Lakers,LAL @ LAC,L,0,102,33.0,26,6.0,6,15,0.5,0.895,0.333,-14.0,22024
22400597,2025-01-19,Portland Trail Blazers,POR vs. CHI,W,1,113,50.0,21,7.0,6,17,0.472,0.8,0.29,11.0,22024
22400598,2025-01-19,Sacramento Kings,SAC vs. WAS,W,1,123,51.0,28,12.0,4,11,0.484,0.792,0.308,23.0,22024
22400598,2025-01-19,Washington Wizards,WAS @ SAC,L,0,100,46.0,19,6.0,1,16,0.36,0.813,0.238,-23.0,22024
22400594,2025-01-19,Milwaukee Bucks,MIL vs. PHI,W,1,123,48.0,31,2.0,3,6,0.494,0.767,0.378,14.0,22024
22400593,2025-01-19,Denver Nuggets,DEN @ ORL,W,1,113,57.0,24,6.0,8,20,0.519,0.839,0.28,13.0,22024
22400593,2025-01-19,Orlando Magic,ORL vs. DEN,L,0,100,39.0,30,15.0,6,7,0.373,0.75,0.293,-13.0,22024
22400592,2025-01-19,Miami Heat,MIA vs. SAS,W,1,128,49.0,35,8.0,6,11,0.526,1.0,0.545,21.0,22024
22400594,2025-01-19,Philadelphia 76ers,PHI @ MIL,L,0,109,38.0,26,4.0,4,7,0.453,0.682,0.356,-14.0,22024
22400592,2025-01-19,San Antonio Spurs,SAS @ MIA,L,0,107,44.0,28,4.0,5,14,0.451,0.625,0.375,-21.0,22024
22400595,2025-01-19,Brooklyn Nets,BKN @ OKC,L,0,101,41.0,25,5.0,3,13,0.425,0.789,0.279,-26.0,22024
22400601,2025-01-20,Memphis Grizzlies,MEM vs. MIN,W,1,108,47.0,19,9.0,4,13,0.43,0.794,0.212,2.0,22024
22400602,2025-01-20,New York Knicks,NYK vs. ATL,W,1,119,39.0,31,8.0,1,15,0.522,0.762,0.346,9.0,22024
22400605,2025-01-20,New Orleans Pelicans,NOP vs. UTA,W,1,123,45.0,28,12.0,8,13,0.446,0.897,0.366,4.0,22024
22400599,2025-01-20,Charlotte Hornets,CHA vs. DAL,W,1,110,49.0,28,10.0,7,13,0.408,0.722,0.436,5.0,22024
22400600,2025-01-20,Houston Rockets,HOU vs. DET,L,0,96,39.0,19,18.0,1,16,0.394,0.688,0.282,-11.0,22024
22400599,2025-01-20,Dallas Mavericks,DAL @ CHA,L,0,105,51.0,19,10.0,8,14,0.432,0.885,0.188,-5.0,22024
22400611,2025-01-20,Chicago Bulls,CHI @ LAC,W,1,112,54.0,25,7.0,6,10,0.404,0.808,0.326,13.0,22024
22400604,2025-01-20,Golden State Warriors,GSW vs. BOS,L,0,85,38.0,28,8.0,3,12,0.348,0.636,0.264,-40.0,22024
22400605,2025-01-20,Utah Jazz,UTA @ NOP,L,0,119,63.0,25,6.0,4,13,0.396,0.8,0.239,-4.0,22024
22400601,2025-01-20,Minnesota Timberwolves,MIN @ MEM,L,0,106,52.0,25,5.0,6,16,0.387,0.741,0.326,-2.0,22024
22400600,2025-01-20,Detroit Pistons,DET @ HOU,W,1,107,52.0,21,12.0,5,22,0.477,0.867,0.37,11.0,22024
22400603,2025-01-20,Phoenix Suns,PHX @ CLE,L,0,92,34.0,22,3.0,5,17,0.468,0.769,0.385,-26.0,22024
22400602,2025-01-20,Atlanta Hawks,ATL @ NYK,L,0,110,41.0,23,10.0,6,23,0.471,0.773,0.433,-9.0,22024
22400611,2025-01-20,Los Angeles Clippers,LAC vs. CHI,L,0,99,40.0,24,4.0,7,9,0.394,0.941,0.214,-13.0,22024
22400604,2025-01-20,Boston Celtics,BOS @ GSW,W,1,125,50.0,33,8.0,9,9,0.533,0.875,0.417,40.0,22024
22400603,2025-01-20,Cleveland Cavaliers,CLE vs. PHX,W,1,118,50.0,27,10.0,1,8,0.432,0.739,0.413,26.0,22024
22400609,2025-01-21,Denver Nuggets,DEN vs. PHI,W,1,144,51.0,39,7.0,4,13,0.612,0.96,0.516,35.0,22024
22400607,2025-01-21,Miami Heat,MIA vs. POR,L,0,107,45.0,26,2.0,3,8,0.441,0.917,0.333,-9.0,22024
22400607,2025-01-21,Portland Trail Blazers,POR @ MIA,W,1,116,47.0,25,3.0,5,6,0.494,0.652,0.349,9.0,22024
22400606,2025-01-21,Brooklyn Nets,BKN vs. NYK,L,0,95,47.0,21,4.0,9,16,0.372,0.76,0.3,-4.0,22024
22400606,2025-01-21,New York Knicks,NYK @ BKN,W,1,99,42.0,29,11.0,3,10,0.46,0.786,0.286,4.0,22024
22400609,2025-01-21,Philadelphia 76ers,PHI @ DEN,L,0,109,25.0,34,7.0,4,10,0.458,0.75,0.395,-35.0,22024
22400610,2025-01-21,Los Angeles Lakers,LAL vs. WAS,W,1,111,50.0,30,6.0,10,10,0.478,0.778,0.324,23.0,22024
22400608,2025-01-21,Orlando Magic,ORL @ TOR,L,0,93,48.0,16,5.0,2,14,0.412,0.737,0.29,-16.0,22024
22400608,2025-01-21,Toronto Raptors,TOR vs. ORL,W,1,109,42.0,29,7.0,6,12,0.534,0.643,0.542,16.0,22024
22400610,2025-01-21,Washington Wizards,WAS @ LAL,L,0,88,46.0,25,8.0,8,11,0.358,0.692,0.256,-23.0,22024
22400620,2025-01-22,Los Angeles Clippers,LAC vs. BOS,L,0,113,40.0,24,11.0,6,22,0.522,0.769,0.321,-4.0,22024
22400618,2025-01-22,Oklahoma City Thunder,OKC vs. UTA,W,1,123,39.0,20,15.0,4,10,0.463,0.92,0.308,9.0,22024
22400618,2025-01-22,Utah Jazz,UTA @ OKC,L,0,114,52.0,25,3.0,6,27,0.467,0.667,0.378,-9.0,22024
22400614,2025-01-22,Dallas Mavericks,DAL vs. MIN,L,0,114,38.0,24,5.0,4,13,0.5,0.842,0.276,-1.0,22024
22400615,2025-01-22,Houston Rockets,HOU vs. CLE,W,1,109,53.0,25,8.0,5,22,0.44,0.7,0.441,1.0,22024
22400616,2025-01-22,Memphis Grizzlies,MEM vs. CHA,W,1,132,40.0,36,9.0,6,16,0.5,0.929,0.447,12.0,22024
22400614,2025-01-22,Minnesota Timberwolves,MIN @ DAL,W,1,115,39.0,26,10.0,8,11,0.457,0.882,0.379,1.0,22024
22400612,2025-01-22,Detroit Pistons,DET @ ATL,W,1,114,51.0,27,7.0,10,20,0.5,0.947,0.353,10.0,22024
22400613,2025-01-22,Phoenix Suns,PHX @ BKN,W,1,108,48.0,28,9.0,1,11,0.477,0.769,0.341,24.0,22024
22400613,2025-01-22,Brooklyn Nets,BKN vs. PHX,L,0,84,52.0,16,8.0,1,16,0.374,0.643,0.194,-24.0,22024
22400620,2025-01-22,Boston Celtics,BOS @ LAC,W,1,117,32.0,24,11.0,4,19,0.456,0.8,0.38,4.0,22024
22400615,2025-01-22,Cleveland Cavaliers,CLE @ HOU,L,0,108,45.0,25,12.0,5,13,0.423,0.684,0.317,-1.0,22024
22400619,2025-01-22,Sacramento Kings,SAC vs. GSW,W,1,123,38.0,24,9.0,7,8,0.506,0.938,0.367,6.0,22024
22400612,2025-01-22,Atlanta Hawks,ATL vs. DET,L,0,104,47.0,25,14.0,3,13,0.379,0.769,0.158,-10.0,22024
22400616,2025-01-22,Charlotte Hornets,CHA @ MEM,L,0,120,33.0,27,9.0,4,16,0.477,0.844,0.355,-12.0,22024
22400619,2025-01-22,Golden State Warriors,GSW @ SAC,L,0,117,44.0,31,5.0,2,19,0.467,0.692,0.458,-6.0,22024
22400622,2025-01-23,Orlando Magic,ORL vs. POR,L,0,79,44.0,17,9.0,6,19,0.342,0.677,0.24,-22.0,22024
22400983,2025-01-23,Washington Wizards,WAS @ LAC,L,0,93,49.0,24,14.0,1,15,0.34,0.857,0.239,-17.0,22024
22400625,2025-01-23,Dallas Mavericks,DAL @ OKC,W,1,121,43.0,25,9.0,3,20,0.527,0.806,0.452,6.0,22024
22400622,2025-01-23,Portland Trail Blazers,POR @ ORL,W,1,101,42.0,23,14.0,12,13,0.488,0.632,0.321,22.0,22024
22400626,2025-01-23,Denver Nuggets,DEN vs. SAC,W,1,132,56.0,30,10.0,8,10,0.485,0.677,0.351,9.0,22024
22400629,2025-01-23,Los Angeles Lakers,LAL vs. BOS,W,1,117,53.0,27,4.0,3,6,0.472,0.9,0.429,21.0,22024
22400628,2025-01-23,Chicago Bulls,CHI @ GSW,L,0,106,42.0,22,7.0,2,11,0.391,0.815,0.4,-25.0,22024
22400624,2025-01-23,Miami Heat,MIA @ MIL,L,0,96,50.0,26,3.0,3,10,0.37,0.762,0.235,-29.0,22024
22400621,2025-01-23,Indiana Pacers,SAS @ IND,L,0,110,31.0,31,10.0,2,11,0.454,0.75,0.302,-30.0,22024
22400626,2025-01-23,Sacramento Kings,SAC @ DEN,L,0,123,53.0,31,5.0,3,13,0.439,0.737,0.366,-9.0,22024
22400623,2025-01-23,Atlanta Hawks,ATL vs. TOR,L,0,119,36.0,30,11.0,2,14,0.483,0.733,0.351,-3.0,22024
22400624,2025-01-23,Milwaukee Bucks,MIL vs. MIA,W,1,125,55.0,32,5.0,6,6,0.469,0.75,0.45,29.0,22024
22400628,2025-01-23,Golden State Warriors,GSW vs. CHI,W,1,131,52.0,37,3.0,6,10,0.451,1.0,0.439,25.0,22024
22400983,2025-01-23,Los Angeles Clippers,LAC vs. WAS,W,1,110,55.0,29,10.0,7,18,0.455,0.944,0.342,17.0,22024
22400629,2025-01-23,Boston Celtics,BOS @ LAL,L,0,96,42.0,23,5.0,6,7,0.385,0.667,0.341,-21.0,22024
22400621,2025-01-23,San Antonio Spurs,SAS @ IND,W,1,140,57.0,43,10.0,10,19,0.604,1.0,0.5,30.0,22024
22400623,2025-01-23,Toronto Raptors,TOR @ ATL,W,1,122,39.0,32,10.0,2,19,0.58,0.792,0.429,3.0,22024
22400625,2025-01-23,Oklahoma City Thunder,OKC vs. DAL,L,0,115,33.0,26,9.0,4,12,0.477,0.727,0.405,-6.0,22024
22400632,2025-01-24,New Orleans Pelicans,NOP @ MEM,L,0,126,35.0,30,6.0,3,12,0.542,0.688,0.412,-13.0,22024
22400632,2025-01-24,Memphis Grizzlies,MEM vs. NOP,W,1,139,43.0,38,8.0,4,12,0.554,1.0,0.452,13.0,22024
22400631,2025-01-24,Cleveland Cavaliers,CLE @ PHI,L,0,129,37.0,30,10.0,5,16,0.5,0.737,0.481,-3.0,22024
22400630,2025-01-24,Charlotte Hornets,CHA vs. POR,L,0,97,46.0,20,9.0,6,16,0.376,0.857,0.29,-5.0,22024
22400631,2025-01-24,Philadelphia 76ers,PHI vs. CLE,W,1,132,43.0,23,9.0,6,18,0.506,0.852,0.538,3.0,22024
22400630,2025-01-24,Portland Trail Blazers,POR @ CHA,W,1,102,47.0,17,12.0,6,16,0.405,0.692,0.289,5.0,22024
22400644,2025-01-25,Los Angeles Lakers,LAL @ GSW,W,1,118,42.0,29,8.0,2,12,0.547,0.824,0.345,10.0,22024
22400642,2025-01-25,Chicago Bulls,CHI vs. PHI,L,0,97,54.0,24,6.0,3,19,0.424,0.65,0.316,-12.0,22024
22400635,2025-01-25,Boston Celtics,BOS @ DAL,W,1,122,51.0,33,4.0,5,5,0.427,0.737,0.385,15.0,22024
22400646,2025-01-25,Milwaukee Bucks,MIL @ LAC,L,0,117,42.0,24,2.0,5,13,0.468,0.882,0.371,-10.0,22024
22400645,2025-01-25,Phoenix Suns,PHX vs. WAS,W,1,119,53.0,23,4.0,4,10,0.444,0.929,0.325,10.0,22024
22400636,2025-01-25,Brooklyn Nets,BKN vs. MIA,L,0,97,35.0,23,11.0,5,14,0.375,0.885,0.35,-9.0,22024
22400639,2025-01-25,Toronto Raptors,TOR @ ATL,W,1,117,51.0,31,11.0,7,21,0.467,0.88,0.367,23.0,22024
22400633,2025-01-25,San Antonio Spurs,IND @ SAS,L,0,98,44.0,22,9.0,5,22,0.412,0.68,0.344,-38.0,22024
22400640,2025-01-25,Houston Rockets,HOU @ CLE,W,1,135,45.0,26,5.0,4,11,0.549,0.711,0.464,4.0,22024
22400634,2025-01-25,Minnesota Timberwolves,MIN vs. DEN,W,1,133,45.0,38,14.0,4,16,0.558,0.867,0.467,29.0,22024
22400646,2025-01-25,Los Angeles Clippers,LAC vs. MIL,W,1,127,47.0,19,8.0,3,6,0.454,1.0,0.324,10.0,22024
22400638,2025-01-25,Orlando Magic,ORL vs. DET,W,1,121,40.0,22,8.0,4,14,0.482,0.684,0.455,8.0,22024
22400641,2025-01-25,New York Knicks,NYK vs. SAC,W,1,143,53.0,40,9.0,4,11,0.495,0.957,0.472,23.0,22024
22400645,2025-01-25,Washington Wizards,WAS @ PHX,L,0,109,37.0,28,8.0,5,8,0.467,0.778,0.439,-10.0,22024
22400643,2025-01-25,Utah Jazz,UTA @ MEM,L,0,103,40.0,27,8.0,5,17,0.424,0.813,0.255,-22.0,22024
22400634,2025-01-25,Denver Nuggets,DEN @ MIN,L,0,104,36.0,32,7.0,3,19,0.489,0.538,0.344,-29.0,22024
22400640,2025-01-25,Cleveland Cavaliers,CLE vs. HOU,L,0,131,40.0,28,4.0,5,11,0.516,0.769,0.436,-4.0,22024
22400639,2025-01-25,Atlanta Hawks,ATL vs. TOR,L,0,94,43.0,28,14.0,5,22,0.393,0.68,0.297,-23.0,22024
22400644,2025-01-25,Golden State Warriors,GSW vs. LAL,L,0,108,38.0,30,10.0,0,11,0.461,0.625,0.348,-10.0,22024
22400637,2025-01-25,Charlotte Hornets,CHA vs. NOP,W,1,123,48.0,28,11.0,5,14,0.5,0.72,0.42,31.0,22024
22400642,2025-01-25,Philadelphia 76ers,PHI @ CHI,W,1,109,40.0,23,10.0,4,8,0.457,0.706,0.289,12.0,22024
22400637,2025-01-25,New Orleans Pelicans,NOP @ CHA,L,0,92,39.0,21,8.0,5,13,0.381,0.769,0.258,-31.0,22024
22400635,2025-01-25,Dallas Mavericks,DAL vs. BOS,L,0,107,49.0,18,2.0,8,12,0.443,0.75,0.364,-15.0,22024
22400638,2025-01-25,Detroit Pistons,DET @ ORL,L,0,113,41.0,22,11.0,5,16,0.465,0.821,0.4,-8.0,22024
22400643,2025-01-25,Memphis Grizzlies,MEM vs. UTA,W,1,125,45.0,28,10.0,9,16,0.512,0.735,0.368,22.0,22024
22400633,2025-01-25,Indiana Pacers,IND @ SAS,W,1,136,50.0,32,14.0,9,10,0.52,0.929,0.436,38.0,22024
22400641,2025-01-25,Sacramento Kings,SAC @ NYK,L,0,120,38.0,33,5.0,5,12,0.484,0.875,0.389,-23.0,22024
22400636,2025-01-25,Miami Heat,MIA @ BKN,W,1,106,51.0,22,9.0,6,22,0.443,0.958,0.464,9.0,22024
22400647,2025-01-26,Oklahoma City Thunder,OKC @ POR,W,1,118,43.0,24,7.0,3,7,0.472,0.828,0.333,10.0,22024
22400647,2025-01-26,Portland Trail Blazers,POR vs. OKC,L,0,108,44.0,21,2.0,6,15,0.407,0.857,0.45,-10.0,22024
22400650,2025-01-27,Boston Celtics,BOS vs. HOU,L,0,112,41.0,21,4.0,4,14,0.488,0.95,0.385,-2.0,22024
22400658,2025-01-27,Milwaukee Bucks,MIL @ UTA,W,1,125,46.0,33,6.0,5,12,0.605,0.529,0.353,15.0,22024
22400652,2025-01-27,Miami Heat,MIA vs. ORL,W,1,125,43.0,34,9.0,2,16,0.522,0.667,0.366,6.0,22024
22400655,2025-01-27,Denver Nuggets,DEN @ CHI,L,0,121,42.0,36,13.0,5,14,0.52,1.0,0.222,-8.0,22024
22400654,2025-01-27,New Orleans Pelicans,NOP @ TOR,L,0,104,46.0,21,9.0,11,12,0.438,0.667,0.214,-9.0,22024
22400651,2025-01-27,Sacramento Kings,SAC @ BKN,W,1,110,44.0,31,7.0,4,17,0.549,0.647,0.321,14.0,22024
22400650,2025-01-27,Houston Rockets,HOU @ BOS,W,1,114,39.0,29,7.0,1,7,0.446,0.714,0.415,2.0,22024
22400656,2025-01-27,Atlanta Hawks,ATL @ MIN,L,0,92,51.0,24,10.0,3,21,0.395,0.667,0.279,-8.0,22024
22400649,2025-01-27,Cleveland Cavaliers,CLE vs. DET,W,1,110,53.0,28,5.0,4,9,0.44,0.783,0.273,19.0,22024
22400659,2025-01-27,Phoenix Suns,PHX vs. LAC,W,1,111,39.0,23,10.0,5,17,0.471,0.818,0.468,2.0,22024
22400648,2025-01-27,Los Angeles Lakers,LAL @ CHA,W,1,112,48.0,22,9.0,5,16,0.512,0.75,0.214,5.0,22024
22400656,2025-01-27,Minnesota Timberwolves,MIN vs. ATL,W,1,100,51.0,18,13.0,4,16,0.395,0.69,0.3,8.0,22024
22400657,2025-01-27,Dallas Mavericks,DAL vs. WAS,W,1,130,51.0,39,5.0,7,11,0.533,0.706,0.444,22.0,22024
22400653,2025-01-27,New York Knicks,NYK vs. MEM,W,1,143,46.0,32,20.0,7,10,0.519,0.778,0.386,37.0,22024
22400652,2025-01-27,Orlando Magic,ORL @ MIA,L,0,119,47.0,32,9.0,4,14,0.459,0.6,0.359,-6.0,22024
22400658,2025-01-27,Utah Jazz,UTA vs. MIL,L,0,110,46.0,28,8.0,1,10,0.41,0.769,0.333,-15.0,22024
22400649,2025-01-27,Detroit Pistons,DET @ CLE,L,0,91,45.0,24,6.0,4,10,0.385,0.636,0.278,-19.0,22024
22400655,2025-01-27,Chicago Bulls,CHI vs. DEN,W,1,129,47.0,35,11.0,5,17,0.5,0.875,0.453,8.0,22024
22400659,2025-01-27,Los Angeles Clippers,LAC @ PHX,L,0,109,42.0,22,12.0,5,15,0.494,0.85,0.313,-2.0,22024
22400651,2025-01-27,Brooklyn Nets,BKN vs. SAC,L,0,96,39.0,19,9.0,3,14,0.366,0.867,0.278,-14.0,22024
22400654,2025-01-27,Toronto Raptors,TOR vs. NOP,W,1,113,54.0,31,8.0,5,13,0.43,0.783,0.273,9.0,22024
22400648,2025-01-27,Charlotte Hornets,CHA vs. LAL,L,0,107,34.0,26,11.0,3,14,0.448,0.833,0.389,-5.0,22024
22400653,2025-01-27,Memphis Grizzlies,MEM @ NYK,L,0,106,47.0,21,5.0,9,26,0.451,0.882,0.375,-37.0,22024
22400657,2025-01-27,Washington Wizards,WAS @ DAL,L,0,108,45.0,23,5.0,3,11,0.416,0.765,0.297,-22.0,22024
22400660,2025-01-28,Philadelphia 76ers,PHI vs. LAL,W,1,118,43.0,20,14.0,4,9,0.473,0.84,0.324,14.0,22024
22400532,2025-01-28,Atlanta Hawks,ATL vs. HOU,L,0,96,40.0,19,11.0,5,16,0.404,0.813,0.234,-4.0,22024
22400660,2025-01-28,Los Angeles Lakers,LAL @ PHI,L,0,104,39.0,25,5.0,3,22,0.514,0.87,0.303,-14.0,22024
22400661,2025-01-28,Utah Jazz,UTA @ GSW,L,0,103,39.0,30,4.0,6,15,0.513,0.708,0.308,-11.0,22024
22400662,2025-01-28,Milwaukee Bucks,MIL @ POR,L,0,112,36.0,26,8.0,2,11,0.506,0.722,0.314,-13.0,22024
22400662,2025-01-28,Portland Trail Blazers,POR vs. MIL,W,1,125,52.0,26,6.0,2,13,0.511,0.821,0.429,13.0,22024
22400532,2025-01-28,Houston Rockets,HOU @ ATL,W,1,100,44.0,19,12.0,4,21,0.468,0.95,0.233,4.0,22024
22400661,2025-01-28,Golden State Warriors,GSW vs. UTA,W,1,114,47.0,29,8.0,4,9,0.391,0.806,0.347,11.0,22024
22400667,2025-01-29,Cleveland Cavaliers,CLE @ MIA,W,1,126,47.0,29,10.0,2,7,0.54,0.833,0.31,20.0,22024
22400673,2025-01-29,Oklahoma City Thunder,OKC @ GSW,L,0,109,50.0,21,8.0,3,11,0.404,0.8,0.231,-7.0,22024
22400671,2025-01-29,San Antonio Spurs,SAS vs. LAC,L,0,116,30.0,27,11.0,5,9,0.483,0.72,0.333,-12.0,22024
22400666,2025-01-29,Boston Celtics,BOS vs. CHI,W,1,122,45.0,32,9.0,3,8,0.471,0.815,0.409,22.0,22024
22400666,2025-01-29,Chicago Bulls,CHI @ BOS,L,0,100,47.0,28,3.0,7,14,0.402,0.917,0.306,-22.0,22024
22400672,2025-01-29,Minnesota Timberwolves,MIN @ PHX,W,1,121,34.0,26,8.0,6,14,0.56,0.889,0.448,8.0,22024
22400672,2025-01-29,Phoenix Suns,PHX vs. MIN,L,0,113,36.0,30,7.0,6,15,0.506,0.75,0.375,-8.0,22024
22400664,2025-01-29,Indiana Pacers,IND vs. DET,W,1,133,36.0,28,7.0,5,13,0.568,0.71,0.5,14.0,22024
22400670,2025-01-29,New Orleans Pelicans,NOP vs. DAL,L,0,136,36.0,31,13.0,6,8,0.531,0.864,0.484,-1.0,22024
22400664,2025-01-29,Detroit Pistons,DET @ IND,L,0,119,41.0,26,7.0,3,12,0.494,0.731,0.353,-14.0,22024
22400667,2025-01-29,Miami Heat,MIA vs. CLE,L,0,106,35.0,27,4.0,4,12,0.47,0.867,0.349,-20.0,22024
22400669,2025-01-29,Philadelphia 76ers,PHI vs. SAC,W,1,117,35.0,30,8.0,1,9,0.524,0.864,0.414,13.0,22024
22400663,2025-01-29,Brooklyn Nets,BKN @ CHA,W,1,104,40.0,27,11.0,8,8,0.488,0.8,0.313,21.0,22024
22400671,2025-01-29,Los Angeles Clippers,LAC @ SAS,W,1,128,57.0,26,7.0,3,15,0.527,0.87,0.5,12.0,22024
22400665,2025-01-29,Toronto Raptors,TOR @ WAS,W,1,106,36.0,31,12.0,3,14,0.477,0.733,0.355,24.0,22024
22400669,2025-01-29,Sacramento Kings,SAC @ PHI,L,0,104,46.0,34,5.0,1,12,0.444,0.824,0.244,-13.0,22024
22400668,2025-01-29,Denver Nuggets,DEN @ NYK,L,0,112,47.0,21,3.0,5,14,0.488,0.87,0.357,-10.0,22024
22400665,2025-01-29,Washington Wizards,WAS vs. TOR,L,0,82,43.0,17,6.0,5,25,0.389,0.724,0.167,-24.0,22024
22400663,2025-01-29,Charlotte Hornets,CHA vs. BKN,L,0,83,52.0,18,6.0,7,17,0.337,0.68,0.286,-21.0,22024
22400673,2025-01-29,Golden State Warriors,GSW vs. OKC,W,1,116,42.0,30,6.0,7,15,0.494,0.821,0.342,7.0,22024
22400670,2025-01-29,Dallas Mavericks,DAL @ NOP,W,1,137,51.0,30,6.0,6,18,0.542,0.765,0.465,1.0,22024
22400668,2025-01-29,New York Knicks,NYK vs. DEN,W,1,122,35.0,33,7.0,2,5,0.516,0.667,0.412,10.0,22024
22400676,2025-01-30,Memphis Grizzlies,MEM vs. HOU,W,1,120,37.0,23,7.0,6,11,0.516,0.75,0.321,1.0,22024
22400678,2025-01-30,Portland Trail Blazers,POR vs. ORL,W,1,119,38.0,23,7.0,5,12,0.526,0.806,0.48,29.0,22024
22400676,2025-01-30,Houston Rockets,HOU @ MEM,L,0,119,45.0,22,6.0,5,12,0.433,0.786,0.406,-1.0,22024
22400677,2025-01-30,Utah Jazz,UTA vs. MIN,L,0,113,23.0,21,6.0,4,15,0.506,0.84,0.412,-25.0,22024
22400678,2025-01-30,Orlando Magic,ORL @ POR,L,0,90,33.0,14,8.0,6,13,0.42,0.85,0.192,-29.0,22024
22400677,2025-01-30,Minnesota Timberwolves,MIN @ UTA,W,1,138,39.0,38,5.0,9,12,0.598,0.792,0.553,25.0,22024
22400675,2025-01-30,Cleveland Cavaliers,CLE vs. ATL,W,1,137,49.0,34,9.0,3,11,0.582,0.9,0.333,22.0,22024
22400675,2025-01-30,Atlanta Hawks,ATL @ CLE,L,0,115,36.0,28,10.0,1,11,0.456,0.741,0.333,-22.0,22024
22400674,2025-01-30,Los Angeles Lakers,LAL @ WAS,W,1,134,48.0,31,9.0,6,11,0.544,0.955,0.469,38.0,22024
22400674,2025-01-30,Washington Wizards,WAS vs. LAL,L,0,96,38.0,18,4.0,6,13,0.319,0.824,0.227,-38.0,22024
22400682,2025-01-31,Chicago Bulls,CHI @ TOR,W,1,122,52.0,34,4.0,9,10,0.506,0.824,0.45,16.0,22024
22400683,2025-01-31,New Orleans Pelicans,NOP vs. BOS,L,0,116,48.0,16,7.0,2,18,0.489,0.684,0.405,-2.0,22024
22400680,2025-01-31,Detroit Pistons,DET vs. DAL,W,1,117,47.0,18,13.0,6,6,0.443,0.875,0.257,15.0,22024
22400681,2025-01-31,Denver Nuggets,DEN @ PHI,W,1,137,35.0,39,7.0,2,19,0.659,0.944,0.522,3.0,22024
22400679,2025-01-31,Los Angeles Clippers,LAC @ CHA,W,1,112,45.0,26,7.0,4,16,0.543,0.65,0.393,8.0,22024
22400681,2025-01-31,Philadelphia 76ers,PHI vs. DEN,L,0,134,27.0,29,12.0,3,11,0.556,0.813,0.525,-3.0,22024
22400684,2025-01-31,Milwaukee Bucks,MIL @ SAS,L,0,118,47.0,24,3.0,8,10,0.43,0.769,0.324,-26.0,22024
22400679,2025-01-31,Charlotte Hornets,CHA vs. LAC,L,0,104,42.0,18,11.0,3,9,0.438,0.867,0.233,-8.0,22024
22400680,2025-01-31,Dallas Mavericks,DAL @ DET,L,0,102,46.0,20,4.0,13,16,0.425,0.81,0.333,-15.0,22024
22400683,2025-01-31,Boston Celtics,BOS @ NOP,W,1,118,35.0,32,12.0,7,13,0.5,0.692,0.39,2.0,22024
22400685,2025-01-31,Phoenix Suns,PHX @ GSW,W,1,130,48.0,41,7.0,7,14,0.562,0.688,0.487,25.0,22024
22400684,2025-01-31,San Antonio Spurs,SAS vs. MIL,W,1,144,53.0,37,7.0,11,4,0.49,0.8,0.48,26.0,22024
22400685,2025-01-31,Golden State Warriors,GSW vs. PHX,L,0,105,49.0,26,11.0,6,12,0.375,0.68,0.364,-25.0,22024
22400682,2025-01-31,Toronto Raptors,TOR vs. CHI,L,0,106,44.0,27,6.0,8,7,0.424,0.667,0.333,-16.0,22024
22400692,2025-02-01,New York Knicks,NYK vs. LAL,L,0,112,44.0,33,7.0,3,14,0.463,0.737,0.357,-16.0,22024
22400691,2025-02-01,Oklahoma City Thunder,OKC vs. SAC,W,1,144,70.0,37,5.0,6,11,0.533,0.688,0.413,34.0,22024
22400689,2025-02-01,Houston Rockets,HOU vs. BKN,L,0,98,44.0,18,6.0,6,10,0.4,0.667,0.308,-12.0,22024
22400690,2025-02-01,Minnesota Timberwolves,MIN vs. WAS,L,0,103,47.0,29,10.0,3,14,0.409,0.833,0.3,-2.0,22024
22400690,2025-02-01,Washington Wizards,WAS @ MIN,W,1,105,44.0,26,7.0,6,16,0.458,0.824,0.455,2.0,22024
22400687,2025-02-01,Utah Jazz,UTA vs. ORL,W,1,113,51.0,26,5.0,7,16,0.464,0.875,0.4,14.0,22024
22400693,2025-02-01,San Antonio Spurs,SAS vs. MIA,L,0,103,48.0,27,8.0,3,10,0.418,0.714,0.333,-2.0,22024
22400693,2025-02-01,Miami Heat,MIA @ SAS,W,1,105,52.0,30,7.0,5,13,0.461,0.588,0.31,2.0,22024
22400687,2025-02-01,Orlando Magic,ORL @ UTA,L,0,99,43.0,19,9.0,7,8,0.33,0.857,0.22,-14.0,22024
22400686,2025-02-01,Indiana Pacers,IND vs. ATL,W,1,132,41.0,35,6.0,5,11,0.544,0.88,0.364,5.0,22024
22400686,2025-02-01,Atlanta Hawks,ATL @ IND,L,0,127,44.0,31,6.0,4,12,0.5,0.719,0.378,-5.0,22024
22400694,2025-02-01,Portland Trail Blazers,POR vs. PHX,W,1,127,43.0,24,11.0,5,9,0.517,0.839,0.29,19.0,22024
22400688,2025-02-01,Denver Nuggets,DEN @ CHA,W,1,107,43.0,29,9.0,9,11,0.466,0.9,0.189,3.0,22024
22400692,2025-02-01,Los Angeles Lakers,LAL @ NYK,W,1,128,37.0,26,9.0,4,15,0.58,0.833,0.475,16.0,22024
22400689,2025-02-01,Brooklyn Nets,BKN @ HOU,W,1,110,46.0,24,5.0,8,10,0.494,0.667,0.37,12.0,22024
22400694,2025-02-01,Phoenix Suns,PHX @ POR,L,0,108,37.0,21,5.0,2,18,0.452,0.846,0.303,-19.0,22024
22400688,2025-02-01,Charlotte Hornets,CHA vs. DEN,L,0,104,51.0,31,5.0,6,12,0.432,0.765,0.346,-3.0,22024
22400691,2025-02-01,Sacramento Kings,SAC @ OKC,L,0,110,37.0,25,8.0,5,7,0.4,0.731,0.25,-34.0,22024
22400695,2025-02-02,Chicago Bulls,CHI @ DET,L,0,119,44.0,28,7.0,4,19,0.461,0.9,0.365,-8.0,22024
22400696,2025-02-02,Cleveland Cavaliers,CLE vs. DAL,W,1,144,51.0,39,7.0,8,8,0.57,0.75,0.578,43.0,22024
22400699,2025-02-02,Milwaukee Bucks,MIL vs. MEM,L,0,119,36.0,32,7.0,5,13,0.484,0.579,0.444,-13.0,22024
22400698,2025-02-02,Philadelphia 76ers,PHI vs. BOS,L,0,110,46.0,20,7.0,2,10,0.451,0.75,0.469,-8.0,22024
22400697,2025-02-02,Toronto Raptors,TOR vs. LAC,W,1,115,43.0,31,6.0,6,12,0.518,0.875,0.52,7.0,22024
22400697,2025-02-02,Los Angeles Clippers,LAC @ TOR,L,0,108,41.0,21,6.0,7,10,0.466,0.81,0.321,-7.0,22024
22400695,2025-02-02,Detroit Pistons,DET vs. CHI,W,1,127,42.0,38,14.0,5,11,0.545,0.692,0.333,8.0,22024
22400698,2025-02-02,Boston Celtics,BOS @ PHI,W,1,118,38.0,34,3.0,8,9,0.5,0.813,0.429,8.0,22024
22400699,2025-02-02,Memphis Grizzlies,MEM @ MIL,W,1,132,61.0,37,9.0,5,11,0.486,0.636,0.359,13.0,22024
22400696,2025-02-02,Dallas Mavericks,DAL @ CLE,L,0,101,45.0,22,6.0,3,9,0.388,0.8,0.209,-43.0,22024
22400706,2025-02-03,Denver Nuggets,DEN vs. NOP,W,1,125,46.0,28,7.0,6,5,0.5,0.808,0.364,12.0,22024
22400704,2025-02-03,Sacramento Kings,SAC @ MIN,W,1,116,47.0,23,7.0,6,10,0.489,0.8,0.417,2.0,22024
22400705,2025-02-03,Milwaukee Bucks,MIL @ OKC,L,0,96,37.0,24,12.0,3,14,0.376,0.619,0.333,-29.0,22024
22400706,2025-02-03,New Orleans Pelicans,NOP @ DEN,L,0,113,41.0,27,5.0,4,10,0.432,0.864,0.474,-12.0,22024
22400709,2025-02-03,Phoenix Suns,PHX @ POR,L,0,119,43.0,28,12.0,5,14,0.471,0.857,0.357,-2.0,22024
22400708,2025-02-03,Orlando Magic,ORL @ GSW,L,0,99,52.0,23,8.0,2,11,0.434,0.5,0.25,-5.0,22024
22400708,2025-02-03,Golden State Warriors,GSW vs. ORL,W,1,104,44.0,25,9.0,0,13,0.436,0.706,0.308,5.0,22024
22400702,2025-02-03,Houston Rockets,HOU @ NYK,L,0,118,50.0,27,8.0,6,15,0.462,0.933,0.286,-6.0,22024
22400709,2025-02-03,Portland Trail Blazers,POR vs. PHX,W,1,121,48.0,30,6.0,2,12,0.449,0.833,0.4,2.0,22024
22400703,2025-02-03,Memphis Grizzlies,MEM vs. SAS,W,1,128,47.0,33,17.0,5,15,0.485,0.9,0.389,19.0,22024
22400703,2025-02-03,San Antonio Spurs,SAS @ MEM,L,0,109,48.0,31,8.0,2,23,0.451,0.75,0.333,-19.0,22024
22400705,2025-02-03,Oklahoma City Thunder,OKC vs. MIL,W,1,125,55.0,28,9.0,5,17,0.515,0.875,0.39,29.0,22024
22400704,2025-02-03,Minnesota Timberwolves,MIN vs. SAC,L,0,114,36.0,28,5.0,8,8,0.457,1.0,0.3,-2.0,22024
22400700,2025-02-03,Charlotte Hornets,CHA vs. WAS,L,0,114,46.0,26,4.0,1,10,0.438,0.893,0.379,-10.0,22024
22400701,2025-02-03,Detroit Pistons,DET vs. ATL,L,0,130,41.0,31,7.0,2,14,0.518,0.921,0.333,-2.0,22024
22400707,2025-02-03,Utah Jazz,UTA vs. IND,L,0,111,60.0,31,5.0,4,18,0.429,0.667,0.351,-1.0,22024
22400701,2025-02-03,Atlanta Hawks,ATL @ DET,W,1,132,37.0,27,8.0,7,12,0.519,0.821,0.432,2.0,22024
22400700,2025-02-03,Washington Wizards,WAS @ CHA,W,1,124,54.0,29,6.0,5,10,0.444,0.826,0.333,10.0,22024
22400702,2025-02-03,New York Knicks,NYK vs. HOU,W,1,124,40.0,24,9.0,5,11,0.505,0.8,0.231,6.0,22024
22400707,2025-02-03,Indiana Pacers,IND @ UTA,W,1,112,37.0,32,13.0,10,9,0.473,0.8,0.238,1.0,22024
22400713,2025-02-04,New York Knicks,NYK @ TOR,W,1,121,43.0,26,10.0,4,11,0.5,0.826,0.32,6.0,22024
22400710,2025-02-04,Cleveland Cavaliers,CLE vs. BOS,L,0,105,51.0,18,6.0,1,13,0.396,0.846,0.282,-7.0,22024
22400712,2025-02-04,Philadelphia 76ers,PHI vs. DAL,W,1,118,34.0,37,5.0,4,12,0.547,0.684,0.333,2.0,22024
22400715,2025-02-04,Los Angeles Clippers,LAC vs. LAL,L,0,97,36.0,30,9.0,5,9,0.382,0.895,0.293,-25.0,22024
22400712,2025-02-04,Dallas Mavericks,DAL @ PHI,L,0,116,44.0,24,8.0,4,12,0.471,0.806,0.333,-2.0,22024
22400713,2025-02-04,Toronto Raptors,TOR vs. NYK,L,0,115,34.0,27,7.0,4,14,0.524,0.947,0.379,-6.0,22024
22400714,2025-02-04,Miami Heat,MIA @ CHI,L,0,124,44.0,29,4.0,3,13,0.478,0.808,0.386,-9.0,22024
22400715,2025-02-04,Los Angeles Lakers,LAL @ LAC,W,1,122,50.0,33,7.0,3,14,0.556,0.609,0.486,25.0,22024
22400716,2025-02-04,Portland Trail Blazers,POR vs. IND,W,1,112,51.0,23,8.0,4,18,0.446,0.941,0.378,23.0,22024
22400711,2025-02-04,Brooklyn Nets,BKN vs. HOU,W,1,99,39.0,26,10.0,9,13,0.463,0.765,0.37,2.0,22024
22400711,2025-02-04,Houston Rockets,HOU @ BKN,L,0,97,45.0,23,6.0,6,16,0.41,0.667,0.344,-2.0,22024
22400714,2025-02-04,Chicago Bulls,CHI vs. MIA,W,1,133,43.0,35,4.0,3,10,0.527,0.818,0.463,9.0,22024
22400716,2025-02-04,Indiana Pacers,IND @ POR,L,0,89,39.0,25,11.0,6,19,0.42,0.762,0.208,-23.0,22024
22400710,2025-02-04,Boston Celtics,BOS @ CLE,W,1,112,53.0,26,10.0,6,12,0.408,0.833,0.354,7.0,22024
22400725,2025-02-05,Utah Jazz,UTA vs. GSW,W,1,131,48.0,30,5.0,5,12,0.522,0.815,0.351,3.0,22024
22400723,2025-02-05,Minnesota Timberwolves,MIN vs. CHI,W,1,127,59.0,27,6.0,8,11,0.429,0.821,0.426,19.0,22024
22400717,2025-02-05,Milwaukee Bucks,MIL @ CHA,W,1,112,44.0,26,6.0,4,9,0.506,0.923,0.429,10.0,22024
22400724,2025-02-05,Phoenix Suns,PHX @ OKC,L,0,109,35.0,24,3.0,2,18,0.471,0.879,0.389,-31.0,22024
22400725,2025-02-05,Golden State Warriors,GSW @ UTA,L,0,128,41.0,33,6.0,4,9,0.46,0.704,0.354,-3.0,22024
22400718,2025-02-05,Detroit Pistons,DET vs. CLE,L,0,115,45.0,22,13.0,5,11,0.398,0.893,0.324,-3.0,22024
22400722,2025-02-05,Toronto Raptors,TOR vs. MEM,L,0,107,34.0,28,11.0,3,9,0.398,0.895,0.286,-31.0,22024
22400727,2025-02-05,Sacramento Kings,SAC vs. ORL,L,0,111,37.0,23,6.0,4,17,0.5,0.75,0.37,-19.0,22024
22400718,2025-02-05,Cleveland Cavaliers,CLE @ DET,W,1,118,46.0,28,6.0,7,23,0.482,0.833,0.421,3.0,22024
22400724,2025-02-05,Oklahoma City Thunder,OKC vs. PHX,W,1,140,46.0,24,15.0,4,5,0.51,0.889,0.286,31.0,22024
22400719,2025-02-05,Atlanta Hawks,ATL vs. SAS,L,0,125,45.0,33,5.0,5,20,0.527,0.722,0.381,-1.0,22024
22400720,2025-02-05,Brooklyn Nets,BKN vs. WAS,L,0,102,37.0,26,7.0,3,10,0.434,0.739,0.342,-17.0,22024
22400719,2025-02-05,San Antonio Spurs,SAS @ ATL,W,1,126,41.0,36,16.0,3,10,0.505,0.75,0.324,1.0,22024
22400722,2025-02-05,Memphis Grizzlies,MEM @ TOR,W,1,138,61.0,22,7.0,5,16,0.528,0.737,0.421,31.0,22024
22400726,2025-02-05,Denver Nuggets,DEN vs. NOP,W,1,144,51.0,40,9.0,4,7,0.57,0.933,0.372,25.0,22024
22400721,2025-02-05,Philadelphia 76ers,PHI vs. MIA,L,0,101,39.0,22,14.0,4,4,0.385,0.75,0.3,-7.0,22024
22400721,2025-02-05,Miami Heat,MIA @ PHI,W,1,108,54.0,25,3.0,4,22,0.47,0.8,0.412,7.0,22024
22400717,2025-02-05,Charlotte Hornets,CHA vs. MIL,L,0,102,41.0,21,4.0,1,8,0.432,0.75,0.324,-10.0,22024
22400723,2025-02-05,Chicago Bulls,CHI @ MIN,L,0,108,34.0,25,9.0,5,9,0.482,0.727,0.333,-19.0,22024
22400727,2025-02-05,Orlando Magic,ORL @ SAC,W,1,130,35.0,30,8.0,3,8,0.568,0.933,0.516,19.0,22024
22400726,2025-02-05,New Orleans Pelicans,NOP @ DEN,L,0,119,38.0,26,5.0,3,11,0.462,0.885,0.345,-25.0,22024
22400720,2025-02-05,Washington Wizards,WAS @ BKN,W,1,119,40.0,40,6.0,3,14,0.543,0.786,0.465,17.0,22024
22400733,2025-02-06,Los Angeles Clippers,LAC vs. IND,L,0,112,48.0,25,5.0,4,19,0.466,0.722,0.425,-7.0,22024
22400728,2025-02-06,Boston Celtics,BOS vs. DAL,L,0,120,40.0,30,2.0,6,14,0.517,0.8,0.432,-7.0,22024
22400733,2025-02-06,Indiana Pacers,IND @ LAC,W,1,119,46.0,31,13.0,3,7,0.453,0.833,0.333,7.0,22024
22400731,2025-02-06,Los Angeles Lakers,LAL vs. GSW,W,1,120,47.0,26,9.0,5,13,0.5,0.806,0.371,8.0,22024
22400731,2025-02-06,Golden State Warriors,GSW @ LAL,L,0,112,40.0,29,8.0,2,12,0.406,0.7,0.302,-8.0,22024
22400729,2025-02-06,Houston Rockets,HOU @ MIN,L,0,114,39.0,26,12.0,7,10,0.488,0.714,0.387,-13.0,22024
22400729,2025-02-06,Minnesota Timberwolves,MIN vs. HOU,W,1,127,47.0,23,5.0,6,13,0.479,0.875,0.41,13.0,22024
22400732,2025-02-06,Sacramento Kings,SAC @ POR,L,0,102,47.0,21,8.0,6,10,0.42,0.818,0.333,-6.0,22024
22400730,2025-02-06,Denver Nuggets,DEN vs. ORL,W,1,112,52.0,33,7.0,4,18,0.53,0.571,0.4,22.0,22024
22400730,2025-02-06,Orlando Magic,ORL @ DEN,L,0,90,40.0,21,10.0,8,13,0.369,0.767,0.161,-22.0,22024
22400728,2025-02-06,Dallas Mavericks,DAL @ BOS,W,1,127,35.0,32,9.0,4,8,0.557,0.778,0.455,7.0,22024
22400732,2025-02-06,Portland Trail Blazers,POR vs. SAC,W,1,108,47.0,25,5.0,7,13,0.433,0.778,0.4,6.0,22024
22400740,2025-02-07,Phoenix Suns,PHX vs. UTA,W,1,135,49.0,31,6.0,15,7,0.452,0.905,0.393,8.0,22024
22400739,2025-02-07,Toronto Raptors,TOR @ OKC,L,0,109,42.0,31,9.0,6,12,0.429,0.632,0.463,-12.0,22024
22400736,2025-02-07,Milwaukee Bucks,MIL @ ATL,L,0,110,43.0,28,5.0,3,10,0.427,0.9,0.38,-5.0,22024
22400737,2025-02-07,Brooklyn Nets,BKN vs. MIA,W,1,102,57.0,17,8.0,13,14,0.419,0.778,0.27,16.0,22024
22400737,2025-02-07,Miami Heat,MIA @ BKN,L,0,86,39.0,23,9.0,5,14,0.356,0.833,0.3,-16.0,22024
22400735,2025-02-07,Cleveland Cavaliers,CLE @ WAS,W,1,134,46.0,32,9.0,3,14,0.511,0.917,0.421,10.0,22024
22400735,2025-02-07,Washington Wizards,WAS vs. CLE,L,0,124,40.0,25,8.0,2,13,0.489,0.64,0.364,-10.0,22024
22400738,2025-02-07,Philadelphia 76ers,PHI @ DET,L,0,112,38.0,26,7.0,7,13,0.494,0.85,0.419,-13.0,22024
22400734,2025-02-07,Charlotte Hornets,CHA vs. SAS,W,1,117,53.0,33,4.0,4,11,0.465,1.0,0.447,1.0,22024
22400738,2025-02-07,Detroit Pistons,DET vs. PHI,W,1,125,56.0,32,7.0,4,14,0.454,0.769,0.386,13.0,22024
22400739,2025-02-07,Oklahoma City Thunder,OKC vs. TOR,W,1,121,44.0,26,10.0,7,12,0.512,0.839,0.29,12.0,22024
22400740,2025-02-07,Utah Jazz,UTA @ PHX,L,0,127,63.0,29,5.0,7,10,0.41,0.9,0.271,-8.0,22024
22400734,2025-02-07,San Antonio Spurs,SAS @ CHA,L,0,116,38.0,25,8.0,5,8,0.457,0.833,0.308,-1.0,22024
22400736,2025-02-07,Atlanta Hawks,ATL vs. MIL,W,1,115,52.0,29,6.0,6,11,0.489,0.667,0.361,5.0,22024
22400748,2025-02-08,New York Knicks,NYK vs. BOS,L,0,104,30.0,16,9.0,1,9,0.422,0.862,0.375,-27.0,22024
22400750,2025-02-08,Sacramento Kings,SAC vs. NOP,W,1,123,51.0,24,10.0,7,18,0.473,0.788,0.268,5.0,22024
22400743,2025-02-08,Orlando Magic,ORL vs. SAS,W,1,112,45.0,19,10.0,1,14,0.511,0.6,0.333,1.0,22024
22400741,2025-02-08,Dallas Mavericks,DAL vs. HOU,W,1,116,43.0,22,4.0,18,5,0.47,0.765,0.522,11.0,22024
22400746,2025-02-08,Oklahoma City Thunder,OKC @ MEM,W,1,125,55.0,29,5.0,5,8,0.429,0.81,0.429,13.0,22024
22400747,2025-02-08,Minnesota Timberwolves,MIN vs. POR,W,1,114,43.0,23,8.0,2,14,0.524,0.643,0.357,16.0,22024
22400749,2025-02-08,Denver Nuggets,DEN @ PHX,W,1,122,56.0,28,5.0,4,9,0.489,0.941,0.457,17.0,22024
22400751,2025-02-08,Utah Jazz,UTA @ LAC,L,0,110,38.0,26,7.0,4,19,0.47,0.833,0.395,-20.0,22024
22400744,2025-02-08,Atlanta Hawks,ATL @ WAS,W,1,125,41.0,36,6.0,7,11,0.485,0.765,0.409,14.0,22024
22400743,2025-02-08,San Antonio Spurs,SAS @ ORL,L,0,111,34.0,27,10.0,7,14,0.532,0.8,0.433,-1.0,22024
22400750,2025-02-08,New Orleans Pelicans,NOP @ SAC,L,0,118,39.0,27,12.0,8,16,0.478,0.72,0.389,-5.0,22024
22400746,2025-02-08,Memphis Grizzlies,MEM vs. OKC,L,0,112,40.0,21,7.0,9,13,0.444,0.718,0.429,-13.0,22024
22400744,2025-02-08,Washington Wizards,WAS vs. ATL,L,0,111,53.0,26,6.0,2,17,0.441,0.952,0.25,-14.0,22024
22400751,2025-02-08,Los Angeles Clippers,LAC vs. UTA,W,1,130,37.0,36,8.0,2,14,0.58,0.81,0.423,20.0,22024
22400748,2025-02-08,Boston Celtics,BOS @ NYK,W,1,131,48.0,21,6.0,7,10,0.541,0.833,0.487,27.0,22024
22400745,2025-02-08,Golden State Warriors,GSW @ CHI,W,1,132,44.0,34,8.0,7,14,0.5,0.852,0.396,21.0,22024
22400745,2025-02-08,Chicago Bulls,CHI vs. GSW,L,0,111,31.0,24,8.0,4,17,0.443,0.774,0.436,-21.0,22024
22400742,2025-02-08,Los Angeles Lakers,LAL vs. IND,W,1,124,46.0,29,6.0,3,14,0.523,0.913,0.333,7.0,22024
22400741,2025-02-08,Houston Rockets,HOU @ DAL,L,0,105,48.0,21,2.0,5,8,0.4,0.773,0.286,-11.0,22024
22400742,2025-02-08,Indiana Pacers,IND @ LAL,L,0,117,38.0,27,10.0,2,10,0.425,0.969,0.316,-7.0,22024
22400749,2025-02-08,Phoenix Suns,PHX vs. DEN,L,0,105,43.0,25,5.0,6,6,0.388,0.8,0.34,-17.0,22024
22400747,2025-02-08,Portland Trail Blazers,POR @ MIN,L,0,98,45.0,18,11.0,6,17,0.402,0.773,0.2,-16.0,22024
22400753,2025-02-09,Houston Rockets,HOU vs. TOR,W,1,94,58.0,17,8.0,3,15,0.36,0.786,0.263,7.0,22024
22400752,2025-02-09,Detroit Pistons,DET vs. CHA,W,1,112,46.0,31,11.0,1,11,0.489,0.813,0.297,10.0,22024
22400754,2025-02-09,Milwaukee Bucks,MIL vs. PHI,W,1,135,53.0,29,7.0,3,12,0.438,0.95,0.436,8.0,22024
22400754,2025-02-09,Philadelphia 76ers,PHI @ MIL,L,0,127,42.0,28,9.0,5,14,0.528,0.789,0.4,-8.0,22024
22400753,2025-02-09,Toronto Raptors,TOR @ HOU,L,0,87,48.0,19,5.0,6,10,0.367,0.765,0.19,-7.0,22024
22400752,2025-02-09,Charlotte Hornets,CHA @ DET,L,0,102,37.0,25,8.0,1,14,0.436,0.826,0.469,-10.0,22024
22400757,2025-02-10,Washington Wizards,WAS vs. SAS,L,0,121,42.0,26,5.0,3,14,0.484,0.895,0.298,-10.0,22024
22400757,2025-02-10,San Antonio Spurs,SAS @ WAS,W,1,131,43.0,28,11.0,4,11,0.511,0.828,0.447,10.0,22024
22400758,2025-02-10,Brooklyn Nets,BKN vs. CHA,W,1,97,47.0,24,10.0,6,16,0.398,0.929,0.238,8.0,22024
22400763,2025-02-10,Denver Nuggets,DEN vs. POR,W,1,146,38.0,44,12.0,2,8,0.659,0.9,0.32,29.0,22024
22400768,2025-02-10,Utah Jazz,UTA @ LAL,L,0,113,39.0,29,6.0,3,19,0.464,0.852,0.3,-19.0,22024
22400762,2025-02-10,Dallas Mavericks,DAL vs. SAC,L,0,128,33.0,31,11.0,4,11,0.516,0.625,0.405,-1.0,22024
22400761,2025-02-10,New Orleans Pelicans,NOP @ OKC,L,0,101,42.0,19,4.0,4,22,0.439,0.679,0.37,-36.0,22024
22400761,2025-02-10,Oklahoma City Thunder,OKC vs. NOP,W,1,137,45.0,29,15.0,8,10,0.516,0.75,0.491,36.0,22024
22400759,2025-02-10,Miami Heat,MIA vs. BOS,L,0,85,51.0,21,2.0,2,4,0.337,0.923,0.244,-18.0,22024
22400756,2025-02-10,Orlando Magic,ORL vs. ATL,L,0,106,36.0,22,10.0,8,17,0.474,0.833,0.4,-6.0,22024
22400760,2025-02-10,Milwaukee Bucks,MIL vs. GSW,L,0,111,37.0,18,5.0,4,20,0.5,0.735,0.303,-14.0,22024
22400760,2025-02-10,Golden State Warriors,GSW @ MIL,W,1,125,48.0,27,16.0,2,9,0.441,0.789,0.289,14.0,22024
22400768,2025-02-10,Los Angeles Lakers,LAL vs. UTA,W,1,132,44.0,28,11.0,2,11,0.543,0.944,0.357,19.0,22024
22400763,2025-02-10,Portland Trail Blazers,POR @ DEN,L,0,117,33.0,25,4.0,4,16,0.455,0.846,0.405,-29.0,22024
22400759,2025-02-10,Boston Celtics,BOS @ MIA,W,1,103,52.0,24,4.0,5,6,0.459,1.0,0.321,18.0,22024
22400758,2025-02-10,Charlotte Hornets,CHA @ BKN,L,0,89,40.0,18,7.0,7,17,0.41,0.679,0.194,-8.0,22024
22400755,2025-02-10,Minnesota Timberwolves,MIN @ CLE,L,0,107,41.0,17,10.0,6,16,0.4,0.767,0.308,-21.0,22024
22400762,2025-02-10,Sacramento Kings,SAC @ DAL,W,1,129,50.0,28,3.0,3,20,0.552,0.737,0.346,1.0,22024
22400755,2025-02-10,Cleveland Cavaliers,CLE vs. MIN,W,1,128,49.0,27,10.0,5,16,0.511,0.75,0.395,21.0,22024
22400756,2025-02-10,Atlanta Hawks,ATL @ ORL,W,1,112,39.0,29,10.0,3,16,0.494,0.857,0.375,6.0,22024
22400764,2025-02-11,Philadelphia 76ers,PHI vs. TOR,L,0,103,46.0,22,10.0,2,14,0.407,0.833,0.237,-3.0,22024
22400766,2025-02-11,Chicago Bulls,CHI vs. DET,L,0,92,44.0,22,9.0,2,14,0.35,0.632,0.213,-40.0,22024
22400766,2025-02-11,Detroit Pistons,DET @ CHI,W,1,132,55.0,30,10.0,8,14,0.531,0.923,0.439,40.0,22024
22400764,2025-02-11,Toronto Raptors,TOR @ PHI,W,1,106,49.0,23,8.0,4,17,0.463,0.826,0.333,3.0,22024
22400767,2025-02-11,Memphis Grizzlies,MEM @ PHX,W,1,119,60.0,22,8.0,3,13,0.43,0.778,0.308,7.0,22024
22400767,2025-02-11,Phoenix Suns,PHX vs. MEM,L,0,112,42.0,35,8.0,9,11,0.446,0.818,0.273,-7.0,22024
22400765,2025-02-11,New York Knicks,NYK @ IND,W,1,128,48.0,37,6.0,2,14,0.538,0.87,0.37,13.0,22024
22400765,2025-02-11,Indiana Pacers,IND vs. NYK,L,0,115,36.0,32,8.0,3,10,0.483,0.769,0.29,-13.0,22024
22400775,2025-02-12,Chicago Bulls,CHI vs. DET,L,0,110,37.0,23,9.0,7,16,0.43,0.9,0.22,-18.0,22024
22400774,2025-02-12,Toronto Raptors,TOR vs. CLE,L,0,108,39.0,26,7.0,5,15,0.462,0.667,0.345,-23.0,22024
22400779,2025-02-12,Phoenix Suns,PHX @ HOU,L,0,111,43.0,25,7.0,5,17,0.517,0.818,0.385,-8.0,22024
22400778,2025-02-12,Miami Heat,MIA @ OKC,L,0,101,45.0,24,7.0,5,16,0.456,0.72,0.324,-14.0,22024
22400771,2025-02-12,Washington Wizards,WAS vs. IND,L,0,130,46.0,29,5.0,7,16,0.485,0.813,0.511,-4.0,22024
22400772,2025-02-12,Brooklyn Nets,BKN vs. PHI,W,1,100,50.0,23,13.0,7,16,0.471,0.8,0.267,4.0,22024
22400776,2025-02-12,Milwaukee Bucks,MIL @ MIN,W,1,103,48.0,24,7.0,1,12,0.443,0.813,0.4,2.0,22024
22400770,2025-02-12,Orlando Magic,ORL vs. CHA,W,1,102,52.0,22,4.0,9,8,0.411,0.737,0.326,16.0,22024
22400780,2025-02-12,Portland Trail Blazers,POR @ DEN,L,0,121,45.0,27,7.0,6,11,0.457,0.724,0.368,-11.0,22024
22400771,2025-02-12,Indiana Pacers,IND @ WAS,W,1,134,42.0,38,7.0,5,7,0.467,0.9,0.457,4.0,22024
22400783,2025-02-12,Memphis Grizzlies,MEM @ LAC,L,0,114,40.0,24,5.0,4,21,0.494,0.533,0.5,-14.0,22024
22400780,2025-02-12,Denver Nuggets,DEN vs. POR,W,1,132,49.0,26,9.0,7,12,0.51,0.792,0.395,11.0,22024
22400773,2025-02-12,Atlanta Hawks,ATL @ NYK,L,0,148,47.0,43,12.0,10,12,0.5,0.686,0.368,-1.0,22024
22400777,2025-02-12,New Orleans Pelicans,NOP vs. SAC,L,0,111,40.0,28,7.0,5,8,0.468,0.833,0.25,-8.0,22024
22400781,2025-02-12,Los Angeles Lakers,LAL @ UTA,L,0,119,45.0,31,5.0,3,14,0.446,0.567,0.4,-12.0,22024
22400769,2025-02-12,San Antonio Spurs,SAS @ BOS,L,0,103,38.0,30,9.0,2,8,0.438,0.833,0.231,-13.0,22024
22400774,2025-02-12,Cleveland Cavaliers,CLE @ TOR,W,1,131,53.0,34,11.0,4,13,0.485,0.85,0.34,23.0,22024
22400783,2025-02-12,Los Angeles Clippers,LAC vs. MEM,W,1,128,46.0,29,17.0,2,15,0.505,0.955,0.371,14.0,22024
22400772,2025-02-12,Philadelphia 76ers,PHI @ BKN,L,0,96,38.0,25,10.0,9,14,0.432,0.818,0.242,-4.0,22024
22400770,2025-02-12,Charlotte Hornets,CHA @ ORL,L,0,86,43.0,21,4.0,4,12,0.395,0.933,0.308,-16.0,22024
22400782,2025-02-12,Golden State Warriors,GSW @ DAL,L,0,107,50.0,29,9.0,6,15,0.427,0.833,0.286,-4.0,22024
22400781,2025-02-12,Utah Jazz,UTA vs. LAL,W,1,131,48.0,30,10.0,8,12,0.523,0.788,0.366,12.0,22024
22400778,2025-02-12,Oklahoma City Thunder,OKC vs. MIA,W,1,115,41.0,22,10.0,3,13,0.489,0.7,0.385,14.0,22024
22400773,2025-02-12,New York Knicks,NYK vs. ATL,W,1,149,39.0,28,6.0,5,17,0.574,0.811,0.423,1.0,22024
22400777,2025-02-12,Sacramento Kings,SAC @ NOP,W,1,119,48.0,28,4.0,7,11,0.471,0.724,0.356,8.0,22024
22400776,2025-02-12,Minnesota Timberwolves,MIN vs. MIL,L,0,101,59.0,27,4.0,6,13,0.379,0.867,0.227,-2.0,22024
22400779,2025-02-12,Houston Rockets,HOU vs. PHX,W,1,119,47.0,32,10.0,4,11,0.474,0.583,0.31,8.0,22024
22400775,2025-02-12,Detroit Pistons,DET @ CHI,W,1,128,47.0,30,8.0,6,16,0.511,0.8,0.4,18.0,22024
22400769,2025-02-12,Boston Celtics,BOS vs. SAS,W,1,116,56.0,25,3.0,5,15,0.462,0.667,0.327,13.0,22024
22400782,2025-02-12,Dallas Mavericks,DAL vs. GSW,W,1,111,39.0,20,9.0,7,14,0.483,0.8,0.417,4.0,22024
22400786,2025-02-13,Dallas Mavericks,DAL vs. MIA,W,1,118,40.0,28,7.0,2,13,0.511,0.813,0.361,5.0,22024
22400786,2025-02-13,Miami Heat,MIA @ DAL,L,0,113,42.0,23,9.0,4,13,0.473,0.654,0.278,-5.0,22024
22400785,2025-02-13,New Orleans Pelicans,NOP vs. SAC,W,1,140,45.0,32,11.0,7,10,0.5,0.794,0.42,7.0,22024
22400787,2025-02-13,Oklahoma City Thunder,OKC @ MIN,L,0,101,49.0,25,4.0,7,9,0.42,0.833,0.241,-15.0,22024
22400787,2025-02-13,Minnesota Timberwolves,MIN vs. OKC,W,1,116,54.0,28,5.0,2,8,0.424,0.909,0.261,15.0,22024
22400784,2025-02-13,Golden State Warriors,GSW @ HOU,W,1,105,42.0,26,13.0,6,10,0.393,0.889,0.268,7.0,22024
22400785,2025-02-13,Sacramento Kings,SAC @ NOP,L,0,133,58.0,38,8.0,1,14,0.438,0.857,0.362,-7.0,22024
22400784,2025-02-13,Houston Rockets,HOU vs. GSW,L,0,98,52.0,24,7.0,5,20,0.409,0.556,0.333,-7.0,22024
22401004,2025-02-13,Los Angeles Clippers,LAC @ UTA,W,1,120,43.0,22,16.0,5,10,0.415,0.778,0.368,4.0,22024
22401004,2025-02-13,Utah Jazz,UTA vs. LAC,L,0,116,47.0,23,7.0,1,26,0.487,0.846,0.4,-4.0,22024
22400524,2025-02-19,Los Angeles Lakers,LAL vs. CHA,L,0,97,50.0,29,7.0,4,18,0.411,0.667,0.294,-3.0,22024
22400524,2025-02-19,Charlotte Hornets,CHA @ LAL,W,1,100,47.0,20,12.0,4,17,0.363,0.941,0.34,3.0,22024
22400789,2025-02-20,Boston Celtics,BOS @ PHI,W,1,124,49.0,33,3.0,6,10,0.483,0.933,0.444,20.0,22024
22400792,2025-02-20,New York Knicks,NYK vs. CHI,W,1,113,54.0,28,10.0,7,11,0.43,0.7,0.304,2.0,22024
22400790,2025-02-20,Orlando Magic,ORL @ ATL,W,1,114,53.0,15,6.0,7,7,0.482,0.684,0.24,6.0,22024
22400794,2025-02-20,Denver Nuggets,DEN vs. CHA,W,1,129,55.0,29,3.0,3,13,0.5,0.75,0.442,14.0,22024
22400792,2025-02-20,Chicago Bulls,CHI @ NYK,L,0,111,53.0,24,6.0,6,15,0.398,0.833,0.396,-2.0,22024
22400790,2025-02-20,Atlanta Hawks,ATL vs. ORL,L,0,108,51.0,20,7.0,4,9,0.39,0.679,0.314,-6.0,22024
22400788,2025-02-20,Memphis Grizzlies,MEM @ IND,L,0,113,46.0,28,6.0,7,13,0.414,0.864,0.308,-14.0,22024
22400789,2025-02-20,Philadelphia 76ers,PHI vs. BOS,L,0,104,44.0,23,7.0,0,10,0.43,0.941,0.205,-20.0,22024
22400793,2025-02-20,Milwaukee Bucks,MIL vs. LAC,W,1,116,41.0,22,5.0,5,17,0.475,0.852,0.395,6.0,22024
22400796,2025-02-20,Portland Trail Blazers,POR vs. LAL,L,0,102,33.0,27,16.0,7,17,0.442,0.667,0.324,-8.0,22024
22400791,2025-02-20,Cleveland Cavaliers,CLE @ BKN,W,1,110,52.0,19,8.0,5,16,0.426,0.704,0.282,13.0,22024
22400795,2025-02-20,San Antonio Spurs,SAS vs. PHX,W,1,120,44.0,30,13.0,3,9,0.473,0.773,0.366,11.0,22024
22400795,2025-02-20,Phoenix Suns,PHX @ SAS,L,0,109,39.0,28,6.0,4,18,0.469,0.85,0.364,-11.0,22024
22400791,2025-02-20,Brooklyn Nets,BKN vs. CLE,L,0,97,45.0,25,7.0,10,15,0.4,0.579,0.263,-13.0,22024
22400796,2025-02-20,Los Angeles Lakers,LAL @ POR,W,1,110,48.0,20,7.0,6,22,0.476,0.92,0.281,8.0,22024
22400794,2025-02-20,Charlotte Hornets,CHA @ DEN,L,0,115,45.0,28,10.0,2,10,0.434,0.824,0.405,-14.0,22024
22400793,2025-02-20,Los Angeles Clippers,LAC @ MIL,L,0,110,43.0,28,14.0,7,11,0.466,0.842,0.4,-6.0,22024
22400788,2025-02-20,Indiana Pacers,IND vs. MEM,W,1,127,46.0,29,6.0,12,10,0.505,0.818,0.378,14.0,22024
22400804,2025-02-21,Utah Jazz,UTA vs. OKC,L,0,107,43.0,27,7.0,2,19,0.456,0.556,0.366,-23.0,22024
22400800,2025-02-21,Toronto Raptors,TOR vs. MIA,L,0,111,46.0,25,8.0,2,13,0.418,0.783,0.395,-9.0,22024
22400802,2025-02-21,San Antonio Spurs,SAS vs. DET,L,0,110,32.0,27,12.0,5,15,0.512,0.636,0.345,-15.0,22024
22400800,2025-02-21,Miami Heat,MIA @ TOR,W,1,120,44.0,20,8.0,3,12,0.511,0.833,0.361,9.0,22024
22400803,2025-02-21,Dallas Mavericks,DAL vs. NOP,W,1,111,47.0,28,8.0,4,13,0.43,0.778,0.364,8.0,22024
22400797,2025-02-21,New York Knicks,NYK @ CLE,L,0,105,32.0,25,8.0,3,16,0.472,0.611,0.357,-37.0,22024
22400804,2025-02-21,Oklahoma City Thunder,OKC @ UTA,W,1,130,51.0,38,10.0,10,12,0.474,0.95,0.442,23.0,22024
22400799,2025-02-21,Milwaukee Bucks,MIL @ WAS,W,1,104,44.0,24,11.0,6,16,0.476,0.654,0.281,3.0,22024
22400797,2025-02-21,Cleveland Cavaliers,CLE vs. NYK,W,1,142,47.0,38,12.0,2,15,0.609,0.733,0.514,37.0,22024
22400805,2025-02-21,Golden State Warriors,GSW @ SAC,W,1,132,35.0,40,13.0,3,12,0.538,1.0,0.465,24.0,22024
22400798,2025-02-21,Orlando Magic,ORL vs. MEM,L,0,104,50.0,23,7.0,9,12,0.409,0.697,0.29,-1.0,22024
22400799,2025-02-21,Washington Wizards,WAS vs. MIL,L,0,101,42.0,25,9.0,4,14,0.402,0.704,0.308,-3.0,22024
22400803,2025-02-21,New Orleans Pelicans,NOP @ DAL,L,0,103,53.0,25,8.0,6,14,0.413,0.76,0.296,-8.0,22024
22400805,2025-02-21,Sacramento Kings,SAC vs. GSW,L,0,108,39.0,26,8.0,3,21,0.506,0.944,0.344,-24.0,22024
22400801,2025-02-21,Minnesota Timberwolves,MIN @ HOU,L,0,115,35.0,22,10.0,6,9,0.446,0.846,0.289,-6.0,22024
22400802,2025-02-21,Detroit Pistons,DET @ SAS,W,1,125,53.0,31,8.0,5,16,0.5,0.864,0.343,15.0,22024
22400801,2025-02-21,Houston Rockets,HOU vs. MIN,W,1,121,48.0,18,5.0,6,20,0.5,0.75,0.5,6.0,22024
22400798,2025-02-21,Memphis Grizzlies,MEM @ ORL,W,1,105,53.0,22,7.0,7,14,0.413,0.759,0.212,1.0,22024
22400807,2025-02-22,Brooklyn Nets,BKN @ PHI,W,1,105,39.0,27,10.0,8,16,0.506,0.842,0.25,2.0,22024
22400807,2025-02-22,Philadelphia 76ers,PHI vs. BKN,L,0,103,43.0,21,8.0,5,13,0.424,0.875,0.256,-2.0,22024
22400808,2025-02-22,Los Angeles Lakers,LAL @ DEN,W,1,123,39.0,27,15.0,9,8,0.5,0.84,0.39,23.0,22024
22400810,2025-02-22,Charlotte Hornets,CHA @ POR,L,0,88,37.0,19,12.0,7,15,0.347,0.714,0.156,-53.0,22024
22400808,2025-02-22,Denver Nuggets,DEN vs. LAL,L,0,100,45.0,28,6.0,1,20,0.4,0.762,0.39,-23.0,22024
22400809,2025-02-22,Utah Jazz,UTA vs. HOU,W,1,124,58.0,28,4.0,3,8,0.5,0.481,0.325,9.0,22024
22400809,2025-02-22,Houston Rockets,HOU @ UTA,L,0,115,41.0,33,3.0,2,7,0.44,0.556,0.395,-9.0,22024
22400810,2025-02-22,Portland Trail Blazers,POR vs. CHA,W,1,141,57.0,37,11.0,7,18,0.586,0.704,0.465,53.0,22024
22400806,2025-02-22,Phoenix Suns,PHX @ CHI,W,1,121,49.0,29,7.0,3,11,0.483,0.893,0.333,4.0,22024
22400806,2025-02-22,Chicago Bulls,CHI vs. PHX,L,0,117,45.0,29,9.0,4,9,0.418,1.0,0.34,-4.0,22024
22400812,2025-02-23,Golden State Warriors,GSW vs. DAL,W,1,126,54.0,30,10.0,6,10,0.48,0.87,0.3,24.0,22024
22400816,2025-02-23,Phoenix Suns,PHX @ TOR,L,0,109,37.0,22,9.0,7,11,0.506,0.727,0.25,-18.0,22024
22400820,2025-02-23,Oklahoma City Thunder,OKC @ MIN,W,1,130,37.0,32,9.0,8,13,0.558,0.75,0.543,7.0,22024
22400811,2025-02-23,Boston Celtics,BOS vs. NYK,W,1,118,49.0,27,8.0,5,10,0.495,1.0,0.386,13.0,22024
22400816,2025-02-23,Toronto Raptors,TOR vs. PHX,W,1,127,49.0,30,6.0,1,14,0.489,0.7,0.571,18.0,22024
22400820,2025-02-23,Minnesota Timberwolves,MIN vs. OKC,L,0,123,44.0,23,6.0,5,13,0.438,0.964,0.4,-7.0,22024
22400818,2025-02-23,New Orleans Pelicans,NOP vs. SAS,W,1,114,69.0,27,3.0,3,16,0.447,0.731,0.333,18.0,22024
22400815,2025-02-23,Washington Wizards,WAS @ ORL,L,0,90,36.0,22,5.0,4,20,0.41,0.727,0.263,-20.0,22024
22400811,2025-02-23,New York Knicks,NYK @ BOS,L,0,105,40.0,21,4.0,1,11,0.435,1.0,0.389,-13.0,22024
22400819,2025-02-23,Cleveland Cavaliers,CLE vs. MEM,W,1,129,57.0,25,5.0,5,14,0.465,0.686,0.277,6.0,22024
22400815,2025-02-23,Orlando Magic,ORL vs. WAS,W,1,110,47.0,25,9.0,5,13,0.444,0.864,0.344,20.0,22024
22400814,2025-02-23,Atlanta Hawks,ATL vs. DET,L,0,143,40.0,30,8.0,6,13,0.5,0.722,0.467,-5.0,22024
22400817,2025-02-23,Miami Heat,MIA @ MIL,L,0,113,46.0,25,3.0,3,9,0.466,0.846,0.29,-7.0,22024
22400814,2025-02-23,Detroit Pistons,DET @ ATL,W,1,148,37.0,39,9.0,5,17,0.591,0.72,0.5,5.0,22024
22400813,2025-02-23,Indiana Pacers,IND vs. LAC,W,1,129,46.0,31,7.0,5,12,0.548,0.926,0.333,18.0,22024
22400817,2025-02-23,Milwaukee Bucks,MIL vs. MIA,W,1,120,40.0,25,4.0,3,9,0.512,0.818,0.359,7.0,22024
22400819,2025-02-23,Memphis Grizzlies,MEM @ CLE,L,0,123,37.0,28,8.0,5,13,0.457,0.774,0.385,-6.0,22024
22400813,2025-02-23,Los Angeles Clippers,LAC @ IND,L,0,111,32.0,23,9.0,3,10,0.447,0.758,0.25,-18.0,22024
22400818,2025-02-23,San Antonio Spurs,SAS @ NOP,L,0,96,46.0,29,11.0,7,10,0.33,0.68,0.294,-18.0,22024
22400812,2025-02-23,Dallas Mavericks,DAL @ GSW,L,0,102,41.0,24,7.0,4,18,0.463,0.684,0.406,-24.0,22024
22400825,2025-02-24,Miami Heat,MIA @ ATL,L,0,86,45.0,15,8.0,4,17,0.321,0.926,0.175,-12.0,22024
22400825,2025-02-24,Atlanta Hawks,ATL vs. MIA,W,1,98,50.0,29,13.0,2,16,0.455,0.75,0.257,12.0,22024
22400821,2025-02-24,Los Angeles Clippers,LAC @ DET,L,0,97,48.0,24,12.0,3,17,0.402,0.632,0.268,-9.0,22024
22400828,2025-02-24,Sacramento Kings,SAC vs. CHA,W,1,130,49.0,30,12.0,4,18,0.54,0.889,0.526,42.0,22024
22400828,2025-02-24,Charlotte Hornets,CHA @ SAC,L,0,88,37.0,24,14.0,4,19,0.353,0.75,0.25,-42.0,22024
22400824,2025-02-24,Washington Wizards,WAS vs. BKN,W,1,107,37.0,26,7.0,8,24,0.5,0.96,0.419,8.0,22024
22400827,2025-02-24,Utah Jazz,UTA vs. POR,L,0,112,45.0,24,7.0,2,15,0.398,0.842,0.409,-2.0,22024
22400824,2025-02-24,Brooklyn Nets,BKN @ WAS,L,0,99,39.0,25,16.0,4,15,0.393,0.792,0.389,-8.0,22024
22400826,2025-02-24,Minnesota Timberwolves,MIN @ OKC,W,1,131,54.0,29,6.0,5,13,0.454,0.872,0.281,3.0,22024
22400823,2025-02-24,Chicago Bulls,CHI @ PHI,W,1,142,44.0,32,11.0,6,13,0.506,0.944,0.45,32.0,22024
22400821,2025-02-24,Detroit Pistons,DET vs. LAC,W,1,106,46.0,22,11.0,7,15,0.456,0.694,0.31,9.0,22024
22400827,2025-02-24,Portland Trail Blazers,POR @ UTA,W,1,114,51.0,26,7.0,6,13,0.418,0.75,0.318,2.0,22024
22400826,2025-02-24,Oklahoma City Thunder,OKC vs. MIN,L,0,128,53.0,27,10.0,8,11,0.425,0.793,0.306,-3.0,22024
22400822,2025-02-24,Indiana Pacers,IND vs. DEN,L,0,116,32.0,29,11.0,3,17,0.471,0.815,0.326,-9.0,22024
22400822,2025-02-24,Denver Nuggets,DEN @ IND,W,1,125,46.0,39,8.0,4,19,0.564,0.786,0.381,9.0,22024
22400823,2025-02-24,Philadelphia 76ers,PHI vs. CHI,L,0,110,47.0,19,11.0,5,16,0.389,0.897,0.25,-32.0,22024
22400831,2025-02-25,Houston Rockets,HOU vs. MIL,W,1,100,53.0,18,6.0,9,15,0.407,0.778,0.343,3.0,22024
22400830,2025-02-25,Cleveland Cavaliers,CLE @ ORL,W,1,122,47.0,25,5.0,5,11,0.563,0.813,0.594,40.0,22024
22400834,2025-02-25,Golden State Warriors,GSW vs. CHA,W,1,128,51.0,40,16.0,5,11,0.49,0.833,0.357,36.0,22024
22400831,2025-02-25,Milwaukee Bucks,MIL @ HOU,L,0,97,37.0,19,11.0,5,13,0.4,0.739,0.324,-3.0,22024
22400833,2025-02-25,San Antonio Spurs,SAS @ NOP,L,0,103,45.0,29,14.0,4,20,0.409,0.778,0.295,-6.0,22024
22400832,2025-02-25,Memphis Grizzlies,MEM vs. PHX,W,1,151,38.0,36,10.0,4,12,0.525,0.9,0.417,3.0,22024
22400830,2025-02-25,Orlando Magic,ORL vs. CLE,L,0,82,35.0,21,7.0,8,10,0.367,0.786,0.179,-40.0,22024
22400833,2025-02-25,New Orleans Pelicans,NOP vs. SAS,W,1,109,54.0,25,11.0,6,19,0.436,0.8,0.226,6.0,22024
22400835,2025-02-25,Los Angeles Lakers,LAL vs. DAL,W,1,107,57.0,24,7.0,8,14,0.448,0.75,0.275,8.0,22024
22400832,2025-02-25,Phoenix Suns,PHX @ MEM,L,0,148,46.0,39,6.0,6,16,0.535,0.808,0.568,-3.0,22024
22400835,2025-02-25,Dallas Mavericks,DAL @ LAL,L,0,99,45.0,23,7.0,11,12,0.357,0.923,0.386,-8.0,22024
22400829,2025-02-25,Boston Celtics,BOS @ TOR,W,1,111,39.0,24,9.0,4,14,0.473,1.0,0.294,10.0,22024
22400834,2025-02-25,Charlotte Hornets,CHA @ GSW,L,0,92,50.0,18,7.0,8,24,0.371,0.833,0.275,-36.0,22024
22400829,2025-02-25,Toronto Raptors,TOR vs. BOS,L,0,101,40.0,27,10.0,1,16,0.506,0.75,0.152,-10.0,22024
22400842,2025-02-26,Los Angeles Clippers,LAC @ CHI,W,1,122,44.0,33,9.0,10,15,0.518,0.882,0.514,5.0,22024
22400843,2025-02-26,Sacramento Kings,SAC @ UTA,W,1,118,47.0,28,6.0,7,12,0.529,0.917,0.417,17.0,22024
22400840,2025-02-26,Oklahoma City Thunder,OKC @ BKN,W,1,129,45.0,27,10.0,4,11,0.533,0.828,0.3,8.0,22024
22400843,2025-02-26,Utah Jazz,UTA vs. SAC,L,0,101,34.0,32,9.0,2,9,0.452,0.529,0.364,-17.0,22024
22400836,2025-02-26,Detroit Pistons,DET vs. BOS,W,1,117,51.0,29,13.0,5,12,0.528,0.588,0.394,20.0,22024
22400841,2025-02-26,Atlanta Hawks,ATL @ MIA,L,0,109,33.0,29,6.0,3,15,0.506,0.789,0.375,-22.0,22024
22400839,2025-02-26,Washington Wizards,WAS vs. POR,L,0,121,41.0,25,9.0,8,19,0.518,0.697,0.333,-8.0,22024
22400838,2025-02-26,New York Knicks,NYK vs. PHI,W,1,110,43.0,22,6.0,8,16,0.519,0.793,0.368,5.0,22024
22400839,2025-02-26,Portland Trail Blazers,POR @ WAS,W,1,129,46.0,27,11.0,4,15,0.446,0.771,0.324,8.0,22024
22400844,2025-02-26,San Antonio Spurs,SAS @ HOU,L,0,106,41.0,28,10.0,5,8,0.42,0.714,0.179,-12.0,22024
22400837,2025-02-26,Toronto Raptors,TOR @ IND,L,0,91,40.0,23,8.0,2,18,0.425,0.688,0.222,-20.0,22024
22400837,2025-02-26,Indiana Pacers,IND vs. TOR,W,1,111,41.0,28,10.0,7,19,0.531,0.625,0.405,20.0,22024
22400840,2025-02-26,Brooklyn Nets,BKN vs. OKC,L,0,121,46.0,31,7.0,5,14,0.409,0.88,0.377,-8.0,22024
22400841,2025-02-26,Miami Heat,MIA vs. ATL,W,1,131,35.0,39,10.0,2,14,0.592,0.818,0.548,22.0,22024
22400836,2025-02-26,Boston Celtics,BOS @ DET,L,0,97,32.0,21,9.0,1,17,0.413,0.667,0.429,-20.0,22024
22400844,2025-02-26,Houston Rockets,HOU vs. SAS,W,1,118,60.0,22,4.0,5,14,0.471,0.786,0.289,12.0,22024
22400838,2025-02-26,Philadelphia 76ers,PHI @ NYK,L,0,105,35.0,21,13.0,6,13,0.443,0.8,0.324,-5.0,22024
22400842,2025-02-26,Chicago Bulls,CHI vs. LAC,L,0,117,41.0,35,9.0,1,16,0.489,0.545,0.452,-5.0,22024
22400846,2025-02-27,Denver Nuggets,DEN @ MIL,L,0,112,55.0,28,8.0,2,13,0.448,0.818,0.265,-9.0,22024
22400846,2025-02-27,Milwaukee Bucks,MIL vs. DEN,W,1,121,48.0,25,8.0,4,11,0.467,0.821,0.412,9.0,22024
22400848,2025-02-27,Phoenix Suns,PHX vs. NOP,L,0,116,52.0,29,4.0,6,10,0.468,0.8,0.377,-8.0,22024
22400847,2025-02-27,Dallas Mavericks,DAL vs. CHA,W,1,103,48.0,23,12.0,7,7,0.412,0.75,0.306,7.0,22024
22400848,2025-02-27,New Orleans Pelicans,NOP @ PHX,W,1,124,50.0,25,3.0,6,6,0.481,0.583,0.362,8.0,22024
22400849,2025-02-27,Minnesota Timberwolves,MIN @ LAL,L,0,102,41.0,25,9.0,3,10,0.417,0.769,0.293,-9.0,22024
22400845,2025-02-27,Orlando Magic,ORL vs. GSW,L,0,115,46.0,23,9.0,4,18,0.506,0.778,0.393,-6.0,22024
22400849,2025-02-27,Los Angeles Lakers,LAL vs. MIN,W,1,111,52.0,21,7.0,2,12,0.415,0.696,0.268,9.0,22024
22400845,2025-02-27,Golden State Warriors,GSW @ ORL,W,1,121,38.0,26,8.0,7,12,0.456,0.882,0.422,6.0,22024
22400847,2025-02-27,Charlotte Hornets,CHA @ DAL,L,0,96,56.0,25,3.0,2,15,0.408,0.692,0.259,-7.0,22024
22400859,2025-02-28,Los Angeles Clippers,LAC @ LAL,L,0,102,44.0,25,11.0,1,17,0.448,0.714,0.243,-4.0,22024
22400859,2025-02-28,Los Angeles Lakers,LAL vs. LAC,W,1,106,39.0,19,14.0,5,15,0.488,0.773,0.333,4.0,22024
22400852,2025-02-28,Boston Celtics,BOS vs. CLE,L,0,116,40.0,20,5.0,5,11,0.483,0.765,0.436,-7.0,22024
22400851,2025-02-28,Atlanta Hawks,ATL vs. OKC,L,0,119,46.0,27,8.0,5,19,0.489,0.783,0.417,-16.0,22024
22400852,2025-02-28,Cleveland Cavaliers,CLE @ BOS,W,1,123,44.0,23,4.0,3,7,0.479,0.842,0.436,7.0,22024
22400853,2025-02-28,Brooklyn Nets,BKN vs. POR,L,0,102,45.0,20,13.0,2,21,0.414,0.852,0.241,-19.0,22024
22400854,2025-02-28,Miami Heat,MIA vs. IND,W,1,125,39.0,34,7.0,4,14,0.571,0.923,0.531,5.0,22024
22400854,2025-02-28,Indiana Pacers,IND @ MIA,L,0,120,30.0,35,10.0,3,10,0.534,0.625,0.538,-5.0,22024
22400856,2025-02-28,New York Knicks,NYK @ MEM,W,1,114,35.0,29,10.0,7,8,0.463,0.813,0.342,1.0,22024
22400853,2025-02-28,Portland Trail Blazers,POR @ BKN,W,1,121,36.0,31,11.0,4,20,0.577,0.593,0.417,19.0,22024
22400858,2025-02-28,Utah Jazz,UTA vs. MIN,W,1,117,60.0,35,3.0,4,20,0.511,0.643,0.4,1.0,22024
22400855,2025-02-28,Chicago Bulls,CHI vs. TOR,W,1,125,45.0,32,11.0,4,11,0.446,0.88,0.265,10.0,22024
22400856,2025-02-28,Memphis Grizzlies,MEM vs. NYK,L,0,113,58.0,26,2.0,4,18,0.468,0.955,0.129,-1.0,22024
22400857,2025-02-28,Phoenix Suns,PHX vs. NOP,W,1,125,35.0,35,6.0,3,15,0.595,0.769,0.525,17.0,22024
22400850,2025-02-28,Denver Nuggets,DEN @ DET,W,1,134,50.0,28,5.0,8,19,0.56,0.742,0.548,15.0,22024
22400851,2025-02-28,Oklahoma City Thunder,OKC @ ATL,W,1,135,43.0,37,10.0,1,11,0.505,0.833,0.46,16.0,22024
22400858,2025-02-28,Minnesota Timberwolves,MIN @ UTA,L,0,116,40.0,35,17.0,4,7,0.436,0.571,0.385,-1.0,22024
22400850,2025-02-28,Detroit Pistons,DET vs. DEN,L,0,119,42.0,32,15.0,3,10,0.455,0.739,0.324,-15.0,22024
22400855,2025-02-28,Toronto Raptors,TOR @ CHI,L,0,115,51.0,30,4.0,3,14,0.417,0.8,0.351,-10.0,22024
22400857,2025-02-28,New Orleans Pelicans,NOP @ PHX,L,0,108,35.0,28,10.0,3,14,0.506,0.6,0.393,-17.0,22024
22400863,2025-03-01,San Antonio Spurs,SAS @ MEM,W,1,130,42.0,33,8.0,4,11,0.521,0.727,0.389,2.0,22024
22400863,2025-03-01,Memphis Grizzlies,MEM vs. SAS,L,0,128,41.0,31,7.0,8,12,0.526,0.85,0.289,-2.0,22024
22400861,2025-03-01,Brooklyn Nets,BKN @ DET,L,0,94,38.0,19,12.0,8,12,0.305,0.857,0.154,-21.0,22024
22400861,2025-03-01,Detroit Pistons,DET vs. BKN,W,1,115,47.0,31,5.0,15,23,0.542,0.862,0.429,21.0,22024
22400865,2025-03-01,Dallas Mavericks,DAL vs. MIL,L,0,117,33.0,25,7.0,1,11,0.473,0.8,0.275,-15.0,22024
22400864,2025-03-01,Golden State Warriors,GSW @ PHI,L,0,119,49.0,33,7.0,4,15,0.46,0.789,0.286,-7.0,22024
22400862,2025-03-01,Houston Rockets,HOU vs. SAC,L,0,103,43.0,18,7.0,2,15,0.43,0.696,0.371,-10.0,22024
22400864,2025-03-01,Philadelphia 76ers,PHI vs. GSW,W,1,126,40.0,27,8.0,3,14,0.529,0.607,0.576,7.0,22024
22400865,2025-03-01,Milwaukee Bucks,MIL @ DAL,W,1,132,52.0,33,6.0,6,13,0.506,0.886,0.333,15.0,22024
22400862,2025-03-01,Sacramento Kings,SAC @ HOU,W,1,113,46.0,21,13.0,5,13,0.506,0.762,0.321,10.0,22024
22400860,2025-03-01,Washington Wizards,WAS @ CHA,W,1,113,48.0,33,13.0,7,15,0.455,0.941,0.34,13.0,22024
22400860,2025-03-01,Charlotte Hornets,CHA vs. WAS,L,0,100,44.0,28,9.0,5,17,0.441,0.667,0.333,-13.0,22024
22400874,2025-03-02,Los Angeles Clippers,LAC @ LAL,L,0,102,40.0,24,9.0,1,12,0.432,0.824,0.308,-6.0,22024
22400870,2025-03-02,Toronto Raptors,TOR @ ORL,W,1,104,40.0,22,8.0,4,14,0.463,0.767,0.318,2.0,22024
22400868,2025-03-02,Indiana Pacers,IND vs. CHI,W,1,127,36.0,34,7.0,4,10,0.552,0.667,0.432,15.0,22024
22400873,2025-03-02,Phoenix Suns,PHX vs. MIN,L,0,98,57.0,24,2.0,7,20,0.438,0.789,0.31,-18.0,22024
22400874,2025-03-02,Los Angeles Lakers,LAL vs. LAC,W,1,108,41.0,21,8.0,6,16,0.494,0.7,0.429,6.0,22024
22400868,2025-03-02,Chicago Bulls,CHI @ IND,L,0,112,42.0,24,6.0,4,12,0.5,0.778,0.303,-15.0,22024
22400873,2025-03-02,Minnesota Timberwolves,MIN @ PHX,W,1,116,35.0,28,18.0,2,8,0.424,0.81,0.404,18.0,22024
22400867,2025-03-02,Portland Trail Blazers,POR @ CLE,L,0,129,46.0,25,8.0,1,19,0.438,0.886,0.35,-4.0,22024
22400869,2025-03-02,New York Knicks,NYK @ MIA,W,1,116,46.0,27,5.0,6,10,0.484,0.667,0.318,4.0,22024
22400870,2025-03-02,Orlando Magic,ORL vs. TOR,L,0,102,35.0,17,3.0,5,14,0.448,0.833,0.333,-2.0,22024
22400871,2025-03-02,Oklahoma City Thunder,OKC @ SAS,W,1,146,45.0,34,7.0,6,7,0.545,0.85,0.432,14.0,22024
22400866,2025-03-02,Denver Nuggets,DEN @ BOS,L,0,103,38.0,27,11.0,2,11,0.477,0.692,0.343,-7.0,22024
22400867,2025-03-02,Cleveland Cavaliers,CLE vs. POR,W,1,133,47.0,27,12.0,5,13,0.433,0.857,0.413,4.0,22024
22400872,2025-03-02,Utah Jazz,UTA vs. NOP,L,0,121,41.0,35,4.0,4,11,0.479,0.765,0.364,-7.0,22024
22400866,2025-03-02,Boston Celtics,BOS vs. DEN,W,1,110,45.0,26,7.0,4,14,0.474,0.815,0.412,7.0,22024
22400872,2025-03-02,New Orleans Pelicans,NOP @ UTA,W,1,128,48.0,35,8.0,5,11,0.52,0.538,0.341,7.0,22024
22400869,2025-03-02,Miami Heat,MIA vs. NYK,L,0,112,34.0,29,5.0,6,12,0.536,0.688,0.314,-4.0,22024
22400871,2025-03-02,San Antonio Spurs,SAS vs. OKC,L,0,132,35.0,36,2.0,3,12,0.56,0.75,0.419,-14.0,22024
22400875,2025-03-03,Charlotte Hornets,CHA vs. GSW,L,0,101,47.0,20,3.0,6,17,0.395,0.667,0.275,-18.0,22024
22400876,2025-03-03,Philadelphia 76ers,PHI vs. POR,L,0,102,43.0,27,6.0,3,8,0.432,0.692,0.314,-17.0,22024
22400880,2025-03-03,Dallas Mavericks,DAL vs. SAC,L,0,98,37.0,28,5.0,1,13,0.455,0.875,0.269,-24.0,22024
22400879,2025-03-03,Houston Rockets,HOU @ OKC,L,0,128,49.0,20,8.0,7,16,0.485,0.824,0.457,-9.0,22024
22400881,2025-03-03,Detroit Pistons,DET @ UTA,W,1,134,39.0,32,16.0,8,13,0.554,0.75,0.268,28.0,22024
22400878,2025-03-03,Memphis Grizzlies,MEM vs. ATL,L,0,130,43.0,36,7.0,3,19,0.505,0.92,0.394,-2.0,22024
22400879,2025-03-03,Oklahoma City Thunder,OKC vs. HOU,W,1,137,49.0,31,11.0,6,13,0.495,0.889,0.459,9.0,22024
22400876,2025-03-03,Portland Trail Blazers,POR @ PHI,W,1,119,61.0,26,6.0,6,10,0.485,0.632,0.314,17.0,22024
22400877,2025-03-03,Miami Heat,MIA vs. WAS,W,1,106,48.0,31,10.0,4,11,0.476,0.833,0.351,16.0,22024
22400877,2025-03-03,Washington Wizards,WAS @ MIA,L,0,90,43.0,22,8.0,0,13,0.369,0.818,0.286,-16.0,22024
22400881,2025-03-03,Utah Jazz,UTA vs. DET,L,0,106,41.0,19,7.0,1,27,0.427,0.813,0.303,-28.0,22024
22400880,2025-03-03,Sacramento Kings,SAC @ DAL,W,1,122,37.0,34,4.0,4,7,0.522,1.0,0.471,24.0,22024
22400878,2025-03-03,Atlanta Hawks,ATL @ MEM,W,1,132,32.0,35,12.0,7,12,0.573,0.529,0.464,2.0,22024
22400875,2025-03-03,Golden State Warriors,GSW @ CHA,W,1,119,54.0,33,10.0,4,8,0.421,0.875,0.36,18.0,22024
22400886,2025-03-04,Cleveland Cavaliers,CLE @ CHI,W,1,139,53.0,27,4.0,4,8,0.469,0.909,0.354,22.0,22024
22400883,2025-03-04,Orlando Magic,ORL vs. TOR,L,0,113,35.0,28,12.0,5,14,0.482,0.783,0.417,-1.0,22024
22400890,2025-03-04,New Orleans Pelicans,NOP @ LAL,L,0,115,35.0,29,11.0,3,9,0.495,0.667,0.265,-21.0,22024
22400890,2025-03-04,Los Angeles Lakers,LAL vs. NOP,W,1,136,51.0,32,7.0,5,14,0.533,0.778,0.365,21.0,22024
22400884,2025-03-04,Milwaukee Bucks,MIL @ ATL,W,1,127,51.0,27,8.0,1,14,0.51,0.783,0.297,6.0,22024
22400885,2025-03-04,New York Knicks,NYK vs. GSW,L,0,102,42.0,26,4.0,2,13,0.446,0.8,0.242,-12.0,22024
22400887,2025-03-04,Philadelphia 76ers,PHI @ MIN,L,0,112,36.0,22,10.0,2,13,0.488,0.704,0.281,-14.0,22024
22400882,2025-03-04,Houston Rockets,HOU @ IND,L,0,102,58.0,22,6.0,0,14,0.408,0.5,0.3,-13.0,22024
22400885,2025-03-04,Golden State Warriors,GSW @ NYK,W,1,114,44.0,30,7.0,7,11,0.489,0.789,0.351,12.0,22024
22400883,2025-03-04,Toronto Raptors,TOR @ ORL,W,1,114,48.0,28,7.0,8,20,0.475,0.743,0.4,1.0,22024
22400887,2025-03-04,Minnesota Timberwolves,MIN vs. PHI,W,1,126,37.0,29,7.0,5,17,0.568,0.941,0.45,14.0,22024
22400882,2025-03-04,Indiana Pacers,IND vs. HOU,W,1,115,35.0,34,9.0,6,11,0.512,1.0,0.405,13.0,22024
22400889,2025-03-04,Los Angeles Clippers,LAC @ PHX,L,0,117,37.0,29,8.0,3,6,0.518,0.852,0.267,-2.0,22024
22400886,2025-03-04,Chicago Bulls,CHI vs. CLE,L,0,117,50.0,32,6.0,6,7,0.443,0.706,0.25,-22.0,22024
22400888,2025-03-04,Brooklyn Nets,BKN @ SAS,L,0,113,40.0,29,8.0,2,13,0.453,0.857,0.34,-14.0,22024
22400884,2025-03-04,Atlanta Hawks,ATL vs. MIL,L,0,121,47.0,33,10.0,6,11,0.455,0.765,0.39,-6.0,22024
22400889,2025-03-04,Phoenix Suns,PHX vs. LAC,W,1,119,37.0,31,5.0,3,11,0.513,0.852,0.412,2.0,22024
22400888,2025-03-04,San Antonio Spurs,SAS vs. BKN,W,1,127,46.0,37,9.0,4,13,0.547,0.5,0.462,14.0,22024
22400892,2025-03-05,Charlotte Hornets,CHA vs. MIN,L,0,110,57.0,26,3.0,2,13,0.442,0.778,0.286,-15.0,22024
22400892,2025-03-05,Minnesota Timberwolves,MIN @ CHA,W,1,125,43.0,27,9.0,3,5,0.489,0.727,0.429,15.0,22024
22400894,2025-03-05,Washington Wizards,WAS vs. UTA,W,1,125,45.0,32,9.0,12,9,0.442,0.828,0.362,3.0,22024
22400894,2025-03-05,Utah Jazz,UTA @ WAS,L,0,122,58.0,21,5.0,3,14,0.465,0.7,0.35,-3.0,22024
22400898,2025-03-05,Los Angeles Clippers,LAC vs. DET,W,1,123,33.0,18,8.0,6,9,0.55,0.846,0.542,8.0,22024
22400897,2025-03-05,Milwaukee Bucks,MIL vs. DAL,W,1,137,55.0,29,6.0,4,17,0.584,0.895,0.457,30.0,22024
22400893,2025-03-05,Miami Heat,MIA @ CLE,L,0,107,42.0,29,7.0,2,13,0.434,0.88,0.361,-5.0,22024
22400896,2025-03-05,Sacramento Kings,SAC @ DEN,L,0,110,45.0,22,8.0,6,12,0.458,0.786,0.407,-6.0,22024
22400891,2025-03-05,Portland Trail Blazers,POR @ BOS,L,0,118,39.0,19,4.0,3,8,0.5,0.706,0.4,-10.0,22024
22400893,2025-03-05,Cleveland Cavaliers,CLE vs. MIA,W,1,112,47.0,26,7.0,4,13,0.471,0.727,0.35,5.0,22024
22400895,2025-03-05,Memphis Grizzlies,MEM vs. OKC,L,0,103,49.0,21,9.0,1,15,0.407,0.909,0.265,-17.0,22024
22400897,2025-03-05,Dallas Mavericks,DAL @ MIL,L,0,107,30.0,30,13.0,3,10,0.459,0.4,0.333,-30.0,22024
22400891,2025-03-05,Boston Celtics,BOS vs. POR,W,1,128,52.0,24,5.0,6,9,0.464,0.882,0.426,10.0,22024
22400896,2025-03-05,Denver Nuggets,DEN vs. SAC,W,1,116,46.0,28,5.0,8,13,0.46,0.8,0.343,6.0,22024
22400898,2025-03-05,Detroit Pistons,DET @ LAC,L,0,115,34.0,27,5.0,2,12,0.523,0.737,0.314,-8.0,22024
22400895,2025-03-05,Oklahoma City Thunder,OKC @ MEM,W,1,120,39.0,27,10.0,4,11,0.506,0.895,0.417,17.0,22024
22400901,2025-03-06,Golden State Warriors,GSW @ BKN,W,1,121,45.0,31,3.0,4,16,0.488,0.906,0.375,2.0,22024
22400899,2025-03-06,Indiana Pacers,IND @ ATL,L,0,118,42.0,27,5.0,5,11,0.484,0.941,0.359,-6.0,22024
22400900,2025-03-06,Philadelphia 76ers,PHI @ BOS,L,0,105,45.0,29,6.0,5,15,0.421,0.833,0.385,-18.0,22024
22400902,2025-03-06,Houston Rockets,HOU @ NOP,W,1,109,41.0,33,10.0,6,19,0.568,0.444,0.31,12.0,22024
22400903,2025-03-06,New York Knicks,NYK @ LAL,L,0,109,46.0,20,10.0,2,13,0.394,0.781,0.233,-4.0,22024
22400902,2025-03-06,New Orleans Pelicans,NOP vs. HOU,L,0,97,41.0,17,9.0,7,15,0.373,0.788,0.333,-12.0,22024
22400901,2025-03-06,Brooklyn Nets,BKN vs. GSW,L,0,119,32.0,30,7.0,5,11,0.506,0.889,0.455,-2.0,22024
22400944,2025-03-06,Orlando Magic,ORL vs. CHI,L,0,123,33.0,26,10.0,5,12,0.46,0.85,0.273,-2.0,22024
22400944,2025-03-06,Chicago Bulls,CHI @ ORL,W,1,125,48.0,25,5.0,7,18,0.5,0.8,0.375,2.0,22024
22400903,2025-03-06,Los Angeles Lakers,LAL vs. NYK,W,1,113,49.0,25,7.0,4,16,0.427,0.821,0.333,4.0,22024
22400899,2025-03-06,Atlanta Hawks,ATL vs. IND,W,1,124,43.0,32,5.0,4,8,0.532,0.778,0.333,6.0,22024
22400900,2025-03-06,Boston Celtics,BOS vs. PHI,W,1,123,46.0,32,8.0,6,10,0.505,0.923,0.396,18.0,22024
22400909,2025-03-07,Denver Nuggets,DEN vs. PHX,W,1,149,38.0,45,8.0,3,9,0.588,0.778,0.525,8.0,22024
22400909,2025-03-07,Phoenix Suns,PHX @ DEN,L,0,141,39.0,36,6.0,2,11,0.56,0.793,0.421,-8.0,22024
22400911,2025-03-07,New York Knicks,NYK @ LAC,L,0,95,53.0,25,6.0,4,15,0.385,0.889,0.265,-10.0,22024
22400906,2025-03-07,Memphis Grizzlies,MEM @ DAL,W,1,122,59.0,28,9.0,12,11,0.472,0.875,0.381,11.0,22024
22400904,2025-03-07,Cleveland Cavaliers,CLE @ CHA,W,1,118,45.0,16,7.0,4,13,0.421,0.843,0.324,1.0,22024
22400910,2025-03-07,Sacramento Kings,SAC vs. SAS,W,1,127,51.0,31,6.0,4,8,0.51,0.632,0.447,18.0,22024
22400906,2025-03-07,Dallas Mavericks,DAL vs. MEM,L,0,111,45.0,24,7.0,7,12,0.385,0.917,0.366,-11.0,22024
22400907,2025-03-07,Miami Heat,MIA vs. MIN,L,0,104,41.0,29,7.0,2,9,0.461,0.727,0.412,-2.0,22024
22400910,2025-03-07,San Antonio Spurs,SAS @ SAC,L,0,109,36.0,27,7.0,4,7,0.46,0.565,0.381,-18.0,22024
22400911,2025-03-07,Los Angeles Clippers,LAC vs. NYK,W,1,105,47.0,23,7.0,8,12,0.42,0.842,0.395,10.0,22024
22400908,2025-03-07,Oklahoma City Thunder,OKC vs. POR,W,1,107,43.0,25,12.0,8,11,0.464,0.882,0.368,18.0,22024
22400904,2025-03-07,Charlotte Hornets,CHA vs. CLE,L,0,117,43.0,29,7.0,3,12,0.478,0.762,0.351,-1.0,22024
22400905,2025-03-07,Utah Jazz,UTA @ TOR,L,0,109,56.0,21,5.0,10,24,0.464,0.59,0.258,-9.0,22024
22400907,2025-03-07,Minnesota Timberwolves,MIN @ MIA,W,1,106,43.0,28,6.0,6,13,0.494,0.571,0.4,2.0,22024
22400905,2025-03-07,Toronto Raptors,TOR vs. UTA,W,1,118,48.0,27,13.0,5,8,0.385,0.857,0.304,9.0,22024
22400908,2025-03-07,Portland Trail Blazers,POR @ OKC,L,0,89,53.0,15,6.0,4,17,0.347,0.833,0.186,-18.0,22024
22400918,2025-03-08,Boston Celtics,BOS vs. LAL,W,1,111,43.0,24,9.0,5,9,0.476,0.72,0.342,10.0,22024
22400914,2025-03-08,Atlanta Hawks,ATL vs. IND,W,1,120,48.0,23,10.0,10,16,0.464,0.952,0.294,2.0,22024
22400919,2025-03-08,Detroit Pistons,DET @ GSW,L,0,110,44.0,17,12.0,4,20,0.459,0.75,0.217,-5.0,22024
22400919,2025-03-08,Golden State Warriors,GSW vs. DET,W,1,115,46.0,26,12.0,4,17,0.417,0.805,0.293,5.0,22024
22400913,2025-03-08,Houston Rockets,HOU vs. NOP,W,1,146,48.0,32,9.0,7,10,0.556,0.905,0.425,29.0,22024
22400915,2025-03-08,Toronto Raptors,TOR vs. WAS,L,0,117,49.0,24,11.0,6,15,0.421,0.9,0.385,-1.0,22024
22400917,2025-03-08,Orlando Magic,ORL @ MIL,W,1,111,34.0,19,5.0,5,10,0.512,0.789,0.375,2.0,22024
22400916,2025-03-08,Miami Heat,MIA vs. CHI,L,0,109,44.0,25,7.0,5,9,0.423,0.737,0.302,-5.0,22024
22400917,2025-03-08,Milwaukee Bucks,MIL vs. ORL,L,0,109,38.0,17,8.0,4,12,0.547,0.696,0.478,-2.0,22024
22400912,2025-03-08,Brooklyn Nets,BKN @ CHA,L,0,102,37.0,20,6.0,10,11,0.463,0.8,0.28,-3.0,22024
22400913,2025-03-08,New Orleans Pelicans,NOP @ HOU,L,0,117,44.0,29,7.0,3,13,0.485,0.563,0.353,-29.0,22024
22400914,2025-03-08,Indiana Pacers,IND @ ATL,L,0,118,41.0,29,12.0,6,15,0.436,0.867,0.303,-2.0,22024
22400915,2025-03-08,Washington Wizards,WAS @ TOR,W,1,118,50.0,29,12.0,7,15,0.44,0.739,0.342,1.0,22024
22400916,2025-03-08,Chicago Bulls,CHI @ MIA,W,1,114,51.0,27,6.0,4,10,0.455,0.885,0.262,5.0,22024
22400912,2025-03-08,Charlotte Hornets,CHA vs. BKN,W,1,105,50.0,25,4.0,2,10,0.408,0.875,0.324,3.0,22024
22400918,2025-03-08,Los Angeles Lakers,LAL @ BOS,L,0,101,45.0,18,6.0,1,12,0.448,0.643,0.35,-10.0,22024
22400924,2025-03-09,Philadelphia 76ers,PHI vs. UTA,W,1,126,50.0,27,11.0,9,17,0.448,0.96,0.34,4.0,22024
22400921,2025-03-09,Phoenix Suns,PHX @ DAL,W,1,125,46.0,33,4.0,4,11,0.583,0.944,0.357,9.0,22024
22400927,2025-03-09,Sacramento Kings,SAC @ LAC,L,0,110,48.0,27,6.0,1,8,0.46,0.84,0.265,-1.0,22024
22400920,2025-03-09,Denver Nuggets,DEN @ OKC,L,0,103,48.0,22,3.0,6,7,0.412,0.55,0.3,-24.0,22024
22400921,2025-03-09,Dallas Mavericks,DAL vs. PHX,L,0,116,32.0,29,8.0,2,6,0.489,0.813,0.405,-9.0,22024
22400926,2025-03-09,Portland Trail Blazers,POR vs. DET,L,0,112,41.0,17,7.0,4,12,0.387,0.781,0.3,-7.0,22024
22400923,2025-03-09,Memphis Grizzlies,MEM @ NOP,W,1,107,57.0,24,11.0,6,12,0.414,0.632,0.265,3.0,22024
22400925,2025-03-09,Minnesota Timberwolves,MIN vs. SAS,W,1,141,42.0,38,7.0,4,12,0.558,0.933,0.5,17.0,22024
22400925,2025-03-09,San Antonio Spurs,SAS @ MIN,L,0,124,36.0,26,8.0,3,12,0.553,0.792,0.367,-17.0,22024
22400927,2025-03-09,Los Angeles Clippers,LAC vs. SAC,W,1,111,38.0,23,4.0,5,9,0.531,0.6,0.323,1.0,22024
22400924,2025-03-09,Utah Jazz,UTA @ PHI,L,0,122,44.0,25,12.0,4,17,0.419,0.839,0.391,-4.0,22024
22400926,2025-03-09,Detroit Pistons,DET @ POR,W,1,119,54.0,22,7.0,8,13,0.494,0.75,0.321,7.0,22024
22400922,2025-03-09,Cleveland Cavaliers,CLE @ MIL,W,1,112,44.0,25,11.0,2,15,0.443,0.789,0.404,12.0,22024
22400923,2025-03-09,New Orleans Pelicans,NOP vs. MEM,L,0,104,39.0,24,5.0,6,14,0.412,0.778,0.382,-3.0,22024
22400922,2025-03-09,Milwaukee Bucks,MIL vs. CLE,L,0,100,50.0,17,9.0,2,18,0.429,0.722,0.29,-12.0,22024
22400920,2025-03-09,Oklahoma City Thunder,OKC vs. DEN,W,1,127,56.0,25,5.0,14,5,0.489,0.88,0.342,24.0,22024
22400932,2025-03-10,Washington Wizards,WAS @ TOR,L,0,104,54.0,25,5.0,12,8,0.362,0.8,0.291,-15.0,22024
22400938,2025-03-10,Portland Trail Blazers,POR @ GSW,L,0,120,43.0,31,9.0,5,19,0.484,0.824,0.429,-10.0,22024
22400933,2025-03-10,Chicago Bulls,CHI vs. IND,W,1,121,56.0,30,4.0,6,18,0.5,0.786,0.364,18.0,22024
22400937,2025-03-10,Dallas Mavericks,DAL @ SAS,W,1,133,40.0,25,5.0,2,10,0.534,0.9,0.316,4.0,22024
22400935,2025-03-10,Memphis Grizzlies,MEM vs. PHX,W,1,120,39.0,26,9.0,7,13,0.465,0.852,0.37,2.0,22024
22400934,2025-03-10,Houston Rockets,HOU vs. ORL,W,1,97,63.0,20,4.0,4,19,0.393,0.611,0.372,13.0,22024
22400932,2025-03-10,Toronto Raptors,TOR vs. WAS,W,1,119,73.0,26,3.0,2,8,0.394,0.586,0.327,15.0,22024
22400930,2025-03-10,Brooklyn Nets,BKN vs. LAL,W,1,111,47.0,22,10.0,6,7,0.411,0.633,0.4,3.0,22024
22400939,2025-03-10,New York Knicks,NYK @ SAC,W,1,133,40.0,34,13.0,1,15,0.536,0.808,0.55,29.0,22024
22400936,2025-03-10,Denver Nuggets,DEN @ OKC,W,1,140,43.0,32,6.0,5,12,0.605,0.9,0.563,13.0,22024
22400939,2025-03-10,Sacramento Kings,SAC vs. NYK,L,0,104,37.0,18,7.0,4,16,0.419,0.846,0.294,-29.0,22024
22400928,2025-03-10,Philadelphia 76ers,PHI @ ATL,L,0,123,31.0,29,8.0,3,10,0.505,0.75,0.381,-9.0,22024
22400931,2025-03-10,Miami Heat,MIA vs. CHA,L,0,102,46.0,24,7.0,3,16,0.459,0.7,0.323,-3.0,22024
22400930,2025-03-10,Los Angeles Lakers,LAL @ BKN,L,0,108,43.0,31,4.0,4,15,0.435,0.789,0.475,-3.0,22024
22400929,2025-03-10,Boston Celtics,BOS vs. UTA,W,1,114,47.0,28,11.0,8,9,0.43,0.889,0.34,6.0,22024
22400937,2025-03-10,San Antonio Spurs,SAS vs. DAL,L,0,129,38.0,29,6.0,2,9,0.521,0.583,0.415,-4.0,22024
22400935,2025-03-10,Phoenix Suns,PHX @ MEM,L,0,118,46.0,31,6.0,2,16,0.456,0.727,0.526,-2.0,22024
22400938,2025-03-10,Golden State Warriors,GSW vs. POR,W,1,130,40.0,35,16.0,5,17,0.529,0.905,0.512,10.0,22024
22400936,2025-03-10,Oklahoma City Thunder,OKC vs. DEN,L,0,127,37.0,29,9.0,6,10,0.47,0.875,0.404,-13.0,22024
22400933,2025-03-10,Indiana Pacers,IND @ CHI,L,0,103,39.0,30,14.0,4,9,0.396,0.684,0.25,-18.0,22024
22400928,2025-03-10,Atlanta Hawks,ATL vs. PHI,W,1,132,48.0,34,4.0,6,15,0.541,0.786,0.405,9.0,22024
22400931,2025-03-10,Charlotte Hornets,CHA @ MIA,W,1,105,36.0,26,10.0,6,10,0.419,0.957,0.25,3.0,22024
22400934,2025-03-10,Orlando Magic,ORL @ HOU,L,0,84,42.0,15,10.0,5,8,0.326,0.833,0.25,-13.0,22024
22400929,2025-03-10,Utah Jazz,UTA @ BOS,L,0,108,48.0,29,3.0,4,12,0.453,0.75,0.342,-6.0,22024
22400941,2025-03-11,Washington Wizards,WAS @ DET,L,0,103,47.0,20,7.0,4,13,0.402,0.8,0.333,-20.0,22024
22400940,2025-03-11,Cleveland Cavaliers,CLE vs. BKN,W,1,109,48.0,23,7.0,4,14,0.438,0.84,0.238,5.0,22024
22400942,2025-03-11,Milwaukee Bucks,MIL @ IND,L,0,114,44.0,32,4.0,2,15,0.512,0.737,0.389,-1.0,22024
22400941,2025-03-11,Detroit Pistons,DET vs. WAS,W,1,123,61.0,29,7.0,5,12,0.462,0.733,0.421,20.0,22024
22400940,2025-03-11,Brooklyn Nets,BKN @ CLE,L,0,104,38.0,31,9.0,3,12,0.464,0.714,0.364,-5.0,22024
22400943,2025-03-11,Los Angeles Clippers,LAC @ NOP,L,0,120,34.0,34,10.0,8,11,0.5,0.778,0.333,-7.0,22024
22400942,2025-03-11,Indiana Pacers,IND vs. MIL,W,1,115,38.0,30,11.0,3,9,0.506,0.778,0.333,1.0,22024
22400943,2025-03-11,New Orleans Pelicans,NOP vs. LAC,W,1,127,46.0,34,7.0,7,19,0.553,0.889,0.548,7.0,22024
22400953,2025-03-12,New York Knicks,NYK @ POR,W,1,114,38.0,27,12.0,7,15,0.468,0.7,0.387,1.0,22024
22400951,2025-03-12,San Antonio Spurs,SAS vs. DAL,W,1,126,47.0,32,11.0,2,16,0.532,0.938,0.314,10.0,22024
22400950,2025-03-12,Memphis Grizzlies,MEM vs. UTA,W,1,122,39.0,30,15.0,6,9,0.457,0.762,0.455,7.0,22024
22400946,2025-03-12,Oklahoma City Thunder,OKC @ BOS,W,1,118,44.0,19,7.0,2,12,0.488,0.714,0.351,6.0,22024
22400952,2025-03-12,Denver Nuggets,DEN vs. MIN,L,0,95,42.0,20,9.0,4,10,0.404,0.727,0.233,-20.0,22024
22400953,2025-03-12,Portland Trail Blazers,POR vs. NYK,L,0,113,52.0,20,6.0,6,23,0.444,0.64,0.405,-1.0,22024
22400947,2025-03-12,Toronto Raptors,TOR vs. PHI,W,1,118,59.0,33,7.0,5,20,0.44,0.778,0.4,13.0,22024
22400952,2025-03-12,Minnesota Timberwolves,MIN @ DEN,W,1,115,48.0,31,7.0,5,15,0.478,0.75,0.425,20.0,22024
22400946,2025-03-12,Boston Celtics,BOS vs. OKC,L,0,112,41.0,25,9.0,6,13,0.436,0.833,0.317,-6.0,22024
22400948,2025-03-12,Miami Heat,MIA vs. LAC,L,0,104,29.0,27,14.0,3,10,0.476,0.714,0.378,-15.0,22024
22400945,2025-03-12,Charlotte Hornets,CHA @ ATL,L,0,110,47.0,29,9.0,9,21,0.455,0.889,0.4,-13.0,22024
22400948,2025-03-12,Los Angeles Clippers,LAC @ MIA,W,1,119,45.0,24,7.0,0,16,0.592,0.667,0.481,15.0,22024
22400951,2025-03-12,Dallas Mavericks,DAL @ SAS,L,0,116,31.0,30,8.0,0,17,0.556,0.765,0.406,-10.0,22024
22400947,2025-03-12,Philadelphia 76ers,PHI @ TOR,L,0,105,40.0,19,13.0,11,9,0.427,0.727,0.2,-13.0,22024
22400949,2025-03-12,Phoenix Suns,PHX @ HOU,L,0,104,37.0,22,7.0,8,16,0.534,0.8,0.357,-7.0,22024
22400950,2025-03-12,Utah Jazz,UTA @ MEM,L,0,115,60.0,24,6.0,8,23,0.467,0.679,0.353,-7.0,22024
22400949,2025-03-12,Houston Rockets,HOU vs. PHX,W,1,111,38.0,25,11.0,3,9,0.455,0.76,0.316,7.0,22024
22400945,2025-03-12,Atlanta Hawks,ATL vs. CHA,W,1,123,43.0,26,13.0,6,13,0.42,0.897,0.389,13.0,22024
22400957,2025-03-13,Golden State Warriors,GSW vs. SAC,W,1,130,43.0,35,8.0,5,14,0.577,0.75,0.564,26.0,22024
22400954,2025-03-13,Detroit Pistons,DET vs. WAS,L,0,125,41.0,23,8.0,6,12,0.459,0.86,0.333,-4.0,22024
22400955,2025-03-13,Los Angeles Lakers,LAL @ MIL,L,0,106,38.0,18,3.0,4,13,0.437,0.833,0.375,-20.0,22024
22401141,2025-03-13,New Orleans Pelicans,NOP vs. ORL,L,0,93,40.0,23,3.0,4,13,0.443,0.762,0.28,-20.0,22024
22400956,2025-03-13,Brooklyn Nets,BKN @ CHI,L,0,110,50.0,32,6.0,7,9,0.448,0.722,0.324,-6.0,22024
22400956,2025-03-13,Chicago Bulls,CHI vs. BKN,W,1,116,47.0,24,8.0,4,8,0.456,0.885,0.297,6.0,22024
22400954,2025-03-13,Washington Wizards,WAS @ DET,W,1,129,47.0,30,10.0,5,15,0.478,0.852,0.444,4.0,22024
22401141,2025-03-13,Orlando Magic,ORL @ NOP,W,1,113,39.0,25,7.0,7,8,0.518,0.778,0.394,20.0,22024
22400957,2025-03-13,Sacramento Kings,SAC @ GSW,L,0,104,30.0,25,7.0,4,14,0.468,0.727,0.378,-26.0,22024
22400955,2025-03-13,Milwaukee Bucks,MIL vs. LAL,W,1,126,48.0,30,9.0,8,11,0.477,0.818,0.425,20.0,22024
22400959,2025-03-14,Philadelphia 76ers,PHI vs. IND,L,0,100,43.0,13,7.0,9,14,0.451,0.682,0.289,-12.0,22024
22400963,2025-03-14,Minnesota Timberwolves,MIN vs. ORL,W,1,118,45.0,26,8.0,6,15,0.525,0.714,0.424,7.0,22024
22400959,2025-03-14,Indiana Pacers,IND @ PHI,W,1,112,45.0,31,6.0,4,10,0.494,0.778,0.286,12.0,22024
22400966,2025-03-14,Toronto Raptors,TOR @ UTA,W,1,126,51.0,28,9.0,6,15,0.484,0.743,0.375,8.0,22024
22400965,2025-03-14,Denver Nuggets,DEN vs. LAL,W,1,131,39.0,30,7.0,5,12,0.518,0.789,0.419,5.0,22024
22400962,2025-03-14,Memphis Grizzlies,MEM vs. CLE,L,0,124,45.0,25,11.0,3,14,0.495,0.81,0.306,-9.0,22024
22400967,2025-03-14,Sacramento Kings,SAC @ PHX,L,0,106,40.0,25,7.0,1,19,0.494,0.9,0.25,-16.0,22024
22400961,2025-03-14,Dallas Mavericks,DAL @ HOU,L,0,96,34.0,14,4.0,6,7,0.415,0.833,0.364,-37.0,22024
22400960,2025-03-14,Atlanta Hawks,ATL vs. LAC,L,0,98,44.0,25,8.0,6,18,0.42,0.882,0.273,-23.0,22024
22400965,2025-03-14,Los Angeles Lakers,LAL @ DEN,L,0,126,47.0,32,10.0,2,8,0.467,0.813,0.375,-5.0,22024
22400967,2025-03-14,Phoenix Suns,PHX vs. SAC,W,1,122,34.0,33,12.0,3,11,0.519,0.842,0.558,16.0,22024
22400966,2025-03-14,Utah Jazz,UTA vs. TOR,L,0,118,35.0,23,12.0,2,16,0.438,0.774,0.421,-8.0,22024
22400963,2025-03-14,Orlando Magic,ORL @ MIN,L,0,111,31.0,18,9.0,5,11,0.449,0.864,0.429,-7.0,22024
22400964,2025-03-14,San Antonio Spurs,SAS vs. CHA,L,0,134,36.0,27,14.0,5,13,0.505,0.773,0.457,-11.0,22024
22400962,2025-03-14,Cleveland Cavaliers,CLE @ MEM,W,1,133,43.0,32,9.0,4,15,0.5,0.788,0.373,9.0,22024
22400958,2025-03-14,Boston Celtics,BOS @ MIA,W,1,103,41.0,18,8.0,4,14,0.434,0.923,0.38,12.0,22024
22400964,2025-03-14,Charlotte Hornets,CHA @ SAS,W,1,145,34.0,42,7.0,2,18,0.6,0.895,0.565,11.0,22024
22400958,2025-03-14,Miami Heat,MIA vs. BOS,L,0,91,38.0,18,10.0,4,17,0.453,0.588,0.382,-12.0,22024
22400960,2025-03-14,Los Angeles Clippers,LAC @ ATL,W,1,121,40.0,27,14.0,5,13,0.547,0.75,0.444,23.0,22024
22400961,2025-03-14,Houston Rockets,HOU vs. DAL,W,1,133,67.0,27,5.0,6,10,0.514,0.833,0.484,37.0,22024
22400968,2025-03-15,Boston Celtics,BOS @ BKN,W,1,115,38.0,29,5.0,7,7,0.524,0.737,0.342,2.0,22024
22400973,2025-03-15,New Orleans Pelicans,NOP @ SAS,L,0,115,52.0,34,2.0,3,15,0.5,1.0,0.343,-4.0,22024
22400969,2025-03-15,Detroit Pistons,DET vs. OKC,L,0,107,39.0,29,8.0,3,17,0.477,0.692,0.424,-6.0,22024
22400970,2025-03-15,Houston Rockets,HOU vs. CHI,W,1,117,54.0,24,4.0,6,11,0.449,0.577,0.318,3.0,22024
22400974,2025-03-15,New York Knicks,NYK @ GSW,L,0,94,49.0,20,6.0,6,13,0.43,0.846,0.375,-3.0,22024
22400972,2025-03-15,Milwaukee Bucks,MIL vs. IND,W,1,126,45.0,28,9.0,4,15,0.544,0.962,0.405,7.0,22024
22400971,2025-03-15,Memphis Grizzlies,MEM vs. MIA,W,1,125,51.0,31,7.0,6,10,0.554,0.917,0.387,34.0,22024
22400974,2025-03-15,Golden State Warriors,GSW vs. NYK,W,1,97,45.0,25,7.0,5,9,0.398,0.818,0.317,3.0,22024
22400973,2025-03-15,San Antonio Spurs,SAS vs. NOP,W,1,119,37.0,26,10.0,2,10,0.464,0.758,0.41,4.0,22024
22400971,2025-03-15,Miami Heat,MIA @ MEM,L,0,91,37.0,24,6.0,4,14,0.398,0.8,0.243,-34.0,22024
22400968,2025-03-15,Brooklyn Nets,BKN vs. BOS,L,0,113,45.0,34,4.0,3,9,0.467,0.692,0.435,-2.0,22024
22400975,2025-03-15,Washington Wizards,WAS @ DEN,W,1,126,44.0,34,11.0,4,17,0.484,0.882,0.422,3.0,22024
22400975,2025-03-15,Denver Nuggets,DEN vs. WAS,L,0,123,42.0,40,12.0,8,17,0.505,0.882,0.353,-3.0,22024
22400969,2025-03-15,Oklahoma City Thunder,OKC @ DET,W,1,113,44.0,17,11.0,8,17,0.483,0.773,0.294,6.0,22024
22400972,2025-03-15,Indiana Pacers,IND @ MIL,L,0,119,32.0,29,9.0,4,11,0.479,0.769,0.395,-7.0,22024
22400970,2025-03-15,Chicago Bulls,CHI @ HOU,L,0,114,36.0,24,6.0,5,10,0.462,0.875,0.368,-3.0,22024
22400976,2025-03-16,Philadelphia 76ers,PHI @ DAL,W,1,130,39.0,21,13.0,3,11,0.522,0.833,0.389,5.0,22024
22400538,2025-03-16,Los Angeles Clippers,LAC vs. CHA,W,1,123,58.0,30,10.0,5,10,0.484,0.87,0.5,35.0,22024
22400980,2025-03-16,Toronto Raptors,TOR @ POR,L,0,102,47.0,29,12.0,0,18,0.404,0.8,0.323,-3.0,22024
22400978,2025-03-16,Atlanta Hawks,ATL @ BKN,L,0,114,38.0,27,12.0,11,14,0.467,0.792,0.297,-8.0,22024
22400979,2025-03-16,Orlando Magic,ORL @ CLE,W,1,108,47.0,21,11.0,3,15,0.42,0.794,0.419,5.0,22024
22400977,2025-03-16,Los Angeles Lakers,LAL vs. PHX,W,1,107,40.0,22,7.0,5,8,0.432,0.719,0.359,11.0,22024
22400982,2025-03-16,Oklahoma City Thunder,OKC @ MIL,W,1,121,50.0,30,3.0,3,9,0.517,0.76,0.345,16.0,22024
22400981,2025-03-16,Utah Jazz,UTA @ MIN,L,0,102,44.0,23,4.0,0,22,0.433,0.8,0.316,-26.0,22024
22400978,2025-03-16,Brooklyn Nets,BKN vs. ATL,W,1,122,40.0,33,7.0,5,15,0.478,0.826,0.486,8.0,22024
22400538,2025-03-16,Charlotte Hornets,CHA @ LAC,L,0,88,44.0,27,5.0,5,11,0.394,0.889,0.182,-35.0,22024
22400982,2025-03-16,Milwaukee Bucks,MIL vs. OKC,L,0,105,34.0,21,7.0,8,9,0.398,0.788,0.382,-16.0,22024
22400977,2025-03-16,Phoenix Suns,PHX @ LAL,L,0,96,51.0,25,4.0,4,14,0.393,0.81,0.22,-11.0,22024
22400979,2025-03-16,Cleveland Cavaliers,CLE vs. ORL,L,0,103,48.0,21,7.0,1,13,0.417,0.65,0.25,-5.0,22024
22400981,2025-03-16,Minnesota Timberwolves,MIN vs. UTA,W,1,128,49.0,30,14.0,6,9,0.495,0.692,0.326,26.0,22024
22400980,2025-03-16,Portland Trail Blazers,POR vs. TOR,W,1,105,51.0,21,10.0,7,20,0.409,0.833,0.36,3.0,22024
22400976,2025-03-16,Dallas Mavericks,DAL vs. PHI,L,0,125,45.0,26,4.0,3,15,0.529,0.767,0.294,-5.0,22024
22400985,2025-03-17,Houston Rockets,HOU vs. PHI,W,1,144,58.0,35,8.0,5,15,0.477,0.833,0.415,7.0,22024
22400989,2025-03-17,Chicago Bulls,CHI @ UTA,W,1,111,49.0,29,12.0,3,9,0.433,0.813,0.311,14.0,22024
22400537,2025-03-17,Los Angeles Lakers,LAL vs. SAS,W,1,125,42.0,34,13.0,4,9,0.489,0.75,0.396,16.0,22024
22400987,2025-03-17,New Orleans Pelicans,NOP vs. DET,L,0,81,39.0,18,7.0,6,16,0.326,0.667,0.156,-46.0,22024
22400995,2025-03-17,Washington Wizards,WAS @ POR,L,0,97,49.0,27,6.0,7,16,0.413,0.75,0.3,-15.0,22024
22400991,2025-03-17,Toronto Raptors,TOR @ PHX,L,0,89,40.0,20,4.0,2,11,0.356,0.739,0.286,-40.0,22024
22400984,2025-03-17,New York Knicks,NYK vs. MIA,W,1,116,41.0,30,12.0,6,13,0.495,1.0,0.471,21.0,22024
22400984,2025-03-17,Miami Heat,MIA @ NYK,L,0,95,39.0,23,9.0,6,20,0.476,0.917,0.261,-21.0,22024
22400992,2025-03-17,Memphis Grizzlies,MEM @ SAC,L,0,122,48.0,24,8.0,7,17,0.489,1.0,0.433,-10.0,22024
22400990,2025-03-17,Denver Nuggets,DEN @ GSW,W,1,114,53.0,32,12.0,7,20,0.467,0.778,0.359,9.0,22024
22400995,2025-03-17,Portland Trail Blazers,POR vs. WAS,W,1,112,50.0,25,15.0,3,8,0.424,0.684,0.326,15.0,22024
22400991,2025-03-17,Phoenix Suns,PHX vs. TOR,W,1,129,54.0,34,7.0,4,10,0.511,1.0,0.513,40.0,22024
22400987,2025-03-17,Detroit Pistons,DET @ NOP,W,1,127,50.0,33,10.0,7,13,0.548,0.759,0.371,46.0,22024
22400986,2025-03-17,Indiana Pacers,IND @ MIN,W,1,132,48.0,28,7.0,6,20,0.495,0.826,0.459,2.0,22024
22400985,2025-03-17,Philadelphia 76ers,PHI @ HOU,L,0,137,35.0,21,8.0,4,16,0.505,0.68,0.49,-7.0,22024
22400989,2025-03-17,Utah Jazz,UTA vs. CHI,L,0,97,48.0,20,4.0,4,17,0.407,0.818,0.214,-14.0,22024
22400537,2025-03-17,San Antonio Spurs,SAS @ LAL,L,0,109,44.0,30,6.0,5,17,0.466,0.857,0.395,-16.0,22024
22400990,2025-03-17,Golden State Warriors,GSW vs. DEN,L,0,105,38.0,24,16.0,10,20,0.488,0.556,0.242,-9.0,22024
22400992,2025-03-17,Sacramento Kings,SAC vs. MEM,W,1,132,38.0,35,11.0,7,12,0.523,0.667,0.488,10.0,22024
22400986,2025-03-17,Minnesota Timberwolves,MIN vs. IND,L,0,130,44.0,25,11.0,7,14,0.454,0.806,0.31,-2.0,22024
22400994,2025-03-18,Brooklyn Nets,BKN @ BOS,L,0,96,39.0,21,9.0,2,8,0.409,0.647,0.289,-8.0,22024
22400993,2025-03-18,Atlanta Hawks,ATL @ CHA,W,1,134,46.0,27,12.0,8,10,0.538,0.8,0.489,32.0,22024
22401012,2025-03-18,Golden State Warriors,GSW vs. MIL,W,1,104,52.0,25,7.0,6,18,0.416,0.885,0.386,11.0,22024
22400994,2025-03-18,Boston Celtics,BOS vs. BKN,W,1,104,48.0,24,6.0,5,13,0.443,0.818,0.333,8.0,22024
22401012,2025-03-18,Milwaukee Bucks,MIL @ GSW,L,0,93,34.0,19,9.0,4,9,0.392,0.704,0.316,-11.0,22024
22400993,2025-03-18,Charlotte Hornets,CHA vs. ATL,L,0,102,39.0,25,7.0,8,17,0.452,0.762,0.333,-32.0,22024
22400997,2025-03-18,Cleveland Cavaliers,CLE @ LAC,L,0,119,29.0,29,6.0,0,8,0.489,0.654,0.341,-13.0,22024
22400997,2025-03-18,Los Angeles Clippers,LAC vs. CLE,W,1,132,49.0,28,7.0,5,12,0.548,0.857,0.457,13.0,22024
22401001,2025-03-19,New Orleans Pelicans,NOP @ MIN,W,1,119,46.0,28,5.0,6,13,0.528,0.545,0.448,4.0,22024
22401009,2025-03-19,Sacramento Kings,SAC vs. CLE,W,1,123,41.0,28,9.0,1,11,0.505,0.938,0.457,4.0,22024
22401009,2025-03-19,Cleveland Cavaliers,CLE @ SAC,L,0,119,37.0,24,7.0,1,12,0.548,0.778,0.382,-4.0,22024
22401000,2025-03-19,Miami Heat,MIA vs. DET,L,0,113,37.0,24,7.0,5,13,0.489,0.833,0.313,-3.0,22024
22400998,2025-03-19,Indiana Pacers,IND vs. DAL,W,1,135,38.0,29,4.0,5,11,0.549,0.784,0.457,4.0,22024
22401006,2025-03-19,Denver Nuggets,DEN @ LAL,L,0,108,45.0,25,8.0,4,18,0.471,0.619,0.333,-12.0,22024
22400627,2025-03-19,Washington Wizards,WAS @ UTA,L,0,112,37.0,30,12.0,4,13,0.462,0.778,0.267,-16.0,22024
22401003,2025-03-19,San Antonio Spurs,SAS vs. NYK,W,1,120,52.0,28,7.0,7,13,0.5,0.7,0.457,15.0,22024
22401002,2025-03-19,Philadelphia 76ers,PHI @ OKC,L,0,100,41.0,24,8.0,3,12,0.368,0.75,0.316,-33.0,22024
22400999,2025-03-19,Houston Rockets,HOU @ ORL,W,1,116,46.0,18,10.0,5,15,0.469,0.906,0.314,8.0,22024
22401007,2025-03-19,Chicago Bulls,CHI @ PHX,L,0,121,40.0,29,7.0,8,13,0.544,0.667,0.395,-6.0,22024
22400998,2025-03-19,Dallas Mavericks,DAL @ IND,L,0,131,41.0,23,6.0,0,12,0.545,0.75,0.407,-4.0,22024
22401007,2025-03-19,Phoenix Suns,PHX vs. CHI,W,1,127,46.0,34,9.0,6,11,0.49,0.9,0.375,6.0,22024
22401008,2025-03-19,Memphis Grizzlies,MEM @ POR,L,0,99,40.0,23,11.0,4,10,0.402,0.81,0.267,-16.0,22024
22400999,2025-03-19,Orlando Magic,ORL vs. HOU,L,0,108,41.0,23,7.0,4,12,0.446,0.85,0.257,-8.0,22024
22401000,2025-03-19,Detroit Pistons,DET @ MIA,W,1,116,47.0,25,4.0,10,12,0.505,0.833,0.391,3.0,22024
22401001,2025-03-19,Minnesota Timberwolves,MIN vs. NOP,L,0,115,40.0,21,7.0,6,14,0.455,0.806,0.41,-4.0,22024
22400627,2025-03-19,Utah Jazz,UTA vs. WAS,W,1,128,42.0,30,7.0,1,16,0.562,0.611,0.405,16.0,22024
22401006,2025-03-19,Los Angeles Lakers,LAL vs. DEN,W,1,120,38.0,25,13.0,3,13,0.506,0.714,0.421,12.0,22024
22401008,2025-03-19,Portland Trail Blazers,POR vs. MEM,W,1,115,65.0,25,3.0,6,17,0.417,0.81,0.391,16.0,22024
22401002,2025-03-19,Oklahoma City Thunder,OKC vs. PHI,W,1,133,55.0,36,10.0,5,12,0.522,0.75,0.462,33.0,22024
22401003,2025-03-19,New York Knicks,NYK @ SAS,L,0,105,44.0,28,7.0,7,10,0.424,0.762,0.297,-15.0,22024
22401013,2025-03-20,Sacramento Kings,SAC vs. CHI,L,0,116,36.0,27,4.0,5,11,0.477,0.826,0.385,-12.0,22024
22400996,2025-03-20,Los Angeles Lakers,LAL vs. MIL,L,0,89,50.0,26,5.0,4,19,0.415,0.625,0.344,-29.0,22024
22401010,2025-03-20,Charlotte Hornets,CHA vs. NYK,W,1,115,52.0,25,1.0,3,11,0.489,0.824,0.469,17.0,22024
22401011,2025-03-20,Indiana Pacers,IND vs. BKN,W,1,105,57.0,18,10.0,8,22,0.432,0.871,0.258,6.0,22024
22401010,2025-03-20,New York Knicks,NYK @ CHA,L,0,98,38.0,26,9.0,2,7,0.4,0.8,0.256,-17.0,22024
22400996,2025-03-20,Milwaukee Bucks,MIL @ LAL,W,1,118,41.0,24,12.0,4,9,0.476,0.794,0.314,29.0,22024
22401013,2025-03-20,Chicago Bulls,CHI @ SAC,W,1,128,40.0,32,9.0,2,12,0.523,0.885,0.429,12.0,22024
22401005,2025-03-20,Toronto Raptors,TOR @ GSW,L,0,114,44.0,32,7.0,4,23,0.564,0.789,0.423,-3.0,22024
22401005,2025-03-20,Golden State Warriors,GSW vs. TOR,W,1,117,38.0,30,13.0,5,14,0.422,0.786,0.404,3.0,22024
22401011,2025-03-20,Brooklyn Nets,BKN @ IND,L,0,99,47.0,20,11.0,4,16,0.356,0.722,0.28,-6.0,22024
22401019,2025-03-21,Dallas Mavericks,DAL vs. DET,W,1,123,44.0,25,10.0,7,20,0.525,0.75,0.353,6.0,22024
22401022,2025-03-21,Portland Trail Blazers,POR vs. DEN,W,1,128,38.0,30,12.0,6,17,0.54,0.8,0.4,19.0,22024
22401018,2025-03-21,Philadelphia 76ers,PHI @ SAS,L,0,120,32.0,30,10.0,4,16,0.568,0.7,0.378,-8.0,22024
22401022,2025-03-21,Denver Nuggets,DEN @ POR,L,0,109,31.0,24,10.0,2,20,0.5,0.857,0.346,-19.0,22024
22401019,2025-03-21,Detroit Pistons,DET @ DAL,L,0,117,41.0,24,14.0,5,14,0.469,0.737,0.355,-6.0,22024
22401016,2025-03-21,Minnesota Timberwolves,MIN vs. NOP,W,1,134,36.0,40,14.0,1,13,0.539,0.95,0.432,41.0,22024
22401015,2025-03-21,Houston Rockets,HOU @ MIA,W,1,102,46.0,14,17.0,4,15,0.464,0.476,0.5,4.0,22024
22401023,2025-03-21,Los Angeles Clippers,LAC vs. MEM,W,1,128,43.0,29,7.0,9,13,0.577,0.808,0.5,20.0,22024
22401014,2025-03-21,Orlando Magic,ORL @ WAS,W,1,120,55.0,25,9.0,8,12,0.479,0.846,0.405,15.0,22024
22401017,2025-03-21,Charlotte Hornets,CHA @ OKC,L,0,106,29.0,29,6.0,4,16,0.463,1.0,0.463,-35.0,22024
22401018,2025-03-21,San Antonio Spurs,SAS vs. PHI,W,1,128,34.0,36,11.0,5,14,0.528,0.833,0.487,8.0,22024
22401016,2025-03-21,New Orleans Pelicans,NOP @ MIN,L,0,93,33.0,20,11.0,4,25,0.5,0.636,0.355,-41.0,22024
22401014,2025-03-21,Washington Wizards,WAS vs. ORL,L,0,105,41.0,23,11.0,4,14,0.425,0.737,0.436,-15.0,22024
22401017,2025-03-21,Oklahoma City Thunder,OKC vs. CHA,W,1,141,43.0,29,10.0,7,7,0.574,0.706,0.538,35.0,22024
22401023,2025-03-21,Memphis Grizzlies,MEM @ LAC,L,0,108,40.0,28,8.0,3,10,0.421,0.692,0.388,-20.0,22024
22401021,2025-03-21,Cleveland Cavaliers,CLE @ PHX,L,0,112,44.0,24,11.0,5,11,0.447,0.786,0.378,-11.0,22024
22401015,2025-03-21,Miami Heat,MIA vs. HOU,L,0,98,34.0,25,8.0,5,20,0.521,0.857,0.417,-4.0,22024
22401020,2025-03-21,Boston Celtics,BOS @ UTA,W,1,121,48.0,27,13.0,4,10,0.464,0.875,0.333,22.0,22024
22401021,2025-03-21,Phoenix Suns,PHX vs. CLE,W,1,123,46.0,33,6.0,3,13,0.522,1.0,0.452,11.0,22024
22401020,2025-03-21,Utah Jazz,UTA vs. BOS,L,0,99,38.0,24,7.0,2,17,0.452,0.75,0.4,-22.0,22024
22401027,2025-03-22,Sacramento Kings,SAC vs. MIL,L,0,108,44.0,21,4.0,2,8,0.451,0.773,0.237,-6.0,22024
22401027,2025-03-22,Milwaukee Bucks,MIL @ SAC,W,1,114,42.0,22,6.0,3,9,0.524,0.65,0.419,6.0,22024
22401025,2025-03-22,Atlanta Hawks,ATL vs. GSW,W,1,124,46.0,37,5.0,3,14,0.57,0.611,0.417,9.0,22024
22401025,2025-03-22,Golden State Warriors,GSW @ ATL,L,0,115,38.0,28,8.0,4,9,0.464,0.808,0.421,-9.0,22024
22401028,2025-03-22,Los Angeles Lakers,LAL vs. CHI,L,0,115,35.0,23,8.0,1,21,0.482,0.727,0.415,-31.0,22024
22401028,2025-03-22,Chicago Bulls,CHI @ LAL,W,1,146,42.0,41,17.0,5,10,0.583,0.75,0.463,31.0,22024
22401024,2025-03-22,Brooklyn Nets,BKN @ IND,L,0,103,48.0,20,6.0,1,14,0.433,0.588,0.349,-5.0,22024
22401024,2025-03-22,Indiana Pacers,IND vs. BKN,W,1,108,44.0,32,5.0,6,13,0.476,0.81,0.314,5.0,22024
22401026,2025-03-22,New York Knicks,NYK vs. WAS,W,1,122,49.0,29,13.0,3,14,0.484,0.778,0.371,19.0,22024
22401026,2025-03-22,Washington Wizards,WAS @ NYK,L,0,103,41.0,21,9.0,5,20,0.443,0.737,0.306,-19.0,22024
22401029,2025-03-23,Detroit Pistons,DET vs. NOP,W,1,136,32.0,26,6.0,2,6,0.547,0.725,0.481,6.0,22024
22401032,2025-03-23,Charlotte Hornets,CHA @ MIA,L,0,105,40.0,24,5.0,4,19,0.471,0.923,0.333,-17.0,22024
22401036,2025-03-23,Oklahoma City Thunder,OKC @ LAC,W,1,103,42.0,28,9.0,8,9,0.402,0.85,0.343,2.0,22024
22401030,2025-03-23,Utah Jazz,UTA vs. CLE,L,0,91,52.0,25,4.0,5,18,0.36,0.611,0.32,-29.0,22024
22401036,2025-03-23,Los Angeles Clippers,LAC vs. OKC,L,0,101,48.0,20,6.0,8,14,0.427,0.821,0.308,-2.0,22024
22401034,2025-03-23,Portland Trail Blazers,POR vs. BOS,L,0,116,38.0,24,6.0,3,12,0.489,0.688,0.404,-13.0,22024
22401032,2025-03-23,Miami Heat,MIA vs. CHA,W,1,122,32.0,27,10.0,4,10,0.573,0.8,0.414,17.0,22024
22401030,2025-03-23,Cleveland Cavaliers,CLE @ UTA,W,1,120,51.0,28,9.0,7,6,0.458,0.677,0.229,29.0,22024
22401029,2025-03-23,New Orleans Pelicans,NOP @ DET,L,0,130,37.0,35,3.0,5,17,0.576,0.75,0.5,-6.0,22024
22401034,2025-03-23,Boston Celtics,BOS @ POR,W,1,129,38.0,31,6.0,6,9,0.545,0.714,0.46,13.0,22024
22401033,2025-03-23,Toronto Raptors,TOR vs. SAS,L,0,89,46.0,27,8.0,3,21,0.38,0.692,0.256,-34.0,22024
22401031,2025-03-23,Philadelphia 76ers,PHI @ ATL,L,0,119,37.0,24,8.0,4,13,0.44,0.757,0.324,-13.0,22024
22401035,2025-03-23,Houston Rockets,HOU vs. DEN,L,0,111,45.0,25,4.0,7,6,0.438,0.647,0.324,-5.0,22024
22401035,2025-03-23,Denver Nuggets,DEN @ HOU,W,1,116,43.0,28,5.0,4,9,0.506,0.692,0.476,5.0,22024
22401033,2025-03-23,San Antonio Spurs,SAS @ TOR,W,1,123,46.0,27,15.0,6,14,0.477,0.844,0.326,34.0,22024
22401031,2025-03-23,Atlanta Hawks,ATL vs. PHI,W,1,132,39.0,35,11.0,4,16,0.552,0.864,0.459,13.0,22024
22401041,2025-03-24,Philadelphia 76ers,PHI @ NOP,L,0,99,37.0,19,11.0,6,11,0.391,0.895,0.333,-13.0,22024
22401038,2025-03-24,Orlando Magic,ORL vs. LAL,W,1,118,43.0,25,6.0,4,8,0.494,0.826,0.375,12.0,22024
22401042,2025-03-24,Chicago Bulls,CHI @ DEN,W,1,129,43.0,31,8.0,5,10,0.495,0.846,0.436,10.0,22024
22401038,2025-03-24,Los Angeles Lakers,LAL @ ORL,L,0,106,39.0,19,7.0,1,10,0.463,0.786,0.313,-12.0,22024
22401042,2025-03-24,Denver Nuggets,DEN vs. CHI,L,0,119,52.0,34,5.0,9,12,0.474,0.667,0.306,-10.0,22024
22401037,2025-03-24,Indiana Pacers,IND vs. MIN,W,1,119,46.0,30,9.0,5,11,0.489,1.0,0.371,16.0,22024
22401041,2025-03-24,New Orleans Pelicans,NOP vs. PHI,W,1,112,51.0,36,11.0,5,16,0.494,0.846,0.429,13.0,22024
22401040,2025-03-24,Brooklyn Nets,BKN vs. DAL,L,0,101,37.0,30,7.0,2,18,0.513,0.714,0.333,-19.0,22024
22401039,2025-03-24,Washington Wizards,WAS vs. TOR,L,0,104,48.0,24,8.0,9,17,0.402,0.676,0.297,-8.0,22024
22401043,2025-03-24,Phoenix Suns,PHX vs. MIL,W,1,108,52.0,25,2.0,4,16,0.476,0.889,0.389,2.0,22024
22401043,2025-03-24,Milwaukee Bucks,MIL @ PHX,L,0,106,36.0,24,12.0,0,7,0.446,0.69,0.308,-2.0,22024
22401040,2025-03-24,Dallas Mavericks,DAL @ BKN,W,1,120,41.0,34,10.0,1,10,0.563,0.75,0.323,19.0,22024
22401044,2025-03-24,Boston Celtics,BOS @ SAC,W,1,113,45.0,28,9.0,4,10,0.456,0.6,0.38,18.0,22024
22401039,2025-03-24,Toronto Raptors,TOR @ WAS,W,1,112,60.0,28,11.0,6,12,0.406,0.741,0.278,8.0,22024
22401044,2025-03-24,Sacramento Kings,SAC vs. BOS,L,0,95,45.0,23,7.0,1,14,0.453,0.818,0.333,-18.0,22024
22401037,2025-03-24,Minnesota Timberwolves,MIN @ IND,L,0,103,45.0,26,5.0,3,17,0.484,0.6,0.257,-16.0,22024
22401052,2025-03-25,Sacramento Kings,SAC vs. OKC,L,0,105,36.0,32,10.0,7,11,0.407,0.667,0.489,-16.0,22024
22401051,2025-03-25,Portland Trail Blazers,POR vs. CLE,L,0,111,45.0,28,9.0,3,9,0.4,0.636,0.327,-11.0,22024
22401048,2025-03-25,Dallas Mavericks,DAL @ NYK,L,0,113,33.0,19,9.0,3,16,0.538,0.84,0.316,-15.0,22024
22401049,2025-03-25,Houston Rockets,HOU vs. ATL,W,1,121,51.0,17,8.0,2,13,0.452,0.897,0.282,7.0,22024
22401050,2025-03-25,Memphis Grizzlies,MEM @ UTA,W,1,140,52.0,38,7.0,4,8,0.531,0.889,0.444,37.0,22024
22401050,2025-03-25,Utah Jazz,UTA vs. MEM,L,0,103,28.0,24,6.0,3,13,0.436,0.818,0.405,-37.0,22024
22401045,2025-03-25,Orlando Magic,ORL @ CHA,W,1,111,50.0,22,5.0,4,8,0.456,0.842,0.31,7.0,22024
22401046,2025-03-25,San Antonio Spurs,SAS @ DET,L,0,96,41.0,21,7.0,2,10,0.363,0.8,0.318,-26.0,22024
22401049,2025-03-25,Atlanta Hawks,ATL @ HOU,L,0,114,42.0,32,8.0,1,14,0.417,0.867,0.306,-7.0,22024
22401047,2025-03-25,Miami Heat,MIA vs. GSW,W,1,112,42.0,26,8.0,5,15,0.558,0.75,0.68,26.0,22024
22401047,2025-03-25,Golden State Warriors,GSW @ MIA,L,0,86,38.0,20,8.0,1,12,0.398,0.688,0.237,-26.0,22024
22401051,2025-03-25,Cleveland Cavaliers,CLE @ POR,W,1,122,41.0,28,4.0,6,11,0.545,0.824,0.444,11.0,22024
22401046,2025-03-25,Detroit Pistons,DET vs. SAS,W,1,122,44.0,33,6.0,5,10,0.564,0.76,0.484,26.0,22024
22401052,2025-03-25,Oklahoma City Thunder,OKC @ SAC,W,1,121,52.0,30,7.0,6,15,0.524,0.8,0.594,16.0,22024
22401045,2025-03-25,Charlotte Hornets,CHA vs. ORL,L,0,104,38.0,26,4.0,3,11,0.42,0.762,0.412,-7.0,22024
22401048,2025-03-25,New York Knicks,NYK vs. DAL,W,1,128,36.0,40,9.0,4,14,0.596,0.667,0.385,15.0,22024
22401057,2025-03-26,Milwaukee Bucks,MIL @ DEN,L,0,117,39.0,30,4.0,6,11,0.517,0.692,0.432,-10.0,22024
22401056,2025-03-26,Los Angeles Clippers,LAC @ NYK,W,1,126,45.0,27,4.0,8,5,0.511,0.833,0.533,13.0,22024
22401058,2025-03-26,Phoenix Suns,PHX vs. BOS,L,0,102,38.0,22,7.0,3,13,0.414,0.81,0.317,-30.0,22024
22401053,2025-03-26,Washington Wizards,WAS @ PHI,W,1,119,49.0,30,3.0,6,10,0.505,0.417,0.409,5.0,22024
22401054,2025-03-26,Brooklyn Nets,BKN vs. TOR,L,0,86,43.0,16,6.0,9,19,0.356,0.842,0.195,-30.0,22024
22401057,2025-03-26,Denver Nuggets,DEN vs. MIL,W,1,127,46.0,36,6.0,4,9,0.544,0.591,0.432,10.0,22024
22401056,2025-03-26,New York Knicks,NYK vs. LAC,L,0,113,38.0,35,4.0,1,9,0.5,0.727,0.382,-13.0,22024
22401053,2025-03-26,Philadelphia 76ers,PHI vs. WAS,L,0,114,47.0,22,7.0,5,4,0.429,0.8,0.304,-5.0,22024
22401055,2025-03-26,Los Angeles Lakers,LAL @ IND,W,1,120,43.0,26,5.0,3,14,0.519,0.875,0.447,1.0,22024
22401054,2025-03-26,Toronto Raptors,TOR @ BKN,W,1,116,63.0,34,5.0,3,11,0.422,0.87,0.303,30.0,22024
22401058,2025-03-26,Boston Celtics,BOS @ PHX,W,1,132,48.0,33,8.0,7,10,0.506,0.909,0.423,30.0,22024
22401055,2025-03-26,Indiana Pacers,IND vs. LAL,L,0,119,36.0,31,9.0,4,9,0.506,0.842,0.417,-1.0,22024
22401064,2025-03-27,Oklahoma City Thunder,OKC vs. MEM,W,1,125,45.0,28,9.0,4,12,0.489,0.857,0.419,21.0,22024
22401066,2025-03-27,Portland Trail Blazers,POR @ SAC,L,0,107,32.0,23,11.0,3,10,0.398,0.808,0.32,-21.0,22024
22401064,2025-03-27,Memphis Grizzlies,MEM @ OKC,L,0,104,36.0,28,9.0,4,18,0.418,0.957,0.381,-21.0,22024
22401063,2025-03-27,Los Angeles Lakers,LAL @ CHI,L,0,117,40.0,30,8.0,7,11,0.495,0.833,0.293,-2.0,22024
22401063,2025-03-27,Chicago Bulls,CHI vs. LAL,W,1,119,48.0,33,4.0,2,15,0.467,0.636,0.432,2.0,22024
22401065,2025-03-27,Utah Jazz,UTA vs. HOU,L,0,110,33.0,29,5.0,5,16,0.544,0.765,0.478,-11.0,22024
22401060,2025-03-27,Dallas Mavericks,DAL @ ORL,W,1,101,40.0,21,10.0,1,14,0.474,0.727,0.5,9.0,22024
22401065,2025-03-27,Houston Rockets,HOU @ UTA,W,1,121,51.0,26,7.0,5,9,0.461,0.789,0.324,11.0,22024
22401060,2025-03-27,Orlando Magic,ORL vs. DAL,L,0,92,44.0,14,5.0,5,16,0.425,0.792,0.167,-9.0,22024
22401059,2025-03-27,Cleveland Cavaliers,CLE vs. SAS,W,1,124,56.0,33,7.0,5,13,0.465,0.833,0.354,8.0,22024
22401062,2025-03-27,Atlanta Hawks,ATL @ MIA,L,0,112,36.0,27,10.0,2,15,0.518,0.727,0.439,-10.0,22024
22401061,2025-03-27,Indiana Pacers,IND @ WAS,W,1,162,50.0,48,8.0,2,12,0.641,0.895,0.574,53.0,22024
22401066,2025-03-27,Sacramento Kings,SAC vs. POR,W,1,128,46.0,24,8.0,3,20,0.649,0.815,0.37,21.0,22024
22401059,2025-03-27,San Antonio Spurs,SAS @ CLE,L,0,116,50.0,27,10.0,3,10,0.406,0.762,0.326,-8.0,22024
22401062,2025-03-27,Miami Heat,MIA vs. ATL,W,1,122,37.0,26,10.0,1,13,0.537,0.8,0.545,10.0,22024
22401061,2025-03-27,Washington Wizards,WAS vs. IND,L,0,109,31.0,19,9.0,2,15,0.447,0.846,0.367,-53.0,22024
22401068,2025-03-28,Los Angeles Clippers,LAC @ BKN,W,1,132,48.0,29,11.0,4,12,0.55,0.893,0.514,32.0,22024
22401071,2025-03-28,Phoenix Suns,PHX @ MIN,L,0,109,34.0,28,6.0,4,16,0.519,0.692,0.486,-15.0,22024
22401068,2025-03-28,Brooklyn Nets,BKN vs. LAC,L,0,100,43.0,27,10.0,3,14,0.371,0.769,0.298,-32.0,22024
22401069,2025-03-28,Toronto Raptors,TOR vs. CHA,W,1,108,45.0,28,9.0,5,6,0.442,0.667,0.318,11.0,22024
22401069,2025-03-28,Charlotte Hornets,CHA @ TOR,L,0,97,56.0,29,5.0,5,17,0.406,0.667,0.29,-11.0,22024
22401072,2025-03-28,New Orleans Pelicans,NOP vs. GSW,L,0,95,46.0,24,6.0,5,15,0.407,0.786,0.304,-16.0,22024
22401070,2025-03-28,New York Knicks,NYK @ MIL,W,1,116,44.0,28,12.0,1,8,0.484,0.875,0.364,9.0,22024
22401070,2025-03-28,Milwaukee Bucks,MIL vs. NYK,L,0,107,32.0,24,2.0,3,16,0.547,0.632,0.394,-9.0,22024
22401067,2025-03-28,Cleveland Cavaliers,CLE @ DET,L,0,122,41.0,16,9.0,3,14,0.464,0.763,0.375,-11.0,22024
22401073,2025-03-28,Denver Nuggets,DEN vs. UTA,W,1,129,45.0,38,12.0,13,18,0.578,0.786,0.379,36.0,22024
22401072,2025-03-28,Golden State Warriors,GSW @ NOP,W,1,111,50.0,29,10.0,1,10,0.413,0.759,0.236,16.0,22024
22401071,2025-03-28,Minnesota Timberwolves,MIN vs. PHX,W,1,124,43.0,31,12.0,4,11,0.528,0.846,0.487,15.0,22024
22401073,2025-03-28,Utah Jazz,UTA @ DEN,L,0,93,42.0,21,10.0,0,17,0.355,0.833,0.175,-36.0,22024
22401067,2025-03-28,Detroit Pistons,DET vs. CLE,W,1,133,43.0,25,8.0,5,13,0.478,0.857,0.441,11.0,22024
22401077,2025-03-29,Chicago Bulls,CHI vs. DAL,L,0,119,56.0,31,4.0,3,19,0.473,0.792,0.424,-1.0,22024
22401076,2025-03-29,Miami Heat,MIA @ PHI,W,1,118,47.0,33,12.0,4,9,0.473,0.769,0.465,23.0,22024
22401075,2025-03-29,Washington Wizards,WAS vs. BKN,L,0,112,40.0,21,5.0,7,6,0.435,0.879,0.265,-3.0,22024
22401078,2025-03-29,Los Angeles Lakers,LAL @ MEM,W,1,134,42.0,30,7.0,3,13,0.506,0.926,0.442,7.0,22024
22401076,2025-03-29,Philadelphia 76ers,PHI vs. MIA,L,0,95,37.0,28,7.0,7,18,0.5,0.429,0.406,-23.0,22024
22401075,2025-03-29,Brooklyn Nets,BKN @ WAS,W,1,115,49.0,25,2.0,4,12,0.443,0.95,0.391,3.0,22024
22401080,2025-03-29,Boston Celtics,BOS @ SAS,W,1,121,54.0,32,2.0,4,9,0.479,0.778,0.333,10.0,22024
22401078,2025-03-29,Memphis Grizzlies,MEM vs. LAL,L,0,127,41.0,33,7.0,4,12,0.526,0.722,0.438,-7.0,22024
22401080,2025-03-29,San Antonio Spurs,SAS vs. BOS,L,0,111,35.0,25,6.0,1,4,0.437,0.778,0.35,-10.0,22024
22401074,2025-03-29,Sacramento Kings,SAC @ ORL,L,0,91,41.0,17,6.0,6,16,0.42,0.8,0.25,-30.0,22024
22401077,2025-03-29,Dallas Mavericks,DAL @ CHI,W,1,120,41.0,28,9.0,8,6,0.465,0.81,0.3,1.0,22024
22401079,2025-03-29,Oklahoma City Thunder,OKC vs. IND,W,1,132,47.0,26,9.0,4,9,0.511,0.826,0.472,21.0,22024
22401079,2025-03-29,Indiana Pacers,IND @ OKC,L,0,111,43.0,27,6.0,6,11,0.448,0.731,0.333,-21.0,22024
22401074,2025-03-29,Orlando Magic,ORL vs. SAC,W,1,121,49.0,31,10.0,2,12,0.494,0.625,0.462,30.0,22024
22401082,2025-03-30,New York Knicks,NYK vs. POR,W,1,110,44.0,27,10.0,10,13,0.536,0.769,0.4,17.0,22024
22401088,2025-03-30,Houston Rockets,HOU @ PHX,W,1,148,45.0,37,14.0,4,9,0.571,0.72,0.581,39.0,22024
22401087,2025-03-30,Toronto Raptors,TOR @ PHI,W,1,127,46.0,32,10.0,4,10,0.476,0.667,0.447,18.0,22024
22401086,2025-03-30,Golden State Warriors,GSW @ SAS,W,1,148,44.0,42,17.0,3,12,0.577,0.789,0.477,42.0,22024
22401084,2025-03-30,Minnesota Timberwolves,MIN vs. DET,W,1,123,59.0,24,3.0,9,9,0.473,0.742,0.387,19.0,22024
22401081,2025-03-30,Los Angeles Clippers,LAC @ CLE,L,0,122,44.0,25,6.0,4,12,0.484,0.727,0.39,-5.0,22024
22401083,2025-03-30,Milwaukee Bucks,MIL vs. ATL,L,0,124,36.0,21,5.0,2,14,0.476,0.791,0.343,-21.0,22024
22401085,2025-03-30,New Orleans Pelicans,NOP vs. CHA,W,1,98,57.0,24,9.0,8,17,0.413,0.765,0.29,4.0,22024
22401084,2025-03-30,Detroit Pistons,DET @ MIN,L,0,104,44.0,22,3.0,3,7,0.358,0.75,0.316,-19.0,22024
22401085,2025-03-30,Charlotte Hornets,CHA @ NOP,L,0,94,50.0,20,15.0,6,14,0.352,0.88,0.242,-4.0,22024
22401082,2025-03-30,Portland Trail Blazers,POR @ NYK,L,0,93,39.0,19,9.0,4,14,0.437,0.571,0.25,-17.0,22024
22401086,2025-03-30,San Antonio Spurs,SAS vs. GSW,L,0,106,34.0,30,4.0,3,21,0.476,0.625,0.381,-42.0,22024
22401087,2025-03-30,Philadelphia 76ers,PHI vs. TOR,L,0,109,46.0,25,6.0,10,16,0.472,0.895,0.276,-18.0,22024
22401083,2025-03-30,Atlanta Hawks,ATL @ MIL,W,1,145,46.0,36,10.0,2,8,0.532,0.8,0.354,21.0,22024
22401081,2025-03-30,Cleveland Cavaliers,CLE vs. LAC,W,1,127,45.0,33,11.0,3,10,0.505,0.783,0.333,5.0,22024
22401088,2025-03-30,Phoenix Suns,PHX vs. HOU,L,0,109,39.0,25,8.0,5,19,0.483,0.882,0.313,-39.0,22024
22401089,2025-03-31,Utah Jazz,UTA @ CHA,L,0,106,41.0,25,13.0,2,10,0.406,0.933,0.269,-4.0,22024
22401096,2025-03-31,Houston Rockets,HOU @ LAL,L,0,98,51.0,26,7.0,5,15,0.416,0.824,0.313,-6.0,22024
22401094,2025-03-31,Oklahoma City Thunder,OKC vs. CHI,W,1,145,44.0,39,11.0,6,14,0.531,0.783,0.535,28.0,22024
22401091,2025-03-31,Orlando Magic,ORL vs. LAC,L,0,87,32.0,18,10.0,4,14,0.395,0.909,0.269,-9.0,22024
22401091,2025-03-31,Los Angeles Clippers,LAC @ ORL,W,1,96,47.0,18,12.0,5,16,0.439,0.842,0.258,9.0,22024
22401092,2025-03-31,Washington Wizards,WAS vs. MIA,L,0,94,39.0,22,14.0,4,18,0.395,0.722,0.302,-26.0,22024
22401089,2025-03-31,Charlotte Hornets,CHA vs. UTA,W,1,110,47.0,33,3.0,5,18,0.538,0.643,0.395,4.0,22024
22401095,2025-03-31,Brooklyn Nets,BKN @ DAL,W,1,113,40.0,32,6.0,3,8,0.433,0.75,0.392,4.0,22024
22401090,2025-03-31,Indiana Pacers,IND vs. SAC,W,1,111,40.0,28,6.0,5,12,0.467,1.0,0.341,2.0,22024
22401093,2025-03-31,Boston Celtics,BOS @ MEM,W,1,117,54.0,30,4.0,3,12,0.406,0.947,0.339,14.0,22024
22401092,2025-03-31,Miami Heat,MIA @ WAS,W,1,120,62.0,29,12.0,2,17,0.505,0.708,0.281,26.0,22024
22401094,2025-03-31,Chicago Bulls,CHI @ OKC,L,0,117,43.0,29,7.0,7,19,0.449,0.813,0.314,-28.0,22024
22401093,2025-03-31,Memphis Grizzlies,MEM vs. BOS,L,0,103,45.0,21,9.0,3,10,0.446,0.625,0.25,-14.0,22024
22401096,2025-03-31,Los Angeles Lakers,LAL vs. HOU,W,1,104,45.0,22,11.0,6,11,0.393,0.9,0.348,6.0,22024
22401095,2025-03-31,Dallas Mavericks,DAL vs. BKN,L,0,109,49.0,29,4.0,3,8,0.477,0.586,0.333,-4.0,22024
22401090,2025-03-31,Sacramento Kings,SAC @ IND,L,0,109,45.0,22,7.0,2,11,0.467,0.647,0.444,-2.0,22024
22401100,2025-04-01,Golden State Warriors,GSW @ MEM,W,1,134,49.0,29,11.0,3,11,0.424,1.0,0.393,9.0,22024
22401100,2025-04-01,Memphis Grizzlies,MEM vs. GSW,L,0,125,43.0,22,7.0,6,16,0.478,0.864,0.409,-9.0,22024
22401102,2025-04-01,Minnesota Timberwolves,MIN @ DEN,W,1,140,52.0,35,5.0,2,14,0.468,0.68,0.38,1.0,22024
22401097,2025-04-01,Portland Trail Blazers,POR @ ATL,W,1,127,54.0,30,13.0,5,17,0.456,0.741,0.317,14.0,22024
22400988,2025-04-01,San Antonio Spurs,SAS vs. ORL,L,0,105,38.0,24,7.0,4,17,0.494,0.706,0.406,-11.0,22024
22401101,2025-04-01,Milwaukee Bucks,MIL vs. PHX,W,1,133,29.0,32,6.0,5,18,0.689,0.933,0.586,10.0,22024
22400988,2025-04-01,Orlando Magic,ORL @ SAS,W,1,116,41.0,28,12.0,7,10,0.478,1.0,0.383,11.0,22024
22401098,2025-04-01,Philadelphia 76ers,PHI @ NYK,L,0,91,42.0,23,11.0,5,19,0.42,0.773,0.194,-14.0,22024
22401101,2025-04-01,Phoenix Suns,PHX @ MIL,L,0,123,33.0,26,6.0,0,13,0.478,0.81,0.4,-10.0,22024
22401099,2025-04-01,Chicago Bulls,CHI vs. TOR,W,1,137,49.0,36,10.0,2,12,0.568,0.852,0.412,19.0,22024
22401099,2025-04-01,Toronto Raptors,TOR @ CHI,L,0,118,35.0,35,7.0,3,12,0.454,0.909,0.444,-19.0,22024
22401102,2025-04-01,Denver Nuggets,DEN vs. MIN,L,0,139,45.0,33,7.0,7,16,0.547,0.75,0.353,-1.0,22024
22401098,2025-04-01,New York Knicks,NYK vs. PHI,W,1,105,44.0,23,10.0,4,18,0.424,0.808,0.387,14.0,22024
22401097,2025-04-01,Atlanta Hawks,ATL vs. POR,L,0,113,45.0,26,12.0,8,19,0.446,0.857,0.219,-14.0,22024
22401103,2025-04-02,New York Knicks,NYK @ CLE,L,0,105,39.0,24,7.0,2,14,0.444,0.824,0.306,-19.0,22024
22401108,2025-04-02,Detroit Pistons,DET @ OKC,L,0,103,43.0,20,5.0,7,18,0.404,0.84,0.303,-16.0,22024
22401106,2025-04-02,Miami Heat,MIA @ BOS,W,1,124,34.0,28,9.0,2,4,0.518,0.889,0.467,21.0,22024
22401109,2025-04-02,Atlanta Hawks,ATL @ DAL,L,0,118,43.0,29,7.0,3,11,0.433,0.864,0.385,-2.0,22024
22401108,2025-04-02,Oklahoma City Thunder,OKC vs. DET,W,1,119,46.0,25,12.0,11,10,0.438,0.806,0.263,16.0,22024
22401110,2025-04-02,Denver Nuggets,DEN vs. SAS,L,0,106,58.0,24,7.0,4,12,0.396,0.68,0.295,-7.0,22024
22401103,2025-04-02,Cleveland Cavaliers,CLE vs. NYK,W,1,124,44.0,23,8.0,5,13,0.532,0.857,0.324,19.0,22024
22401111,2025-04-02,New Orleans Pelicans,NOP @ LAC,L,0,98,39.0,29,9.0,4,15,0.506,0.727,0.182,-16.0,22024
22401111,2025-04-02,Los Angeles Clippers,LAC vs. NOP,W,1,114,30.0,27,9.0,4,10,0.526,0.808,0.406,16.0,22024
22401110,2025-04-02,San Antonio Spurs,SAS @ DEN,W,1,113,52.0,27,6.0,5,10,0.443,0.769,0.37,7.0,22024
22401105,2025-04-02,Washington Wizards,WAS vs. SAC,W,1,116,41.0,24,6.0,3,14,0.512,0.722,0.395,5.0,22024
22401104,2025-04-02,Charlotte Hornets,CHA @ IND,L,0,105,44.0,20,3.0,2,18,0.526,0.722,0.417,-14.0,22024
22401109,2025-04-02,Dallas Mavericks,DAL vs. ATL,W,1,120,42.0,27,7.0,8,13,0.53,0.81,0.455,2.0,22024
22401104,2025-04-02,Indiana Pacers,IND vs. CHA,W,1,119,38.0,29,10.0,6,6,0.495,0.7,0.409,14.0,22024
22401107,2025-04-02,Utah Jazz,UTA @ HOU,L,0,105,39.0,25,7.0,6,9,0.426,0.652,0.25,-38.0,22024
22401105,2025-04-02,Sacramento Kings,SAC @ WAS,L,0,111,48.0,25,10.0,3,11,0.421,0.75,0.256,-5.0,22024
22401107,2025-04-02,Houston Rockets,HOU vs. UTA,W,1,143,63.0,30,4.0,6,10,0.538,0.632,0.422,38.0,22024
22401106,2025-04-02,Boston Celtics,BOS vs. MIA,L,0,103,43.0,24,3.0,6,13,0.448,0.813,0.279,-21.0,22024
22401117,2025-04-03,Golden State Warriors,GSW @ LAL,W,1,123,46.0,30,5.0,2,13,0.476,0.839,0.452,7.0,22024
22401116,2025-04-03,Toronto Raptors,TOR vs. POR,L,0,103,35.0,29,14.0,1,17,0.458,0.6,0.353,-9.0,22024
22401115,2025-04-03,Philadelphia 76ers,PHI vs. MIL,L,0,113,40.0,30,8.0,4,13,0.483,0.789,0.308,-13.0,22024
22401114,2025-04-03,Memphis Grizzlies,MEM @ MIA,W,1,110,49.0,24,8.0,4,18,0.471,0.824,0.421,2.0,22024
22401114,2025-04-03,Miami Heat,MIA vs. MEM,L,0,108,47.0,24,11.0,8,11,0.411,0.842,0.424,-2.0,22024
22401112,2025-04-03,Washington Wizards,WAS vs. ORL,L,0,97,38.0,16,4.0,3,13,0.447,0.818,0.4,-12.0,22024
22401116,2025-04-03,Portland Trail Blazers,POR @ TOR,W,1,112,54.0,20,10.0,6,20,0.488,0.9,0.294,9.0,22024
22401117,2025-04-03,Los Angeles Lakers,LAL vs. GSW,L,0,116,39.0,23,5.0,3,8,0.453,0.87,0.383,-7.0,22024
22401115,2025-04-03,Milwaukee Bucks,MIL @ PHI,W,1,126,40.0,32,7.0,7,11,0.561,0.667,0.516,13.0,22024
22401113,2025-04-03,Brooklyn Nets,BKN vs. MIN,L,0,90,34.0,30,11.0,0,10,0.427,0.75,0.306,-15.0,22024
22401112,2025-04-03,Orlando Magic,ORL @ WAS,W,1,109,47.0,27,7.0,8,8,0.463,0.88,0.367,12.0,22024
22401113,2025-04-03,Minnesota Timberwolves,MIN @ BKN,W,1,105,45.0,27,6.0,10,17,0.5,0.667,0.31,15.0,22024
22401124,2025-04-04,San Antonio Spurs,SAS vs. CLE,L,0,113,44.0,27,9.0,4,11,0.436,0.789,0.333,-1.0,22024
22401126,2025-04-04,Los Angeles Lakers,LAL vs. NOP,W,1,124,36.0,26,7.0,2,12,0.519,0.929,0.39,16.0,22024
22401119,2025-04-04,Indiana Pacers,IND vs. UTA,W,1,140,51.0,38,8.0,17,7,0.573,0.684,0.375,28.0,22024
22401122,2025-04-04,Chicago Bulls,CHI vs. POR,W,1,118,61.0,25,2.0,8,17,0.471,0.839,0.37,5.0,22024
22401127,2025-04-04,Dallas Mavericks,DAL @ LAC,L,0,91,39.0,19,7.0,0,17,0.455,0.654,0.2,-23.0,22024
22401127,2025-04-04,Los Angeles Clippers,LAC vs. DAL,W,1,114,48.0,23,11.0,4,13,0.494,0.75,0.467,23.0,22024
22401121,2025-04-04,Toronto Raptors,TOR vs. DET,L,0,105,49.0,24,9.0,6,15,0.418,0.8,0.351,-12.0,22024
22401118,2025-04-04,Charlotte Hornets,CHA vs. SAC,L,0,102,45.0,17,2.0,2,12,0.398,0.824,0.229,-23.0,22024
22401123,2025-04-04,Oklahoma City Thunder,OKC @ HOU,L,0,111,33.0,24,7.0,6,15,0.483,0.8,0.371,-14.0,22024
22401123,2025-04-04,Houston Rockets,HOU vs. OKC,W,1,125,48.0,24,10.0,5,13,0.489,0.846,0.448,14.0,22024
22401126,2025-04-04,New Orleans Pelicans,NOP @ LAL,L,0,108,38.0,27,10.0,2,16,0.488,0.636,0.412,-16.0,22024
22401119,2025-04-04,Utah Jazz,UTA @ IND,L,0,112,52.0,21,5.0,1,11,0.375,0.857,0.308,-28.0,22024
22401125,2025-04-04,Denver Nuggets,DEN @ GSW,L,0,104,38.0,28,8.0,4,25,0.541,0.923,0.387,-14.0,22024
22401120,2025-04-04,Phoenix Suns,PHX @ BOS,L,0,103,40.0,24,7.0,2,6,0.441,0.818,0.324,-20.0,22024
22401122,2025-04-04,Portland Trail Blazers,POR @ CHI,L,0,113,54.0,23,7.0,5,5,0.383,0.778,0.262,-5.0,22024
22401120,2025-04-04,Boston Celtics,BOS vs. PHX,W,1,123,49.0,28,1.0,4,7,0.517,0.864,0.359,20.0,22024
22401118,2025-04-04,Sacramento Kings,SAC @ CHA,W,1,125,44.0,26,4.0,3,6,0.495,0.826,0.444,23.0,22024
22401125,2025-04-04,Golden State Warriors,GSW vs. DEN,W,1,118,36.0,25,14.0,2,13,0.489,0.889,0.421,14.0,22024
22401124,2025-04-04,Cleveland Cavaliers,CLE @ SAS,W,1,114,44.0,31,6.0,4,15,0.471,0.714,0.431,1.0,22024
22401121,2025-04-04,Detroit Pistons,DET @ TOR,W,1,117,47.0,27,11.0,7,13,0.461,0.852,0.353,12.0,22024
22401130,2025-04-05,Philadelphia 76ers,PHI vs. MIN,L,0,109,34.0,26,9.0,4,8,0.484,0.6,0.343,-5.0,22024
22401131,2025-04-05,Milwaukee Bucks,MIL @ MIA,W,1,121,47.0,29,6.0,3,9,0.517,0.793,0.333,6.0,22024
22401130,2025-04-05,Minnesota Timberwolves,MIN @ PHI,W,1,114,47.0,22,5.0,7,15,0.506,0.724,0.324,5.0,22024
22401128,2025-04-05,Atlanta Hawks,ATL vs. NYK,L,0,105,38.0,24,11.0,7,15,0.466,0.75,0.311,-16.0,22024
22401128,2025-04-05,New York Knicks,NYK @ ATL,W,1,121,38.0,32,8.0,5,13,0.536,0.842,0.517,16.0,22024
22401131,2025-04-05,Miami Heat,MIA vs. MIL,L,0,115,52.0,24,4.0,1,10,0.422,0.875,0.326,-6.0,22024
22401132,2025-04-05,Dallas Mavericks,DAL @ LAC,L,0,104,41.0,18,5.0,8,15,0.436,0.763,0.259,-31.0,22024
22401129,2025-04-05,Detroit Pistons,DET vs. MEM,L,0,103,44.0,24,9.0,6,6,0.385,0.783,0.262,-6.0,22024
22401132,2025-04-05,Los Angeles Clippers,LAC vs. DAL,W,1,135,45.0,31,11.0,3,6,0.563,0.8,0.393,31.0,22024
22401129,2025-04-05,Memphis Grizzlies,MEM @ DET,W,1,109,64.0,19,4.0,3,14,0.415,0.759,0.281,6.0,22024
22401136,2025-04-06,Utah Jazz,UTA @ ATL,L,0,134,32.0,29,10.0,4,10,0.517,0.857,0.426,-13.0,22024
22401142,2025-04-06,Denver Nuggets,DEN vs. IND,L,0,120,47.0,33,2.0,7,13,0.538,0.667,0.258,-5.0,22024
22400617,2025-04-06,New Orleans Pelicans,NOP vs. MIL,L,0,107,48.0,31,4.0,6,11,0.453,0.643,0.364,-4.0,22024
22401133,2025-04-06,Chicago Bulls,CHI @ CHA,W,1,131,41.0,26,8.0,1,12,0.535,0.793,0.444,14.0,22024
22401143,2025-04-06,Houston Rockets,HOU @ GSW,W,1,106,49.0,26,11.0,7,15,0.484,0.375,0.333,10.0,22024
22401143,2025-04-06,Golden State Warriors,GSW vs. HOU,L,0,96,46.0,28,12.0,2,20,0.416,0.545,0.372,-10.0,22024
22401135,2025-04-06,Los Angeles Lakers,LAL @ OKC,W,1,126,43.0,25,6.0,2,15,0.548,0.706,0.55,27.0,22024
22401140,2025-04-06,Phoenix Suns,PHX @ NYK,L,0,98,35.0,20,11.0,3,12,0.424,0.842,0.118,-14.0,22024
22401139,2025-04-06,Portland Trail Blazers,POR vs. SAS,W,1,120,44.0,25,10.0,5,15,0.472,0.778,0.366,11.0,22024
22401138,2025-04-06,Sacramento Kings,SAC @ CLE,W,1,120,39.0,25,10.0,3,14,0.537,0.818,0.424,7.0,22024
22401134,2025-04-06,Toronto Raptors,TOR @ BKN,W,1,120,47.0,30,16.0,4,18,0.5,0.636,0.333,11.0,22024
22401135,2025-04-06,Oklahoma City Thunder,OKC vs. LAL,L,0,99,34.0,20,9.0,3,7,0.433,0.75,0.324,-27.0,22024
22401134,2025-04-06,Brooklyn Nets,BKN vs. TOR,L,0,109,46.0,25,8.0,7,23,0.476,0.778,0.286,-11.0,22024
22401133,2025-04-06,Charlotte Hornets,CHA vs. CHI,L,0,117,40.0,25,7.0,2,12,0.482,0.794,0.267,-14.0,22024
22401140,2025-04-06,New York Knicks,NYK vs. PHX,W,1,112,41.0,28,6.0,3,14,0.541,0.833,0.429,14.0,22024
22400617,2025-04-06,Milwaukee Bucks,MIL @ NOP,W,1,111,51.0,29,10.0,4,7,0.467,0.636,0.344,4.0,22024
22401137,2025-04-06,Washington Wizards,WAS @ BOS,L,0,90,32.0,21,5.0,3,10,0.407,0.8,0.267,-34.0,22024
22401138,2025-04-06,Cleveland Cavaliers,CLE vs. SAC,L,0,113,39.0,31,11.0,5,16,0.523,0.579,0.263,-7.0,22024
22401142,2025-04-06,Indiana Pacers,IND @ DEN,W,1,125,41.0,34,10.0,7,6,0.479,0.857,0.341,5.0,22024
22401136,2025-04-06,Atlanta Hawks,ATL vs. UTA,W,1,147,42.0,43,7.0,3,11,0.568,0.85,0.537,13.0,22024
22401139,2025-04-06,San Antonio Spurs,SAS @ POR,L,0,109,45.0,26,9.0,4,18,0.432,0.762,0.324,-11.0,22024
22401137,2025-04-06,Boston Celtics,BOS vs. WAS,W,1,124,62.0,33,6.0,5,13,0.49,0.667,0.462,34.0,22024
22401144,2025-04-07,Sacramento Kings,SAC @ DET,W,1,127,50.0,20,5.0,4,10,0.516,0.815,0.407,10.0,22024
22401145,2025-04-07,Philadelphia 76ers,PHI @ MIA,L,0,105,45.0,20,7.0,4,13,0.432,0.68,0.316,-12.0,22024
22401145,2025-04-07,Miami Heat,MIA vs. PHI,W,1,117,47.0,26,7.0,6,13,0.506,0.733,0.444,12.0,22024
22401144,2025-04-07,Detroit Pistons,DET vs. SAC,L,0,117,37.0,30,8.0,4,9,0.472,0.714,0.333,-10.0,22024
22401148,2025-04-08,Washington Wizards,WAS @ IND,L,0,98,50.0,18,2.0,8,11,0.418,0.733,0.282,-6.0,22024
22401146,2025-04-08,Memphis Grizzlies,MEM @ CHA,W,1,124,52.0,23,12.0,3,13,0.452,0.846,0.327,24.0,22024
22401146,2025-04-08,Charlotte Hornets,CHA vs. MEM,L,0,100,38.0,22,3.0,4,15,0.457,0.652,0.289,-24.0,22024
22401151,2025-04-08,New York Knicks,NYK vs. BOS,L,0,117,52.0,28,8.0,6,11,0.475,0.625,0.289,-2.0,22024
22401155,2025-04-08,Los Angeles Clippers,LAC vs. SAS,W,1,122,50.0,30,6.0,0,15,0.516,0.75,0.467,5.0,22024
22401147,2025-04-08,Chicago Bulls,CHI @ CLE,L,0,113,45.0,26,9.0,3,20,0.477,0.842,0.349,-22.0,22024
22401154,2025-04-08,Phoenix Suns,PHX vs. GSW,L,0,95,41.0,22,12.0,4,19,0.398,0.867,0.279,-38.0,22024
22401147,2025-04-08,Cleveland Cavaliers,CLE vs. CHI,W,1,135,45.0,35,13.0,3,12,0.51,0.615,0.5,22.0,22024
22401149,2025-04-08,Orlando Magic,ORL vs. ATL,W,1,119,43.0,23,13.0,6,13,0.5,0.677,0.412,7.0,22024
22401151,2025-04-08,Boston Celtics,BOS @ NYK,W,1,119,38.0,26,8.0,4,15,0.46,0.8,0.388,2.0,22024
22401150,2025-04-08,Brooklyn Nets,BKN vs. NOP,W,1,119,40.0,30,11.0,4,16,0.494,0.833,0.425,5.0,22024
22401152,2025-04-08,Milwaukee Bucks,MIL vs. MIN,W,1,110,43.0,27,8.0,2,11,0.476,0.72,0.333,7.0,22024
22401150,2025-04-08,New Orleans Pelicans,NOP @ BKN,L,0,114,42.0,26,10.0,6,17,0.476,0.774,0.364,-5.0,22024
22401153,2025-04-08,Los Angeles Lakers,LAL @ OKC,L,0,120,45.0,21,2.0,6,18,0.463,0.757,0.45,-16.0,22024
22401153,2025-04-08,Oklahoma City Thunder,OKC vs. LAL,W,1,136,44.0,26,9.0,5,6,0.5,0.7,0.486,16.0,22024
22401154,2025-04-08,Golden State Warriors,GSW @ PHX,W,1,133,57.0,31,14.0,3,15,0.484,0.824,0.375,38.0,22024
22401155,2025-04-08,San Antonio Spurs,SAS @ LAC,L,0,117,34.0,29,8.0,4,16,0.529,0.625,0.405,-5.0,22024
22401152,2025-04-08,Minnesota Timberwolves,MIN @ MIL,L,0,103,42.0,25,4.0,3,13,0.461,0.889,0.325,-7.0,22024
22401148,2025-04-08,Indiana Pacers,IND vs. WAS,W,1,104,49.0,21,7.0,5,7,0.379,0.784,0.257,6.0,22024
22401149,2025-04-08,Atlanta Hawks,ATL @ ORL,L,0,112,41.0,25,7.0,6,18,0.455,0.818,0.341,-7.0,22024
22401159,2025-04-09,Los Angeles Lakers,LAL @ DAL,W,1,112,39.0,22,14.0,0,9,0.467,0.762,0.333,15.0,22024
22401157,2025-04-09,Washington Wizards,WAS vs. PHI,L,0,103,47.0,22,9.0,2,16,0.391,0.833,0.303,-19.0,22024
22401165,2025-04-09,Sacramento Kings,SAC vs. DEN,L,0,116,40.0,25,2.0,5,8,0.467,0.824,0.444,-8.0,22024
22401160,2025-04-09,Chicago Bulls,CHI vs. MIA,W,1,119,46.0,33,8.0,7,16,0.517,1.0,0.378,8.0,22024
22401164,2025-04-09,Phoenix Suns,PHX vs. OKC,L,0,112,38.0,31,10.0,3,13,0.483,0.684,0.357,-13.0,22024
22401166,2025-04-09,Los Angeles Clippers,LAC vs. HOU,W,1,134,43.0,33,10.0,3,11,0.533,1.0,0.514,17.0,22024
22401163,2025-04-09,San Antonio Spurs,SAS @ GSW,W,1,114,43.0,23,6.0,5,13,0.481,0.857,0.391,3.0,22024
22401156,2025-04-09,Boston Celtics,BOS @ ORL,L,0,76,43.0,20,5.0,5,15,0.39,0.833,0.175,-20.0,22024
22401162,2025-04-09,Utah Jazz,UTA vs. POR,W,1,133,56.0,27,14.0,4,24,0.51,0.818,0.417,7.0,22024
22401159,2025-04-09,Dallas Mavericks,DAL vs. LAL,L,0,97,38.0,30,6.0,6,19,0.5,0.696,0.346,-15.0,22024
22401158,2025-04-09,Charlotte Hornets,CHA @ TOR,L,0,96,41.0,23,5.0,3,19,0.439,0.813,0.314,-30.0,22024
22401157,2025-04-09,Philadelphia 76ers,PHI @ WAS,W,1,122,55.0,20,10.0,8,16,0.429,0.737,0.32,19.0,22024
22401163,2025-04-09,Golden State Warriors,GSW vs. SAS,L,0,111,45.0,29,8.0,2,10,0.419,0.821,0.333,-3.0,22024
22401166,2025-04-09,Houston Rockets,HOU @ LAC,L,0,117,36.0,24,7.0,4,13,0.511,0.7,0.5,-17.0,22024
22401156,2025-04-09,Orlando Magic,ORL vs. BOS,W,1,96,49.0,23,5.0,3,10,0.407,0.75,0.356,20.0,22024
22401160,2025-04-09,Miami Heat,MIA @ CHI,L,0,111,39.0,28,11.0,3,13,0.478,0.647,0.364,-8.0,22024
22401164,2025-04-09,Oklahoma City Thunder,OKC @ PHX,W,1,125,44.0,24,11.0,2,10,0.523,0.852,0.4,13.0,22024
22401162,2025-04-09,Portland Trail Blazers,POR @ UTA,L,0,126,43.0,27,13.0,5,16,0.462,0.679,0.244,-7.0,22024
22401158,2025-04-09,Toronto Raptors,TOR vs. CHA,W,1,126,55.0,37,8.0,2,8,0.471,0.75,0.365,30.0,22024
22401165,2025-04-09,Denver Nuggets,DEN @ SAC,W,1,124,45.0,30,7.0,5,7,0.5,0.806,0.382,8.0,22024
22401170,2025-04-10,Minnesota Timberwolves,MIN @ MEM,W,1,141,41.0,29,6.0,3,16,0.552,0.893,0.455,16.0,22024
22401170,2025-04-10,Memphis Grizzlies,MEM vs. MIN,L,0,125,33.0,26,5.0,2,15,0.517,0.714,0.5,-16.0,22024
22401161,2025-04-10,New Orleans Pelicans,NOP @ MIL,L,0,111,53.0,28,8.0,0,16,0.427,0.737,0.319,-25.0,22024
22401167,2025-04-10,New York Knicks,NYK @ DET,L,0,106,34.0,32,11.0,6,14,0.467,0.786,0.324,-9.0,22024
22401169,2025-04-10,Brooklyn Nets,BKN vs. ATL,L,0,109,41.0,31,8.0,2,17,0.4,0.682,0.423,-24.0,22024
22401169,2025-04-10,Atlanta Hawks,ATL @ BKN,W,1,133,51.0,36,11.0,1,15,0.571,0.667,0.417,24.0,22024
22401168,2025-04-10,Cleveland Cavaliers,CLE @ IND,L,0,112,50.0,24,6.0,3,11,0.439,0.692,0.459,-2.0,22024
22401167,2025-04-10,Detroit Pistons,DET vs. NYK,W,1,115,35.0,20,5.0,6,15,0.573,0.722,0.364,9.0,22024
22401161,2025-04-10,Milwaukee Bucks,MIL vs. NOP,W,1,136,43.0,27,13.0,4,11,0.544,0.667,0.4,25.0,22024
22401168,2025-04-10,Indiana Pacers,IND vs. CLE,W,1,114,46.0,28,3.0,11,9,0.462,0.7,0.341,2.0,22024
22401177,2025-04-11,Miami Heat,MIA @ NOP,W,1,153,60.0,36,12.0,5,9,0.558,0.773,0.444,49.0,22024
22401182,2025-04-11,San Antonio Spurs,SAS @ PHX,L,0,98,40.0,28,7.0,2,14,0.433,0.7,0.382,-19.0,22024
22401178,2025-04-11,Toronto Raptors,TOR @ DAL,L,0,102,43.0,22,11.0,4,10,0.4,0.611,0.282,-22.0,22024
22401178,2025-04-11,Dallas Mavericks,DAL vs. TOR,W,1,124,56.0,34,8.0,10,17,0.551,0.647,0.441,22.0,22024
22401171,2025-04-11,Detroit Pistons,DET vs. MIL,L,0,119,42.0,30,1.0,9,10,0.495,0.5,0.462,-6.0,22024
22401181,2025-04-11,Utah Jazz,UTA vs. OKC,L,0,111,57.0,23,7.0,3,16,0.379,0.8,0.27,-34.0,22024
22401184,2025-04-11,Los Angeles Clippers,LAC @ SAC,W,1,101,37.0,19,6.0,2,12,0.513,0.778,0.333,1.0,22024
22401185,2025-04-11,Houston Rockets,HOU @ LAL,L,0,109,37.0,22,8.0,5,18,0.456,0.75,0.353,-31.0,22024
22401181,2025-04-11,Oklahoma City Thunder,OKC @ UTA,W,1,145,47.0,41,12.0,4,10,0.56,0.692,0.453,34.0,22024
22401180,2025-04-11,Denver Nuggets,DEN vs. MEM,W,1,117,52.0,32,9.0,2,12,0.484,0.774,0.208,8.0,22024
22401185,2025-04-11,Los Angeles Lakers,LAL vs. HOU,W,1,140,42.0,28,11.0,1,12,0.609,0.6,0.514,31.0,22024
22401180,2025-04-11,Memphis Grizzlies,MEM @ DEN,L,0,109,41.0,26,8.0,5,12,0.451,0.684,0.326,-8.0,22024
22401179,2025-04-11,Minnesota Timberwolves,MIN vs. BKN,W,1,117,48.0,27,5.0,5,12,0.545,0.759,0.355,26.0,22024
22401171,2025-04-11,Milwaukee Bucks,MIL @ DET,W,1,125,44.0,30,7.0,8,7,0.457,0.815,0.436,6.0,22024
22401174,2025-04-11,Boston Celtics,BOS vs. CHA,W,1,130,52.0,35,9.0,8,10,0.516,0.75,0.451,36.0,22024
22401175,2025-04-11,New York Knicks,NYK vs. CLE,L,0,102,35.0,22,11.0,2,8,0.409,0.7,0.39,-6.0,22024
22401175,2025-04-11,Cleveland Cavaliers,CLE @ NYK,W,1,108,49.0,23,7.0,2,15,0.494,0.7,0.355,6.0,22024
22401184,2025-04-11,Sacramento Kings,SAC vs. LAC,L,0,100,43.0,23,5.0,1,11,0.435,0.941,0.323,-1.0,22024
22401182,2025-04-11,Phoenix Suns,PHX vs. SAS,W,1,117,52.0,27,9.0,10,11,0.463,0.909,0.404,19.0,22024
22401173,2025-04-11,Atlanta Hawks,ATL @ PHI,W,1,124,53.0,28,9.0,5,14,0.479,0.75,0.381,14.0,22024
22401176,2025-04-11,Washington Wizards,WAS @ CHI,L,0,89,41.0,26,7.0,5,16,0.385,0.75,0.244,-30.0,22024
22401177,2025-04-11,New Orleans Pelicans,NOP vs. MIA,L,0,104,42.0,27,6.0,2,13,0.4,0.7,0.378,-49.0,22024
22401172,2025-04-11,Indiana Pacers,IND vs. ORL,L,0,115,44.0,24,8.0,7,17,0.449,0.657,0.414,-14.0,22024
22401183,2025-04-11,Portland Trail Blazers,POR vs. GSW,L,0,86,52.0,21,9.0,5,22,0.376,0.727,0.2,-17.0,22024
22401183,2025-04-11,Golden State Warriors,GSW @ POR,W,1,103,45.0,26,15.0,7,14,0.398,0.821,0.318,17.0,22024
22401173,2025-04-11,Philadelphia 76ers,PHI vs. ATL,L,0,110,45.0,29,6.0,6,14,0.443,0.8,0.343,-14.0,22024
22401176,2025-04-11,Chicago Bulls,CHI vs. WAS,W,1,119,54.0,32,8.0,7,12,0.462,0.909,0.317,30.0,22024
22401174,2025-04-11,Charlotte Hornets,CHA @ BOS,L,0,94,48.0,25,7.0,4,17,0.387,0.7,0.375,-36.0,22024
22401179,2025-04-11,Brooklyn Nets,BKN @ MIN,L,0,91,41.0,24,7.0,1,9,0.367,0.765,0.293,-26.0,22024
22401172,2025-04-11,Orlando Magic,ORL @ IND,W,1,129,35.0,32,14.0,11,19,0.576,0.857,0.406,14.0,22024
22401199,2025-04-13,Portland Trail Blazers,POR vs. LAL,W,1,109,56.0,27,7.0,6,14,0.438,0.476,0.357,28.0,22024
22401189,2025-04-13,Indiana Pacers,IND @ CLE,W,1,126,61.0,27,15.0,10,13,0.403,0.909,0.238,8.0,22024
22401196,2025-04-13,Oklahoma City Thunder,OKC @ NOP,W,1,115,54.0,16,8.0,4,10,0.418,0.889,0.191,15.0,22024
22401191,2025-04-13,Philadelphia 76ers,PHI vs. CHI,L,0,102,48.0,20,7.0,6,14,0.383,0.857,0.273,-20.0,22024
22401193,2025-04-13,Houston Rockets,HOU vs. DEN,L,0,111,45.0,32,5.0,4,10,0.45,0.643,0.353,-15.0,22024
22401186,2025-04-13,Atlanta Hawks,ATL vs. ORL,W,1,117,44.0,32,8.0,2,15,0.534,0.6,0.425,12.0,22024
22401188,2025-04-13,New York Knicks,NYK @ BKN,W,1,113,40.0,27,10.0,3,11,0.43,0.885,0.381,8.0,22024
22401186,2025-04-13,Orlando Magic,ORL @ ATL,L,0,105,43.0,25,11.0,5,14,0.455,0.667,0.429,-12.0,22024
22401192,2025-04-13,Milwaukee Bucks,MIL vs. DET,W,1,140,38.0,30,5.0,7,20,0.581,0.773,0.523,7.0,22024
22401200,2025-04-13,Sacramento Kings,SAC vs. PHX,W,1,109,43.0,31,6.0,4,11,0.523,1.0,0.412,11.0,22024
22401192,2025-04-13,Detroit Pistons,DET @ MIL,L,0,133,42.0,35,9.0,3,13,0.477,0.643,0.373,-7.0,22024
22401194,2025-04-13,Memphis Grizzlies,MEM vs. DAL,W,1,132,53.0,31,13.0,7,11,0.5,0.867,0.375,35.0,22024
22401199,2025-04-13,Los Angeles Lakers,LAL @ POR,L,0,81,42.0,21,9.0,11,20,0.388,0.714,0.321,-28.0,22024
22401190,2025-04-13,Washington Wizards,WAS @ MIA,W,1,119,43.0,33,4.0,3,10,0.511,0.647,0.432,1.0,22024
22401190,2025-04-13,Miami Heat,MIA vs. WAS,L,0,118,46.0,28,8.0,6,8,0.5,0.833,0.313,-1.0,22024
22401188,2025-04-13,Brooklyn Nets,BKN vs. NYK,L,0,105,42.0,21,4.0,2,18,0.514,0.68,0.343,-8.0,22024
22401195,2025-04-13,Minnesota Timberwolves,MIN vs. UTA,W,1,116,54.0,23,9.0,9,13,0.469,0.688,0.302,11.0,22024
22401197,2025-04-13,San Antonio Spurs,SAS vs. TOR,W,1,125,50.0,22,11.0,2,12,0.512,0.875,0.344,7.0,22024
22401198,2025-04-13,Los Angeles Clippers,LAC @ GSW,W,1,124,42.0,28,11.0,3,16,0.558,0.778,0.467,5.0,22024
22401198,2025-04-13,Golden State Warriors,GSW vs. LAC,L,0,119,25.0,31,11.0,6,15,0.544,0.783,0.455,-5.0,22024
22401200,2025-04-13,Phoenix Suns,PHX @ SAC,L,0,98,37.0,28,6.0,1,11,0.476,0.5,0.341,-11.0,22024
22401187,2025-04-13,Boston Celtics,BOS vs. CHA,W,1,93,49.0,22,12.0,6,13,0.389,0.692,0.311,7.0,22024
22401189,2025-04-13,Cleveland Cavaliers,CLE vs. IND,L,0,118,65.0,21,6.0,9,21,0.383,0.545,0.3,-8.0,22024
22401196,2025-04-13,New Orleans Pelicans,NOP vs. OKC,L,0,100,47.0,22,6.0,4,12,0.385,0.767,0.184,-15.0,22024
22401193,2025-04-13,Denver Nuggets,DEN @ HOU,W,1,126,47.0,28,7.0,6,9,0.511,0.839,0.345,15.0,22024
22401195,2025-04-13,Utah Jazz,UTA @ MIN,L,0,105,40.0,24,6.0,5,13,0.449,0.818,0.381,-11.0,22024
22401194,2025-04-13,Dallas Mavericks,DAL @ MEM,L,0,97,38.0,20,6.0,3,18,0.437,0.727,0.179,-35.0,22024
22401191,2025-04-13,Chicago Bulls,CHI @ PHI,W,1,122,59.0,29,10.0,4,12,0.456,0.75,0.325,20.0,22024
22401187,2025-04-13,Charlotte Hornets,CHA @ BOS,L,0,86,51.0,23,10.0,4,17,0.376,0.611,0.282,-7.0,22024
22401197,2025-04-13,Toronto Raptors,TOR @ SAS,L,0,118,42.0,32,8.0,1,13,0.474,0.75,0.359,-7.0,22024
22500002,2025-10-21,Golden State Warriors,GSW @ LAL,W,1,119,40.0,29,10.0,4,18,0.487,0.897,0.425,10.0,22025
22500001,2025-10-21,Houston Rockets,HOU @ OKC,L,0,124,52.0,23,6.0,5,22,0.443,0.871,0.282,-1.0,22025
22500001,2025-10-21,Oklahoma City Thunder,OKC vs. HOU,W,1,125,38.0,29,12.0,4,11,0.442,0.8,0.25,1.0,22025
22500002,2025-10-21,Los Angeles Lakers,LAL vs. GSW,L,0,109,39.0,23,7.0,2,19,0.545,0.607,0.25,-10.0,22025
22500080,2025-10-22,Charlotte Hornets,CHA vs. BKN,W,1,136,50.0,33,5.0,5,16,0.533,0.697,0.472,19.0,22025
22500082,2025-10-22,Atlanta Hawks,ATL vs. TOR,L,0,118,34.0,25,7.0,6,15,0.422,0.865,0.286,-20.0,22025
22500087,2025-10-22,Utah Jazz,UTA vs. LAC,W,1,129,46.0,38,11.0,6,12,0.552,0.8,0.386,21.0,22025
22500085,2025-10-22,Memphis Grizzlies,MEM vs. NOP,W,1,128,39.0,20,5.0,12,17,0.513,0.814,0.297,6.0,22025
22500003,2025-10-22,New York Knicks,NYK vs. CLE,W,1,119,48.0,22,8.0,4,13,0.43,0.861,0.35,8.0,22025
22500088,2025-10-22,Phoenix Suns,PHX vs. SAC,W,1,120,51.0,23,7.0,7,15,0.474,0.714,0.294,4.0,22025
22500003,2025-10-22,Cleveland Cavaliers,CLE @ NYK,L,0,111,32.0,21,8.0,4,15,0.465,0.667,0.413,-8.0,22025
22500081,2025-10-22,Orlando Magic,ORL vs. MIA,W,1,125,46.0,23,8.0,7,15,0.467,0.829,0.4,4.0,22025
22500087,2025-10-22,Los Angeles Clippers,LAC @ UTA,L,0,108,38.0,28,8.0,6,15,0.443,0.762,0.311,-21.0,22025
22500089,2025-10-22,Portland Trail Blazers,POR vs. MIN,L,0,114,39.0,25,10.0,3,15,0.4,0.829,0.31,-4.0,22025
22500088,2025-10-22,Sacramento Kings,SAC @ PHX,L,0,116,37.0,24,10.0,10,13,0.5,0.565,0.375,-4.0,22025
22500084,2025-10-22,Detroit Pistons,DET @ CHI,L,0,111,46.0,29,8.0,10,10,0.443,0.692,0.292,-4.0,22025
22500081,2025-10-22,Miami Heat,MIA @ ORL,L,0,121,47.0,26,9.0,4,17,0.484,0.778,0.343,-4.0,22025
22500086,2025-10-22,Washington Wizards,WAS @ MIL,L,0,120,56.0,23,5.0,4,13,0.469,0.579,0.405,-13.0,22025
22500085,2025-10-22,New Orleans Pelicans,NOP @ MEM,L,0,122,47.0,20,10.0,4,14,0.459,0.71,0.37,-6.0,22025
22500004,2025-10-22,San Antonio Spurs,SAS @ DAL,W,1,125,50.0,24,10.0,5,14,0.575,0.607,0.4,33.0,22025
22500080,2025-10-22,Brooklyn Nets,BKN @ CHA,L,0,117,38.0,25,8.0,3,17,0.443,0.735,0.35,-19.0,22025
22500083,2025-10-22,Philadelphia 76ers,PHI @ BOS,W,1,117,40.0,23,3.0,4,14,0.459,0.767,0.39,1.0,22025
22500084,2025-10-22,Chicago Bulls,CHI vs. DET,W,1,115,50.0,29,6.0,8,17,0.448,0.813,0.367,4.0,22025
22500082,2025-10-22,Toronto Raptors,TOR @ ATL,W,1,138,54.0,36,10.0,4,19,0.568,0.828,0.24,20.0,22025
22500089,2025-10-22,Minnesota Timberwolves,MIN @ POR,W,1,118,45.0,21,10.0,10,19,0.488,0.792,0.5,4.0,22025
22500086,2025-10-22,Milwaukee Bucks,MIL vs. WAS,W,1,133,46.0,31,8.0,6,8,0.51,0.789,0.409,13.0,22025
22500004,2025-10-22,Dallas Mavericks,DAL vs. SAS,L,0,92,37.0,20,5.0,3,16,0.373,0.808,0.429,-33.0,22025
22500083,2025-10-22,Boston Celtics,BOS vs. PHI,L,0,116,42.0,16,7.0,4,11,0.451,0.885,0.256,-1.0,22025
22500006,2025-10-23,Golden State Warriors,GSW vs. DEN,W,1,137,43.0,33,11.0,3,8,0.505,0.76,0.383,6.0,22025
22500005,2025-10-23,Indiana Pacers,IND vs. OKC,L,0,135,55.0,21,6.0,4,14,0.438,0.75,0.302,-6.0,22025
22500005,2025-10-23,Oklahoma City Thunder,OKC @ IND,W,1,141,60.0,17,6.0,2,14,0.453,0.882,0.286,6.0,22025
22500006,2025-10-23,Denver Nuggets,DEN @ GSW,L,0,131,43.0,32,8.0,4,13,0.537,0.929,0.4,-6.0,22025
22500018,2025-10-24,Boston Celtics,BOS @ NYK,L,0,95,37.0,19,10.0,7,15,0.427,0.667,0.341,-10.0,22025
22500097,2025-10-24,Portland Trail Blazers,POR vs. GSW,W,1,139,38.0,30,13.0,5,18,0.538,0.92,0.471,20.0,22025
22500096,2025-10-24,Washington Wizards,WAS @ DAL,W,1,117,48.0,27,11.0,8,15,0.456,0.69,0.417,10.0,22025
22500095,2025-10-24,New Orleans Pelicans,NOP vs. SAS,L,0,116,45.0,24,10.0,3,13,0.433,0.759,0.313,-4.0,22025
22500098,2025-10-24,Sacramento Kings,SAC vs. UTA,W,1,105,33.0,23,10.0,4,13,0.482,0.733,0.438,1.0,22025
22500093,2025-10-24,Detroit Pistons,DET @ HOU,W,1,115,48.0,26,6.0,11,17,0.467,0.652,0.41,4.0,22025
22500093,2025-10-24,Houston Rockets,HOU vs. DET,L,0,111,45.0,15,14.0,2,13,0.386,0.771,0.455,-4.0,22025
22500092,2025-10-24,Toronto Raptors,TOR vs. MIL,L,0,116,41.0,25,10.0,4,16,0.494,0.656,0.407,-6.0,22025
22500019,2025-10-24,Minnesota Timberwolves,MIN @ LAL,L,0,110,40.0,24,4.0,3,12,0.466,0.714,0.342,-18.0,22025
22500099,2025-10-24,Phoenix Suns,PHX @ LAC,L,0,102,37.0,23,12.0,4,18,0.411,0.8,0.34,-27.0,22025
22500092,2025-10-24,Milwaukee Bucks,MIL @ TOR,W,1,122,51.0,25,9.0,5,18,0.522,0.56,0.35,6.0,22025
22500097,2025-10-24,Golden State Warriors,GSW @ POR,L,0,119,41.0,24,12.0,3,25,0.438,0.846,0.421,-20.0,22025
22500091,2025-10-24,Brooklyn Nets,BKN vs. CLE,L,0,124,38.0,30,9.0,0,19,0.51,1.0,0.422,-7.0,22025
22500095,2025-10-24,San Antonio Spurs,SAS @ NOP,W,1,120,59.0,25,6.0,13,18,0.459,0.654,0.302,4.0,22025
22500094,2025-10-24,Miami Heat,MIA @ MEM,W,1,146,57.0,34,15.0,4,19,0.539,0.773,0.475,32.0,22025
22500098,2025-10-24,Utah Jazz,UTA @ SAC,L,0,104,50.0,25,6.0,1,19,0.442,0.882,0.317,-1.0,22025
22500090,2025-10-24,Orlando Magic,ORL vs. ATL,L,0,107,45.0,21,7.0,3,22,0.474,0.649,0.29,-4.0,22025
22500094,2025-10-24,Memphis Grizzlies,MEM vs. MIA,L,0,114,41.0,29,8.0,4,20,0.4,0.893,0.289,-32.0,22025
22500019,2025-10-24,Los Angeles Lakers,LAL vs. MIN,W,1,128,38.0,26,6.0,3,10,0.592,0.813,0.414,18.0,22025
22500099,2025-10-24,Los Angeles Clippers,LAC vs. PHX,W,1,129,45.0,32,12.0,5,17,0.592,0.885,0.552,27.0,22025
22500090,2025-10-24,Atlanta Hawks,ATL @ ORL,W,1,111,40.0,26,9.0,5,16,0.482,0.75,0.276,4.0,22025
22500091,2025-10-24,Cleveland Cavaliers,CLE @ BKN,W,1,131,36.0,32,14.0,5,17,0.537,0.714,0.429,7.0,22025
22500096,2025-10-24,Dallas Mavericks,DAL vs. WAS,L,0,107,48.0,23,11.0,5,21,0.432,0.778,0.294,-10.0,22025
22500018,2025-10-24,New York Knicks,NYK vs. BOS,W,1,105,53.0,23,7.0,4,15,0.384,0.88,0.378,10.0,22025
22500102,2025-10-25,Philadelphia 76ers,PHI vs. CHA,W,1,125,40.0,29,10.0,5,15,0.471,0.781,0.462,4.0,22025
22500100,2025-10-25,Orlando Magic,ORL vs. CHI,L,0,98,53.0,12,8.0,5,20,0.391,0.818,0.125,-12.0,22025
22500104,2025-10-25,Phoenix Suns,PHX @ DEN,L,0,111,38.0,24,7.0,4,19,0.432,0.818,0.34,-22.0,22025
22500103,2025-10-25,Memphis Grizzlies,MEM vs. IND,W,1,128,49.0,31,6.0,4,4,0.454,0.781,0.385,25.0,22025
22500100,2025-10-25,Chicago Bulls,CHI @ ORL,W,1,110,46.0,26,13.0,2,18,0.47,0.759,0.37,12.0,22025
22500102,2025-10-25,Charlotte Hornets,CHA @ PHI,L,0,121,45.0,30,6.0,3,16,0.483,0.679,0.381,-4.0,22025
22500101,2025-10-25,Oklahoma City Thunder,OKC @ ATL,W,1,117,50.0,21,13.0,3,12,0.462,0.895,0.378,17.0,22025
22500101,2025-10-25,Atlanta Hawks,ATL vs. OKC,L,0,100,46.0,25,7.0,5,16,0.412,0.667,0.41,-17.0,22025
22500104,2025-10-25,Denver Nuggets,DEN vs. PHX,W,1,133,43.0,31,14.0,1,16,0.512,0.905,0.29,22.0,22025
22500103,2025-10-25,Indiana Pacers,IND @ MEM,L,0,103,44.0,25,2.0,5,13,0.404,0.739,0.35,-25.0,22025
22500105,2025-10-26,Brooklyn Nets,BKN @ SAS,L,0,107,34.0,22,9.0,0,11,0.391,0.958,0.32,-11.0,22025
22500107,2025-10-26,Cleveland Cavaliers,CLE vs. MIL,W,1,118,44.0,23,10.0,2,16,0.448,0.8,0.3,5.0,22025
22500112,2025-10-26,Portland Trail Blazers,POR @ LAC,L,0,107,42.0,24,12.0,2,16,0.37,0.824,0.268,-7.0,22025
22500110,2025-10-26,Indiana Pacers,IND @ MIN,L,0,110,49.0,24,7.0,5,16,0.429,0.667,0.35,-4.0,22025
22500109,2025-10-26,Washington Wizards,WAS vs. CHA,L,0,113,40.0,25,5.0,4,15,0.451,0.84,0.294,-26.0,22025
22500106,2025-10-26,Boston Celtics,BOS @ DET,L,0,113,38.0,17,11.0,8,12,0.426,0.75,0.333,-6.0,22025
22500110,2025-10-26,Minnesota Timberwolves,MIN vs. IND,W,1,114,48.0,19,9.0,4,14,0.464,0.703,0.303,4.0,22025
22500111,2025-10-26,Toronto Raptors,TOR @ DAL,L,0,129,43.0,33,10.0,1,14,0.49,0.75,0.394,-10.0,22025
22500108,2025-10-26,New York Knicks,NYK @ MIA,L,0,107,52.0,23,9.0,3,15,0.388,0.762,0.278,-8.0,22025
22500113,2025-10-26,Sacramento Kings,SAC vs. LAL,L,0,120,40.0,27,13.0,4,15,0.446,0.667,0.419,-7.0,22025
22500113,2025-10-26,Los Angeles Lakers,LAL @ SAC,W,1,127,47.0,26,9.0,3,17,0.488,0.891,0.32,7.0,22025
22500105,2025-10-26,San Antonio Spurs,SAS vs. BKN,W,1,118,45.0,20,7.0,6,12,0.5,0.778,0.444,11.0,22025
22500107,2025-10-26,Milwaukee Bucks,MIL @ CLE,L,0,113,37.0,25,12.0,6,17,0.506,0.714,0.394,-5.0,22025
22500109,2025-10-26,Charlotte Hornets,CHA @ WAS,W,1,139,52.0,30,12.0,4,11,0.511,0.833,0.395,26.0,22025
22500106,2025-10-26,Detroit Pistons,DET vs. BOS,W,1,119,55.0,22,7.0,5,16,0.419,0.889,0.265,6.0,22025
22500111,2025-10-26,Dallas Mavericks,DAL vs. TOR,W,1,139,49.0,32,12.0,7,20,0.588,0.744,0.385,10.0,22025
22500108,2025-10-26,Miami Heat,MIA vs. NYK,W,1,115,50.0,25,7.0,1,16,0.458,0.839,0.351,8.0,22025
22500112,2025-10-26,Los Angeles Clippers,LAC vs. POR,W,1,114,46.0,26,11.0,8,22,0.55,0.933,0.387,7.0,22025
22500115,2025-10-27,Atlanta Hawks,ATL @ CHI,L,0,123,36.0,32,8.0,1,6,0.5,0.7,0.344,-5.0,22025
22500117,2025-10-27,New Orleans Pelicans,NOP vs. BOS,L,0,90,35.0,17,7.0,0,13,0.333,0.893,0.25,-32.0,22025
22500119,2025-10-27,Dallas Mavericks,DAL vs. OKC,L,0,94,36.0,20,6.0,4,8,0.379,0.727,0.308,-7.0,22025
22500008,2025-10-27,Denver Nuggets,DEN @ MIN,W,1,127,46.0,24,5.0,4,12,0.523,0.88,0.5,13.0,22025
22500118,2025-10-27,Toronto Raptors,TOR @ SAS,L,0,103,20.0,29,9.0,4,15,0.468,0.739,0.375,-18.0,22025
22500120,2025-10-27,Utah Jazz,UTA vs. PHX,W,1,138,64.0,27,8.0,4,18,0.407,0.944,0.327,4.0,22025
22500122,2025-10-27,Los Angeles Lakers,LAL vs. POR,L,0,108,42.0,23,11.0,5,23,0.465,0.808,0.259,-14.0,22025
22500007,2025-10-27,Detroit Pistons,DET vs. CLE,L,0,95,48.0,20,12.0,4,25,0.379,0.667,0.324,-21.0,22025
22500114,2025-10-27,Orlando Magic,ORL @ PHI,L,0,124,43.0,27,4.0,7,13,0.549,0.684,0.32,-12.0,22025
22500117,2025-10-27,Boston Celtics,BOS @ NOP,W,1,122,54.0,25,5.0,7,11,0.484,0.8,0.34,32.0,22025
22500121,2025-10-27,Memphis Grizzlies,MEM @ GSW,L,0,118,39.0,32,8.0,3,13,0.455,0.929,0.308,-13.0,22025
22500007,2025-10-27,Cleveland Cavaliers,CLE @ DET,W,1,116,48.0,25,11.0,4,19,0.459,0.771,0.314,21.0,22025
22500114,2025-10-27,Philadelphia 76ers,PHI vs. ORL,W,1,136,39.0,25,5.0,9,6,0.495,0.813,0.424,12.0,22025
22500119,2025-10-27,Oklahoma City Thunder,OKC @ DAL,W,1,101,55.0,21,5.0,5,13,0.467,0.846,0.2,7.0,22025
22500121,2025-10-27,Golden State Warriors,GSW vs. MEM,W,1,131,39.0,36,7.0,5,16,0.53,0.8,0.442,13.0,22025
22500116,2025-10-27,Brooklyn Nets,BKN @ HOU,L,0,109,37.0,22,3.0,0,12,0.477,0.667,0.375,-28.0,22025
22500122,2025-10-27,Portland Trail Blazers,POR @ LAL,W,1,122,49.0,24,12.0,9,18,0.456,0.933,0.326,14.0,22025
22500008,2025-10-27,Minnesota Timberwolves,MIN vs. DEN,L,0,114,33.0,19,8.0,9,14,0.471,0.828,0.313,-13.0,22025
22500115,2025-10-27,Chicago Bulls,CHI vs. ATL,W,1,128,51.0,33,5.0,4,14,0.522,0.762,0.372,5.0,22025
22500120,2025-10-27,Phoenix Suns,PHX @ UTA,L,0,134,48.0,37,13.0,8,14,0.425,0.774,0.364,-4.0,22025
22500116,2025-10-27,Houston Rockets,HOU vs. BKN,W,1,137,39.0,33,10.0,4,9,0.576,0.885,0.5,28.0,22025
22500118,2025-10-27,San Antonio Spurs,SAS vs. TOR,W,1,121,44.0,29,11.0,3,20,0.582,0.833,0.481,18.0,22025
22500127,2025-10-28,Golden State Warriors,GSW vs. LAC,W,1,98,42.0,24,11.0,3,13,0.453,0.75,0.378,19.0,22025
22500125,2025-10-28,New York Knicks,NYK @ MIL,L,0,111,45.0,24,9.0,2,13,0.424,0.87,0.325,-10.0,22025
22500125,2025-10-28,Milwaukee Bucks,MIL vs. NYK,W,1,121,38.0,27,7.0,8,13,0.544,0.875,0.412,10.0,22025
22500126,2025-10-28,Sacramento Kings,SAC @ OKC,L,0,101,46.0,21,11.0,3,17,0.424,0.905,0.345,-6.0,22025
22500126,2025-10-28,Oklahoma City Thunder,OKC vs. SAC,W,1,107,44.0,26,11.0,10,15,0.457,0.9,0.318,6.0,22025
22500127,2025-10-28,Los Angeles Clippers,LAC @ GSW,L,0,79,47.0,10,7.0,2,13,0.366,0.813,0.182,-19.0,22025
22500124,2025-10-28,Miami Heat,MIA vs. CHA,W,1,144,37.0,34,8.0,2,11,0.542,0.909,0.444,27.0,22025
22500123,2025-10-28,Washington Wizards,WAS vs. PHI,L,0,134,50.0,33,10.0,5,15,0.477,0.714,0.395,-5.0,22025
22500123,2025-10-28,Philadelphia 76ers,PHI @ WAS,W,1,139,55.0,26,7.0,11,14,0.45,0.865,0.405,5.0,22025
22500124,2025-10-28,Charlotte Hornets,CHA @ MIA,L,0,117,41.0,26,9.0,3,17,0.444,0.826,0.4,-27.0,22025
22500131,2025-10-29,Houston Rockets,HOU @ TOR,W,1,139,53.0,31,9.0,8,15,0.575,0.765,0.433,18.0,22025
22500137,2025-10-29,Phoenix Suns,PHX vs. MEM,L,0,113,40.0,25,11.0,4,20,0.477,0.882,0.4,-1.0,22025
22500135,2025-10-29,Utah Jazz,UTA vs. POR,L,0,134,46.0,30,10.0,7,21,0.488,0.837,0.314,-2.0,22025
22500133,2025-10-29,Indiana Pacers,IND @ DAL,L,0,105,52.0,20,8.0,7,12,0.349,0.643,0.289,-2.0,22025
22500128,2025-10-29,Boston Celtics,BOS vs. CLE,W,1,125,53.0,29,11.0,3,9,0.442,0.833,0.368,20.0,22025
22500135,2025-10-29,Portland Trail Blazers,POR @ UTA,W,1,136,39.0,34,14.0,5,16,0.479,0.852,0.382,2.0,22025
22500129,2025-10-29,Detroit Pistons,DET vs. ORL,W,1,135,46.0,29,11.0,8,13,0.495,0.882,0.406,19.0,22025
22500128,2025-10-29,Cleveland Cavaliers,CLE @ BOS,L,0,105,42.0,25,6.0,4,14,0.402,0.75,0.327,-20.0,22025
22500130,2025-10-29,Atlanta Hawks,ATL @ BKN,W,1,117,44.0,33,11.0,8,8,0.473,0.727,0.394,5.0,22025
22500129,2025-10-29,Orlando Magic,ORL @ DET,L,0,116,43.0,22,5.0,5,16,0.458,0.7,0.387,-19.0,22025
22500131,2025-10-29,Toronto Raptors,TOR vs. HOU,L,0,121,22.0,29,6.0,2,10,0.506,0.737,0.525,-18.0,22025
22500134,2025-10-29,Denver Nuggets,DEN vs. NOP,W,1,122,56.0,40,6.0,4,14,0.533,0.857,0.333,34.0,22025
22500132,2025-10-29,Chicago Bulls,CHI vs. SAC,W,1,126,46.0,34,6.0,2,15,0.538,0.778,0.438,13.0,22025
22500133,2025-10-29,Dallas Mavericks,DAL vs. IND,W,1,107,47.0,21,4.0,7,19,0.456,0.811,0.208,2.0,22025
22500136,2025-10-29,Minnesota Timberwolves,MIN vs. LAL,L,0,115,34.0,30,8.0,5,18,0.5,0.818,0.5,-1.0,22025
22500137,2025-10-29,Memphis Grizzlies,MEM @ PHX,W,1,114,41.0,31,12.0,3,17,0.473,0.846,0.395,1.0,22025
22500132,2025-10-29,Sacramento Kings,SAC @ CHI,L,0,113,31.0,28,10.0,2,10,0.524,0.769,0.25,-13.0,22025
22500136,2025-10-29,Los Angeles Lakers,LAL @ MIN,W,1,116,40.0,34,6.0,5,18,0.542,0.682,0.355,1.0,22025
22500134,2025-10-29,New Orleans Pelicans,NOP @ DEN,L,0,88,36.0,17,9.0,3,13,0.376,0.586,0.206,-34.0,22025
22500130,2025-10-29,Brooklyn Nets,BKN vs. ATL,L,0,112,47.0,23,4.0,4,16,0.455,0.778,0.297,-5.0,22025
22500141,2025-10-30,Miami Heat,MIA @ SAS,L,0,101,41.0,29,6.0,2,14,0.433,0.727,0.395,-6.0,22025
22500140,2025-10-30,Oklahoma City Thunder,OKC vs. WAS,W,1,127,47.0,29,16.0,8,6,0.449,0.821,0.327,19.0,22025
22500141,2025-10-30,San Antonio Spurs,SAS vs. MIA,W,1,107,48.0,26,10.0,8,11,0.442,0.739,0.341,6.0,22025
22500139,2025-10-30,Golden State Warriors,GSW @ MIL,L,0,110,44.0,23,8.0,6,19,0.424,0.962,0.342,-10.0,22025
22500138,2025-10-30,Charlotte Hornets,CHA vs. ORL,L,0,107,41.0,24,5.0,6,21,0.506,0.8,0.367,-16.0,22025
22500138,2025-10-30,Orlando Magic,ORL @ CHA,W,1,123,38.0,29,10.0,7,13,0.517,0.739,0.421,16.0,22025
22500139,2025-10-30,Milwaukee Bucks,MIL vs. GSW,W,1,120,34.0,25,7.0,2,12,0.479,0.692,0.413,10.0,22025
22500140,2025-10-30,Washington Wizards,WAS @ OKC,L,0,108,49.0,25,3.0,6,22,0.452,0.882,0.425,-19.0,22025
22500021,2025-10-31,Philadelphia 76ers,PHI vs. BOS,L,0,108,40.0,27,6.0,7,18,0.474,0.724,0.382,-1.0,22025
22500023,2025-10-31,Chicago Bulls,CHI vs. NYK,W,1,135,41.0,31,8.0,6,7,0.536,0.8,0.459,10.0,22025
22500025,2025-10-31,Phoenix Suns,PHX vs. UTA,W,1,118,44.0,30,10.0,6,9,0.473,0.833,0.354,22.0,22025
22500020,2025-10-31,Atlanta Hawks,ATL @ IND,W,1,128,55.0,30,10.0,5,10,0.543,0.8,0.333,20.0,22025
22500025,2025-10-31,Utah Jazz,UTA @ PHX,L,0,96,48.0,23,4.0,3,21,0.375,0.75,0.324,-22.0,22025
22500022,2025-10-31,Toronto Raptors,TOR @ CLE,W,1,112,48.0,27,9.0,4,16,0.488,0.792,0.433,11.0,22025
22500024,2025-10-31,Memphis Grizzlies,MEM vs. LAL,L,0,112,42.0,28,9.0,0,11,0.441,0.842,0.311,-5.0,22025
22500026,2025-10-31,Portland Trail Blazers,POR vs. DEN,W,1,109,43.0,26,11.0,5,12,0.418,0.71,0.282,2.0,22025
22500022,2025-10-31,Cleveland Cavaliers,CLE vs. TOR,L,0,101,42.0,24,10.0,10,13,0.4,0.652,0.304,-11.0,22025
22500027,2025-10-31,New Orleans Pelicans,NOP @ LAC,L,0,124,43.0,28,8.0,4,15,0.482,0.897,0.486,-2.0,22025
22500020,2025-10-31,Indiana Pacers,IND vs. ATL,L,0,108,49.0,23,6.0,3,12,0.354,0.758,0.277,-20.0,22025
22500021,2025-10-31,Boston Celtics,BOS @ PHI,W,1,109,45.0,26,8.0,7,9,0.436,0.583,0.311,1.0,22025
22500024,2025-10-31,Los Angeles Lakers,LAL @ MEM,W,1,117,40.0,24,8.0,3,13,0.513,0.788,0.342,5.0,22025
22500026,2025-10-31,Denver Nuggets,DEN @ POR,L,0,107,46.0,19,6.0,7,16,0.481,0.806,0.24,-2.0,22025
22500023,2025-10-31,New York Knicks,NYK @ CHI,L,0,125,39.0,27,3.0,5,12,0.495,0.739,0.4,-10.0,22025
22500027,2025-10-31,Los Angeles Clippers,LAC vs. NOP,W,1,126,37.0,28,12.0,6,12,0.517,0.905,0.385,2.0,22025
22500143,2025-11-01,Minnesota Timberwolves,MIN @ CHA,W,1,122,38.0,31,8.0,2,10,0.54,0.786,0.472,17.0,22025
22500147,2025-11-01,Detroit Pistons,DAL @ DET,W,1,122,47.0,29,10.0,4,7,0.495,0.676,0.375,12.0,22025
22500142,2025-11-01,Milwaukee Bucks,MIL vs. SAC,L,0,133,37.0,30,5.0,2,11,0.598,0.645,0.469,-2.0,22025
22500146,2025-11-01,Houston Rockets,HOU @ BOS,W,1,128,53.0,30,6.0,11,18,0.545,0.714,0.655,27.0,22025
22500143,2025-11-01,Charlotte Hornets,CHA vs. MIN,L,0,105,45.0,23,4.0,4,14,0.395,0.889,0.289,-17.0,22025
22500144,2025-11-01,Golden State Warriors,GSW @ IND,L,0,109,44.0,25,5.0,4,16,0.433,0.864,0.273,-5.0,22025
22500145,2025-11-01,Washington Wizards,WAS vs. ORL,L,0,94,40.0,19,7.0,9,17,0.398,0.467,0.333,-31.0,22025
22500145,2025-11-01,Orlando Magic,ORL @ WAS,W,1,125,53.0,32,13.0,10,15,0.511,0.864,0.333,31.0,22025
22500146,2025-11-01,Boston Celtics,BOS vs. HOU,L,0,101,36.0,24,9.0,2,10,0.388,1.0,0.318,-27.0,22025
22500144,2025-11-01,Indiana Pacers,IND vs. GSW,W,1,114,47.0,24,7.0,3,12,0.449,0.857,0.303,5.0,22025
22500147,2025-11-01,Dallas Mavericks,DAL @ DET,L,0,110,43.0,23,3.0,3,15,0.425,0.839,0.356,-12.0,22025
22500142,2025-11-01,Sacramento Kings,SAC @ MIL,W,1,135,38.0,30,8.0,1,9,0.517,0.875,0.357,2.0,22025
22500152,2025-11-02,Memphis Grizzlies,MEM @ TOR,L,0,104,41.0,24,6.0,0,11,0.437,0.85,0.314,-13.0,22025
22500151,2025-11-02,Cleveland Cavaliers,CLE vs. ATL,W,1,117,44.0,30,12.0,4,16,0.412,0.944,0.351,8.0,22025
22500152,2025-11-02,Toronto Raptors,TOR vs. MEM,W,1,117,49.0,32,5.0,7,15,0.506,0.8,0.297,13.0,22025
22500155,2025-11-02,Los Angeles Lakers,LAL vs. MIA,W,1,130,41.0,33,14.0,2,11,0.505,0.826,0.326,10.0,22025
22500154,2025-11-02,Phoenix Suns,PHX vs. SAS,W,1,130,39.0,34,8.0,4,20,0.582,0.864,0.576,12.0,22025
22500148,2025-11-02,New Orleans Pelicans,NOP @ OKC,L,0,106,38.0,26,6.0,3,16,0.438,0.625,0.4,-31.0,22025
22500151,2025-11-02,Atlanta Hawks,ATL @ CLE,L,0,109,46.0,28,9.0,3,22,0.506,0.714,0.261,-8.0,22025
22500148,2025-11-02,Oklahoma City Thunder,OKC vs. NOP,W,1,137,42.0,33,12.0,5,11,0.56,0.885,0.417,31.0,22025
22500150,2025-11-02,Charlotte Hornets,CHA vs. UTA,W,1,126,46.0,31,6.0,6,14,0.489,1.0,0.419,23.0,22025
22500154,2025-11-02,San Antonio Spurs,SAS @ PHX,L,0,118,41.0,21,11.0,5,14,0.459,0.783,0.244,-12.0,22025
22500153,2025-11-02,New York Knicks,NYK vs. CHI,W,1,128,47.0,31,7.0,5,11,0.453,1.0,0.476,12.0,22025
22500149,2025-11-02,Philadelphia 76ers,PHI @ BKN,W,1,129,44.0,34,10.0,6,15,0.521,0.824,0.375,24.0,22025
22500155,2025-11-02,Miami Heat,MIA @ LAL,L,0,120,42.0,29,7.0,3,15,0.512,0.694,0.273,-10.0,22025
22500149,2025-11-02,Brooklyn Nets,BKN vs. PHI,L,0,105,44.0,21,10.0,4,18,0.429,0.769,0.179,-24.0,22025
22500153,2025-11-02,Chicago Bulls,CHI @ NYK,L,0,116,46.0,28,7.0,3,14,0.484,0.818,0.425,-12.0,22025
22500150,2025-11-02,Utah Jazz,UTA @ CHA,L,0,103,38.0,27,7.0,3,10,0.409,0.828,0.219,-23.0,22025
22500164,2025-11-03,Miami Heat,MIA @ LAC,W,1,120,37.0,33,12.0,3,16,0.542,0.75,0.48,1.0,22025
22500159,2025-11-03,New York Knicks,NYK vs. WAS,W,1,119,49.0,32,12.0,4,12,0.468,0.8,0.366,17.0,22025
22500159,2025-11-03,Washington Wizards,WAS @ NYK,L,0,102,44.0,30,7.0,5,20,0.469,0.684,0.371,-17.0,22025
22500156,2025-11-03,Brooklyn Nets,BKN vs. MIN,L,0,109,40.0,25,9.0,4,12,0.404,0.658,0.3,-16.0,22025
22500157,2025-11-03,Milwaukee Bucks,MIL @ IND,W,1,117,43.0,24,6.0,5,18,0.477,0.591,0.426,2.0,22025
22500163,2025-11-03,Los Angeles Lakers,LAL @ POR,W,1,123,34.0,29,11.0,5,17,0.588,0.875,0.391,8.0,22025
22500161,2025-11-03,Detroit Pistons,DET @ MEM,W,1,114,43.0,23,11.0,9,12,0.506,0.69,0.323,8.0,22025
22500164,2025-11-03,Los Angeles Clippers,LAC vs. MIA,L,0,119,44.0,25,13.0,4,20,0.5,0.737,0.415,-1.0,22025
22500160,2025-11-03,Houston Rockets,HOU vs. DAL,W,1,110,54.0,23,9.0,7,17,0.461,0.667,0.276,8.0,22025
22500162,2025-11-03,Denver Nuggets,DEN vs. SAC,W,1,130,40.0,33,9.0,5,7,0.515,0.75,0.316,6.0,22025
22500160,2025-11-03,Dallas Mavericks,DAL @ HOU,L,0,102,40.0,30,12.0,6,15,0.449,0.65,0.25,-8.0,22025
22500158,2025-11-03,Boston Celtics,BOS vs. UTA,L,0,103,36.0,21,12.0,4,10,0.416,0.818,0.216,-2.0,22025
22500157,2025-11-03,Indiana Pacers,IND vs. MIL,L,0,115,45.0,24,8.0,4,11,0.433,0.763,0.242,-2.0,22025
22500161,2025-11-03,Memphis Grizzlies,MEM vs. DET,L,0,106,49.0,25,8.0,5,20,0.402,0.88,0.341,-8.0,22025
22500156,2025-11-03,Minnesota Timberwolves,MIN @ BKN,W,1,125,53.0,33,6.0,4,16,0.564,0.657,0.4,16.0,22025
22500162,2025-11-03,Sacramento Kings,SAC @ DEN,L,0,124,47.0,27,5.0,1,15,0.522,0.84,0.333,-6.0,22025
22500163,2025-11-03,Portland Trail Blazers,POR vs. LAL,L,0,115,38.0,23,13.0,3,18,0.494,0.733,0.225,-8.0,22025
22500158,2025-11-03,Utah Jazz,UTA @ BOS,W,1,105,55.0,23,4.0,2,18,0.452,0.8,0.29,2.0,22025
22500170,2025-11-04,Oklahoma City Thunder,OKC @ LAC,W,1,126,40.0,28,12.0,6,10,0.523,0.818,0.474,19.0,22025
22500169,2025-11-04,Phoenix Suns,PHX @ GSW,L,0,107,46.0,25,10.0,5,17,0.44,0.938,0.364,-11.0,22025
22500165,2025-11-04,Milwaukee Bucks,MIL @ TOR,L,0,100,41.0,26,5.0,4,12,0.43,0.714,0.289,-28.0,22025
22500169,2025-11-04,Golden State Warriors,GSW vs. PHX,W,1,118,39.0,33,9.0,4,15,0.494,0.85,0.452,11.0,22025
22500166,2025-11-04,Atlanta Hawks,ATL vs. ORL,W,1,127,34.0,23,11.0,6,18,0.556,0.81,0.433,15.0,22025
22500170,2025-11-04,Los Angeles Clippers,LAC vs. OKC,L,0,107,42.0,26,9.0,2,19,0.413,0.852,0.419,-19.0,22025
22500167,2025-11-04,Philadelphia 76ers,PHI @ CHI,L,0,111,40.0,22,12.0,11,16,0.426,0.833,0.367,-2.0,22025
22500165,2025-11-04,Toronto Raptors,TOR vs. MIL,W,1,128,50.0,33,8.0,6,9,0.484,0.793,0.447,28.0,22025
22500168,2025-11-04,New Orleans Pelicans,NOP vs. CHA,W,1,116,39.0,27,9.0,3,12,0.478,0.684,0.447,4.0,22025
22500168,2025-11-04,Charlotte Hornets,CHA @ NOP,L,0,112,49.0,20,8.0,6,19,0.476,0.75,0.342,-4.0,22025
22500166,2025-11-04,Orlando Magic,ORL @ ATL,L,0,112,41.0,26,9.0,1,17,0.434,0.879,0.324,-15.0,22025
22500167,2025-11-04,Chicago Bulls,CHI vs. PHI,W,1,113,48.0,26,11.0,9,18,0.472,0.8,0.382,2.0,22025
22500176,2025-11-05,Houston Rockets,HOU @ MEM,W,1,124,54.0,29,9.0,3,13,0.475,0.833,0.433,15.0,22025
22500175,2025-11-05,Minnesota Timberwolves,MIN @ NYK,L,0,114,31.0,30,6.0,2,17,0.482,0.882,0.475,-23.0,22025
22500180,2025-11-05,Portland Trail Blazers,POR vs. OKC,W,1,121,49.0,24,8.0,6,15,0.409,0.938,0.442,2.0,22025
22500181,2025-11-05,Golden State Warriors,GSW @ SAC,L,0,116,44.0,28,10.0,6,18,0.449,0.826,0.395,-5.0,22025
22500172,2025-11-05,Utah Jazz,UTA @ DET,L,0,103,44.0,24,7.0,2,15,0.384,0.862,0.308,-11.0,22025
22500171,2025-11-05,Philadelphia 76ers,PHI @ CLE,L,0,121,43.0,26,9.0,2,18,0.489,0.7,0.387,-11.0,22025
22500173,2025-11-05,Indiana Pacers,IND vs. BKN,L,0,103,56.0,29,6.0,5,16,0.414,0.615,0.361,-9.0,22025
22500174,2025-11-05,Boston Celtics,BOS vs. WAS,W,1,136,40.0,31,12.0,3,5,0.547,0.762,0.39,29.0,22025
22500178,2025-11-05,Denver Nuggets,DEN vs. MIA,W,1,122,61.0,33,10.0,4,16,0.426,0.893,0.275,10.0,22025
22500177,2025-11-05,Dallas Mavericks,DAL vs. NOP,L,0,99,44.0,18,11.0,7,15,0.416,0.75,0.313,-2.0,22025
22500172,2025-11-05,Detroit Pistons,DET vs. UTA,W,1,114,52.0,24,5.0,6,13,0.495,0.591,0.367,11.0,22025
22500179,2025-11-05,Los Angeles Lakers,LAL vs. SAS,W,1,118,38.0,23,8.0,5,12,0.446,0.773,0.323,2.0,22025
22500175,2025-11-05,New York Knicks,NYK vs. MIN,W,1,137,50.0,32,7.0,8,14,0.539,0.889,0.452,23.0,22025
22500178,2025-11-05,Miami Heat,MIA @ DEN,L,0,112,38.0,26,13.0,4,14,0.442,0.88,0.341,-10.0,22025
22500177,2025-11-05,New Orleans Pelicans,NOP @ DAL,W,1,101,56.0,18,10.0,3,13,0.429,0.813,0.323,2.0,22025
22500179,2025-11-05,San Antonio Spurs,SAS @ LAL,L,0,116,37.0,22,7.0,1,19,0.486,0.775,0.394,-2.0,22025
22500174,2025-11-05,Washington Wizards,WAS @ BOS,L,0,107,40.0,25,2.0,5,19,0.488,0.741,0.333,-29.0,22025
22500181,2025-11-05,Sacramento Kings,SAC vs. GSW,W,1,121,47.0,27,7.0,5,16,0.494,0.848,0.478,5.0,22025
22500171,2025-11-05,Cleveland Cavaliers,CLE vs. PHI,W,1,132,34.0,33,9.0,7,14,0.533,0.941,0.409,11.0,22025
22500173,2025-11-05,Brooklyn Nets,BKN @ IND,W,1,112,45.0,26,9.0,5,12,0.419,0.743,0.35,9.0,22025
22500180,2025-11-05,Oklahoma City Thunder,OKC @ POR,L,0,119,50.0,24,9.0,5,14,0.418,0.903,0.395,-2.0,22025
22500176,2025-11-05,Memphis Grizzlies,MEM vs. HOU,L,0,109,47.0,25,10.0,9,15,0.382,0.8,0.333,-15.0,22025
22500182,2025-11-06,Phoenix Suns,PHX vs. LAC,W,1,115,44.0,27,13.0,2,15,0.446,0.737,0.388,13.0,22025
22500182,2025-11-06,Los Angeles Clippers,LAC @ PHX,L,0,102,41.0,24,8.0,4,15,0.443,0.733,0.323,-13.0,22025
22500028,2025-11-07,Boston Celtics,BOS @ ORL,L,0,110,44.0,26,9.0,8,14,0.453,0.688,0.351,-13.0,22025
22500028,2025-11-07,Orlando Magic,ORL vs. BOS,W,1,123,44.0,28,8.0,7,15,0.5,0.774,0.472,13.0,22025
22500038,2025-11-07,Sacramento Kings,SAC vs. OKC,L,0,101,38.0,27,6.0,3,15,0.413,0.667,0.375,-31.0,22025
22500030,2025-11-07,Atlanta Hawks,ATL vs. TOR,L,0,97,54.0,24,8.0,7,15,0.344,0.957,0.237,-12.0,22025
22500029,2025-11-07,Washington Wizards,WAS vs. CLE,L,0,115,44.0,32,5.0,7,20,0.451,0.783,0.366,-33.0,22025
22500037,2025-11-07,Denver Nuggets,DEN vs. GSW,W,1,129,41.0,34,8.0,4,8,0.561,0.84,0.485,25.0,22025
22500031,2025-11-07,Detroit Pistons,DET @ BKN,W,1,125,46.0,32,14.0,1,13,0.576,0.7,0.231,18.0,22025
22500029,2025-11-07,Cleveland Cavaliers,CLE @ WAS,W,1,148,57.0,34,15.0,6,10,0.473,0.774,0.444,33.0,22025
22500037,2025-11-07,Golden State Warriors,GSW @ DEN,L,0,104,46.0,28,4.0,5,12,0.421,0.8,0.293,-25.0,22025
22500033,2025-11-07,Charlotte Hornets,CHA @ MIA,L,0,108,57.0,22,4.0,9,18,0.381,0.889,0.256,-18.0,22025
22500033,2025-11-07,Miami Heat,MIA vs. CHA,W,1,126,37.0,31,10.0,7,8,0.515,0.857,0.429,18.0,22025
22500031,2025-11-07,Brooklyn Nets,BKN vs. DET,L,0,107,30.0,26,5.0,1,19,0.425,0.846,0.37,-18.0,22025
22500032,2025-11-07,San Antonio Spurs,SAS vs. HOU,W,1,121,40.0,30,15.0,4,20,0.46,0.92,0.4,11.0,22025
22500034,2025-11-07,Memphis Grizzlies,MEM vs. DAL,W,1,118,42.0,27,8.0,1,13,0.482,0.821,0.371,14.0,22025
22500034,2025-11-07,Dallas Mavericks,DAL @ MEM,L,0,104,44.0,25,7.0,6,17,0.488,0.625,0.256,-14.0,22025
22500030,2025-11-07,Toronto Raptors,TOR @ ATL,W,1,109,48.0,23,11.0,6,12,0.407,0.92,0.316,12.0,22025
22500035,2025-11-07,Chicago Bulls,CHI @ MIL,L,0,110,45.0,34,9.0,3,14,0.489,0.75,0.303,-16.0,22025
22500032,2025-11-07,Houston Rockets,HOU @ SAS,L,0,110,41.0,25,12.0,4,23,0.459,0.905,0.481,-11.0,22025
22500036,2025-11-07,Utah Jazz,UTA @ MIN,L,0,97,40.0,28,11.0,3,17,0.372,0.72,0.231,-40.0,22025
22500038,2025-11-07,Oklahoma City Thunder,OKC @ SAC,W,1,132,52.0,27,9.0,8,11,0.538,0.875,0.371,31.0,22025
22500035,2025-11-07,Milwaukee Bucks,MIL vs. CHI,W,1,126,53.0,27,10.0,6,11,0.466,0.778,0.41,16.0,22025
22500036,2025-11-07,Minnesota Timberwolves,MIN vs. UTA,W,1,137,52.0,32,10.0,10,21,0.568,0.741,0.472,40.0,22025
22500183,2025-11-08,Dallas Mavericks,DAL @ WAS,W,1,111,51.0,26,15.0,6,13,0.452,0.7,0.25,6.0,22025
22500186,2025-11-08,Chicago Bulls,CHI @ CLE,L,0,122,49.0,27,8.0,4,13,0.452,0.917,0.448,-6.0,22025
22500186,2025-11-08,Cleveland Cavaliers,CLE vs. CHI,W,1,128,39.0,32,6.0,7,9,0.489,0.731,0.37,6.0,22025
22500183,2025-11-08,Washington Wizards,WAS vs. DAL,L,0,105,44.0,17,7.0,7,18,0.416,0.87,0.314,-6.0,22025
22500190,2025-11-08,Phoenix Suns,PHX @ LAC,W,1,114,42.0,30,9.0,2,12,0.482,0.857,0.421,11.0,22025
22500185,2025-11-08,Atlanta Hawks,ATL vs. LAL,W,1,122,37.0,37,13.0,6,11,0.516,0.909,0.41,20.0,22025
22500187,2025-11-08,Portland Trail Blazers,POR @ MIA,L,0,131,57.0,29,8.0,4,20,0.45,0.826,0.275,-5.0,22025
22500185,2025-11-08,Los Angeles Lakers,LAL @ ATL,L,0,102,47.0,23,8.0,5,19,0.457,0.8,0.4,-20.0,22025
22500184,2025-11-08,Toronto Raptors,TOR @ PHI,L,0,120,38.0,29,7.0,5,10,0.456,0.786,0.421,-10.0,22025
22500188,2025-11-08,New Orleans Pelicans,NOP @ SAS,L,0,119,40.0,27,7.0,2,11,0.479,0.824,0.395,-7.0,22025
22500190,2025-11-08,Los Angeles Clippers,LAC vs. PHX,L,0,103,27.0,26,5.0,5,11,0.532,0.611,0.303,-11.0,22025
22500187,2025-11-08,Miami Heat,MIA vs. POR,W,1,136,47.0,37,17.0,5,14,0.51,0.778,0.286,5.0,22025
22500188,2025-11-08,San Antonio Spurs,SAS vs. NOP,W,1,126,43.0,31,6.0,6,12,0.533,0.889,0.35,7.0,22025
22500189,2025-11-08,Indiana Pacers,IND @ DEN,L,0,100,43.0,20,9.0,6,11,0.355,0.765,0.222,-17.0,22025
22500189,2025-11-08,Denver Nuggets,DEN vs. IND,W,1,117,55.0,32,8.0,2,16,0.484,0.826,0.296,17.0,22025
22500184,2025-11-08,Philadelphia 76ers,PHI vs. TOR,W,1,130,54.0,31,4.0,9,13,0.51,0.786,0.286,10.0,22025
22500196,2025-11-09,Indiana Pacers,IND @ GSW,L,0,83,53.0,21,7.0,6,20,0.34,0.727,0.282,-31.0,22025
22500195,2025-11-09,Philadelphia 76ers,PHI vs. DET,L,0,108,44.0,22,8.0,6,19,0.429,0.857,0.364,-3.0,22025
22500191,2025-11-09,Houston Rockets,HOU @ MIL,W,1,122,50.0,24,8.0,3,17,0.533,0.762,0.385,7.0,22025
22500191,2025-11-09,Milwaukee Bucks,MIL vs. HOU,L,0,115,27.0,25,11.0,6,13,0.557,0.583,0.448,-7.0,22025
22500194,2025-11-09,Oklahoma City Thunder,OKC @ MEM,W,1,114,51.0,19,10.0,3,6,0.432,0.846,0.233,14.0,22025
22500193,2025-11-09,Boston Celtics,BOS @ ORL,W,1,111,41.0,22,10.0,2,14,0.471,0.72,0.394,4.0,22025
22500192,2025-11-09,New York Knicks,NYK vs. BKN,W,1,134,46.0,31,9.0,3,14,0.539,0.808,0.459,36.0,22025
22500196,2025-11-09,Golden State Warriors,GSW vs. IND,W,1,114,50.0,22,11.0,6,10,0.432,0.703,0.273,31.0,22025
22500195,2025-11-09,Detroit Pistons,DET @ PHI,W,1,111,37.0,23,12.0,5,15,0.476,0.714,0.433,3.0,22025
22500192,2025-11-09,Brooklyn Nets,BKN @ NYK,L,0,98,38.0,21,5.0,8,19,0.402,0.75,0.311,-36.0,22025
22500194,2025-11-09,Memphis Grizzlies,MEM vs. OKC,L,0,100,50.0,30,3.0,6,14,0.385,0.722,0.386,-14.0,22025
22500197,2025-11-09,Sacramento Kings,SAC vs. MIN,L,0,117,43.0,25,8.0,3,16,0.444,0.774,0.448,-27.0,22025
22500197,2025-11-09,Minnesota Timberwolves,MIN @ SAC,W,1,144,44.0,28,11.0,9,10,0.536,0.917,0.391,27.0,22025
22500193,2025-11-09,Orlando Magic,ORL vs. BOS,L,0,107,42.0,21,8.0,4,17,0.449,0.938,0.241,-4.0,22025
22500199,2025-11-10,Detroit Pistons,DET vs. WAS,W,1,137,63.0,27,16.0,5,14,0.412,0.789,0.317,2.0,22025
22500204,2025-11-10,New Orleans Pelicans,NOP @ PHX,L,0,98,40.0,18,12.0,3,19,0.41,0.769,0.313,-23.0,22025
22500206,2025-11-10,Atlanta Hawks,ATL @ LAC,W,1,105,41.0,30,7.0,8,11,0.452,0.8,0.382,3.0,22025
22500202,2025-11-10,Chicago Bulls,CHI vs. SAS,L,0,117,45.0,29,10.0,4,12,0.441,0.826,0.421,-4.0,22025
22500206,2025-11-10,Los Angeles Clippers,LAC vs. ATL,L,0,102,42.0,19,7.0,9,11,0.439,0.72,0.316,-3.0,22025
22500201,2025-11-10,Miami Heat,MIA vs. CLE,W,1,140,56.0,32,5.0,6,14,0.469,0.878,0.333,2.0,22025
22500200,2025-11-10,Portland Trail Blazers,POR @ ORL,L,0,112,38.0,22,5.0,3,8,0.444,0.731,0.361,-3.0,22025
22500203,2025-11-10,Dallas Mavericks,DAL vs. MIL,L,0,114,52.0,25,8.0,8,14,0.416,0.756,0.231,-2.0,22025
22500200,2025-11-10,Orlando Magic,ORL vs. POR,W,1,115,50.0,26,6.0,7,13,0.448,0.853,0.267,3.0,22025
22500198,2025-11-10,Charlotte Hornets,CHA vs. LAL,L,0,111,37.0,28,6.0,6,22,0.521,0.909,0.472,-10.0,22025
22500199,2025-11-10,Washington Wizards,WAS @ DET,L,0,135,46.0,26,10.0,6,20,0.526,0.769,0.395,-2.0,22025
22500201,2025-11-10,Cleveland Cavaliers,CLE @ MIA,L,0,138,60.0,26,8.0,4,7,0.408,0.704,0.323,-2.0,22025
22500205,2025-11-10,Minnesota Timberwolves,MIN @ UTA,W,1,120,42.0,25,8.0,5,10,0.472,0.929,0.303,7.0,22025
22500202,2025-11-10,San Antonio Spurs,SAS @ CHI,W,1,121,47.0,30,10.0,7,15,0.512,0.852,0.303,4.0,22025
22500203,2025-11-10,Milwaukee Bucks,MIL @ DAL,W,1,116,44.0,24,9.0,6,13,0.451,0.8,0.389,2.0,22025
22500198,2025-11-10,Los Angeles Lakers,LAL @ CHA,W,1,121,36.0,25,12.0,2,11,0.5,0.85,0.359,10.0,22025
22500205,2025-11-10,Utah Jazz,UTA vs. MIN,L,0,113,50.0,30,5.0,5,15,0.4,0.833,0.327,-7.0,22025
22500204,2025-11-10,Phoenix Suns,PHX vs. NOP,W,1,121,43.0,29,12.0,7,18,0.5,0.774,0.442,23.0,22025
22500211,2025-11-11,Indiana Pacers,IND @ UTA,L,0,128,35.0,29,6.0,6,8,0.465,0.897,0.27,-24.0,22025
22500209,2025-11-11,Philadelphia 76ers,PHI vs. BOS,W,1,102,44.0,24,2.0,6,9,0.429,0.842,0.389,2.0,22025
22500209,2025-11-11,Boston Celtics,BOS @ PHI,L,0,100,53.0,23,4.0,6,10,0.391,0.789,0.342,-2.0,22025
22500212,2025-11-11,Sacramento Kings,SAC vs. DEN,L,0,108,35.0,31,4.0,3,10,0.482,0.696,0.303,-14.0,22025
22500207,2025-11-11,Toronto Raptors,TOR @ BKN,W,1,119,50.0,31,5.0,4,8,0.495,0.8,0.257,10.0,22025
22500212,2025-11-11,Denver Nuggets,DEN @ SAC,W,1,122,48.0,24,6.0,2,12,0.512,0.778,0.394,14.0,22025
22500210,2025-11-11,Golden State Warriors,GSW @ OKC,L,0,102,32.0,23,16.0,4,20,0.446,0.793,0.371,-24.0,22025
22500207,2025-11-11,Brooklyn Nets,BKN vs. TOR,L,0,109,36.0,24,7.0,5,12,0.395,0.969,0.341,-10.0,22025
22500210,2025-11-11,Oklahoma City Thunder,OKC vs. GSW,W,1,126,40.0,29,12.0,4,19,0.506,0.839,0.444,24.0,22025
22500208,2025-11-11,New York Knicks,NYK vs. MEM,W,1,133,44.0,35,12.0,2,14,0.48,0.85,0.4,13.0,22025
22500208,2025-11-11,Memphis Grizzlies,MEM @ NYK,L,0,120,44.0,36,7.0,3,22,0.512,0.833,0.368,-13.0,22025
22500211,2025-11-11,Utah Jazz,UTA vs. IND,W,1,152,45.0,38,3.0,3,14,0.554,0.886,0.452,24.0,22025
22500219,2025-11-12,New Orleans Pelicans,NOP vs. POR,L,0,117,35.0,28,6.0,2,10,0.473,0.857,0.333,-8.0,22025
22500213,2025-11-12,Charlotte Hornets,CHA vs. MIL,W,1,111,50.0,27,5.0,5,13,0.442,0.852,0.3,11.0,22025
22500215,2025-11-12,Orlando Magic,ORL @ NYK,W,1,124,49.0,29,10.0,4,15,0.488,0.848,0.364,17.0,22025
22500217,2025-11-12,Cleveland Cavaliers,CLE @ MIA,W,1,130,49.0,32,13.0,10,12,0.433,0.839,0.298,14.0,22025
22500216,2025-11-12,Boston Celtics,BOS vs. MEM,W,1,131,58.0,34,4.0,8,10,0.505,0.833,0.412,36.0,22025
22500222,2025-11-12,Los Angeles Lakers,LAL @ OKC,L,0,92,42.0,19,9.0,0,20,0.403,0.679,0.314,-29.0,22025
22500224,2025-11-12,Denver Nuggets,DEN @ LAC,W,1,130,42.0,22,9.0,3,11,0.524,0.829,0.382,14.0,22025
22500218,2025-11-12,Houston Rockets,HOU vs. WAS,W,1,135,53.0,32,9.0,6,10,0.531,0.696,0.486,23.0,22025
22500216,2025-11-12,Memphis Grizzlies,MEM @ BOS,L,0,95,41.0,25,8.0,4,10,0.337,0.808,0.233,-36.0,22025
22500219,2025-11-12,Portland Trail Blazers,POR @ NOP,W,1,125,39.0,26,5.0,5,13,0.578,0.941,0.351,8.0,22025
22500217,2025-11-12,Miami Heat,MIA vs. CLE,L,0,116,44.0,29,6.0,6,21,0.479,0.846,0.405,-14.0,22025
22500220,2025-11-12,San Antonio Spurs,SAS vs. GSW,L,0,120,49.0,30,5.0,3,20,0.489,0.875,0.359,-5.0,22025
22500221,2025-11-12,Phoenix Suns,PHX @ DAL,W,1,123,46.0,31,13.0,3,12,0.463,0.808,0.4,9.0,22025
22500223,2025-11-12,Sacramento Kings,SAC vs. ATL,L,0,100,35.0,22,7.0,1,18,0.391,0.778,0.359,-33.0,22025
22500220,2025-11-12,Golden State Warriors,GSW @ SAS,W,1,125,40.0,30,13.0,3,15,0.424,0.889,0.368,5.0,22025
22500213,2025-11-12,Milwaukee Bucks,MIL @ CHA,L,0,100,34.0,29,6.0,6,9,0.455,0.615,0.4,-11.0,22025
22500215,2025-11-12,New York Knicks,NYK vs. ORL,L,0,107,37.0,20,10.0,3,14,0.443,0.783,0.306,-17.0,22025
22500222,2025-11-12,Oklahoma City Thunder,OKC vs. LAL,W,1,121,42.0,28,14.0,4,11,0.5,0.913,0.308,29.0,22025
22500223,2025-11-12,Atlanta Hawks,ATL @ SAC,W,1,133,45.0,42,14.0,6,19,0.576,0.818,0.425,33.0,22025
22500214,2025-11-12,Detroit Pistons,DET vs. CHI,W,1,124,44.0,30,13.0,5,18,0.556,0.688,0.433,11.0,22025
22500218,2025-11-12,Washington Wizards,WAS @ HOU,L,0,112,37.0,25,6.0,5,12,0.457,0.684,0.395,-23.0,22025
22500224,2025-11-12,Los Angeles Clippers,LAC vs. DEN,L,0,116,36.0,28,4.0,7,14,0.488,0.947,0.432,-14.0,22025
22500221,2025-11-12,Dallas Mavericks,DAL vs. PHX,L,0,114,45.0,32,10.0,10,19,0.5,0.647,0.362,-9.0,22025
22500214,2025-11-12,Chicago Bulls,CHI @ DET,L,0,113,44.0,21,11.0,6,21,0.477,0.679,0.364,-11.0,22025
22500227,2025-11-13,Atlanta Hawks,ATL @ UTA,W,1,132,43.0,36,18.0,6,16,0.511,0.727,0.511,10.0,22025
22500225,2025-11-13,Toronto Raptors,TOR @ CLE,W,1,126,43.0,37,6.0,7,13,0.557,0.941,0.387,13.0,22025
22500226,2025-11-13,Indiana Pacers,IND @ PHX,L,0,98,41.0,20,4.0,3,12,0.364,0.931,0.28,-35.0,22025
22500227,2025-11-13,Utah Jazz,UTA vs. ATL,L,0,122,49.0,39,9.0,5,24,0.489,0.619,0.432,-10.0,22025
22500226,2025-11-13,Phoenix Suns,PHX vs. IND,W,1,133,43.0,19,6.0,6,11,0.576,0.815,0.371,35.0,22025
22500225,2025-11-13,Cleveland Cavaliers,CLE vs. TOR,L,0,113,37.0,26,7.0,6,12,0.451,0.808,0.244,-13.0,22025
22500043,2025-11-14,Charlotte Hornets,CHA @ MIL,L,0,134,39.0,31,11.0,1,13,0.48,0.793,0.378,-13.0,22025
22500040,2025-11-14,Orlando Magic,ORL vs. BKN,W,1,105,46.0,21,3.0,5,19,0.462,0.857,0.385,7.0,22025
22500046,2025-11-14,Los Angeles Clippers,LAC @ DAL,W,1,133,45.0,22,16.0,6,20,0.474,0.833,0.31,6.0,22025
22500039,2025-11-14,New York Knicks,NYK vs. MIA,W,1,140,51.0,32,9.0,2,8,0.462,0.793,0.396,8.0,22025
22500044,2025-11-14,Sacramento Kings,SAC @ MIN,L,0,110,44.0,32,12.0,4,15,0.441,0.593,0.364,-14.0,22025
22500041,2025-11-14,Detroit Pistons,DET vs. PHI,W,1,114,46.0,32,9.0,7,13,0.446,0.833,0.415,9.0,22025
22500039,2025-11-14,Miami Heat,MIA @ NYK,L,0,132,46.0,30,4.0,5,11,0.463,0.735,0.432,-8.0,22025
22500045,2025-11-14,Los Angeles Lakers,LAL @ NOP,W,1,118,45.0,28,13.0,5,17,0.524,0.769,0.294,14.0,22025
22500042,2025-11-14,Houston Rockets,HOU vs. POR,W,1,140,49.0,26,16.0,6,6,0.5,0.85,0.378,24.0,22025
22500047,2025-11-14,Golden State Warriors,GSW @ SAS,W,1,109,39.0,18,9.0,8,14,0.422,0.889,0.378,1.0,22025
22500041,2025-11-14,Philadelphia 76ers,PHI @ DET,L,0,105,46.0,19,9.0,4,15,0.433,0.867,0.359,-9.0,22025
22500040,2025-11-14,Brooklyn Nets,BKN @ ORL,L,0,98,34.0,23,9.0,4,5,0.427,0.75,0.256,-7.0,22025
22500044,2025-11-14,Minnesota Timberwolves,MIN vs. SAC,W,1,124,51.0,28,10.0,3,17,0.488,0.7,0.324,14.0,22025
22500045,2025-11-14,New Orleans Pelicans,NOP vs. LAL,L,0,104,42.0,24,11.0,3,20,0.438,0.778,0.353,-14.0,22025
22500047,2025-11-14,San Antonio Spurs,SAS vs. GSW,L,0,108,47.0,28,8.0,6,20,0.459,0.842,0.368,-1.0,22025
22500046,2025-11-14,Dallas Mavericks,DAL vs. LAC,L,0,127,50.0,18,11.0,7,22,0.444,0.763,0.278,-6.0,22025
22500042,2025-11-14,Portland Trail Blazers,POR @ HOU,L,0,116,44.0,18,4.0,2,20,0.472,0.704,0.361,-24.0,22025
22500043,2025-11-14,Milwaukee Bucks,MIL vs. CHA,W,1,147,39.0,37,10.0,3,22,0.647,0.773,0.588,13.0,22025
22500229,2025-11-15,Oklahoma City Thunder,OKC @ CHA,W,1,109,50.0,26,9.0,6,14,0.506,0.8,0.478,13.0,22025
22500228,2025-11-15,Cleveland Cavaliers,CLE vs. MEM,W,1,108,49.0,24,7.0,9,20,0.458,0.655,0.325,8.0,22025
22500232,2025-11-15,Denver Nuggets,DEN @ MIN,W,1,123,47.0,29,9.0,6,12,0.47,0.816,0.483,11.0,22025
22500230,2025-11-15,Indiana Pacers,IND vs. TOR,L,0,111,40.0,22,5.0,3,15,0.425,0.815,0.349,-18.0,22025
22500231,2025-11-15,Milwaukee Bucks,MIL vs. LAL,L,0,95,39.0,20,6.0,4,17,0.4,0.667,0.385,-24.0,22025
22500230,2025-11-15,Toronto Raptors,TOR @ IND,W,1,129,46.0,29,13.0,3,12,0.552,0.619,0.233,18.0,22025
22500229,2025-11-15,Charlotte Hornets,CHA vs. OKC,L,0,96,42.0,23,6.0,5,12,0.385,0.857,0.381,-13.0,22025
22500232,2025-11-15,Minnesota Timberwolves,MIN vs. DEN,L,0,112,40.0,23,9.0,7,13,0.466,0.87,0.294,-11.0,22025
22500228,2025-11-15,Memphis Grizzlies,MEM @ CLE,L,0,100,46.0,21,9.0,5,15,0.36,0.725,0.281,-8.0,22025
22500231,2025-11-15,Los Angeles Lakers,LAL @ MIL,W,1,119,47.0,23,13.0,4,15,0.494,0.909,0.394,24.0,22025
22500235,2025-11-16,Washington Wizards,WAS vs. BKN,L,0,106,33.0,21,7.0,3,10,0.44,0.909,0.353,-23.0,22025
22500237,2025-11-16,Golden State Warriors,GSW @ NOP,W,1,124,47.0,34,14.0,4,21,0.457,0.824,0.429,18.0,22025
22500233,2025-11-16,Los Angeles Clippers,LAC @ BOS,L,0,118,44.0,23,4.0,7,13,0.469,0.933,0.4,-3.0,22025
22500238,2025-11-16,Portland Trail Blazers,POR @ DAL,L,0,133,53.0,26,8.0,5,11,0.407,0.844,0.298,-5.0,22025
22500234,2025-11-16,San Antonio Spurs,SAS vs. SAC,W,1,123,46.0,38,7.0,4,14,0.54,0.833,0.368,13.0,22025
22500240,2025-11-16,Chicago Bulls,CHI @ UTA,L,0,147,60.0,38,7.0,10,17,0.454,0.938,0.38,-3.0,22025
22500240,2025-11-16,Utah Jazz,UTA vs. CHI,W,1,150,53.0,29,13.0,6,9,0.441,0.829,0.367,3.0,22025
22500235,2025-11-16,Brooklyn Nets,BKN @ WAS,W,1,129,44.0,32,4.0,8,14,0.532,0.8,0.415,23.0,22025
22500239,2025-11-16,Phoenix Suns,PHX vs. ATL,L,0,122,47.0,23,9.0,3,17,0.485,0.947,0.333,-2.0,22025
22500238,2025-11-16,Dallas Mavericks,DAL vs. POR,W,1,138,47.0,33,7.0,9,14,0.505,0.675,0.441,5.0,22025
22500239,2025-11-16,Atlanta Hawks,ATL @ PHX,W,1,124,34.0,35,11.0,3,17,0.529,0.833,0.326,2.0,22025
22500236,2025-11-16,Orlando Magic,ORL @ HOU,L,0,113,38.0,21,11.0,9,8,0.418,0.735,0.324,-4.0,22025
22500237,2025-11-16,New Orleans Pelicans,NOP vs. GSW,L,0,106,45.0,22,11.0,4,20,0.458,0.759,0.276,-18.0,22025
22500234,2025-11-16,Sacramento Kings,SAC @ SAS,L,0,110,37.0,25,10.0,3,12,0.471,0.727,0.364,-13.0,22025
22500236,2025-11-16,Houston Rockets,HOU vs. ORL,W,1,117,60.0,19,4.0,4,14,0.42,0.862,0.4,4.0,22025
22500233,2025-11-16,Boston Celtics,BOS vs. LAC,W,1,121,49.0,26,6.0,6,6,0.447,0.765,0.41,3.0,22025
22500246,2025-11-17,Dallas Mavericks,DAL @ MIN,L,0,96,43.0,13,7.0,4,20,0.4,0.613,0.3,-24.0,22025
22500242,2025-11-17,Detroit Pistons,DET vs. IND,W,1,127,43.0,29,9.0,8,16,0.545,0.733,0.257,15.0,22025
22500246,2025-11-17,Minnesota Timberwolves,MIN vs. DAL,W,1,120,59.0,27,16.0,5,16,0.454,0.72,0.318,24.0,22025
22500248,2025-11-17,Denver Nuggets,DEN vs. CHI,L,0,127,53.0,21,6.0,5,8,0.474,0.84,0.389,-3.0,22025
22500241,2025-11-17,Milwaukee Bucks,MIL @ CLE,L,0,106,34.0,26,9.0,1,14,0.419,0.733,0.472,-12.0,22025
22500244,2025-11-17,New York Knicks,NYK @ MIA,L,0,113,48.0,23,7.0,7,15,0.457,0.75,0.25,-2.0,22025
22500248,2025-11-17,Chicago Bulls,CHI @ DEN,W,1,130,53.0,31,5.0,4,9,0.471,0.789,0.358,3.0,22025
22500247,2025-11-17,Oklahoma City Thunder,OKC @ NOP,W,1,126,38.0,30,12.0,6,16,0.494,0.821,0.405,17.0,22025
22500247,2025-11-17,New Orleans Pelicans,NOP vs. OKC,L,0,109,35.0,21,9.0,4,20,0.488,0.867,0.429,-17.0,22025
22500243,2025-11-17,Philadelphia 76ers,PHI vs. LAC,W,1,110,46.0,26,7.0,4,9,0.464,0.7,0.333,2.0,22025
22500244,2025-11-17,Miami Heat,MIA vs. NYK,W,1,115,40.0,29,5.0,5,12,0.446,0.846,0.4,2.0,22025
22500241,2025-11-17,Cleveland Cavaliers,CLE vs. MIL,W,1,118,45.0,25,7.0,5,16,0.557,0.714,0.429,12.0,22025
22500245,2025-11-17,Toronto Raptors,TOR vs. CHA,W,1,110,43.0,25,8.0,7,17,0.5,0.75,0.4,2.0,22025
22500243,2025-11-17,Los Angeles Clippers,LAC @ PHI,L,0,108,45.0,18,6.0,3,10,0.402,0.963,0.308,-2.0,22025
22500242,2025-11-17,Indiana Pacers,IND @ DET,L,0,112,43.0,19,8.0,5,21,0.417,0.733,0.29,-15.0,22025
22500245,2025-11-17,Charlotte Hornets,CHA @ TOR,L,0,108,48.0,19,11.0,9,16,0.425,0.8,0.25,-2.0,22025
22500251,2025-11-18,Atlanta Hawks,ATL vs. DET,L,0,112,35.0,31,9.0,5,17,0.483,0.867,0.341,-8.0,22025
22500252,2025-11-18,San Antonio Spurs,SAS vs. MEM,W,1,111,38.0,23,10.0,3,9,0.483,0.846,0.381,10.0,22025
22500251,2025-11-18,Detroit Pistons,DET @ ATL,W,1,120,39.0,28,12.0,4,12,0.542,0.833,0.323,8.0,22025
22500250,2025-11-18,Brooklyn Nets,BKN vs. BOS,L,0,99,39.0,25,12.0,2,13,0.402,0.704,0.368,-14.0,22025
22500250,2025-11-18,Boston Celtics,BOS @ BKN,W,1,113,49.0,25,6.0,5,19,0.493,0.769,0.452,14.0,22025
22500252,2025-11-18,Memphis Grizzlies,MEM @ SAS,L,0,101,59.0,30,6.0,4,14,0.404,0.556,0.308,-10.0,22025
22500254,2025-11-18,Phoenix Suns,PHX @ POR,W,1,127,46.0,24,19.0,4,15,0.48,0.864,0.35,17.0,22025
22500249,2025-11-18,Orlando Magic,ORL vs. GSW,W,1,121,43.0,28,14.0,3,14,0.506,0.931,0.25,8.0,22025
22500253,2025-11-18,Utah Jazz,UTA @ LAL,L,0,126,33.0,33,13.0,2,18,0.522,0.944,0.289,-14.0,22025
22500253,2025-11-18,Los Angeles Lakers,LAL vs. UTA,W,1,140,41.0,31,9.0,1,17,0.595,0.725,0.344,14.0,22025
22500254,2025-11-18,Portland Trail Blazers,POR vs. PHX,L,0,110,43.0,24,7.0,6,19,0.433,0.8,0.244,-17.0,22025
22500249,2025-11-18,Golden State Warriors,GSW @ ORL,L,0,113,36.0,26,11.0,3,18,0.5,0.786,0.361,-8.0,22025
22500263,2025-11-19,Chicago Bulls,CHI @ POR,W,1,122,38.0,36,10.0,9,16,0.479,0.643,0.429,1.0,22025
22500256,2025-11-19,Charlotte Hornets,CHA @ IND,L,0,118,48.0,28,7.0,2,12,0.402,0.864,0.289,-9.0,22025
22500255,2025-11-19,Houston Rockets,HOU @ CLE,W,1,114,51.0,23,9.0,4,13,0.456,0.852,0.375,10.0,22025
22500263,2025-11-19,Portland Trail Blazers,POR vs. CHI,L,0,121,64.0,27,10.0,5,15,0.411,0.656,0.286,-1.0,22025
22500261,2025-11-19,Sacramento Kings,SAC @ OKC,L,0,99,45.0,21,12.0,0,18,0.442,0.652,0.286,-14.0,22025
22500261,2025-11-19,Oklahoma City Thunder,OKC vs. SAC,W,1,113,45.0,22,9.0,10,16,0.466,0.913,0.263,14.0,22025
22500260,2025-11-19,Denver Nuggets,DEN @ NOP,W,1,125,41.0,35,8.0,1,20,0.554,0.815,0.355,7.0,22025
22500258,2025-11-19,Toronto Raptors,TOR @ PHI,W,1,121,31.0,33,12.0,2,14,0.536,0.833,0.379,9.0,22025
22500259,2025-11-19,Washington Wizards,WAS @ MIN,L,0,109,43.0,25,6.0,6,17,0.489,0.75,0.438,-11.0,22025
22500258,2025-11-19,Philadelphia 76ers,PHI vs. TOR,L,0,112,41.0,24,11.0,6,21,0.471,0.889,0.4,-9.0,22025
22500260,2025-11-19,New Orleans Pelicans,NOP vs. DEN,L,0,118,44.0,25,12.0,5,12,0.449,0.742,0.206,-7.0,22025
22500262,2025-11-19,Dallas Mavericks,DAL vs. NYK,L,0,111,50.0,23,6.0,5,17,0.412,0.833,0.364,-2.0,22025
22500256,2025-11-19,Indiana Pacers,IND vs. CHA,W,1,127,43.0,32,5.0,8,15,0.541,0.826,0.421,9.0,22025
22500255,2025-11-19,Cleveland Cavaliers,CLE vs. HOU,L,0,104,39.0,20,4.0,5,12,0.444,0.625,0.308,-10.0,22025
22500257,2025-11-19,Miami Heat,MIA vs. GSW,W,1,110,52.0,30,10.0,3,14,0.406,0.731,0.371,14.0,22025
22500257,2025-11-19,Golden State Warriors,GSW @ MIA,L,0,96,62.0,24,8.0,5,21,0.358,0.75,0.265,-14.0,22025
22500262,2025-11-19,New York Knicks,NYK @ DAL,W,1,113,49.0,27,8.0,10,9,0.441,0.543,0.286,2.0,22025
22500259,2025-11-19,Minnesota Timberwolves,MIN vs. WAS,W,1,120,50.0,28,11.0,4,9,0.447,0.719,0.342,11.0,22025
22500264,2025-11-20,Los Angeles Clippers,LAC @ ORL,L,0,101,43.0,20,7.0,6,21,0.404,0.789,0.389,-28.0,22025
22500264,2025-11-20,Orlando Magic,ORL vs. LAC,W,1,129,51.0,32,12.0,4,10,0.479,0.875,0.529,28.0,22025
22500265,2025-11-20,Sacramento Kings,SAC @ MEM,L,0,96,32.0,24,5.0,5,16,0.463,0.733,0.333,-41.0,22025
22500266,2025-11-20,Milwaukee Bucks,MIL vs. PHI,L,0,114,42.0,30,7.0,2,14,0.489,0.769,0.389,-9.0,22025
22500267,2025-11-20,San Antonio Spurs,SAS vs. ATL,W,1,135,43.0,34,10.0,4,10,0.527,0.733,0.425,9.0,22025
22500266,2025-11-20,Philadelphia 76ers,PHI @ MIL,W,1,123,52.0,30,9.0,6,14,0.433,0.808,0.34,9.0,22025
22500265,2025-11-20,Memphis Grizzlies,MEM vs. SAC,W,1,137,49.0,42,11.0,3,7,0.505,0.769,0.315,41.0,22025
22500267,2025-11-20,Atlanta Hawks,ATL @ SAS,L,0,126,39.0,30,7.0,6,16,0.563,0.615,0.541,-9.0,22025
22500048,2025-11-21,Cleveland Cavaliers,CLE vs. IND,W,1,120,52.0,28,5.0,8,14,0.483,0.778,0.371,11.0,22025
22500051,2025-11-21,Miami Heat,MIA @ CHI,W,1,143,53.0,35,13.0,7,10,0.47,0.795,0.368,36.0,22025
22500053,2025-11-21,Minnesota Timberwolves,MIN @ PHX,L,0,113,37.0,18,17.0,4,19,0.453,0.697,0.324,-1.0,22025
22500050,2025-11-21,Washington Wizards,WAS @ TOR,L,0,110,29.0,26,9.0,4,17,0.453,0.833,0.293,-30.0,22025
22500052,2025-11-21,New Orleans Pelicans,NOP @ DAL,L,0,115,42.0,25,15.0,4,13,0.462,0.774,0.259,-3.0,22025
22500049,2025-11-21,Brooklyn Nets,BKN @ BOS,W,1,113,41.0,31,5.0,6,13,0.524,0.667,0.394,8.0,22025
22500051,2025-11-21,Chicago Bulls,CHI vs. MIA,L,0,107,39.0,26,5.0,13,18,0.411,0.75,0.279,-36.0,22025
22500053,2025-11-21,Phoenix Suns,PHX vs. MIN,W,1,114,45.0,25,13.0,2,27,0.481,0.759,0.452,1.0,22025
22500050,2025-11-21,Toronto Raptors,TOR vs. WAS,W,1,140,48.0,36,13.0,4,14,0.578,0.769,0.5,30.0,22025
22500054,2025-11-21,Denver Nuggets,DEN @ HOU,W,1,112,38.0,28,8.0,7,14,0.526,0.778,0.379,3.0,22025
22500052,2025-11-21,Dallas Mavericks,DAL vs. NOP,W,1,118,47.0,30,9.0,9,20,0.476,0.786,0.372,3.0,22025
22500054,2025-11-21,Houston Rockets,HOU vs. DEN,L,0,109,41.0,21,8.0,2,14,0.441,0.65,0.389,-3.0,22025
22500055,2025-11-21,Oklahoma City Thunder,OKC @ UTA,W,1,144,26.0,36,15.0,4,13,0.614,0.76,0.622,32.0,22025
22500055,2025-11-21,Utah Jazz,UTA vs. OKC,L,0,112,39.0,30,10.0,3,27,0.481,0.833,0.421,-32.0,22025
22500056,2025-11-21,Golden State Warriors,GSW vs. POR,L,0,123,32.0,29,14.0,4,13,0.482,0.867,0.395,-4.0,22025
22500048,2025-11-21,Indiana Pacers,IND @ CLE,L,0,109,43.0,25,10.0,6,12,0.42,0.923,0.297,-11.0,22025
22500049,2025-11-21,Boston Celtics,BOS vs. BKN,L,0,105,44.0,24,7.0,1,13,0.467,0.714,0.324,-8.0,22025
22500056,2025-11-21,Portland Trail Blazers,POR @ GSW,W,1,127,52.0,31,8.0,5,20,0.477,0.844,0.356,4.0,22025
22500268,2025-11-22,Charlotte Hornets,CHA vs. LAC,L,0,116,38.0,24,5.0,2,10,0.482,0.885,0.306,-15.0,22025
22500269,2025-11-22,Orlando Magic,ORL vs. NYK,W,1,133,36.0,28,5.0,2,13,0.553,0.867,0.394,12.0,22025
22500272,2025-11-22,Milwaukee Bucks,MIL vs. DET,L,0,116,35.0,29,8.0,7,15,0.512,0.833,0.465,-13.0,22025
22500270,2025-11-22,Atlanta Hawks,ATL @ NOP,W,1,115,42.0,28,6.0,7,7,0.467,0.737,0.37,17.0,22025
22500274,2025-11-22,Sacramento Kings,SAC @ DEN,W,1,128,37.0,32,8.0,3,6,0.527,0.957,0.333,5.0,22025
22500269,2025-11-22,New York Knicks,NYK @ ORL,L,0,121,36.0,28,5.0,4,17,0.544,0.786,0.351,-12.0,22025
22500271,2025-11-22,Washington Wizards,WAS @ CHI,L,0,120,55.0,33,9.0,4,15,0.458,0.8,0.444,-1.0,22025
22500273,2025-11-22,Dallas Mavericks,DAL vs. MEM,L,0,96,41.0,19,4.0,9,10,0.385,0.875,0.333,-6.0,22025
22500272,2025-11-22,Detroit Pistons,DET @ MIL,W,1,129,32.0,31,10.0,6,14,0.628,0.625,0.533,13.0,22025
22500268,2025-11-22,Los Angeles Clippers,LAC @ CHA,W,1,131,41.0,30,8.0,2,8,0.511,0.833,0.442,15.0,22025
22500270,2025-11-22,New Orleans Pelicans,NOP vs. ATL,L,0,98,48.0,21,5.0,6,14,0.417,0.833,0.296,-17.0,22025
22500274,2025-11-22,Denver Nuggets,DEN vs. SAC,L,0,123,38.0,28,1.0,3,13,0.489,0.826,0.378,-5.0,22025
22500273,2025-11-22,Memphis Grizzlies,MEM @ DAL,W,1,102,61.0,26,5.0,5,12,0.402,0.833,0.258,6.0,22025
22500271,2025-11-22,Chicago Bulls,CHI vs. WAS,W,1,121,54.0,26,5.0,5,10,0.42,0.833,0.273,1.0,22025
22500281,2025-11-23,Phoenix Suns,PHX vs. SAS,W,1,111,43.0,27,10.0,6,6,0.443,0.688,0.368,9.0,22025
22500278,2025-11-23,Los Angeles Clippers,LAC @ CLE,L,0,105,40.0,23,6.0,2,15,0.463,0.885,0.308,-15.0,22025
22500280,2025-11-23,Oklahoma City Thunder,OKC vs. POR,W,1,122,49.0,33,9.0,8,14,0.529,0.739,0.417,27.0,22025
22500278,2025-11-23,Cleveland Cavaliers,CLE vs. LAC,W,1,120,41.0,28,10.0,4,12,0.517,0.65,0.378,15.0,22025
22500276,2025-11-23,Charlotte Hornets,CHA @ ATL,L,0,110,43.0,26,4.0,2,15,0.453,0.9,0.318,-3.0,22025
22500277,2025-11-23,Orlando Magic,ORL @ BOS,L,0,129,44.0,33,3.0,4,7,0.47,0.792,0.421,-9.0,22025
22500279,2025-11-23,Toronto Raptors,TOR vs. BKN,W,1,119,32.0,30,12.0,4,9,0.464,0.897,0.5,10.0,22025
22500276,2025-11-23,Atlanta Hawks,ATL vs. CHA,W,1,113,37.0,32,6.0,5,7,0.495,0.75,0.355,3.0,22025
22500282,2025-11-23,Los Angeles Lakers,LAL @ UTA,W,1,108,45.0,23,7.0,4,14,0.442,0.815,0.263,2.0,22025
22500277,2025-11-23,Boston Celtics,BOS vs. ORL,W,1,138,37.0,29,6.0,8,5,0.602,0.773,0.455,9.0,22025
22500275,2025-11-23,Miami Heat,MIA @ PHI,W,1,127,58.0,32,7.0,2,13,0.49,0.667,0.344,10.0,22025
22500280,2025-11-23,Portland Trail Blazers,POR @ OKC,L,0,95,45.0,18,8.0,4,16,0.37,0.714,0.255,-27.0,22025
22500282,2025-11-23,Utah Jazz,UTA vs. LAL,L,0,106,45.0,27,7.0,2,14,0.426,0.722,0.325,-2.0,22025
22500275,2025-11-23,Philadelphia 76ers,PHI vs. MIA,L,0,117,47.0,28,7.0,9,14,0.449,0.789,0.341,-10.0,22025
22500279,2025-11-23,Brooklyn Nets,BKN @ TOR,L,0,109,40.0,23,5.0,7,19,0.467,0.871,0.353,-10.0,22025
22500281,2025-11-23,San Antonio Spurs,SAS @ PHX,L,0,102,50.0,17,4.0,4,19,0.416,0.824,0.294,-9.0,22025
22500284,2025-11-24,Toronto Raptors,TOR vs. CLE,W,1,110,51.0,28,8.0,1,15,0.489,0.667,0.278,11.0,22025
22500290,2025-11-24,Houston Rockets,HOU @ PHX,W,1,114,41.0,26,13.0,4,14,0.489,0.882,0.419,22.0,22025
22500291,2025-11-24,Utah Jazz,UTA @ GSW,L,0,117,47.0,32,7.0,6,14,0.475,0.667,0.306,-17.0,22025
22500283,2025-11-24,Indiana Pacers,IND vs. DET,L,0,117,30.0,22,11.0,4,13,0.476,0.765,0.419,-5.0,22025
22500289,2025-11-24,New Orleans Pelicans,NOP vs. CHI,W,1,143,55.0,28,13.0,5,10,0.51,0.686,0.371,13.0,22025
22500284,2025-11-24,Cleveland Cavaliers,CLE @ TOR,L,0,99,37.0,27,11.0,4,12,0.414,1.0,0.292,-11.0,22025
22500289,2025-11-24,Chicago Bulls,CHI @ NOP,L,0,130,33.0,29,4.0,3,17,0.524,0.75,0.4,-13.0,22025
22500288,2025-11-24,Milwaukee Bucks,MIL vs. POR,L,0,103,39.0,22,10.0,5,13,0.442,0.778,0.351,-12.0,22025
22500286,2025-11-24,Dallas Mavericks,DAL @ MIA,L,0,102,50.0,22,8.0,5,16,0.392,0.875,0.3,-4.0,22025
22500291,2025-11-24,Golden State Warriors,GSW vs. UTA,W,1,134,50.0,34,11.0,5,10,0.49,0.722,0.365,17.0,22025
22500287,2025-11-24,Memphis Grizzlies,MEM vs. DEN,L,0,115,40.0,33,6.0,4,11,0.462,0.867,0.34,-10.0,22025
22500285,2025-11-24,Brooklyn Nets,BKN vs. NYK,L,0,100,44.0,19,5.0,1,10,0.379,0.714,0.292,-13.0,22025
22500283,2025-11-24,Detroit Pistons,DET @ IND,W,1,122,45.0,24,8.0,4,15,0.5,0.784,0.36,5.0,22025
22500285,2025-11-24,New York Knicks,NYK @ BKN,W,1,113,43.0,28,6.0,6,8,0.511,0.786,0.343,13.0,22025
22500288,2025-11-24,Portland Trail Blazers,POR @ MIL,W,1,115,48.0,24,8.0,8,14,0.456,0.758,0.419,12.0,22025
22500290,2025-11-24,Phoenix Suns,PHX vs. HOU,L,0,92,39.0,11,9.0,4,21,0.413,0.684,0.351,-22.0,22025
22500286,2025-11-24,Miami Heat,MIA vs. DAL,W,1,106,53.0,22,8.0,7,13,0.447,0.708,0.185,4.0,22025
22500287,2025-11-24,Denver Nuggets,DEN @ MEM,W,1,125,46.0,32,5.0,3,14,0.505,0.786,0.512,10.0,22025
22500292,2025-11-24,Minnesota Timberwolves,MIN @ SAC,L,0,112,55.0,21,9.0,4,16,0.412,0.864,0.31,-5.0,22025
22500292,2025-11-24,Sacramento Kings,SAC vs. MIN,W,1,117,49.0,27,9.0,3,12,0.433,0.929,0.269,5.0,22025
22500058,2025-11-25,Philadelphia 76ers,PHI vs. ORL,L,0,103,38.0,22,7.0,4,21,0.451,0.909,0.36,-41.0,22025
22500058,2025-11-25,Orlando Magic,ORL @ PHI,W,1,144,47.0,38,10.0,4,11,0.535,0.821,0.382,41.0,22025
22500059,2025-11-25,Los Angeles Lakers,LAL vs. LAC,W,1,135,38.0,29,9.0,4,11,0.575,0.846,0.448,17.0,22025
22500057,2025-11-25,Atlanta Hawks,ATL @ WAS,L,0,113,44.0,33,4.0,6,18,0.453,0.75,0.349,-19.0,22025
22500059,2025-11-25,Los Angeles Clippers,LAC @ LAL,L,0,118,29.0,24,7.0,2,14,0.519,0.875,0.371,-17.0,22025
22500057,2025-11-25,Washington Wizards,WAS vs. ATL,W,1,132,36.0,30,13.0,8,12,0.571,0.654,0.5,19.0,22025
22500064,2025-11-26,Minnesota Timberwolves,MIN @ OKC,L,0,105,44.0,25,4.0,5,14,0.413,0.595,0.459,-8.0,22025
22500060,2025-11-26,Boston Celtics,BOS vs. DET,W,1,117,44.0,24,9.0,7,12,0.437,0.875,0.465,3.0,22025
22500065,2025-11-26,New Orleans Pelicans,NOP vs. MEM,L,0,128,40.0,34,10.0,9,14,0.495,0.9,0.422,-5.0,22025
22500067,2025-11-26,San Antonio Spurs,SAS @ POR,W,1,115,57.0,17,12.0,6,9,0.406,0.88,0.333,13.0,22025
22500068,2025-11-26,Phoenix Suns,PHX @ SAC,W,1,112,47.0,25,14.0,5,14,0.462,0.7,0.333,12.0,22025
22500067,2025-11-26,Portland Trail Blazers,POR vs. SAS,L,0,102,48.0,21,3.0,9,18,0.425,0.633,0.25,-13.0,22025
22500061,2025-11-26,Charlotte Hornets,CHA vs. NYK,L,0,101,35.0,15,5.0,3,17,0.412,0.75,0.302,-28.0,22025
22500066,2025-11-26,Golden State Warriors,GSW vs. HOU,L,0,100,47.0,25,8.0,5,16,0.427,0.857,0.279,-4.0,22025
22500062,2025-11-26,Milwaukee Bucks,MIL @ MIA,L,0,103,47.0,31,7.0,1,13,0.421,0.643,0.333,-3.0,22025
22500065,2025-11-26,Memphis Grizzlies,MEM @ NOP,W,1,133,49.0,38,9.0,8,16,0.536,0.857,0.459,5.0,22025
22500068,2025-11-26,Sacramento Kings,SAC vs. PHX,L,0,100,41.0,20,9.0,6,19,0.465,0.8,0.353,-12.0,22025
22500061,2025-11-26,New York Knicks,NYK @ CHA,W,1,129,41.0,26,12.0,4,14,0.568,0.889,0.52,28.0,22025
22500064,2025-11-26,Oklahoma City Thunder,OKC vs. MIN,W,1,113,39.0,19,8.0,3,7,0.475,0.789,0.269,8.0,22025
22500063,2025-11-26,Toronto Raptors,TOR vs. IND,W,1,97,48.0,18,9.0,4,13,0.389,0.815,0.192,2.0,22025
22500062,2025-11-26,Miami Heat,MIA vs. MIL,W,1,106,47.0,32,9.0,7,14,0.459,0.9,0.278,3.0,22025
22500066,2025-11-26,Houston Rockets,HOU @ GSW,W,1,104,53.0,24,7.0,3,10,0.394,0.625,0.282,4.0,22025
22500063,2025-11-26,Indiana Pacers,IND @ TOR,L,0,95,43.0,20,7.0,7,18,0.449,0.609,0.333,-2.0,22025
22500060,2025-11-26,Detroit Pistons,DET @ BOS,L,0,114,56.0,20,5.0,7,13,0.398,0.806,0.306,-3.0,22025
22500072,2025-11-28,Detroit Pistons,DET vs. ORL,L,0,109,49.0,22,7.0,8,24,0.44,0.774,0.393,-3.0,22025
22500076,2025-11-28,Denver Nuggets,DEN vs. SAS,L,0,136,44.0,27,5.0,5,16,0.527,0.8,0.41,-3.0,22025
22500077,2025-11-28,Sacramento Kings,SAC @ UTA,L,0,119,44.0,27,9.0,5,9,0.448,0.719,0.345,-9.0,22025
22500078,2025-11-28,Dallas Mavericks,DAL @ LAL,L,0,119,39.0,28,8.0,4,11,0.484,0.85,0.438,-10.0,22025
22500078,2025-11-28,Los Angeles Lakers,LAL vs. DAL,W,1,129,34.0,27,4.0,4,14,0.592,0.808,0.514,10.0,22025
22500076,2025-11-28,San Antonio Spurs,SAS @ DEN,W,1,139,35.0,30,10.0,5,8,0.489,0.938,0.405,3.0,22025
22500079,2025-11-28,Memphis Grizzlies,MEM @ LAC,W,1,112,53.0,24,5.0,6,15,0.443,0.773,0.425,5.0,22025
22500075,2025-11-28,Oklahoma City Thunder,OKC vs. PHX,W,1,123,37.0,27,9.0,3,10,0.483,0.857,0.469,4.0,22025
22500070,2025-11-28,Brooklyn Nets,BKN vs. PHI,L,0,103,41.0,21,5.0,5,18,0.4,0.846,0.302,-12.0,22025
22500070,2025-11-28,Philadelphia 76ers,PHI @ BKN,W,1,115,41.0,28,12.0,7,11,0.489,0.9,0.297,12.0,22025
22500071,2025-11-28,Charlotte Hornets,CHA vs. CHI,W,1,123,46.0,28,6.0,10,12,0.454,0.833,0.333,7.0,22025
22500071,2025-11-28,Chicago Bulls,CHI @ CHA,L,0,116,44.0,31,8.0,1,10,0.474,0.8,0.222,-7.0,22025
22500074,2025-11-28,New York Knicks,NYK vs. MIL,W,1,118,44.0,25,10.0,2,12,0.452,0.848,0.412,9.0,22025
22500072,2025-11-28,Orlando Magic,ORL @ DET,W,1,112,44.0,14,15.0,7,13,0.412,0.844,0.167,3.0,22025
22500075,2025-11-28,Phoenix Suns,PHX @ OKC,L,0,119,51.0,20,7.0,4,18,0.457,0.833,0.341,-4.0,22025
22500073,2025-11-28,Washington Wizards,WAS @ IND,L,0,86,42.0,18,6.0,7,17,0.393,0.65,0.219,-33.0,22025
22500079,2025-11-28,Los Angeles Clippers,LAC vs. MEM,L,0,107,39.0,19,13.0,5,13,0.427,0.905,0.316,-5.0,22025
22500069,2025-11-28,Cleveland Cavaliers,CLE @ ATL,L,0,123,48.0,29,9.0,4,17,0.463,0.9,0.436,-7.0,22025
22500073,2025-11-28,Indiana Pacers,IND vs. WAS,W,1,119,50.0,27,9.0,8,11,0.522,0.769,0.382,33.0,22025
22500074,2025-11-28,Milwaukee Bucks,MIL @ NYK,L,0,109,35.0,24,9.0,4,15,0.521,0.68,0.439,-9.0,22025
22500077,2025-11-28,Utah Jazz,UTA vs. SAC,W,1,128,49.0,32,7.0,5,12,0.483,0.775,0.325,9.0,22025
22500069,2025-11-28,Atlanta Hawks,ATL vs. CLE,W,1,130,38.0,36,11.0,5,12,0.527,0.692,0.372,7.0,22025
22500293,2025-11-29,Minnesota Timberwolves,MIN vs. BOS,W,1,119,37.0,31,3.0,4,14,0.494,0.8,0.438,4.0,22025
22500294,2025-11-29,Charlotte Hornets,CHA vs. TOR,W,1,118,39.0,24,10.0,5,9,0.441,0.897,0.256,7.0,22025
22500298,2025-11-29,New Orleans Pelicans,NOP @ GSW,L,0,96,50.0,16,7.0,2,13,0.372,0.735,0.233,-8.0,22025
22500293,2025-11-29,Boston Celtics,BOS @ MIN,L,0,115,43.0,24,10.0,7,10,0.469,0.6,0.348,-4.0,22025
22500296,2025-11-29,Miami Heat,MIA vs. DET,L,0,135,38.0,27,12.0,3,17,0.5,0.846,0.483,-3.0,22025
22500294,2025-11-29,Toronto Raptors,TOR @ CHA,L,0,111,52.0,34,6.0,3,15,0.444,0.824,0.31,-7.0,22025
22500300,2025-11-29,Dallas Mavericks,DAL @ LAC,W,1,114,37.0,22,15.0,2,8,0.444,0.821,0.282,4.0,22025
22500297,2025-11-29,Brooklyn Nets,BKN @ MIL,L,0,99,31.0,23,4.0,4,18,0.468,0.647,0.381,-17.0,22025
22500298,2025-11-29,Golden State Warriors,GSW vs. NOP,W,1,104,47.0,28,5.0,3,9,0.409,0.8,0.255,8.0,22025
22500296,2025-11-29,Detroit Pistons,DET @ MIA,W,1,138,43.0,29,11.0,3,21,0.591,0.739,0.423,3.0,22025
22500297,2025-11-29,Milwaukee Bucks,MIL vs. BKN,W,1,116,43.0,31,13.0,2,12,0.524,0.706,0.41,17.0,22025
22500299,2025-11-29,Denver Nuggets,DEN @ PHX,W,1,130,40.0,36,2.0,5,16,0.579,0.952,0.579,18.0,22025
22500295,2025-11-29,Chicago Bulls,CHI @ IND,L,0,101,45.0,24,5.0,3,13,0.448,0.563,0.412,-2.0,22025
22500295,2025-11-29,Indiana Pacers,IND vs. CHI,W,1,103,44.0,24,8.0,10,12,0.461,0.727,0.317,2.0,22025
22500299,2025-11-29,Phoenix Suns,PHX vs. DEN,L,0,112,32.0,23,11.0,2,7,0.443,0.769,0.333,-18.0,22025
22500300,2025-11-29,Los Angeles Clippers,LAC vs. DAL,L,0,110,46.0,25,5.0,6,18,0.463,0.935,0.28,-4.0,22025
22500301,2025-11-30,Utah Jazz,UTA vs. HOU,L,0,101,33.0,32,8.0,4,17,0.443,0.933,0.281,-28.0,22025
22500301,2025-11-30,Houston Rockets,HOU @ UTA,W,1,129,50.0,30,14.0,7,14,0.529,0.788,0.355,28.0,22025
22500305,2025-11-30,Portland Trail Blazers,POR vs. OKC,L,0,115,49.0,22,8.0,5,14,0.393,0.784,0.327,-8.0,22025
22500302,2025-11-30,Cleveland Cavaliers,CLE vs. BOS,L,0,115,43.0,28,7.0,2,13,0.457,0.692,0.385,-2.0,22025
22500307,2025-11-30,Sacramento Kings,SAC vs. MEM,L,0,107,34.0,25,14.0,7,8,0.457,0.591,0.296,-8.0,22025
22500307,2025-11-30,Memphis Grizzlies,MEM @ SAC,W,1,115,52.0,28,4.0,7,23,0.523,0.727,0.375,8.0,22025
22500306,2025-11-30,Minnesota Timberwolves,MIN vs. SAS,W,1,125,36.0,35,5.0,0,12,0.563,0.769,0.459,13.0,22025
22500308,2025-11-30,New Orleans Pelicans,NOP @ LAL,L,0,121,40.0,23,6.0,1,8,0.505,0.8,0.5,-12.0,22025
22500303,2025-11-30,New York Knicks,NYK vs. TOR,W,1,116,61.0,27,9.0,3,18,0.458,0.75,0.356,22.0,22025
22500303,2025-11-30,Toronto Raptors,TOR @ NYK,L,0,94,40.0,27,9.0,6,18,0.42,0.529,0.297,-22.0,22025
22500302,2025-11-30,Boston Celtics,BOS @ CLE,W,1,117,46.0,19,9.0,4,16,0.494,0.793,0.35,2.0,22025
22500305,2025-11-30,Oklahoma City Thunder,OKC @ POR,W,1,123,49.0,27,7.0,9,12,0.489,0.781,0.345,8.0,22025
22500306,2025-11-30,San Antonio Spurs,SAS @ MIN,L,0,112,33.0,17,10.0,1,10,0.524,0.842,0.242,-13.0,22025
22500304,2025-11-30,Atlanta Hawks,ATL @ PHI,W,1,142,58.0,36,10.0,6,21,0.462,0.756,0.333,8.0,22025
22500308,2025-11-30,Los Angeles Lakers,LAL vs. NOP,W,1,133,46.0,26,4.0,10,8,0.483,0.872,0.366,12.0,22025
22500304,2025-11-30,Philadelphia 76ers,PHI vs. ATL,L,0,134,46.0,26,14.0,6,18,0.438,0.842,0.227,-8.0,22025
22500313,2025-12-01,Miami Heat,MIA vs. LAC,W,1,140,50.0,34,7.0,10,11,0.53,0.833,0.522,17.0,22025
22500317,2025-12-01,Los Angeles Lakers,LAL vs. PHX,L,0,108,39.0,18,1.0,0,21,0.513,0.867,0.394,-17.0,22025
22500309,2025-12-01,Atlanta Hawks,ATL @ DET,L,0,98,34.0,27,15.0,4,13,0.427,0.727,0.35,-1.0,22025
22500316,2025-12-01,Utah Jazz,UTA vs. HOU,W,1,133,50.0,33,8.0,4,13,0.5,0.763,0.4,8.0,22025
22500313,2025-12-01,Los Angeles Clippers,LAC @ MIA,L,0,123,46.0,23,8.0,3,11,0.448,0.8,0.31,-17.0,22025
22500315,2025-12-01,Dallas Mavericks,DAL @ DEN,W,1,131,43.0,35,4.0,4,8,0.558,0.643,0.516,10.0,22025
22500311,2025-12-01,Milwaukee Bucks,MIL @ WAS,L,0,126,35.0,29,5.0,4,16,0.548,0.619,0.553,-3.0,22025
22500309,2025-12-01,Detroit Pistons,DET vs. ATL,W,1,99,60.0,18,11.0,9,22,0.442,0.75,0.192,1.0,22025
22500314,2025-12-01,Chicago Bulls,CHI @ ORL,L,0,120,43.0,30,9.0,4,20,0.5,0.727,0.432,-5.0,22025
22500315,2025-12-01,Denver Nuggets,DEN vs. DAL,L,0,121,47.0,37,5.0,5,7,0.475,0.833,0.324,-10.0,22025
22500316,2025-12-01,Houston Rockets,HOU @ UTA,L,0,125,46.0,27,6.0,8,13,0.441,0.805,0.294,-8.0,22025
22500312,2025-12-01,Charlotte Hornets,CHA @ BKN,L,0,103,42.0,26,5.0,7,16,0.447,0.833,0.375,-13.0,22025
22500312,2025-12-01,Brooklyn Nets,BKN vs. CHA,W,1,116,43.0,33,10.0,3,11,0.448,0.765,0.395,13.0,22025
22500311,2025-12-01,Washington Wizards,WAS vs. MIL,W,1,129,41.0,29,9.0,4,10,0.52,0.667,0.361,3.0,22025
22500314,2025-12-01,Orlando Magic,ORL vs. CHI,W,1,125,46.0,25,12.0,11,17,0.511,0.788,0.273,5.0,22025
22500310,2025-12-01,Cleveland Cavaliers,CLE @ IND,W,1,135,48.0,27,7.0,8,8,0.51,0.724,0.35,16.0,22025
22500310,2025-12-01,Indiana Pacers,IND vs. CLE,L,0,119,36.0,19,5.0,6,14,0.482,0.73,0.333,-16.0,22025
22500317,2025-12-01,Phoenix Suns,PHX @ LAL,W,1,125,33.0,35,16.0,1,11,0.565,0.5,0.436,17.0,22025
22500319,2025-12-02,Toronto Raptors,TOR vs. POR,W,1,121,43.0,33,10.0,3,18,0.533,0.667,0.367,3.0,22025
22500323,2025-12-02,Oklahoma City Thunder,OKC @ GSW,W,1,124,41.0,24,8.0,5,15,0.582,0.739,0.469,12.0,22025
22500318,2025-12-02,Washington Wizards,WAS @ PHI,L,0,102,53.0,23,5.0,11,15,0.398,0.719,0.25,-19.0,22025
22500322,2025-12-02,San Antonio Spurs,SAS vs. MEM,W,1,126,40.0,28,7.0,7,6,0.457,0.774,0.462,7.0,22025
22500323,2025-12-02,Golden State Warriors,GSW vs. OKC,L,0,112,43.0,30,5.0,2,15,0.453,0.8,0.429,-12.0,22025
22500320,2025-12-02,New York Knicks,NYK @ BOS,L,0,117,33.0,29,5.0,2,10,0.506,0.706,0.432,-6.0,22025
22500321,2025-12-02,New Orleans Pelicans,NOP vs. MIN,L,0,142,42.0,26,5.0,1,12,0.549,0.857,0.571,-7.0,22025
22500319,2025-12-02,Portland Trail Blazers,POR @ TOR,L,0,118,39.0,23,7.0,7,15,0.494,0.656,0.375,-3.0,22025
22500318,2025-12-02,Philadelphia 76ers,PHI vs. WAS,W,1,121,51.0,26,12.0,6,10,0.451,0.706,0.425,19.0,22025
22500320,2025-12-02,Boston Celtics,BOS vs. NYK,W,1,123,38.0,18,6.0,3,10,0.563,0.857,0.325,6.0,22025
22500322,2025-12-02,Memphis Grizzlies,MEM @ SAS,L,0,119,50.0,28,4.0,6,15,0.5,0.833,0.346,-7.0,22025
22500321,2025-12-02,Minnesota Timberwolves,MIN @ NOP,W,1,149,41.0,29,7.0,4,9,0.5,0.862,0.392,7.0,22025
22500329,2025-12-03,Brooklyn Nets,BKN @ CHI,W,1,113,42.0,30,12.0,8,20,0.487,0.818,0.413,10.0,22025
22500327,2025-12-03,Los Angeles Clippers,LAC @ ATL,W,1,115,54.0,29,12.0,1,12,0.494,0.85,0.313,23.0,22025
22500325,2025-12-03,Denver Nuggets,DEN @ IND,W,1,135,38.0,23,6.0,5,10,0.59,0.769,0.607,15.0,22025
22500328,2025-12-03,Charlotte Hornets,CHA @ NYK,L,0,104,44.0,19,4.0,7,13,0.4,0.905,0.31,-15.0,22025
22500330,2025-12-03,Houston Rockets,HOU vs. SAC,W,1,121,62.0,24,10.0,8,16,0.527,0.833,0.313,26.0,22025
22500331,2025-12-03,Milwaukee Bucks,MIL vs. DET,W,1,113,40.0,28,6.0,6,15,0.488,0.952,0.295,4.0,22025
22500325,2025-12-03,Indiana Pacers,IND vs. DEN,L,0,120,38.0,24,6.0,5,12,0.519,0.793,0.464,-15.0,22025
22500332,2025-12-03,Dallas Mavericks,DAL vs. MIA,W,1,118,50.0,31,6.0,7,13,0.505,0.833,0.5,10.0,22025
22500327,2025-12-03,Atlanta Hawks,ATL vs. LAC,L,0,92,38.0,20,9.0,1,16,0.4,0.786,0.333,-23.0,22025
22500331,2025-12-03,Detroit Pistons,DET @ MIL,L,0,109,44.0,25,8.0,5,14,0.4,0.792,0.326,-4.0,22025
22500329,2025-12-03,Chicago Bulls,CHI vs. BKN,L,0,103,42.0,20,14.0,1,16,0.422,0.8,0.233,-10.0,22025
22500330,2025-12-03,Sacramento Kings,SAC @ HOU,L,0,95,32.0,21,10.0,7,12,0.412,0.5,0.294,-26.0,22025
22500326,2025-12-03,San Antonio Spurs,SAS @ ORL,W,1,114,52.0,20,5.0,5,19,0.462,0.708,0.342,2.0,22025
22500328,2025-12-03,New York Knicks,NYK vs. CHA,W,1,119,44.0,28,9.0,6,9,0.477,0.852,0.316,15.0,22025
22500326,2025-12-03,Orlando Magic,ORL vs. SAS,L,0,112,48.0,27,11.0,3,10,0.455,0.684,0.333,-2.0,22025
22500324,2025-12-03,Cleveland Cavaliers,CLE vs. POR,L,0,110,45.0,23,9.0,11,7,0.404,0.875,0.25,-12.0,22025
22500324,2025-12-03,Portland Trail Blazers,POR @ CLE,W,1,122,54.0,27,4.0,4,11,0.435,0.872,0.412,12.0,22025
22500332,2025-12-03,Miami Heat,MIA @ DAL,L,0,108,41.0,29,11.0,5,10,0.396,0.944,0.297,-10.0,22025
22500337,2025-12-04,New Orleans Pelicans,NOP vs. MIN,L,0,116,43.0,29,11.0,2,12,0.453,0.885,0.28,-9.0,22025
22500334,2025-12-04,Washington Wizards,WAS vs. BOS,L,0,101,37.0,21,5.0,4,18,0.417,0.84,0.323,-45.0,22025
22500334,2025-12-04,Boston Celtics,BOS @ WAS,W,1,146,46.0,35,14.0,8,9,0.545,0.857,0.426,45.0,22025
22500333,2025-12-04,Golden State Warriors,GSW @ PHI,L,0,98,43.0,27,12.0,4,13,0.416,0.75,0.286,-1.0,22025
22500337,2025-12-04,Minnesota Timberwolves,MIN @ NOP,W,1,125,49.0,30,5.0,10,19,0.457,0.897,0.395,9.0,22025
22500333,2025-12-04,Philadelphia 76ers,PHI vs. GSW,W,1,99,47.0,23,8.0,7,19,0.459,0.786,0.27,1.0,22025
22500336,2025-12-04,Toronto Raptors,TOR vs. LAL,L,0,120,41.0,39,9.0,8,15,0.494,0.81,0.405,-3.0,22025
22500336,2025-12-04,Los Angeles Lakers,LAL @ TOR,W,1,123,38.0,26,7.0,7,11,0.5,0.846,0.419,3.0,22025
22500335,2025-12-04,Brooklyn Nets,BKN vs. UTA,L,0,110,44.0,22,6.0,7,17,0.427,0.763,0.262,-13.0,22025
22500335,2025-12-04,Utah Jazz,UTA @ BKN,W,1,123,39.0,31,7.0,1,12,0.506,0.926,0.56,13.0,22025
22500348,2025-12-05,Philadelphia 76ers,PHI @ MIL,W,1,116,42.0,25,12.0,1,12,0.453,0.955,0.395,15.0,22025
22500338,2025-12-05,Los Angeles Lakers,LAL @ BOS,L,0,105,35.0,15,8.0,2,14,0.429,0.862,0.4,-21.0,22025
22500345,2025-12-05,Indiana Pacers,IND @ CHI,W,1,120,35.0,24,13.0,8,13,0.536,0.75,0.462,15.0,22025
22500344,2025-12-05,Charlotte Hornets,CHA @ TOR,W,1,111,47.0,26,14.0,6,24,0.5,0.727,0.361,25.0,22025
22500349,2025-12-05,Dallas Mavericks,DAL @ OKC,L,0,111,35.0,28,2.0,3,11,0.477,0.65,0.432,-21.0,22025
22500343,2025-12-05,New York Knicks,NYK vs. UTA,W,1,146,46.0,30,9.0,2,12,0.56,0.885,0.5,34.0,22025
22500342,2025-12-05,Portland Trail Blazers,POR @ DET,L,0,116,48.0,22,6.0,8,17,0.424,0.914,0.324,-6.0,22025
22500344,2025-12-05,Toronto Raptors,TOR vs. CHA,L,0,86,41.0,19,12.0,4,19,0.37,0.692,0.31,-25.0,22025
22500348,2025-12-05,Milwaukee Bucks,MIL vs. PHI,L,0,101,37.0,26,8.0,3,16,0.461,0.741,0.344,-15.0,22025
22500343,2025-12-05,Utah Jazz,UTA @ NYK,L,0,112,37.0,23,8.0,1,12,0.402,0.771,0.357,-34.0,22025
22500345,2025-12-05,Chicago Bulls,CHI vs. IND,L,0,105,46.0,21,7.0,2,18,0.442,0.828,0.371,-15.0,22025
22500340,2025-12-05,Atlanta Hawks,ATL vs. DEN,L,0,133,45.0,35,8.0,2,12,0.516,0.938,0.435,-1.0,22025
22500347,2025-12-05,Memphis Grizzlies,MEM vs. LAC,W,1,107,42.0,28,9.0,4,15,0.538,0.722,0.357,9.0,22025
22500341,2025-12-05,San Antonio Spurs,SAS @ CLE,L,0,117,38.0,28,9.0,3,14,0.452,0.692,0.349,-13.0,22025
22500347,2025-12-05,Los Angeles Clippers,LAC @ MEM,L,0,98,37.0,22,11.0,2,16,0.438,0.824,0.318,-9.0,22025
22500341,2025-12-05,Cleveland Cavaliers,CLE vs. SAS,W,1,130,48.0,32,10.0,4,14,0.581,0.759,0.308,13.0,22025
22500342,2025-12-05,Detroit Pistons,DET vs. POR,W,1,122,37.0,24,8.0,7,13,0.463,0.75,0.417,6.0,22025
22500346,2025-12-05,Houston Rockets,HOU vs. PHX,W,1,117,40.0,25,9.0,8,21,0.592,0.895,0.556,19.0,22025
22500340,2025-12-05,Denver Nuggets,DEN @ ATL,W,1,134,42.0,28,9.0,6,12,0.528,0.8,0.432,1.0,22025
22500349,2025-12-05,Oklahoma City Thunder,OKC vs. DAL,W,1,132,43.0,30,5.0,3,6,0.56,0.929,0.4,21.0,22025
22500346,2025-12-05,Phoenix Suns,PHX @ HOU,L,0,98,34.0,14,12.0,2,13,0.39,0.789,0.139,-19.0,22025
22500339,2025-12-05,Orlando Magic,ORL vs. MIA,W,1,106,42.0,24,5.0,3,10,0.413,0.75,0.353,1.0,22025
22500338,2025-12-05,Boston Celtics,BOS vs. LAL,W,1,126,38.0,31,9.0,5,14,0.548,0.833,0.533,21.0,22025
22500339,2025-12-05,Miami Heat,MIA @ ORL,L,0,105,44.0,23,4.0,8,15,0.5,0.667,0.368,-1.0,22025
22500356,2025-12-06,Dallas Mavericks,DAL vs. HOU,W,1,122,31.0,22,13.0,4,12,0.598,0.85,0.368,13.0,22025
22500352,2025-12-06,Cleveland Cavaliers,CLE vs. GSW,L,0,94,61.0,15,7.0,4,12,0.346,0.833,0.238,-5.0,22025
22500351,2025-12-06,Atlanta Hawks,ATL @ WAS,W,1,131,45.0,36,13.0,4,12,0.531,1.0,0.333,15.0,22025
22500352,2025-12-06,Golden State Warriors,GSW @ CLE,W,1,99,46.0,25,8.0,8,13,0.384,0.87,0.371,5.0,22025
22500354,2025-12-06,Miami Heat,MIA vs. SAC,L,0,111,41.0,23,5.0,4,13,0.482,0.625,0.29,-16.0,22025
22500353,2025-12-06,Milwaukee Bucks,MIL @ DET,L,0,112,36.0,24,11.0,5,12,0.44,0.688,0.421,-12.0,22025
22500356,2025-12-06,Houston Rockets,HOU @ DAL,L,0,109,37.0,22,8.0,6,18,0.506,0.846,0.345,-13.0,22025
22500351,2025-12-06,Washington Wizards,WAS vs. ATL,L,0,116,26.0,29,6.0,5,20,0.513,0.895,0.447,-15.0,22025
22500350,2025-12-06,Brooklyn Nets,BKN vs. NOP,W,1,119,45.0,36,6.0,7,16,0.528,0.786,0.4,18.0,22025
22500353,2025-12-06,Detroit Pistons,DET vs. MIL,W,1,124,53.0,31,5.0,4,15,0.5,0.742,0.375,12.0,22025
22500355,2025-12-06,Minnesota Timberwolves,MIN vs. LAC,W,1,109,35.0,23,6.0,5,13,0.5,0.882,0.44,3.0,22025
22500354,2025-12-06,Sacramento Kings,SAC @ MIA,W,1,127,45.0,24,11.0,5,10,0.527,0.714,0.424,16.0,22025
22500355,2025-12-06,Los Angeles Clippers,LAC @ MIN,L,0,106,35.0,16,8.0,3,10,0.471,0.68,0.31,-3.0,22025
22500350,2025-12-06,New Orleans Pelicans,NOP @ BKN,L,0,101,36.0,30,9.0,3,15,0.451,0.818,0.36,-18.0,22025
22500362,2025-12-07,Los Angeles Lakers,LAL @ PHI,W,1,112,52.0,25,3.0,8,10,0.482,0.63,0.361,4.0,22025
22500360,2025-12-07,Memphis Grizzlies,MEM vs. POR,W,1,119,51.0,28,18.0,4,22,0.449,0.744,0.286,23.0,22025
22500359,2025-12-07,Denver Nuggets,DEN @ CHA,W,1,115,35.0,29,8.0,2,10,0.518,0.727,0.371,9.0,22025
22500358,2025-12-07,Boston Celtics,BOS @ TOR,W,1,121,41.0,24,8.0,9,11,0.478,0.929,0.426,8.0,22025
22500357,2025-12-07,New York Knicks,NYK vs. ORL,W,1,106,52.0,24,8.0,7,11,0.429,0.85,0.314,6.0,22025
22500360,2025-12-07,Portland Trail Blazers,POR @ MEM,L,0,96,40.0,21,8.0,5,25,0.398,0.833,0.349,-23.0,22025
22500363,2025-12-07,Oklahoma City Thunder,OKC @ UTA,W,1,131,44.0,32,9.0,3,13,0.58,0.444,0.5,30.0,22025
22500361,2025-12-07,Chicago Bulls,CHI vs. GSW,L,0,91,38.0,24,12.0,4,15,0.36,0.842,0.275,-32.0,22025
22500359,2025-12-07,Charlotte Hornets,CHA vs. DEN,L,0,106,47.0,24,7.0,3,13,0.447,0.762,0.304,-9.0,22025
22500363,2025-12-07,Utah Jazz,UTA vs. OKC,L,0,101,37.0,25,6.0,3,17,0.471,0.75,0.333,-30.0,22025
22500361,2025-12-07,Golden State Warriors,GSW @ CHI,W,1,123,51.0,27,11.0,2,15,0.5,0.684,0.468,32.0,22025
22500358,2025-12-07,Toronto Raptors,TOR vs. BOS,L,0,113,42.0,22,5.0,3,12,0.489,0.857,0.409,-8.0,22025
22500357,2025-12-07,Orlando Magic,ORL @ NYK,L,0,100,48.0,23,7.0,4,11,0.383,0.667,0.286,-6.0,22025
22500362,2025-12-07,Philadelphia 76ers,PHI vs. LAL,L,0,108,54.0,21,5.0,4,6,0.353,0.885,0.361,-4.0,22025
22500364,2025-12-08,Sacramento Kings,SAC @ IND,L,0,105,51.0,28,6.0,4,19,0.466,0.696,0.318,-11.0,22025
22500365,2025-12-08,Minnesota Timberwolves,MIN vs. PHX,L,0,105,46.0,26,5.0,1,13,0.47,0.696,0.262,-3.0,22025
22500366,2025-12-08,San Antonio Spurs,SAS @ NOP,W,1,135,43.0,29,5.0,0,13,0.5,0.8,0.472,3.0,22025
22500364,2025-12-08,Indiana Pacers,IND vs. SAC,W,1,116,41.0,25,14.0,7,13,0.437,0.929,0.4,11.0,22025
22500365,2025-12-08,Phoenix Suns,PHX @ MIN,W,1,108,43.0,26,8.0,2,9,0.456,0.7,0.364,3.0,22025
22500366,2025-12-08,New Orleans Pelicans,NOP vs. SAS,L,0,132,33.0,35,8.0,6,9,0.58,0.885,0.269,-3.0,22025
22501202,2025-12-09,Toronto Raptors,TOR vs. NYK,L,0,101,37.0,28,9.0,4,13,0.433,0.667,0.289,-16.0,22025
22501201,2025-12-09,Orlando Magic,ORL vs. MIA,W,1,117,47.0,30,5.0,6,16,0.506,0.875,0.469,9.0,22025
22501201,2025-12-09,Miami Heat,MIA @ ORL,L,0,108,39.0,25,8.0,6,8,0.452,0.842,0.242,-9.0,22025
22501202,2025-12-09,New York Knicks,NYK @ TOR,W,1,117,48.0,19,9.0,7,13,0.525,0.607,0.457,16.0,22025
22501204,2025-12-10,Los Angeles Lakers,LAL vs. SAS,L,0,119,43.0,27,4.0,7,11,0.494,0.739,0.432,-13.0,22025
22501203,2025-12-10,Oklahoma City Thunder,OKC vs. PHX,W,1,138,43.0,32,14.0,7,14,0.591,0.923,0.55,49.0,22025
22501203,2025-12-10,Phoenix Suns,PHX @ OKC,L,0,89,37.0,24,12.0,2,20,0.393,0.813,0.323,-49.0,22025
22501204,2025-12-10,San Antonio Spurs,SAS @ LAL,W,1,132,50.0,25,9.0,3,10,0.5,0.806,0.447,13.0,22025
22501206,2025-12-11,Milwaukee Bucks,MIL vs. BOS,W,1,116,40.0,28,5.0,5,15,0.582,0.786,0.448,15.0,22025
22501207,2025-12-11,Portland Trail Blazers,POR @ NOP,L,0,120,41.0,27,5.0,7,15,0.441,0.727,0.292,-23.0,22025
22501205,2025-12-11,Houston Rockets,HOU vs. LAC,W,1,115,51.0,26,9.0,1,18,0.462,0.81,0.353,2.0,22025
22501205,2025-12-11,Los Angeles Clippers,LAC @ HOU,L,0,113,28.0,25,15.0,5,15,0.5,0.808,0.368,-2.0,22025
22501206,2025-12-11,Boston Celtics,BOS @ MIL,L,0,101,39.0,18,7.0,1,13,0.386,0.76,0.286,-15.0,22025
22501207,2025-12-11,New Orleans Pelicans,NOP vs. POR,W,1,143,57.0,36,10.0,8,8,0.518,0.882,0.375,23.0,22025
22501208,2025-12-11,Denver Nuggets,DEN @ SAC,W,1,136,46.0,35,9.0,0,12,0.591,0.69,0.414,31.0,22025
22501208,2025-12-11,Sacramento Kings,SAC vs. DEN,L,0,105,38.0,21,9.0,4,16,0.448,0.696,0.289,-31.0,22025
22501210,2025-12-12,Atlanta Hawks,ATL @ DET,L,0,115,37.0,28,9.0,8,20,0.459,0.839,0.306,-27.0,22025
22501209,2025-12-12,Chicago Bulls,CHI @ CHA,W,1,129,44.0,29,3.0,6,11,0.553,0.789,0.357,3.0,22025
22501212,2025-12-12,Cleveland Cavaliers,CLE @ WAS,W,1,130,48.0,28,11.0,1,7,0.423,0.917,0.283,4.0,22025
22501213,2025-12-12,Utah Jazz,UTA @ MEM,W,1,130,58.0,33,6.0,4,13,0.462,0.68,0.362,4.0,22025
22501214,2025-12-12,Brooklyn Nets,BKN @ DAL,L,0,111,43.0,26,8.0,5,17,0.453,0.842,0.436,-8.0,22025
22501210,2025-12-12,Detroit Pistons,DET vs. ATL,W,1,142,40.0,34,16.0,6,12,0.582,0.828,0.414,27.0,22025
22501215,2025-12-12,Minnesota Timberwolves,MIN @ GSW,W,1,127,44.0,30,8.0,3,10,0.539,0.714,0.355,7.0,22025
22501212,2025-12-12,Washington Wizards,WAS vs. CLE,L,0,126,49.0,29,6.0,6,16,0.488,0.813,0.364,-4.0,22025
22501214,2025-12-12,Dallas Mavericks,DAL vs. BKN,W,1,119,40.0,33,10.0,8,14,0.489,0.773,0.333,8.0,22025
22501213,2025-12-12,Memphis Grizzlies,MEM vs. UTA,L,0,126,49.0,32,4.0,5,10,0.465,0.714,0.463,-4.0,22025
22501215,2025-12-12,Golden State Warriors,GSW vs. MIN,L,0,120,42.0,27,7.0,2,13,0.458,0.773,0.326,-7.0,22025
22501209,2025-12-12,Charlotte Hornets,CHA vs. CHI,L,0,126,32.0,30,5.0,3,8,0.526,0.8,0.432,-3.0,22025
22501211,2025-12-12,Philadelphia 76ers,PHI vs. IND,W,1,115,50.0,22,6.0,4,12,0.443,0.767,0.324,10.0,22025
22501211,2025-12-12,Indiana Pacers,IND @ PHI,L,0,105,46.0,26,6.0,4,7,0.396,0.842,0.342,-10.0,22025
22501230,2025-12-13,Oklahoma City Thunder,SAS @ OKC,L,0,109,51.0,20,13.0,4,14,0.413,0.889,0.243,-2.0,22025
22501230,2025-12-13,San Antonio Spurs,SAS @ OKC,W,1,111,52.0,21,9.0,6,19,0.411,0.75,0.31,2.0,22025
22501229,2025-12-13,New York Knicks,NYK @ ORL,W,1,132,41.0,28,9.0,7,12,0.607,0.742,0.35,12.0,22025
22501229,2025-12-13,Orlando Magic,NYK @ ORL,L,0,120,41.0,28,9.0,3,14,0.464,0.68,0.31,-12.0,22025
22501218,2025-12-14,Cleveland Cavaliers,CLE vs. CHA,L,0,111,46.0,27,10.0,3,14,0.4,0.793,0.316,-8.0,22025
22501217,2025-12-14,Atlanta Hawks,ATL vs. PHI,W,1,120,57.0,33,8.0,6,16,0.434,0.81,0.515,3.0,22025
22501228,2025-12-14,Los Angeles Lakers,LAL @ PHX,W,1,116,54.0,20,13.0,8,21,0.432,0.767,0.189,2.0,22025
22501221,2025-12-14,Portland Trail Blazers,POR vs. GSW,W,1,136,43.0,30,11.0,4,17,0.506,0.897,0.513,5.0,22025
22501220,2025-12-14,Sacramento Kings,SAC @ MIN,L,0,103,36.0,21,5.0,9,15,0.457,0.76,0.435,-14.0,22025
22501218,2025-12-14,Charlotte Hornets,CHA @ CLE,W,1,119,53.0,28,9.0,7,16,0.439,0.762,0.386,8.0,22025
22501216,2025-12-14,Indiana Pacers,IND vs. WAS,L,0,89,41.0,20,2.0,7,8,0.369,0.81,0.256,-19.0,22025
22501221,2025-12-14,Golden State Warriors,GSW @ POR,L,0,131,36.0,34,14.0,5,18,0.506,0.826,0.511,-5.0,22025
22501223,2025-12-14,New Orleans Pelicans,NOP @ CHI,W,1,114,53.0,21,7.0,5,14,0.462,0.8,0.242,10.0,22025
22501219,2025-12-14,Milwaukee Bucks,MIL @ BKN,L,0,82,37.0,20,8.0,1,20,0.392,0.75,0.229,-45.0,22025
22501223,2025-12-14,Chicago Bulls,CHI vs. NOP,L,0,104,43.0,26,10.0,4,13,0.413,0.882,0.265,-10.0,22025
22501217,2025-12-14,Philadelphia 76ers,PHI @ ATL,L,0,117,54.0,25,10.0,10,11,0.376,0.828,0.415,-3.0,22025
22501219,2025-12-14,Brooklyn Nets,BKN vs. MIL,W,1,127,43.0,33,14.0,4,13,0.529,0.947,0.442,45.0,22025
22501228,2025-12-14,Phoenix Suns,PHX vs. LAL,L,0,114,37.0,29,11.0,5,19,0.488,0.84,0.351,-2.0,22025
22501220,2025-12-14,Minnesota Timberwolves,MIN vs. SAC,W,1,117,48.0,25,12.0,5,11,0.457,0.704,0.324,14.0,22025
22501216,2025-12-14,Washington Wizards,WAS @ IND,W,1,108,56.0,19,5.0,3,11,0.461,0.615,0.357,19.0,22025
22501225,2025-12-15,Denver Nuggets,DEN vs. HOU,W,1,128,38.0,24,10.0,4,10,0.506,0.818,0.441,3.0,22025
22501224,2025-12-15,Dallas Mavericks,DAL @ UTA,L,0,133,54.0,24,6.0,6,14,0.49,0.683,0.333,-7.0,22025
22501226,2025-12-15,Memphis Grizzlies,MEM @ LAC,W,1,121,32.0,33,10.0,7,11,0.523,0.882,0.41,18.0,22025
22501222,2025-12-15,Detroit Pistons,DET @ BOS,W,1,112,39.0,21,9.0,3,10,0.461,0.68,0.361,7.0,22025
22501227,2025-12-15,Miami Heat,MIA vs. TOR,L,0,96,45.0,20,12.0,7,18,0.422,0.739,0.29,-9.6,22025
22501222,2025-12-15,Boston Celtics,BOS vs. DET,L,0,105,37.0,16,7.0,5,12,0.463,0.704,0.256,-7.0,22025
22501224,2025-12-15,Utah Jazz,UTA vs. DAL,W,1,140,47.0,33,8.0,4,13,0.515,0.818,0.361,7.0,22025
22501227,2025-12-15,Toronto Raptors,TOR @ MIA,W,1,106,45.0,33,9.0,7,19,0.477,0.667,0.4,10.0,22025
22501226,2025-12-15,Los Angeles Clippers,LAC vs. MEM,L,0,103,39.0,26,4.0,2,18,0.463,0.727,0.361,-18.0,22025
22501225,2025-12-15,Houston Rockets,HOU @ DEN,L,0,125,46.0,29,7.0,8,16,0.505,0.731,0.48,-3.0,22025
22500367,2025-12-17,Cleveland Cavaliers,CLE @ CHI,L,0,111,40.0,26,6.0,3,20,0.483,0.833,0.308,-16.0,22025
22500368,2025-12-17,Memphis Grizzlies,MEM @ MIN,W,1,116,54.0,23,10.0,4,18,0.438,0.84,0.324,6.0,22025
22500367,2025-12-17,Chicago Bulls,CHI vs. CLE,W,1,127,43.0,35,12.0,3,15,0.562,0.722,0.389,16.0,22025
22500368,2025-12-17,Minnesota Timberwolves,MIN vs. MEM,L,0,110,52.0,26,11.0,8,18,0.398,0.704,0.295,-6.0,22025
22500378,2025-12-18,Phoenix Suns,PHX vs. GSW,W,1,99,49.0,19,16.0,6,15,0.409,0.773,0.286,1.0,22025
22500376,2025-12-18,Detroit Pistons,DET @ DAL,L,0,114,62.0,26,11.0,4,10,0.385,0.7,0.182,-2.0,22025
22500377,2025-12-18,Orlando Magic,ORL @ DEN,L,0,115,44.0,30,9.0,6,9,0.473,0.692,0.333,-11.0,22025
22500369,2025-12-18,Oklahoma City Thunder,OKC vs. LAC,W,1,122,38.0,28,18.0,4,8,0.475,0.813,0.361,21.0,22025
22500380,2025-12-18,Portland Trail Blazers,POR vs. SAC,W,1,134,44.0,30,6.0,6,19,0.476,0.636,0.333,1.0,22025
22500369,2025-12-18,Los Angeles Clippers,LAC @ OKC,L,0,101,49.0,25,6.0,7,28,0.487,0.773,0.313,-21.0,22025
22500380,2025-12-18,Sacramento Kings,SAC @ POR,L,0,133,42.0,29,13.0,7,18,0.511,0.912,0.316,-1.0,22025
22500370,2025-12-18,Washington Wizards,WAS @ SAS,L,0,94,46.0,29,10.0,5,12,0.404,0.643,0.25,-25.0,22025
22500377,2025-12-18,Denver Nuggets,DEN vs. ORL,W,1,126,40.0,31,7.0,3,13,0.557,0.8,0.444,11.0,22025
22500375,2025-12-18,New Orleans Pelicans,NOP vs. HOU,W,1,133,41.0,27,15.0,7,12,0.505,0.857,0.407,5.0,22025
22500375,2025-12-18,Houston Rockets,HOU @ NOP,L,0,128,58.0,30,6.0,8,18,0.467,0.667,0.313,-5.0,22025
22500378,2025-12-18,Golden State Warriors,GSW @ PHX,L,0,98,54.0,27,9.0,3,20,0.393,0.889,0.286,-1.0,22025
22500370,2025-12-18,San Antonio Spurs,SAS vs. WAS,W,1,119,53.0,29,6.0,9,14,0.489,0.8,0.357,25.0,22025
22500372,2025-12-18,Indiana Pacers,IND vs. NYK,L,0,113,52.0,22,8.0,6,14,0.462,0.889,0.324,-1.0,22025
22500374,2025-12-18,Milwaukee Bucks,MIL vs. TOR,L,0,105,38.0,25,10.0,2,16,0.452,0.875,0.405,-6.0,22025
22500374,2025-12-18,Toronto Raptors,TOR @ MIL,W,1,111,45.0,31,9.0,2,16,0.5,0.667,0.371,6.0,22025
22500371,2025-12-18,Atlanta Hawks,ATL @ CHA,L,0,126,35.0,31,6.0,2,15,0.522,0.864,0.297,-7.0,22025
22500373,2025-12-18,Miami Heat,MIA @ BKN,W,1,106,51.0,23,9.0,8,14,0.461,0.789,0.321,11.0,22025
22500379,2025-12-18,Utah Jazz,UTA vs. LAL,L,0,135,39.0,31,4.0,1,13,0.518,0.66,0.486,-8.0,22025
22500376,2025-12-18,Dallas Mavericks,DAL vs. DET,W,1,116,51.0,22,4.0,15,17,0.449,0.861,0.185,2.0,22025
22500373,2025-12-18,Brooklyn Nets,BKN vs. MIA,L,0,95,49.0,24,7.0,7,12,0.388,0.727,0.224,-11.0,22025
22500379,2025-12-18,Los Angeles Lakers,LAL @ UTA,W,1,143,48.0,32,7.0,2,7,0.527,0.821,0.333,8.0,22025
22500371,2025-12-18,Charlotte Hornets,CHA vs. ATL,W,1,133,37.0,39,11.0,3,14,0.538,0.647,0.49,7.0,22025
22500372,2025-12-18,New York Knicks,NYK @ IND,W,1,114,46.0,31,10.0,5,16,0.467,0.579,0.395,1.0,22025
22500385,2025-12-19,Oklahoma City Thunder,OKC @ MIN,L,0,107,52.0,16,7.0,10,11,0.37,0.933,0.282,-5.0,22025
22500382,2025-12-19,Philadelphia 76ers,PHI @ NYK,W,1,116,36.0,21,7.0,8,10,0.455,0.905,0.415,9.0,22025
22500382,2025-12-19,New York Knicks,NYK vs. PHI,L,0,107,57.0,26,3.0,3,18,0.443,0.84,0.25,-9.0,22025
22500383,2025-12-19,Atlanta Hawks,ATL vs. SAS,L,0,98,43.0,26,7.0,1,16,0.404,0.75,0.25,-28.0,22025
22500384,2025-12-19,Chicago Bulls,CHI @ CLE,W,1,136,48.0,34,12.0,5,12,0.52,0.8,0.383,11.0,22025
22500385,2025-12-19,Minnesota Timberwolves,MIN vs. OKC,W,1,112,57.0,20,8.0,6,13,0.375,0.702,0.351,5.0,22025
22500384,2025-12-19,Cleveland Cavaliers,CLE vs. CHI,L,0,125,46.0,31,10.0,1,15,0.475,0.789,0.359,-11.0,22025
22500381,2025-12-19,Miami Heat,MIA @ BOS,L,0,116,47.0,27,6.0,1,13,0.392,0.708,0.388,-13.0,22025
22500383,2025-12-19,San Antonio Spurs,SAS @ ATL,W,1,126,56.0,31,11.0,4,14,0.543,0.688,0.361,28.0,22025
22500381,2025-12-19,Boston Celtics,BOS vs. MIA,W,1,129,46.0,25,8.0,8,14,0.537,0.833,0.488,13.0,22025
22500389,2025-12-20,New Orleans Pelicans,NOP vs. IND,W,1,128,49.0,25,6.0,2,16,0.529,0.853,0.333,19.0,22025
22500395,2025-12-20,Los Angeles Clippers,LAC vs. LAL,W,1,103,48.0,22,8.0,6,16,0.425,0.95,0.372,15.0,22025
22500387,2025-12-20,Philadelphia 76ers,PHI vs. DAL,W,1,121,47.0,27,11.0,2,8,0.431,0.75,0.3,7.0,22025
22500393,2025-12-20,Utah Jazz,UTA vs. ORL,L,0,127,52.0,34,7.0,2,12,0.419,0.8,0.349,-1.0,22025
22500388,2025-12-20,Boston Celtics,BOS @ TOR,W,1,112,55.0,22,7.0,4,9,0.463,0.8,0.308,16.0,22025
22500390,2025-12-20,Charlotte Hornets,CHA @ DET,L,0,86,43.0,21,12.0,7,23,0.315,0.85,0.317,-26.0,22025
22500386,2025-12-20,Denver Nuggets,DEN vs. HOU,L,0,101,39.0,21,9.0,2,11,0.402,0.826,0.276,-14.0,22025
22500390,2025-12-20,Detroit Pistons,DET vs. CHA,W,1,112,61.0,23,16.0,10,20,0.441,0.75,0.214,26.0,22025
22500389,2025-12-20,Indiana Pacers,IND @ NOP,L,0,109,42.0,28,7.0,4,14,0.426,0.7,0.19,-19.0,22025
22500393,2025-12-20,Orlando Magic,ORL @ UTA,W,1,128,52.0,32,6.0,9,13,0.49,0.697,0.297,1.0,22025
22500391,2025-12-20,Washington Wizards,WAS @ MEM,W,1,130,54.0,32,5.0,3,13,0.475,0.731,0.386,8.0,22025
22500386,2025-12-20,Houston Rockets,HOU @ DEN,W,1,115,47.0,24,6.0,8,19,0.506,0.783,0.543,14.0,22025
22500392,2025-12-20,Phoenix Suns,PHX @ GSW,L,0,116,34.0,23,12.0,6,14,0.477,0.833,0.343,-3.0,22025
22500388,2025-12-20,Toronto Raptors,TOR vs. BOS,L,0,96,37.0,30,2.0,7,12,0.414,0.727,0.34,-16.0,22025
22500387,2025-12-20,Dallas Mavericks,DAL @ PHI,L,0,114,44.0,24,5.0,7,18,0.542,0.955,0.167,-7.0,22025
22500395,2025-12-20,Los Angeles Lakers,LAL @ LAC,L,0,88,43.0,16,7.0,3,11,0.386,0.609,0.158,-15.0,22025
22500394,2025-12-20,Portland Trail Blazers,POR @ SAC,W,1,98,46.0,18,12.0,3,20,0.432,0.68,0.344,5.0,22025
22500392,2025-12-20,Golden State Warriors,GSW vs. PHX,W,1,119,49.0,29,9.0,7,20,0.457,0.75,0.347,3.0,22025
22500391,2025-12-20,Memphis Grizzlies,MEM vs. WAS,L,0,122,48.0,31,7.0,3,14,0.45,0.727,0.364,-8.0,22025
22500394,2025-12-20,Sacramento Kings,SAC vs. POR,L,0,93,50.0,18,14.0,6,15,0.379,0.677,0.194,-5.0,22025
22500401,2025-12-21,Sacramento Kings,SAC vs. HOU,W,1,125,55.0,29,8.0,5,11,0.463,0.694,0.375,1.0,22025
22500401,2025-12-21,Houston Rockets,HOU @ SAC,L,0,124,47.0,31,9.0,2,14,0.479,0.75,0.421,-1.0,22025
22500400,2025-12-21,Minnesota Timberwolves,MIN vs. MIL,W,1,103,46.0,28,10.0,4,10,0.42,0.652,0.304,3.0,22025
22500399,2025-12-21,San Antonio Spurs,SAS @ WAS,W,1,124,61.0,26,3.0,5,9,0.413,0.781,0.317,11.0,22025
22500398,2025-12-21,Miami Heat,MIA @ NYK,L,0,125,45.0,26,5.0,1,11,0.471,0.743,0.486,-7.0,22025
22500396,2025-12-21,Atlanta Hawks,ATL vs. CHI,L,0,150,35.0,39,6.0,7,10,0.52,0.781,0.489,-2.0,22025
22500399,2025-12-21,Washington Wizards,WAS vs. SAS,L,0,113,43.0,20,5.0,7,5,0.442,0.75,0.244,-11.0,22025
22500398,2025-12-21,New York Knicks,NYK vs. MIA,W,1,132,36.0,28,7.0,3,12,0.553,0.857,0.526,7.0,22025
22500397,2025-12-21,Toronto Raptors,TOR @ BKN,L,0,81,39.0,23,6.0,5,15,0.372,0.875,0.278,-15.0,22025
22500397,2025-12-21,Brooklyn Nets,BKN vs. TOR,W,1,96,48.0,29,7.0,4,21,0.467,0.75,0.4,15.0,22025
22500400,2025-12-21,Milwaukee Bucks,MIL @ MIN,L,0,100,51.0,27,6.0,2,16,0.402,0.85,0.289,-3.0,22025
22500396,2025-12-21,Chicago Bulls,CHI @ ATL,W,1,152,40.0,41,9.0,3,11,0.576,0.667,0.476,2.0,22025
22500405,2025-12-22,Denver Nuggets,DEN vs. UTA,W,1,135,51.0,37,8.0,7,10,0.5,0.76,0.511,23.0,22025
22500406,2025-12-22,Memphis Grizzlies,MEM @ OKC,L,0,103,46.0,26,8.0,5,21,0.41,0.739,0.439,-16.0,22025
22500403,2025-12-22,Boston Celtics,BOS vs. IND,W,1,103,49.0,19,6.0,6,13,0.427,0.842,0.297,8.0,22025
22500407,2025-12-22,Golden State Warriors,GSW vs. ORL,W,1,120,47.0,33,8.0,6,13,0.517,0.708,0.297,23.0,22025
22500403,2025-12-22,Indiana Pacers,IND @ BOS,L,0,95,36.0,19,4.0,3,12,0.388,0.889,0.325,-8.0,22025
22500404,2025-12-22,New Orleans Pelicans,NOP vs. DAL,W,1,119,51.0,28,9.0,2,12,0.454,0.852,0.235,6.0,22025
22500407,2025-12-22,Orlando Magic,ORL @ GSW,L,0,97,48.0,21,8.0,5,18,0.414,0.692,0.259,-23.0,22025
22500408,2025-12-22,Portland Trail Blazers,POR vs. DET,L,0,102,38.0,21,6.0,6,18,0.446,0.674,0.219,-8.0,22025
22500402,2025-12-22,Cleveland Cavaliers,CLE vs. CHA,W,1,139,30.0,36,9.0,2,13,0.552,1.0,0.545,7.0,22025
22500402,2025-12-22,Charlotte Hornets,CHA @ CLE,L,0,132,44.0,29,10.0,3,19,0.489,0.76,0.5,-7.0,22025
22500405,2025-12-22,Utah Jazz,UTA @ DEN,L,0,112,49.0,30,5.0,1,14,0.427,0.842,0.341,-23.0,22025
22500408,2025-12-22,Detroit Pistons,DET @ POR,W,1,110,48.0,28,11.0,7,8,0.436,0.625,0.233,8.0,22025
22500406,2025-12-22,Oklahoma City Thunder,OKC vs. MEM,W,1,119,46.0,20,14.0,4,13,0.489,0.857,0.385,16.0,22025
22500404,2025-12-22,Dallas Mavericks,DAL @ NOP,L,0,113,57.0,29,9.0,5,16,0.442,0.524,0.303,-6.0,22025
22500413,2025-12-23,Milwaukee Bucks,MIL @ IND,W,1,111,48.0,20,6.0,7,15,0.512,0.708,0.333,17.0,22025
22500416,2025-12-23,New York Knicks,NYK @ MIN,L,0,104,55.0,20,8.0,2,19,0.414,0.733,0.367,-11.0,22025
22500413,2025-12-23,Indiana Pacers,IND vs. MIL,L,0,94,40.0,20,7.0,3,12,0.407,0.606,0.258,-17.0,22025
22500417,2025-12-23,Oklahoma City Thunder,OKC @ SAS,L,0,110,36.0,23,5.0,1,13,0.541,0.857,0.4,-20.0,22025
22500419,2025-12-23,Memphis Grizzlies,MEM @ UTA,W,1,137,41.0,41,10.0,8,15,0.557,0.69,0.422,9.0,22025
22500411,2025-12-23,Atlanta Hawks,ATL vs. CHI,L,0,123,38.0,38,9.0,4,11,0.505,0.65,0.333,-3.0,22025
22500416,2025-12-23,Minnesota Timberwolves,MIN vs. NYK,W,1,115,42.0,25,12.0,9,11,0.452,0.696,0.326,11.0,22025
22500417,2025-12-23,San Antonio Spurs,SAS vs. OKC,W,1,130,34.0,34,10.0,3,9,0.571,0.75,0.444,20.0,22025
22500422,2025-12-23,Los Angeles Clippers,LAC vs. HOU,W,1,128,34.0,25,7.0,4,8,0.545,0.889,0.541,20.0,22025
22500412,2025-12-23,New Orleans Pelicans,NOP @ CLE,L,0,118,43.0,26,10.0,2,16,0.457,0.84,0.423,-23.0,22025
22500410,2025-12-23,Philadelphia 76ers,PHI vs. BKN,L,0,106,43.0,15,12.0,5,16,0.407,0.868,0.259,-8.0,22025
22500409,2025-12-23,Charlotte Hornets,CHA vs. WAS,W,1,126,51.0,35,3.0,6,4,0.452,0.815,0.4,17.0,22025
22500415,2025-12-23,Denver Nuggets,DEN @ DAL,L,0,130,34.0,39,8.0,1,15,0.575,1.0,0.488,-1.0,22025
22500420,2025-12-23,Portland Trail Blazers,POR vs. ORL,L,0,106,45.0,23,9.0,7,17,0.471,0.789,0.281,-4.0,22025
22500409,2025-12-23,Washington Wizards,WAS @ CHA,L,0,109,49.0,22,3.0,7,6,0.412,0.826,0.286,-17.0,22025
22500418,2025-12-23,Phoenix Suns,PHX vs. LAL,W,1,132,38.0,35,10.0,6,13,0.588,0.9,0.412,24.0,22025
22500421,2025-12-23,Detroit Pistons,DET @ SAC,W,1,136,42.0,38,9.0,8,15,0.537,0.714,0.438,9.0,22025
22500421,2025-12-23,Sacramento Kings,SAC vs. DET,L,0,127,42.0,26,12.0,5,13,0.457,0.865,0.333,-9.0,22025
22500412,2025-12-23,Cleveland Cavaliers,CLE vs. NOP,W,1,141,49.0,40,8.0,6,13,0.533,0.818,0.408,23.0,22025
22500419,2025-12-23,Utah Jazz,UTA vs. MEM,L,0,128,40.0,29,9.0,2,13,0.444,0.889,0.356,-9.0,22025
22500422,2025-12-23,Houston Rockets,HOU @ LAC,L,0,108,42.0,25,5.0,6,13,0.5,0.722,0.3,-20.0,22025
22500414,2025-12-23,Toronto Raptors,TOR @ MIA,W,1,112,50.0,29,12.0,5,16,0.477,0.889,0.368,21.0,22025
22500420,2025-12-23,Orlando Magic,ORL @ POR,W,1,110,38.0,26,10.0,5,14,0.435,0.913,0.455,4.0,22025
22500418,2025-12-23,Los Angeles Lakers,LAL @ PHX,L,0,108,38.0,22,7.0,4,17,0.481,0.621,0.375,-24.0,22025
22500415,2025-12-23,Dallas Mavericks,DAL vs. DEN,W,1,131,36.0,34,9.0,2,10,0.57,0.933,0.407,1.0,22025
22500410,2025-12-23,Brooklyn Nets,BKN @ PHI,W,1,114,39.0,24,8.0,2,18,0.427,0.818,0.378,8.0,22025
22500414,2025-12-23,Miami Heat,MIA vs. TOR,L,0,91,40.0,18,12.0,1,17,0.402,0.85,0.267,-21.0,22025
22500411,2025-12-23,Chicago Bulls,CHI @ ATL,W,1,126,48.0,35,4.0,5,16,0.505,0.75,0.333,3.0,22025
22500010,2025-12-25,San Antonio Spurs,SAS @ OKC,W,1,117,49.0,20,3.0,4,12,0.536,0.762,0.379,15.0,22025
22500011,2025-12-25,Golden State Warriors,GSW vs. DAL,W,1,126,49.0,33,9.0,4,11,0.444,0.923,0.28,10.0,22025
22500013,2025-12-25,Minnesota Timberwolves,MIN @ DEN,L,0,138,47.0,31,10.0,12,13,0.49,0.8,0.267,-4.0,22025
22500009,2025-12-25,Cleveland Cavaliers,CLE @ NYK,L,0,124,45.0,30,7.0,0,14,0.523,0.826,0.441,-2.0,22025
22500009,2025-12-25,New York Knicks,NYK vs. CLE,W,1,126,43.0,28,9.0,4,13,0.468,0.773,0.477,2.0,22025
22500011,2025-12-25,Dallas Mavericks,DAL @ GSW,L,0,116,41.0,18,5.0,5,11,0.551,0.667,0.286,-10.0,22025
22500012,2025-12-25,Houston Rockets,HOU @ LAL,W,1,119,48.0,24,10.0,6,15,0.533,0.789,0.333,23.0,22025
22500010,2025-12-25,Oklahoma City Thunder,OKC vs. SAS,L,0,102,48.0,23,7.0,6,7,0.389,0.68,0.25,-15.0,22025
22500013,2025-12-25,Denver Nuggets,DEN vs. MIN,W,1,142,45.0,31,6.0,5,17,0.465,0.906,0.442,4.0,22025
22500012,2025-12-25,Los Angeles Lakers,LAL vs. HOU,L,0,96,25.0,19,7.0,5,16,0.506,0.636,0.367,-23.0,22025
22500429,2025-12-26,Phoenix Suns,PHX @ NOP,W,1,115,52.0,26,9.0,4,17,0.484,0.76,0.2,7.0,22025
22500427,2025-12-26,Philadelphia 76ers,PHI @ CHI,L,0,102,46.0,22,7.0,4,8,0.376,0.875,0.282,-7.0,22025
22500431,2025-12-26,Los Angeles Clippers,LAC @ POR,W,1,119,32.0,21,6.0,5,12,0.507,0.935,0.5,16.0,22025
22500429,2025-12-26,New Orleans Pelicans,NOP vs. PHX,L,0,108,38.0,22,10.0,2,12,0.443,0.595,0.2,-7.0,22025
22500424,2025-12-26,Orlando Magic,ORL vs. CHA,L,0,105,42.0,22,7.0,7,9,0.398,0.87,0.314,-15.0,22025
22500426,2025-12-26,Boston Celtics,BOS @ IND,W,1,140,43.0,26,8.0,3,12,0.566,0.765,0.513,18.0,22025
22500424,2025-12-26,Charlotte Hornets,CHA @ ORL,W,1,120,53.0,23,3.0,6,14,0.471,0.679,0.487,15.0,22025
22500430,2025-12-26,Detroit Pistons,DET @ UTA,L,0,129,41.0,38,11.0,10,17,0.522,0.652,0.486,-2.0,22025
22500425,2025-12-26,Toronto Raptors,TOR @ WAS,L,0,117,33.0,26,10.0,5,11,0.44,0.926,0.333,-21.0,22025
22500428,2025-12-26,Memphis Grizzlies,MEM vs. MIL,W,1,125,42.0,28,12.0,9,13,0.506,0.813,0.382,21.0,22025
22500423,2025-12-26,Atlanta Hawks,ATL vs. MIA,L,0,111,42.0,26,6.0,5,21,0.471,0.905,0.333,-15.0,22025
22500423,2025-12-26,Miami Heat,MIA @ ATL,W,1,126,52.0,29,14.0,2,10,0.471,0.944,0.306,15.0,22025
22500426,2025-12-26,Indiana Pacers,IND vs. BOS,L,0,122,35.0,29,6.0,3,14,0.494,0.8,0.409,-18.0,22025
22500428,2025-12-26,Milwaukee Bucks,MIL @ MEM,L,0,104,48.0,18,11.0,2,22,0.429,0.75,0.359,-21.0,22025
22500425,2025-12-26,Washington Wizards,WAS vs. TOR,W,1,138,46.0,26,8.0,7,13,0.593,0.833,0.455,21.0,22025
22500431,2025-12-26,Portland Trail Blazers,POR vs. LAC,L,0,103,43.0,23,6.0,2,15,0.45,0.682,0.41,-16.0,22025
22500427,2025-12-26,Chicago Bulls,CHI vs. PHI,W,1,109,52.0,31,3.0,6,11,0.442,0.76,0.341,7.0,22025
22500430,2025-12-26,Utah Jazz,UTA vs. DET,W,1,131,42.0,35,12.0,8,17,0.489,0.962,0.474,2.0,22025
22500435,2025-12-27,Atlanta Hawks,ATL vs. NYK,L,0,125,37.0,33,6.0,3,11,0.483,0.815,0.395,-3.0,22025
22500433,2025-12-27,Denver Nuggets,DEN @ ORL,L,0,126,49.0,27,5.0,3,16,0.512,0.9,0.379,-1.0,22025
22500432,2025-12-27,Dallas Mavericks,DAL @ SAC,L,0,107,51.0,23,6.0,8,19,0.46,0.7,0.481,-6.0,22025
22500438,2025-12-27,Houston Rockets,HOU vs. CLE,W,1,117,51.0,27,12.0,9,15,0.489,0.714,0.457,17.0,22025
22500434,2025-12-27,Phoenix Suns,PHX @ NOP,W,1,123,55.0,26,7.0,3,16,0.459,0.684,0.455,9.0,22025
22500439,2025-12-27,Brooklyn Nets,BKN @ MIN,W,1,123,39.0,32,8.0,2,15,0.548,0.952,0.275,16.0,22025
22500432,2025-12-27,Sacramento Kings,SAC vs. DAL,W,1,113,50.0,32,16.0,7,11,0.433,0.75,0.447,6.0,22025
22500434,2025-12-27,New Orleans Pelicans,NOP vs. PHX,L,0,114,43.0,16,11.0,7,13,0.437,0.879,0.333,-9.0,22025
22500438,2025-12-27,Cleveland Cavaliers,CLE @ HOU,L,0,100,42.0,23,10.0,6,14,0.427,0.636,0.306,-17.0,22025
22500440,2025-12-27,Utah Jazz,UTA @ SAS,W,1,127,37.0,34,9.0,4,15,0.542,0.769,0.459,13.0,22025
22500440,2025-12-27,San Antonio Spurs,SAS vs. UTA,L,0,114,46.0,30,6.0,7,11,0.434,0.857,0.227,-13.0,22025
22500436,2025-12-27,Miami Heat,MIA vs. IND,W,1,142,49.0,33,17.0,5,10,0.514,0.952,0.387,26.0,22025
22500437,2025-12-27,Milwaukee Bucks,MIL @ CHI,W,1,112,47.0,22,12.0,3,10,0.465,0.792,0.361,9.0,22025
22500436,2025-12-27,Indiana Pacers,IND @ MIA,L,0,116,45.0,30,6.0,5,26,0.495,0.75,0.316,-26.0,22025
22500433,2025-12-27,Orlando Magic,ORL vs. DEN,W,1,127,35.0,32,8.0,0,6,0.517,0.676,0.345,1.0,22025
22500439,2025-12-27,Minnesota Timberwolves,MIN vs. BKN,L,0,107,34.0,27,8.0,1,11,0.446,0.714,0.419,-16.0,22025
22500437,2025-12-27,Chicago Bulls,CHI vs. MIL,L,0,103,52.0,28,5.0,2,15,0.419,0.75,0.342,-9.0,22025
22500435,2025-12-27,New York Knicks,NYK @ ATL,W,1,128,55.0,27,9.0,4,12,0.453,0.844,0.349,3.0,22025
22500445,2025-12-28,Detroit Pistons,DET @ LAC,L,0,99,45.0,18,9.0,6,13,0.415,0.857,0.241,-13.0,22025
22500446,2025-12-28,Sacramento Kings,SAC @ LAL,L,0,101,39.0,24,11.0,3,19,0.482,0.684,0.276,-24.0,22025
22500446,2025-12-28,Los Angeles Lakers,LAL vs. SAC,W,1,125,41.0,25,14.0,4,15,0.528,0.889,0.395,24.0,22025
22500443,2025-12-28,Washington Wizards,WAS vs. MEM,W,1,116,54.0,26,9.0,12,19,0.424,0.96,0.242,4.0,22025
22500444,2025-12-28,Boston Celtics,BOS @ POR,L,0,108,39.0,19,13.0,5,19,0.44,0.789,0.295,-6.0,22025
22500444,2025-12-28,Portland Trail Blazers,POR vs. BOS,W,1,114,48.0,26,7.0,2,20,0.472,0.571,0.353,6.0,22025
22500445,2025-12-28,Los Angeles Clippers,LAC vs. DET,W,1,112,35.0,18,12.0,6,10,0.467,0.966,0.412,13.0,22025
22500441,2025-12-28,Toronto Raptors,TOR vs. GSW,W,1,141,55.0,40,10.0,2,14,0.509,0.889,0.31,14.0,22025
22500442,2025-12-28,Oklahoma City Thunder,OKC vs. PHI,W,1,129,35.0,27,12.0,6,13,0.575,0.76,0.357,25.0,22025
22500443,2025-12-28,Memphis Grizzlies,MEM @ WAS,L,0,112,43.0,27,14.0,8,16,0.417,0.81,0.281,-4.0,22025
22500441,2025-12-28,Golden State Warriors,GSW @ TOR,L,0,127,42.0,25,9.0,9,20,0.448,0.893,0.364,-14.0,22025
22500442,2025-12-28,Philadelphia 76ers,PHI @ OKC,L,0,104,38.0,21,5.0,5,23,0.422,0.81,0.395,-25.0,22025
22500448,2025-12-29,Phoenix Suns,PHX @ WAS,W,1,115,51.0,25,8.0,3,10,0.406,0.889,0.425,14.0,22025
22500452,2025-12-29,Chicago Bulls,CHI vs. MIN,L,0,101,42.0,25,3.0,7,16,0.409,0.857,0.342,-35.0,22025
22500456,2025-12-29,San Antonio Spurs,SAS vs. CLE,L,0,101,52.0,21,7.0,2,18,0.386,0.833,0.226,-12.0,22025
22500455,2025-12-29,Oklahoma City Thunder,OKC vs. ATL,W,1,140,49.0,27,9.0,7,13,0.541,0.957,0.375,11.0,22025
22500449,2025-12-29,Golden State Warriors,GSW @ BKN,W,1,120,40.0,26,11.0,5,13,0.532,0.824,0.303,13.0,22025
22500454,2025-12-29,New York Knicks,NYK @ NOP,W,1,130,42.0,35,8.0,4,8,0.484,0.947,0.455,5.0,22025
22500455,2025-12-29,Atlanta Hawks,ATL @ OKC,L,0,129,38.0,32,11.0,4,16,0.474,0.706,0.463,-11.0,22025
22500450,2025-12-29,Denver Nuggets,DEN @ MIA,L,0,123,36.0,29,5.0,4,10,0.528,0.818,0.355,-24.0,22025
22500450,2025-12-29,Miami Heat,MIA vs. DEN,W,1,147,46.0,40,8.0,4,9,0.535,0.826,0.478,24.0,22025
22500457,2025-12-29,Dallas Mavericks,DAL @ POR,L,0,122,41.0,33,6.0,7,12,0.505,0.792,0.344,-3.0,22025
22500451,2025-12-29,Orlando Magic,ORL @ TOR,L,0,106,52.0,25,4.0,5,8,0.407,0.852,0.281,-1.0,22025
22500452,2025-12-29,Minnesota Timberwolves,MIN @ CHI,W,1,136,46.0,32,9.0,9,3,0.537,0.76,0.405,35.0,22025
22500447,2025-12-29,Milwaukee Bucks,MIL @ CHA,W,1,123,31.0,29,9.0,5,8,0.524,0.864,0.471,10.0,22025
22500451,2025-12-29,Toronto Raptors,TOR vs. ORL,W,1,107,58.0,22,6.0,7,6,0.394,0.724,0.235,1.0,22025
22500453,2025-12-29,Houston Rockets,HOU vs. IND,W,1,126,50.0,21,4.0,6,16,0.59,0.75,0.37,7.0,22025
22500448,2025-12-29,Washington Wizards,WAS vs. PHX,L,0,101,43.0,21,6.0,8,15,0.462,0.762,0.406,-14.0,22025
22500449,2025-12-29,Brooklyn Nets,BKN vs. GSW,L,0,107,34.0,22,10.0,5,15,0.45,0.739,0.429,-13.0,22025
22500454,2025-12-29,New Orleans Pelicans,NOP vs. NYK,L,0,125,50.0,27,6.0,8,11,0.458,0.852,0.389,-5.0,22025
22500456,2025-12-29,Cleveland Cavaliers,CLE @ SAS,W,1,113,47.0,29,12.0,4,12,0.427,0.9,0.31,12.0,22025
22500447,2025-12-29,Charlotte Hornets,CHA vs. MIL,L,0,113,47.0,28,5.0,3,13,0.43,0.8,0.37,-10.0,22025
22500453,2025-12-29,Indiana Pacers,IND @ HOU,L,0,119,29.0,30,12.0,3,9,0.5,0.65,0.529,-7.0,22025
22500457,2025-12-29,Portland Trail Blazers,POR vs. DAL,W,1,125,48.0,27,3.0,3,15,0.474,0.773,0.39,3.0,22025
22500458,2025-12-30,Philadelphia 76ers,PHI @ MEM,W,1,139,41.0,33,14.0,5,8,0.459,0.815,0.357,3.0,22025
22500461,2025-12-30,Los Angeles Clippers,LAC vs. SAC,W,1,131,42.0,29,13.0,9,3,0.511,0.781,0.368,41.0,22025
22500458,2025-12-30,Memphis Grizzlies,MEM vs. PHI,L,0,136,51.0,28,2.0,10,20,0.554,0.885,0.379,-3.0,22025
22500460,2025-12-30,Detroit Pistons,DET @ LAL,W,1,128,37.0,30,12.0,4,18,0.632,0.724,0.458,22.0,22025
22500459,2025-12-30,Utah Jazz,UTA vs. BOS,L,0,119,40.0,31,4.0,3,13,0.471,0.84,0.381,-10.0,22025
22500461,2025-12-30,Sacramento Kings,SAC @ LAC,L,0,90,39.0,18,1.0,8,18,0.41,0.929,0.333,-41.0,22025
22500459,2025-12-30,Boston Celtics,BOS @ UTA,W,1,129,44.0,27,8.0,9,7,0.511,0.87,0.295,10.0,22025
22500460,2025-12-30,Los Angeles Lakers,LAL vs. DET,L,0,106,33.0,28,10.0,3,20,0.451,0.677,0.282,-22.0,22025
22500468,2025-12-31,Toronto Raptors,TOR vs. DEN,L,0,103,50.0,27,6.0,4,8,0.37,0.81,0.267,-3.0,22025
22500467,2025-12-31,New York Knicks,NYK @ SAS,L,0,132,40.0,32,7.0,2,10,0.479,0.9,0.423,-2.0,22025
22500468,2025-12-31,Denver Nuggets,DEN @ TOR,W,1,106,47.0,17,5.0,5,10,0.425,0.824,0.294,3.0,22025
22500469,2025-12-31,Washington Wizards,WAS @ MIL,W,1,114,44.0,31,8.0,8,10,0.436,0.65,0.487,1.0,22025
22500462,2025-12-31,Golden State Warriors,GSW @ CHA,W,1,132,37.0,35,7.0,3,19,0.554,0.941,0.49,7.0,22025
22500466,2025-12-31,Chicago Bulls,CHI vs. NOP,W,1,134,49.0,33,5.0,7,7,0.511,0.735,0.349,16.0,22025
22500466,2025-12-31,New Orleans Pelicans,NOP @ CHI,L,0,118,46.0,25,4.0,9,10,0.429,0.815,0.316,-16.0,22025
22500464,2025-12-31,Orlando Magic,ORL @ IND,W,1,112,49.0,28,9.0,4,19,0.478,0.821,0.143,2.0,22025
22500462,2025-12-31,Charlotte Hornets,CHA vs. GSW,L,0,125,37.0,35,11.0,1,15,0.516,0.765,0.4,-7.0,22025
22500464,2025-12-31,Indiana Pacers,IND vs. ORL,L,0,110,39.0,22,10.0,3,16,0.434,0.813,0.343,-2.0,22025
22500470,2025-12-31,Oklahoma City Thunder,OKC vs. POR,W,1,124,41.0,29,15.0,10,14,0.489,0.769,0.327,29.0,22025
22500465,2025-12-31,Phoenix Suns,PHX @ CLE,L,0,113,52.0,23,8.0,5,13,0.4,0.875,0.417,-16.0,22025
22500465,2025-12-31,Cleveland Cavaliers,CLE vs. PHX,W,1,129,54.0,31,7.0,9,14,0.5,0.818,0.395,16.0,22025
22500463,2025-12-31,Atlanta Hawks,ATL vs. MIN,W,1,126,49.0,38,9.0,4,8,0.49,0.5,0.381,24.0,22025
22500467,2025-12-31,San Antonio Spurs,SAS vs. NYK,W,1,134,48.0,25,7.0,3,11,0.494,0.8,0.368,2.0,22025
22500470,2025-12-31,Portland Trail Blazers,POR @ OKC,L,0,95,50.0,20,10.0,3,24,0.391,0.765,0.4,-29.0,22025
22500463,2025-12-31,Minnesota Timberwolves,MIN @ ATL,L,0,102,46.0,22,5.0,6,14,0.425,0.778,0.35,-24.0,22025
22500469,2025-12-31,Milwaukee Bucks,MIL vs. WAS,L,0,113,48.0,24,2.0,6,15,0.461,0.682,0.41,-1.0,22025
22500472,2026-01-01,Miami Heat,MIA @ DET,W,1,118,49.0,25,14.0,6,18,0.434,0.9,0.359,6.0,22025
22500475,2026-01-01,Utah Jazz,UTA @ LAC,L,0,101,35.0,20,7.0,5,18,0.462,0.767,0.222,-17.0,22025
22500471,2026-01-01,Brooklyn Nets,BKN vs. HOU,L,0,96,27.0,18,12.0,2,13,0.447,0.6,0.333,-24.0,22025
22500472,2026-01-01,Detroit Pistons,DET vs. MIA,L,0,112,40.0,25,11.0,9,20,0.475,0.871,0.346,-6.0,22025
22500473,2026-01-01,Philadelphia 76ers,PHI @ DAL,W,1,123,43.0,22,10.0,7,11,0.533,0.875,0.361,15.0,22025
22500473,2026-01-01,Dallas Mavericks,DAL vs. PHI,L,0,108,39.0,23,8.0,1,13,0.447,0.9,0.214,-15.0,22025
22500475,2026-01-01,Los Angeles Clippers,LAC vs. UTA,W,1,118,47.0,20,8.0,7,12,0.449,0.846,0.314,17.0,22025
22500471,2026-01-01,Houston Rockets,HOU @ BKN,W,1,120,45.0,28,8.0,7,14,0.573,0.778,0.414,24.0,22025
22500474,2026-01-01,Boston Celtics,BOS @ SAC,W,1,120,40.0,25,8.0,6,12,0.506,0.833,0.415,14.0,22025
22500474,2026-01-01,Sacramento Kings,SAC vs. BOS,L,0,106,32.0,29,7.0,2,9,0.471,0.933,0.333,-14.0,22025
22500478,2026-01-02,Cleveland Cavaliers,CLE vs. DEN,W,1,113,55.0,32,6.0,8,16,0.5,0.579,0.41,5.0,22025
22500480,2026-01-02,Orlando Magic,ORL @ CHI,L,0,114,36.0,28,10.0,5,11,0.5,0.667,0.438,-7.0,22025
22500483,2026-01-02,Phoenix Suns,PHX vs. SAC,W,1,129,42.0,23,16.0,9,12,0.563,0.821,0.258,27.0,22025
22500479,2026-01-02,New York Knicks,NYK vs. ATL,L,0,99,52.0,27,8.0,6,14,0.371,0.857,0.214,-12.0,22025
22500483,2026-01-02,Sacramento Kings,SAC @ PHX,L,0,102,42.0,20,6.0,3,21,0.412,0.688,0.357,-27.0,22025
22500477,2026-01-02,Washington Wizards,WAS vs. BKN,W,1,119,51.0,24,10.0,9,18,0.511,0.875,0.379,20.0,22025
22500485,2026-01-02,Memphis Grizzlies,MEM @ LAL,L,0,121,34.0,32,10.0,2,15,0.479,0.652,0.333,-7.0,22025
22500481,2026-01-02,Charlotte Hornets,CHA @ MIL,L,0,121,39.0,27,5.0,3,14,0.488,0.821,0.45,-1.0,22025
22500480,2026-01-02,Chicago Bulls,CHI vs. ORL,W,1,121,47.0,31,6.0,5,12,0.5,0.895,0.341,7.0,22025
22500478,2026-01-02,Denver Nuggets,DEN @ CLE,L,0,108,32.0,26,8.0,3,8,0.426,0.846,0.362,-5.0,22025
22500476,2026-01-02,San Antonio Spurs,SAS @ IND,W,1,123,49.0,23,8.0,2,12,0.449,0.786,0.283,10.0,22025
22500484,2026-01-02,Golden State Warriors,GSW vs. OKC,L,0,94,43.0,23,8.0,5,16,0.356,0.739,0.295,-37.0,22025
22500479,2026-01-02,Atlanta Hawks,ATL @ NYK,W,1,111,49.0,31,12.0,2,13,0.477,0.6,0.333,12.0,22025
22500485,2026-01-02,Los Angeles Lakers,LAL vs. MEM,W,1,128,42.0,26,9.0,4,20,0.584,0.871,0.344,7.0,22025
22500481,2026-01-02,Milwaukee Bucks,MIL vs. CHA,W,1,122,36.0,31,7.0,4,11,0.517,0.889,0.432,1.0,22025
22500476,2026-01-02,Indiana Pacers,IND vs. SAS,L,0,113,39.0,26,9.0,4,14,0.512,0.867,0.4,-10.0,22025
22500482,2026-01-02,Portland Trail Blazers,POR @ NOP,W,1,122,46.0,27,6.0,7,9,0.446,0.8,0.34,13.0,22025
22500482,2026-01-02,New Orleans Pelicans,NOP vs. POR,L,0,109,42.0,22,8.0,11,15,0.449,0.722,0.267,-13.0,22025
22500484,2026-01-02,Oklahoma City Thunder,OKC @ GSW,W,1,131,51.0,34,10.0,5,13,0.522,1.0,0.421,37.0,22025
22500477,2026-01-02,Brooklyn Nets,BKN @ WAS,L,0,99,33.0,20,15.0,8,16,0.395,0.893,0.207,-20.0,22025
22500488,2026-01-03,Atlanta Hawks,ATL @ TOR,L,0,117,36.0,32,10.0,3,15,0.462,0.842,0.436,-17.0,22025
22500490,2026-01-03,Portland Trail Blazers,POR @ SAS,W,1,115,51.0,24,3.0,4,11,0.44,0.593,0.422,5.0,22025
22500490,2026-01-03,San Antonio Spurs,SAS vs. POR,L,0,110,48.0,27,8.0,7,6,0.43,0.87,0.323,-5.0,22025
22500487,2026-01-03,New York Knicks,NYK vs. PHI,L,0,119,44.0,23,9.0,2,16,0.427,0.844,0.4,-11.0,22025
22500492,2026-01-03,Utah Jazz,UTA @ GSW,L,0,114,37.0,32,7.0,2,15,0.523,0.647,0.371,-9.0,22025
22500487,2026-01-03,Philadelphia 76ers,PHI @ NYK,W,1,130,47.0,25,7.0,10,13,0.544,0.652,0.472,11.0,22025
22500493,2026-01-03,Los Angeles Clippers,LAC vs. BOS,L,0,115,30.0,26,4.0,4,9,0.5,0.941,0.395,-31.0,22025
22500489,2026-01-03,Charlotte Hornets,CHA @ CHI,W,1,112,52.0,23,7.0,3,11,0.429,0.826,0.366,13.0,22025
22500493,2026-01-03,Boston Celtics,BOS @ LAC,W,1,146,46.0,30,4.0,6,6,0.552,0.842,0.471,31.0,22025
22500486,2026-01-03,Miami Heat,MIA vs. MIN,L,0,115,37.0,27,7.0,2,18,0.471,0.864,0.378,-10.0,22025
22500491,2026-01-03,Dallas Mavericks,DAL vs. HOU,W,1,110,47.0,24,6.0,10,15,0.55,0.778,0.381,6.0,22025
22500491,2026-01-03,Houston Rockets,HOU @ DAL,L,0,104,51.0,24,13.0,7,9,0.387,0.8,0.244,-6.0,22025
22500486,2026-01-03,Minnesota Timberwolves,MIN @ MIA,W,1,125,40.0,26,9.0,5,14,0.541,0.88,0.289,10.0,22025
22500492,2026-01-03,Golden State Warriors,GSW vs. UTA,W,1,123,45.0,32,9.0,2,14,0.494,0.75,0.422,9.0,22025
22500489,2026-01-03,Chicago Bulls,CHI vs. CHA,L,0,99,43.0,32,9.0,5,11,0.448,0.714,0.268,-13.0,22025
22500488,2026-01-03,Toronto Raptors,TOR vs. ATL,W,1,134,48.0,28,10.0,8,14,0.533,0.923,0.387,17.0,22025
22500501,2026-01-04,Memphis Grizzlies,MEM @ LAL,L,0,114,47.0,29,6.0,1,8,0.42,0.909,0.244,-6.0,22025
22500498,2026-01-04,Minnesota Timberwolves,MIN @ WAS,W,1,141,51.0,29,14.0,6,14,0.561,0.741,0.297,26.0,22025
22500497,2026-01-04,New Orleans Pelicans,NOP @ MIA,L,0,106,42.0,28,9.0,7,24,0.467,0.75,0.4,-19.0,22025
22500496,2026-01-04,Brooklyn Nets,BKN vs. DEN,W,1,127,44.0,29,7.0,5,10,0.506,0.838,0.424,12.0,22025
22500496,2026-01-04,Denver Nuggets,DEN @ BKN,L,0,115,33.0,29,4.0,5,9,0.482,0.786,0.355,-12.0,22025
22500500,2026-01-04,Milwaukee Bucks,MIL @ SAC,W,1,115,48.0,23,4.0,2,13,0.448,0.9,0.27,17.0,22025
22500501,2026-01-04,Los Angeles Lakers,LAL vs. MEM,W,1,120,45.0,30,4.0,6,10,0.475,0.805,0.268,6.0,22025
22500498,2026-01-04,Washington Wizards,WAS vs. MIN,L,0,115,35.0,21,9.0,5,19,0.489,0.895,0.333,-26.0,22025
22500495,2026-01-04,Orlando Magic,ORL vs. IND,W,1,135,36.0,34,7.0,6,7,0.56,0.765,0.469,8.0,22025
22500499,2026-01-04,Phoenix Suns,PHX vs. OKC,W,1,108,49.0,21,2.0,1,15,0.443,0.724,0.395,3.0,22025
22500494,2026-01-04,Cleveland Cavaliers,CLE vs. DET,L,0,110,44.0,23,11.0,10,17,0.438,0.867,0.333,-4.0,22025
22500495,2026-01-04,Indiana Pacers,IND @ ORL,L,0,127,41.0,38,3.0,3,11,0.552,0.762,0.441,-8.0,22025
22500497,2026-01-04,Miami Heat,MIA vs. NOP,W,1,125,43.0,30,19.0,7,15,0.465,0.722,0.409,19.0,22025
22500499,2026-01-04,Oklahoma City Thunder,OKC @ PHX,L,0,105,29.0,20,2.0,4,9,0.476,0.895,0.313,-3.0,22025
22500500,2026-01-04,Sacramento Kings,SAC vs. MIL,L,0,98,38.0,17,10.0,7,10,0.425,0.781,0.2,-17.0,22025
22500494,2026-01-04,Detroit Pistons,DET @ CLE,W,1,114,45.0,25,11.0,9,16,0.411,1.0,0.375,4.0,22025
22500509,2026-01-05,Portland Trail Blazers,POR vs. UTA,W,1,137,45.0,32,9.0,4,13,0.527,0.952,0.396,20.0,22025
22500504,2026-01-05,Toronto Raptors,TOR vs. ATL,W,1,118,46.0,34,10.0,5,13,0.522,0.632,0.324,18.0,22025
22500505,2026-01-05,Phoenix Suns,PHX @ HOU,L,0,97,40.0,23,11.0,0,10,0.42,0.75,0.341,-3.0,22025
22500509,2026-01-05,Utah Jazz,UTA @ POR,L,0,117,42.0,32,11.0,2,15,0.489,0.824,0.419,-20.0,22025
22500503,2026-01-05,Boston Celtics,BOS vs. CHI,W,1,115,54.0,22,7.0,4,7,0.404,0.846,0.385,14.0,22025
22500506,2026-01-05,Charlotte Hornets,CHA @ OKC,W,1,124,52.0,25,4.0,7,21,0.532,0.92,0.514,27.0,22025
22500508,2026-01-05,Los Angeles Clippers,LAC vs. GSW,W,1,103,48.0,25,5.0,9,20,0.481,0.905,0.345,1.0,22025
22500507,2026-01-05,Philadelphia 76ers,PHI vs. DEN,L,0,124,42.0,28,9.0,9,14,0.469,0.789,0.378,-1.0,22025
22500505,2026-01-05,Houston Rockets,HOU vs. PHX,W,1,100,51.0,20,5.0,1,14,0.437,0.714,0.243,3.0,22025
22500506,2026-01-05,Oklahoma City Thunder,OKC vs. CHA,L,0,97,33.0,18,14.0,5,7,0.366,0.667,0.282,-27.0,22025
22500502,2026-01-05,Detroit Pistons,DET vs. NYK,W,1,121,44.0,25,12.0,11,15,0.547,0.688,0.516,31.0,22025
22500508,2026-01-05,Golden State Warriors,GSW @ LAC,L,0,102,40.0,27,18.0,4,7,0.38,0.815,0.244,-1.0,22025
22500507,2026-01-05,Denver Nuggets,DEN @ PHI,W,1,125,38.0,26,6.0,6,17,0.531,0.75,0.486,1.0,22025
22500504,2026-01-05,Atlanta Hawks,ATL @ TOR,L,0,100,46.0,28,11.0,1,14,0.393,0.857,0.353,-18.0,22025
22500502,2026-01-05,New York Knicks,NYK @ DET,L,0,90,30.0,15,7.0,3,20,0.421,0.929,0.433,-31.0,22025
22500503,2026-01-05,Chicago Bulls,CHI @ BOS,L,0,101,45.0,25,2.0,4,11,0.442,0.9,0.348,-14.0,22025
22500514,2026-01-06,New Orleans Pelicans,NOP vs. LAL,L,0,103,44.0,28,8.0,2,15,0.44,0.722,0.25,-8.0,22025
22500515,2026-01-06,Sacramento Kings,SAC vs. DAL,L,0,98,43.0,23,11.0,6,12,0.424,0.647,0.29,-2.0,22025
22500510,2026-01-06,Cleveland Cavaliers,CLE @ IND,W,1,120,48.0,33,7.0,6,19,0.557,0.667,0.385,4.0,22025
22500512,2026-01-06,Memphis Grizzlies,MEM vs. SAS,W,1,106,61.0,28,7.0,9,20,0.398,0.667,0.367,1.0,22025
22500515,2026-01-06,Dallas Mavericks,DAL @ SAC,W,1,100,55.0,19,6.0,3,16,0.406,0.667,0.296,2.0,22025
22500511,2026-01-06,Orlando Magic,ORL @ WAS,L,0,112,48.0,28,8.0,4,19,0.457,0.667,0.364,-8.0,22025
22500514,2026-01-06,Los Angeles Lakers,LAL @ NOP,W,1,111,44.0,30,11.0,6,14,0.506,0.667,0.355,8.0,22025
22500511,2026-01-06,Washington Wizards,WAS vs. ORL,W,1,120,45.0,25,12.0,10,14,0.453,0.939,0.324,8.0,22025
22500513,2026-01-06,Minnesota Timberwolves,MIN vs. MIA,W,1,122,63.0,27,7.0,8,12,0.459,0.783,0.359,28.0,22025
22500512,2026-01-06,San Antonio Spurs,SAS @ MEM,L,0,105,50.0,26,9.0,4,14,0.373,0.833,0.304,-1.0,22025
22500510,2026-01-06,Indiana Pacers,IND vs. CLE,L,0,116,32.0,32,10.0,4,11,0.462,0.737,0.457,-4.0,22025
22500513,2026-01-06,Miami Heat,MIA @ MIN,L,0,94,50.0,28,5.0,4,17,0.357,0.75,0.324,-28.0,22025
22500516,2026-01-07,Charlotte Hornets,CHA vs. TOR,L,0,96,50.0,19,3.0,6,18,0.39,0.818,0.368,-1.0,22025
22500520,2026-01-07,Boston Celtics,BOS vs. DEN,L,0,110,53.0,16,6.0,6,14,0.453,0.6,0.395,-4.0,22025
22500523,2026-01-07,San Antonio Spurs,SAS vs. LAL,W,1,107,50.0,24,10.0,5,14,0.488,0.821,0.16,16.0,22025
22500518,2026-01-07,Washington Wizards,WAS @ PHI,L,0,110,42.0,29,7.0,6,22,0.494,1.0,0.394,-21.0,22025
22500522,2026-01-07,Los Angeles Clippers,LAC @ NYK,L,0,111,40.0,21,7.0,5,10,0.435,0.842,0.357,-12.0,22025
22500518,2026-01-07,Philadelphia 76ers,PHI vs. WAS,W,1,131,34.0,30,15.0,5,10,0.536,0.844,0.378,21.0,22025
22500521,2026-01-07,Brooklyn Nets,BKN vs. ORL,L,0,103,44.0,23,11.0,8,19,0.419,0.636,0.333,-1.0,22025
22500519,2026-01-07,Atlanta Hawks,ATL vs. NOP,W,1,117,49.0,30,13.0,10,19,0.463,0.647,0.383,17.0,22025
22500517,2026-01-07,Chicago Bulls,CHI @ DET,L,0,93,45.0,27,5.0,8,17,0.425,0.667,0.382,-15.0,22025
22500527,2026-01-07,Houston Rockets,HOU @ POR,L,0,102,57.0,20,8.0,7,14,0.374,0.69,0.222,-1.0,22025
22500525,2026-01-07,Oklahoma City Thunder,OKC vs. UTA,W,1,129,51.0,26,14.0,11,11,0.436,0.81,0.184,4.0,22025
22500519,2026-01-07,New Orleans Pelicans,NOP @ ATL,L,0,100,40.0,26,13.0,9,19,0.442,0.64,0.286,-17.0,22025
22500521,2026-01-07,Orlando Magic,ORL @ BKN,W,1,104,55.0,28,12.0,4,18,0.427,0.722,0.273,1.0,22025
22500520,2026-01-07,Denver Nuggets,DEN @ BOS,W,1,114,39.0,27,7.0,8,7,0.448,0.667,0.455,4.0,22025
22500524,2026-01-07,Memphis Grizzlies,MEM vs. PHX,L,0,98,47.0,23,9.0,2,18,0.424,0.571,0.324,-19.0,22025
22500522,2026-01-07,New York Knicks,NYK vs. LAC,W,1,123,48.0,31,5.0,6,10,0.5,0.882,0.424,12.0,22025
22500517,2026-01-07,Detroit Pistons,DET vs. CHI,W,1,108,39.0,35,10.0,8,8,0.489,0.75,0.364,15.0,22025
22500526,2026-01-07,Milwaukee Bucks,MIL @ GSW,L,0,113,36.0,29,3.0,3,12,0.541,0.583,0.438,-7.0,22025
22500527,2026-01-07,Portland Trail Blazers,POR vs. HOU,W,1,103,38.0,21,7.0,3,13,0.434,0.76,0.3,1.0,22025
22500526,2026-01-07,Golden State Warriors,GSW vs. MIL,W,1,120,41.0,31,6.0,2,9,0.494,0.778,0.383,7.0,22025
22500524,2026-01-07,Phoenix Suns,PHX @ MEM,W,1,117,51.0,31,11.0,5,16,0.464,0.625,0.393,19.0,22025
22500523,2026-01-07,Los Angeles Lakers,LAL @ SAS,L,0,91,45.0,16,9.0,2,17,0.395,0.636,0.231,-16.0,22025
22500516,2026-01-07,Toronto Raptors,TOR @ CHA,W,1,97,42.0,18,6.0,4,5,0.413,0.737,0.206,1.0,22025
22500525,2026-01-07,Utah Jazz,UTA @ OKC,L,0,125,65.0,33,8.0,5,20,0.441,0.762,0.268,-4.0,22025
22500528,2026-01-08,Charlotte Hornets,CHA vs. IND,L,0,112,35.0,29,8.0,3,16,0.453,0.75,0.364,-2.0,22025
22500530,2026-01-08,Cleveland Cavaliers,CLE @ MIN,L,0,122,38.0,31,9.0,2,12,0.527,0.714,0.333,-9.0,22025
22500531,2026-01-08,Dallas Mavericks,DAL @ UTA,L,0,114,47.0,30,4.0,2,20,0.518,0.846,0.417,-2.0,22025
22500531,2026-01-08,Utah Jazz,UTA vs. DAL,W,1,116,42.0,32,11.0,3,9,0.495,0.643,0.317,2.0,22025
22500528,2026-01-08,Indiana Pacers,IND @ CHA,W,1,114,41.0,25,9.0,6,19,0.5,0.952,0.444,2.0,22025
22500530,2026-01-08,Minnesota Timberwolves,MIN vs. CLE,W,1,131,45.0,33,8.0,2,17,0.573,0.529,0.526,9.0,22025
22500532,2026-01-09,Boston Celtics,BOS vs. TOR,W,1,125,40.0,28,3.0,5,7,0.54,0.895,0.5,8.0,22025
22500534,2026-01-09,New Orleans Pelicans,NOP @ WAS,W,1,128,51.0,30,12.0,4,17,0.537,0.625,0.324,21.0,22025
22500540,2026-01-09,Portland Trail Blazers,POR vs. HOU,W,1,111,43.0,26,9.0,3,13,0.416,0.913,0.364,6.0,22025
22500533,2026-01-09,Philadelphia 76ers,PHI @ ORL,W,1,103,52.0,20,12.0,6,12,0.411,0.875,0.143,12.0,22025
22500535,2026-01-09,Brooklyn Nets,BKN vs. LAC,L,0,105,39.0,26,12.0,4,12,0.4,0.909,0.319,-16.0,22025
22500540,2026-01-09,Houston Rockets,HOU @ POR,L,0,105,56.0,21,8.0,8,13,0.417,0.625,0.227,-6.0,22025
22500532,2026-01-09,Toronto Raptors,TOR @ BOS,L,0,117,31.0,39,7.0,6,6,0.489,0.9,0.383,-8.0,22025
22500539,2026-01-09,Golden State Warriors,GSW vs. SAC,W,1,137,41.0,39,4.0,6,10,0.547,1.0,0.422,34.0,22025
22500538,2026-01-09,New York Knicks,NYK @ PHX,L,0,107,50.0,22,3.0,1,17,0.451,0.81,0.39,-5.0,22025
22500536,2026-01-09,Memphis Grizzlies,MEM vs. OKC,L,0,116,52.0,35,4.0,4,17,0.466,0.833,0.341,-1.0,22025
22500541,2026-01-09,Milwaukee Bucks,MIL @ LAL,W,1,105,44.0,23,10.0,3,16,0.481,0.773,0.353,4.0,22025
22500535,2026-01-09,Los Angeles Clippers,LAC @ BKN,W,1,121,37.0,28,9.0,8,15,0.592,0.895,0.583,16.0,22025
22500538,2026-01-09,Phoenix Suns,PHX vs. NYK,W,1,112,37.0,23,4.0,4,9,0.447,0.87,0.381,5.0,22025
22500534,2026-01-09,Washington Wizards,WAS vs. NOP,L,0,107,40.0,24,10.0,8,19,0.425,0.667,0.314,-21.0,22025
22500541,2026-01-09,Los Angeles Lakers,LAL vs. MIL,L,0,101,45.0,28,9.0,0,12,0.429,0.571,0.417,-4.0,22025
22500537,2026-01-09,Denver Nuggets,DEN vs. ATL,L,0,87,44.0,22,6.0,2,19,0.417,0.8,0.344,-23.0,22025
22500533,2026-01-09,Orlando Magic,ORL vs. PHI,L,0,91,42.0,21,5.0,10,18,0.409,0.833,0.138,-12.0,22025
22500537,2026-01-09,Atlanta Hawks,ATL @ DEN,W,1,110,40.0,31,14.0,6,6,0.489,0.5,0.372,23.0,22025
22500539,2026-01-09,Sacramento Kings,SAC @ GSW,L,0,103,31.0,23,6.0,6,12,0.5,0.769,0.259,-34.0,22025
22500536,2026-01-09,Oklahoma City Thunder,OKC @ MEM,W,1,117,36.0,24,9.0,8,6,0.473,0.786,0.243,1.0,22025
22500546,2026-01-10,Dallas Mavericks,DAL @ CHI,L,0,107,42.0,25,7.0,6,14,0.429,0.64,0.371,-18.0,22025
22500547,2026-01-10,Charlotte Hornets,CHA @ UTA,W,1,150,65.0,35,10.0,5,12,0.525,0.8,0.407,55.0,22025
22500544,2026-01-10,Detroit Pistons,DET vs. LAC,L,0,92,47.0,21,18.0,13,24,0.398,0.72,0.229,-6.0,22025
22500543,2026-01-10,Indiana Pacers,IND vs. MIA,W,1,123,54.0,37,13.0,4,16,0.449,0.818,0.425,24.0,22025
22500542,2026-01-10,Cleveland Cavaliers,CLE vs. MIN,W,1,146,31.0,38,10.0,2,9,0.598,0.84,0.484,12.0,22025
22500545,2026-01-10,Boston Celtics,BOS vs. SAS,L,0,95,52.0,22,5.0,5,10,0.409,0.75,0.364,-5.0,22025
22500546,2026-01-10,Chicago Bulls,CHI vs. DAL,W,1,125,52.0,31,10.0,7,14,0.515,0.833,0.326,18.0,22025
22500545,2026-01-10,San Antonio Spurs,SAS @ BOS,W,1,100,53.0,22,5.0,4,8,0.4,0.7,0.227,5.0,22025
22500547,2026-01-10,Utah Jazz,UTA vs. CHA,L,0,95,31.0,22,6.0,2,15,0.409,0.762,0.226,-55.0,22025
22500543,2026-01-10,Miami Heat,MIA @ IND,L,0,99,51.0,17,6.0,5,19,0.391,0.793,0.133,-24.0,22025
22500542,2026-01-10,Minnesota Timberwolves,MIN @ CLE,L,0,134,40.0,31,8.0,7,15,0.573,0.8,0.5,-12.0,22025
22500544,2026-01-10,Los Angeles Clippers,LAC @ DET,W,1,98,37.0,17,18.0,6,21,0.431,0.694,0.355,6.0,22025
22500553,2026-01-11,Oklahoma City Thunder,OKC vs. MIA,W,1,124,46.0,23,12.0,5,13,0.505,0.714,0.294,12.0,22025
22500549,2026-01-11,Brooklyn Nets,BKN @ MEM,L,0,98,43.0,25,10.0,6,10,0.409,0.5,0.375,-5.0,22025
22500549,2026-01-11,Memphis Grizzlies,MEM vs. BKN,W,1,103,54.0,27,6.0,7,14,0.42,1.0,0.324,5.0,22025
22500552,2026-01-11,Minnesota Timberwolves,MIN vs. SAS,W,1,104,50.0,23,9.0,7,9,0.433,0.56,0.308,1.0,22025
22500550,2026-01-11,Philadelphia 76ers,PHI @ TOR,L,0,115,44.0,11,9.0,11,22,0.456,0.806,0.258,-1.0,22025
22500554,2026-01-11,Milwaukee Bucks,MIL @ DEN,L,0,104,44.0,29,5.0,6,9,0.447,0.7,0.412,-4.0,22025
22500552,2026-01-11,San Antonio Spurs,SAS @ MIN,L,0,103,49.0,19,6.0,1,14,0.386,0.88,0.342,-1.0,22025
22500553,2026-01-11,Miami Heat,MIA @ OKC,L,0,112,37.0,35,9.0,4,23,0.537,0.538,0.531,-12.0,22025
22500555,2026-01-11,Phoenix Suns,PHX vs. WAS,W,1,112,51.0,32,11.0,7,14,0.421,0.789,0.327,19.0,22025
22500556,2026-01-11,Atlanta Hawks,ATL @ GSW,W,1,124,46.0,33,9.0,4,7,0.489,0.68,0.385,13.0,22025
22500548,2026-01-11,New Orleans Pelicans,NOP @ ORL,L,0,118,26.0,27,8.0,9,14,0.575,0.8,0.538,-10.0,22025
22500557,2026-01-11,Houston Rockets,HOU @ SAC,L,0,98,44.0,23,4.0,5,11,0.429,0.655,0.233,-13.0,22025
22500554,2026-01-11,Denver Nuggets,DEN vs. MIL,W,1,108,45.0,23,5.0,5,7,0.402,0.774,0.4,4.0,22025
22500555,2026-01-11,Washington Wizards,WAS @ PHX,L,0,93,49.0,22,9.0,7,22,0.395,1.0,0.233,-19.0,22025
22500548,2026-01-11,Orlando Magic,ORL vs. NOP,W,1,128,39.0,27,10.0,3,11,0.524,0.886,0.458,10.0,22025
22500551,2026-01-11,New York Knicks,NYK @ POR,W,1,123,45.0,32,11.0,7,12,0.505,0.75,0.37,9.0,22025
22500556,2026-01-11,Golden State Warriors,GSW vs. ATL,L,0,111,48.0,28,5.0,4,15,0.467,0.81,0.238,-13.0,22025
22500550,2026-01-11,Toronto Raptors,TOR vs. PHI,W,1,116,48.0,29,14.0,6,15,0.398,0.744,0.156,1.0,22025
22500557,2026-01-11,Sacramento Kings,SAC vs. HOU,W,1,111,45.0,25,4.0,1,9,0.484,0.75,0.348,13.0,22025
22500551,2026-01-11,Portland Trail Blazers,POR vs. NYK,L,0,114,39.0,24,9.0,6,15,0.476,0.88,0.308,-9.0,22025
22500563,2026-01-12,Los Angeles Clippers,LAC vs. CHA,W,1,117,37.0,22,7.0,0,5,0.446,0.81,0.367,8.0,22025
22500558,2026-01-12,Cleveland Cavaliers,CLE vs. UTA,L,0,112,30.0,33,10.0,6,13,0.446,1.0,0.415,-11.0,22025
22500562,2026-01-12,Los Angeles Lakers,LAL @ SAC,L,0,112,39.0,21,9.0,2,10,0.488,0.786,0.222,-12.0,22025
22500559,2026-01-12,Boston Celtics,BOS @ IND,L,0,96,46.0,22,9.0,1,12,0.455,0.778,0.257,-2.0,22025
22500558,2026-01-12,Utah Jazz,UTA @ CLE,W,1,123,50.0,32,7.0,4,16,0.482,0.893,0.439,11.0,22025
22500563,2026-01-12,Charlotte Hornets,CHA @ LAC,L,0,109,49.0,24,3.0,4,10,0.489,0.765,0.303,-8.0,22025
22500560,2026-01-12,Toronto Raptors,TOR vs. PHI,L,0,102,38.0,29,7.0,2,9,0.402,0.88,0.162,-13.0,22025
22500561,2026-01-12,Brooklyn Nets,BKN @ DAL,L,0,105,43.0,23,5.0,8,17,0.453,0.9,0.243,-8.0,22025
22500560,2026-01-12,Philadelphia 76ers,PHI @ TOR,W,1,115,36.0,22,4.0,2,16,0.527,0.913,0.444,13.0,22025
22500559,2026-01-12,Indiana Pacers,IND vs. BOS,W,1,98,40.0,29,8.0,3,11,0.464,0.667,0.432,2.0,22025
22500561,2026-01-12,Dallas Mavericks,DAL vs. BKN,W,1,113,37.0,28,9.0,3,12,0.506,0.75,0.441,8.0,22025
22500562,2026-01-12,Sacramento Kings,SAC vs. LAL,W,1,124,32.0,23,6.0,4,12,0.585,0.786,0.654,12.0,22025
22500564,2026-01-13,Miami Heat,MIA vs. PHX,W,1,127,41.0,28,8.0,2,12,0.522,0.818,0.342,6.0,22025
22500569,2026-01-13,Atlanta Hawks,ATL @ LAL,L,0,116,32.0,30,11.0,1,6,0.45,0.722,0.283,-25.0,22025
22500569,2026-01-13,Los Angeles Lakers,LAL vs. ATL,W,1,141,47.0,36,2.0,3,14,0.578,0.867,0.559,25.0,22025
22500568,2026-01-13,Oklahoma City Thunder,OKC vs. SAS,W,1,119,43.0,26,7.0,11,11,0.519,0.889,0.367,21.0,22025
22500564,2026-01-13,Phoenix Suns,PHX @ MIA,L,0,121,48.0,22,10.0,1,12,0.431,0.95,0.292,-5.8,22025
22500565,2026-01-13,Chicago Bulls,CHI @ HOU,L,0,113,40.0,24,5.0,3,7,0.436,0.826,0.324,-6.0,22025
22500568,2026-01-13,San Antonio Spurs,SAS @ OKC,L,0,98,42.0,21,4.0,3,11,0.4,0.708,0.351,-21.0,22025
22500567,2026-01-13,Denver Nuggets,DEN @ NOP,W,1,122,32.0,24,8.0,3,7,0.488,0.813,0.4,6.0,22025
22500566,2026-01-13,Milwaukee Bucks,MIL vs. MIN,L,0,106,32.0,29,12.0,4,19,0.482,0.579,0.361,-33.0,22025
22500570,2026-01-13,Portland Trail Blazers,POR @ GSW,L,0,97,45.0,20,7.0,3,22,0.434,0.647,0.298,-22.0,22025
22500565,2026-01-13,Houston Rockets,HOU vs. CHI,W,1,119,50.0,24,5.0,2,9,0.511,0.759,0.292,6.0,22025
22500570,2026-01-13,Golden State Warriors,GSW vs. POR,W,1,119,34.0,34,16.0,5,14,0.472,0.923,0.404,22.0,22025
22500566,2026-01-13,Minnesota Timberwolves,MIN @ MIL,W,1,139,44.0,37,9.0,2,15,0.598,0.583,0.524,33.0,22025
22500567,2026-01-13,New Orleans Pelicans,NOP vs. DEN,L,0,116,51.0,21,6.0,4,15,0.453,0.871,0.379,-6.0,22025
22500574,2026-01-14,New Orleans Pelicans,NOP vs. BKN,W,1,116,53.0,24,5.0,7,8,0.443,0.76,0.333,3.0,22025
22500573,2026-01-14,Chicago Bulls,CHI vs. UTA,W,1,128,43.0,36,10.0,5,13,0.511,0.81,0.395,2.0,22025
22500576,2026-01-14,Sacramento Kings,SAC vs. NYK,W,1,112,48.0,23,4.0,6,15,0.473,0.842,0.37,11.0,22025
22500571,2026-01-14,Indiana Pacers,IND vs. TOR,L,0,101,46.0,26,6.0,7,10,0.384,0.742,0.286,-14.0,22025
22500576,2026-01-14,New York Knicks,NYK @ SAC,L,0,101,45.0,23,11.0,6,9,0.39,0.652,0.195,-11.0,22025
22500572,2026-01-14,Philadelphia 76ers,PHI vs. CLE,L,0,107,42.0,22,9.0,5,12,0.404,0.885,0.279,-26.0,22025
22500575,2026-01-14,Denver Nuggets,DEN @ DAL,W,1,118,39.0,21,4.0,1,9,0.494,0.818,0.421,9.0,22025
22500574,2026-01-14,Brooklyn Nets,BKN @ NOP,L,0,113,43.0,24,3.0,5,10,0.474,0.583,0.372,-3.0,22025
22500577,2026-01-14,Washington Wizards,WAS @ LAC,L,0,105,41.0,25,5.0,3,11,0.456,0.765,0.263,-14.0,22025
22500572,2026-01-14,Cleveland Cavaliers,CLE @ PHI,W,1,133,52.0,41,6.0,5,15,0.526,0.722,0.435,26.0,22025
22500573,2026-01-14,Utah Jazz,UTA @ CHI,L,0,126,36.0,30,9.0,2,13,0.547,0.889,0.286,-2.0,22025
22500577,2026-01-14,Los Angeles Clippers,LAC vs. WAS,W,1,119,40.0,25,9.0,5,8,0.47,1.0,0.378,14.0,22025
22500571,2026-01-14,Toronto Raptors,TOR @ IND,W,1,115,49.0,30,4.0,5,11,0.494,0.654,0.357,14.0,22025
22500575,2026-01-14,Dallas Mavericks,DAL vs. DEN,L,0,109,47.0,16,6.0,3,6,0.441,0.667,0.147,-9.0,22025
22500578,2026-01-15,Orlando Magic,MEM @ ORL,W,1,118,54.0,28,9.0,4,16,0.432,0.913,0.375,7.0,22025
22500584,2026-01-15,New York Knicks,NYK @ GSW,L,0,113,41.0,28,3.0,2,10,0.462,0.789,0.368,-13.0,22025
22500582,2026-01-15,San Antonio Spurs,SAS vs. MIL,W,1,119,50.0,28,7.0,2,16,0.506,0.852,0.432,18.0,22025
22500583,2026-01-15,Utah Jazz,UTA @ DAL,L,0,122,39.0,33,9.0,4,17,0.49,0.783,0.278,-22.0,22025
22500582,2026-01-15,Milwaukee Bucks,MIL @ SAS,L,0,101,37.0,24,6.0,3,13,0.391,0.727,0.354,-18.0,22025
22500580,2026-01-15,Miami Heat,MIA vs. BOS,L,0,114,40.0,25,7.0,2,10,0.448,0.778,0.357,-5.0,22025
22500583,2026-01-15,Dallas Mavericks,DAL vs. UTA,W,1,144,46.0,37,13.0,7,13,0.567,0.789,0.413,22.0,22025
22500578,2026-01-15,Memphis Grizzlies,MEM @ ORL,L,0,111,37.0,27,5.0,6,16,0.458,0.857,0.472,-7.0,22025
22500586,2026-01-15,Los Angeles Lakers,LAL vs. CHA,L,0,117,35.0,18,8.0,4,9,0.462,0.739,0.368,-18.0,22025
22500579,2026-01-15,Detroit Pistons,DET vs. PHX,W,1,108,54.0,25,10.0,7,17,0.469,0.622,0.281,3.0,22025
22500581,2026-01-15,Houston Rockets,HOU vs. OKC,L,0,91,60.0,17,10.0,7,14,0.337,0.824,0.292,-20.0,22025
22500579,2026-01-15,Phoenix Suns,PHX @ DET,L,0,105,41.0,21,14.0,9,13,0.414,0.64,0.37,-3.0,22025
22500585,2026-01-15,Portland Trail Blazers,POR vs. ATL,W,1,117,54.0,23,13.0,5,14,0.453,0.708,0.304,16.0,22025
22500585,2026-01-15,Atlanta Hawks,ATL @ POR,L,0,101,40.0,23,10.0,4,18,0.432,0.773,0.318,-16.0,22025
22500581,2026-01-15,Oklahoma City Thunder,OKC @ HOU,W,1,111,44.0,25,9.0,12,11,0.461,0.867,0.39,20.0,22025
22500584,2026-01-15,Golden State Warriors,GSW vs. NYK,W,1,126,38.0,26,7.0,6,12,0.539,0.769,0.444,13.0,22025
22500580,2026-01-15,Boston Celtics,BOS @ MIA,W,1,119,51.0,22,5.0,5,13,0.451,0.96,0.333,5.0,22025
22500586,2026-01-15,Charlotte Hornets,CHA @ LAL,W,1,135,50.0,34,3.0,5,12,0.543,0.938,0.465,18.0,22025
22500588,2026-01-16,New Orleans Pelicans,NOP @ IND,L,0,119,42.0,22,4.0,4,8,0.5,0.8,0.419,-8.0,22025
22500590,2026-01-16,Los Angeles Clippers,LAC @ TOR,W,1,121,36.0,25,12.0,3,16,0.519,0.867,0.361,4.0,22025
22500591,2026-01-16,Houston Rockets,HOU vs. MIN,W,1,110,42.0,19,10.0,5,12,0.464,0.588,0.429,5.0,22025
22500590,2026-01-16,Toronto Raptors,TOR vs. LAC,L,0,117,36.0,30,4.0,5,18,0.483,0.846,0.333,-4.0,22025
22500587,2026-01-16,Brooklyn Nets,BKN vs. CHI,W,1,112,47.0,30,7.0,4,14,0.429,0.882,0.475,3.0,22025
22500592,2026-01-16,Sacramento Kings,SAC vs. WAS,W,1,128,45.0,36,5.0,5,18,0.58,0.633,0.484,13.0,22025
22500592,2026-01-16,Washington Wizards,WAS @ SAC,L,0,115,34.0,23,9.0,2,11,0.489,0.762,0.324,-13.0,22025
22500591,2026-01-16,Minnesota Timberwolves,MIN @ HOU,L,0,105,45.0,21,7.0,7,14,0.463,0.571,0.367,-5.0,22025
22500589,2026-01-16,Cleveland Cavaliers,CLE @ PHI,W,1,117,42.0,38,7.0,5,18,0.518,0.706,0.5,2.0,22025
22500589,2026-01-16,Philadelphia 76ers,PHI vs. CLE,L,0,115,37.0,28,11.0,8,10,0.473,0.895,0.375,-2.0,22025
22500588,2026-01-16,Indiana Pacers,IND vs. NOP,W,1,127,43.0,37,5.0,7,7,0.515,0.667,0.349,8.0,22025
22500587,2026-01-16,Chicago Bulls,CHI @ BKN,L,0,109,41.0,28,10.0,10,7,0.477,0.8,0.314,-3.0,22025
22500599,2026-01-17,Golden State Warriors,GSW vs. CHA,W,1,136,41.0,34,8.0,7,11,0.548,0.846,0.442,20.0,22025
22500595,2026-01-17,Detroit Pistons,DET vs. IND,W,1,121,51.0,32,15.0,6,19,0.495,0.684,0.471,43.0,22025
22500595,2026-01-17,Indiana Pacers,IND @ DET,L,0,78,42.0,18,13.0,2,24,0.354,0.519,0.229,-43.0,22025
22500593,2026-01-17,Dallas Mavericks,DAL vs. UTA,W,1,138,44.0,36,8.0,2,11,0.538,0.611,0.439,18.0,22025
22500596,2026-01-17,Phoenix Suns,PHX @ NYK,W,1,106,37.0,22,9.0,2,12,0.415,0.852,0.357,7.0,22025
22500601,2026-01-17,Los Angeles Lakers,LAL @ POR,L,0,116,27.0,25,8.0,6,15,0.494,0.905,0.419,-16.0,22025
22500598,2026-01-17,Minnesota Timberwolves,MIN @ SAS,L,0,123,41.0,22,7.0,7,11,0.467,0.893,0.412,-3.0,22025
22500594,2026-01-17,Atlanta Hawks,ATL vs. BOS,L,0,106,47.0,29,10.0,4,11,0.373,0.882,0.326,-26.0,22025
22500593,2026-01-17,Utah Jazz,UTA @ DAL,L,0,120,41.0,30,5.0,3,15,0.539,0.7,0.323,-18.0,22025
22500597,2026-01-17,Miami Heat,MIA vs. OKC,W,1,122,51.0,30,7.0,4,4,0.369,0.714,0.4,2.0,22025
22500594,2026-01-17,Boston Celtics,BOS @ ATL,W,1,132,55.0,27,9.0,8,16,0.505,0.818,0.423,26.0,22025
22500601,2026-01-17,Portland Trail Blazers,POR vs. LAL,W,1,132,42.0,24,9.0,5,15,0.523,0.765,0.381,16.0,22025
22500600,2026-01-17,Denver Nuggets,DEN vs. WAS,W,1,121,38.0,31,7.0,4,12,0.529,0.739,0.4,6.0,22025
22500599,2026-01-17,Charlotte Hornets,CHA @ GSW,L,0,116,44.0,27,5.0,3,17,0.457,0.824,0.364,-20.0,22025
22500598,2026-01-17,San Antonio Spurs,SAS vs. MIN,W,1,126,43.0,35,6.0,5,11,0.5,0.607,0.395,3.0,22025
22500596,2026-01-17,New York Knicks,NYK vs. PHX,L,0,99,47.0,20,9.0,5,17,0.402,0.76,0.318,-7.0,22025
22500597,2026-01-17,Oklahoma City Thunder,OKC @ MIA,L,0,120,46.0,23,3.0,6,14,0.545,0.821,0.448,-2.0,22025
22500600,2026-01-17,Washington Wizards,WAS @ DEN,L,0,115,48.0,20,9.0,4,11,0.458,0.552,0.367,-6.0,22025
22500605,2026-01-18,Denver Nuggets,DEN vs. CHA,L,0,87,29.0,21,7.0,5,8,0.405,0.833,0.211,-23.0,22025
22500603,2026-01-18,Chicago Bulls,CHI vs. BKN,W,1,124,44.0,41,8.0,5,7,0.521,0.667,0.435,22.0,22025
22500604,2026-01-18,New Orleans Pelicans,NOP @ HOU,L,0,110,39.0,27,10.0,5,13,0.5,0.8,0.385,-9.0,22025
22500604,2026-01-18,Houston Rockets,HOU vs. NOP,W,1,119,47.0,22,9.0,4,15,0.5,0.727,0.361,9.0,22025
22500607,2026-01-18,Toronto Raptors,TOR @ LAL,L,0,93,43.0,30,7.0,5,9,0.418,0.667,0.219,-17.0,22025
22500606,2026-01-18,Portland Trail Blazers,POR @ SAC,W,1,117,43.0,18,7.0,4,14,0.482,0.879,0.25,7.0,22025
22500607,2026-01-18,Los Angeles Lakers,LAL vs. TOR,W,1,110,48.0,25,6.0,6,15,0.482,0.824,0.389,17.0,22025
22500603,2026-01-18,Brooklyn Nets,BKN @ CHI,L,0,102,38.0,33,4.0,4,11,0.458,0.667,0.432,-22.0,22025
22500606,2026-01-18,Sacramento Kings,SAC vs. POR,L,0,110,40.0,29,8.0,5,16,0.488,0.833,0.355,-7.0,22025
22500602,2026-01-18,Memphis Grizzlies,ORL @ MEM,W,1,126,42.0,31,12.0,7,12,0.527,0.68,0.371,17.0,22025
22500605,2026-01-18,Charlotte Hornets,CHA @ DEN,W,1,110,52.0,30,4.0,3,12,0.494,0.846,0.324,23.0,22025
22500602,2026-01-18,Orlando Magic,ORL @ MEM,L,0,109,42.0,30,5.0,6,17,0.442,0.938,0.303,-17.0,22025
22500015,2026-01-19,Oklahoma City Thunder,OKC @ CLE,W,1,136,38.0,32,11.0,6,11,0.556,0.65,0.489,32.0,22025
22500609,2026-01-19,Indiana Pacers,IND @ PHI,L,0,104,46.0,24,4.0,9,22,0.476,0.786,0.382,-9.0,22025
22500609,2026-01-19,Philadelphia 76ers,PHI vs. IND,W,1,113,40.0,22,18.0,5,8,0.477,0.667,0.294,9.0,22025
22500016,2026-01-19,New York Knicks,NYK vs. DAL,L,0,97,53.0,22,10.0,5,17,0.4,0.6,0.29,-17.0,22025
22500612,2026-01-19,Miami Heat,MIA @ GSW,L,0,112,54.0,30,6.0,2,19,0.394,0.875,0.289,-23.0,22025
22500611,2026-01-19,San Antonio Spurs,SAS vs. UTA,W,1,123,38.0,32,9.0,12,13,0.557,0.76,0.421,13.0,22025
22500015,2026-01-19,Cleveland Cavaliers,CLE vs. OKC,L,0,104,54.0,20,8.0,5,21,0.374,0.8,0.229,-32.0,22025
22500612,2026-01-19,Golden State Warriors,GSW vs. MIA,W,1,135,46.0,38,11.0,3,13,0.516,0.765,0.471,23.0,22025
22500017,2026-01-19,Detroit Pistons,DET vs. BOS,W,1,104,41.0,24,9.0,9,8,0.432,0.739,0.314,1.0,22025
22500610,2026-01-19,Phoenix Suns,PHX @ BKN,W,1,126,35.0,29,4.0,4,12,0.571,0.783,0.513,9.0,22025
22500611,2026-01-19,Utah Jazz,UTA @ SAS,L,0,110,42.0,31,10.0,1,13,0.402,0.852,0.351,-13.0,22025
22500608,2026-01-19,Los Angeles Clippers,LAC @ WAS,W,1,110,43.0,20,12.0,6,16,0.462,0.868,0.179,4.0,22025
22500017,2026-01-19,Boston Celtics,BOS @ DET,L,0,103,45.0,13,7.0,4,14,0.398,0.8,0.317,-1.0,22025
22500014,2026-01-19,Atlanta Hawks,ATL vs. MIL,L,0,110,51.0,33,9.0,6,10,0.406,0.833,0.286,-2.0,22025
22500016,2026-01-19,Dallas Mavericks,DAL @ NYK,W,1,114,49.0,25,9.0,5,17,0.488,0.679,0.469,17.0,22025
22500610,2026-01-19,Brooklyn Nets,BKN vs. PHX,L,0,117,28.0,28,7.0,1,7,0.506,0.952,0.395,-9.0,22025
22500608,2026-01-19,Washington Wizards,WAS vs. LAC,L,0,106,45.0,27,7.0,5,19,0.43,0.864,0.371,-4.0,22025
22500014,2026-01-19,Milwaukee Bucks,MIL @ ATL,W,1,112,47.0,24,8.0,6,13,0.494,0.72,0.444,2.0,22025
22500615,2026-01-20,San Antonio Spurs,SAS @ HOU,L,0,106,45.0,24,7.0,5,9,0.39,1.0,0.28,-5.0,22025
22500617,2026-01-20,Denver Nuggets,DEN vs. LAL,L,0,107,31.0,27,6.0,7,5,0.448,0.737,0.405,-8.0,22025
22500618,2026-01-20,Golden State Warriors,GSW vs. TOR,L,0,127,36.0,28,7.0,1,17,0.516,0.654,0.372,-18.0,22025
22500619,2026-01-20,Miami Heat,MIA @ SAC,W,1,130,46.0,33,6.0,2,10,0.48,0.625,0.5,13.0,22025
22500618,2026-01-20,Toronto Raptors,TOR @ GSW,W,1,145,37.0,42,7.0,3,15,0.593,1.0,0.618,18.0,22025
22500613,2026-01-20,Philadelphia 76ers,PHI vs. PHX,L,0,110,49.0,20,12.0,6,19,0.419,0.778,0.324,-6.0,22025
22500617,2026-01-20,Los Angeles Lakers,LAL @ DEN,W,1,115,51.0,24,3.0,2,12,0.506,0.656,0.4,8.0,22025
22500614,2026-01-20,Los Angeles Clippers,LAC @ CHI,L,0,110,41.0,24,6.0,5,16,0.467,0.824,0.333,-28.0,22025
22500616,2026-01-20,Minnesota Timberwolves,MIN @ UTA,L,0,122,46.0,28,12.0,6,11,0.44,0.741,0.298,-5.0,22025
22500613,2026-01-20,Phoenix Suns,PHX @ PHI,W,1,116,42.0,25,5.0,2,22,0.435,1.0,0.41,6.0,22025
22500619,2026-01-20,Sacramento Kings,SAC vs. MIA,L,0,117,49.0,27,6.0,4,15,0.506,0.857,0.367,-13.0,22025
22500615,2026-01-20,Houston Rockets,HOU vs. SAS,W,1,111,43.0,29,5.0,9,14,0.518,0.682,0.37,5.0,22025
22500614,2026-01-20,Chicago Bulls,CHI vs. LAC,W,1,138,42.0,40,10.0,11,12,0.565,0.75,0.532,28.0,22025
22500616,2026-01-20,Utah Jazz,UTA vs. MIN,W,1,127,45.0,31,8.0,4,16,0.552,0.731,0.414,5.0,22025
22500626,2026-01-21,Toronto Raptors,TOR @ SAC,W,1,122,47.0,30,11.0,3,10,0.457,0.92,0.394,13.0,22025
22500625,2026-01-21,Oklahoma City Thunder,OKC @ MIL,W,1,122,42.0,24,12.0,3,8,0.544,0.667,0.389,20.0,22025
22500621,2026-01-21,Indiana Pacers,IND @ BOS,L,0,104,42.0,31,6.0,2,13,0.394,0.783,0.267,-15.0,22025
22500620,2026-01-21,Cleveland Cavaliers,CLE @ CHA,W,1,94,60.0,20,6.0,8,20,0.391,0.75,0.2,7.0,22025
22500625,2026-01-21,Milwaukee Bucks,MIL vs. OKC,L,0,102,39.0,30,6.0,0,16,0.494,0.667,0.39,-20.0,22025
22500620,2026-01-21,Charlotte Hornets,CHA vs. CLE,L,0,87,47.0,20,12.0,4,12,0.337,0.722,0.17,-7.0,22025
22500621,2026-01-21,Boston Celtics,BOS vs. IND,W,1,119,54.0,24,8.0,6,14,0.477,0.92,0.387,15.0,22025
22500624,2026-01-21,New Orleans Pelicans,NOP vs. DET,L,0,104,46.0,19,13.0,6,17,0.419,0.833,0.219,-8.0,22025
22500626,2026-01-21,Sacramento Kings,SAC vs. TOR,L,0,109,45.0,25,6.0,6,14,0.466,0.818,0.273,-13.0,22025
22500623,2026-01-21,Atlanta Hawks,ATL @ MEM,W,1,124,42.0,34,9.0,6,16,0.467,0.75,0.444,2.0,22025
22500622,2026-01-21,New York Knicks,NYK vs. BKN,W,1,120,56.0,28,10.0,6,12,0.575,0.706,0.5,54.0,22025
22500622,2026-01-21,Brooklyn Nets,BKN @ NYK,L,0,66,27.0,15,5.0,4,14,0.291,0.692,0.275,-54.0,22025
22500623,2026-01-21,Memphis Grizzlies,MEM vs. ATL,L,0,122,43.0,26,7.0,7,17,0.462,0.889,0.343,-2.0,22025
22500624,2026-01-21,Detroit Pistons,DET @ NOP,W,1,112,47.0,26,12.0,8,18,0.443,0.792,0.385,8.0,22025
22500628,2026-01-22,Philadelphia 76ers,PHI vs. HOU,W,1,128,46.0,41,13.0,4,15,0.551,0.864,0.344,6.0,22025
22500634,2026-01-22,Portland Trail Blazers,POR vs. MIA,W,1,127,50.0,26,10.0,5,18,0.5,0.846,0.4,17.0,22025
22500631,2026-01-22,Minnesota Timberwolves,MIN vs. CHI,L,0,115,45.0,29,6.0,9,14,0.462,0.933,0.366,-5.0,22025
22500627,2026-01-22,Charlotte Hornets,CHA @ ORL,W,1,124,47.0,26,7.0,4,14,0.544,0.84,0.472,27.0,22025
22500634,2026-01-22,Miami Heat,MIA @ POR,L,0,110,40.0,27,12.0,4,15,0.457,0.789,0.2,-17.0,22025
22500633,2026-01-22,Los Angeles Lakers,LAL @ LAC,L,0,104,34.0,24,14.0,8,10,0.455,0.722,0.333,-8.0,22025
22500630,2026-01-22,Dallas Mavericks,DAL vs. GSW,W,1,123,54.0,25,6.0,6,21,0.5,0.8,0.371,8.0,22025
22500633,2026-01-22,Los Angeles Clippers,LAC vs. LAL,W,1,112,49.0,23,8.0,0,18,0.476,0.952,0.387,8.0,22025
22500630,2026-01-22,Golden State Warriors,GSW @ DAL,L,0,115,35.0,29,15.0,7,10,0.448,0.778,0.326,-8.0,22025
22500632,2026-01-22,San Antonio Spurs,SAS @ UTA,W,1,126,41.0,30,8.0,11,10,0.506,0.833,0.419,17.0,22025
22500632,2026-01-22,Utah Jazz,UTA vs. SAS,L,0,109,44.0,31,5.0,3,16,0.478,0.846,0.4,-17.0,22025
22500629,2026-01-22,Washington Wizards,WAS vs. DEN,L,0,97,42.0,20,9.0,6,14,0.381,0.833,0.302,-10.0,22025
22500631,2026-01-22,Chicago Bulls,CHI @ MIN,W,1,120,43.0,28,7.0,1,11,0.442,0.818,0.436,5.0,22025
22500629,2026-01-22,Denver Nuggets,DEN @ WAS,W,1,107,46.0,22,9.0,6,11,0.446,0.923,0.346,10.0,22025
22500627,2026-01-22,Orlando Magic,ORL vs. CHA,L,0,97,31.0,25,7.0,4,12,0.418,0.773,0.378,-27.0,22025
22500628,2026-01-22,Houston Rockets,HOU @ PHI,L,0,122,46.0,33,13.0,5,16,0.465,0.5,0.45,-6.0,22025
22500641,2026-01-23,Indiana Pacers,IND @ OKC,W,1,117,51.0,34,5.0,1,10,0.469,0.55,0.421,3.0,22025
22500641,2026-01-23,Oklahoma City Thunder,OKC vs. IND,L,0,114,41.0,18,4.0,8,9,0.488,0.9,0.269,-3.0,22025
22500635,2026-01-23,Detroit Pistons,DET vs. HOU,L,0,104,35.0,22,9.0,4,16,0.476,0.708,0.219,-7.0,22025
22500640,2026-01-23,Milwaukee Bucks,MIL vs. DEN,L,0,100,51.0,24,7.0,8,10,0.4,0.741,0.308,-2.0,22025
22500637,2026-01-23,Boston Celtics,BOS @ BKN,W,1,130,41.0,35,8.0,5,8,0.45,0.625,0.431,4.0,22025
22500638,2026-01-23,Sacramento Kings,SAC @ CLE,L,0,118,43.0,26,5.0,2,11,0.472,0.955,0.394,-5.0,22025
22500637,2026-01-23,Brooklyn Nets,BKN vs. BOS,L,0,126,58.0,22,5.0,6,17,0.442,0.853,0.295,-4.0,22025
22500639,2026-01-23,New Orleans Pelicans,NOP @ MEM,W,1,133,49.0,29,14.0,4,10,0.465,0.848,0.361,6.0,22025
22500639,2026-01-23,Memphis Grizzlies,MEM vs. NOP,L,0,127,47.0,34,4.0,10,19,0.489,0.864,0.383,-6.0,22025
22500638,2026-01-23,Cleveland Cavaliers,CLE vs. SAC,W,1,123,48.0,23,6.0,6,6,0.458,0.815,0.361,5.0,22025
22500640,2026-01-23,Denver Nuggets,DEN @ MIL,W,1,102,47.0,27,8.0,3,7,0.402,0.87,0.293,2.0,22025
22500642,2026-01-23,Portland Trail Blazers,POR vs. TOR,L,0,98,45.0,22,7.0,3,13,0.398,0.7,0.289,-12.0,22025
22500642,2026-01-23,Toronto Raptors,TOR @ POR,W,1,110,46.0,28,7.0,9,16,0.529,0.647,0.31,12.0,22025
22500635,2026-01-23,Houston Rockets,HOU @ DET,W,1,111,43.0,21,11.0,7,15,0.494,0.8,0.346,7.0,22025
22500636,2026-01-23,Atlanta Hawks,ATL vs. PHX,W,1,110,48.0,28,5.0,3,21,0.531,0.688,0.5,7.0,22025
22500636,2026-01-23,Phoenix Suns,PHX @ ATL,L,0,103,42.0,24,15.0,3,12,0.442,0.889,0.324,-7.0,22025
22500648,2026-01-24,Los Angeles Lakers,LAL @ DAL,W,1,116,57.0,26,7.0,8,14,0.444,0.759,0.412,6.0,22025
22500648,2026-01-24,Dallas Mavericks,DAL vs. LAL,L,0,110,43.0,22,10.0,6,11,0.415,0.759,0.345,-6.0,22025
22500645,2026-01-24,Charlotte Hornets,CHA vs. WAS,W,1,119,46.0,30,8.0,3,21,0.519,0.767,0.389,4.0,22025
22500649,2026-01-24,Miami Heat,MIA @ UTA,W,1,147,64.0,35,10.0,6,13,0.435,0.81,0.404,31.0,22025
22500647,2026-01-24,Chicago Bulls,CHI vs. BOS,W,1,114,44.0,32,2.0,6,15,0.506,0.875,0.467,3.0,22025
22500646,2026-01-24,Orlando Magic,ORL vs. CLE,L,0,105,37.0,21,8.0,3,16,0.407,0.875,0.275,-14.0,22025
22500645,2026-01-24,Washington Wizards,WAS @ CHA,L,0,115,34.0,35,14.0,6,13,0.458,0.889,0.358,-4.0,22025
22500643,2026-01-24,Philadelphia 76ers,PHI vs. NYK,L,0,109,37.0,24,7.0,4,13,0.506,0.759,0.31,-3.0,22025
22500643,2026-01-24,New York Knicks,NYK @ PHI,W,1,112,53.0,27,6.0,5,10,0.441,0.556,0.341,3.0,22025
22500647,2026-01-24,Boston Celtics,BOS @ CHI,L,0,111,38.0,28,10.0,5,6,0.444,0.889,0.319,-3.0,22025
22500649,2026-01-24,Utah Jazz,UTA vs. MIA,L,0,116,34.0,36,9.0,10,14,0.478,0.75,0.28,-31.0,22025
22500646,2026-01-24,Cleveland Cavaliers,CLE @ ORL,W,1,119,38.0,27,11.0,6,14,0.531,0.818,0.441,14.0,22025
22500654,2026-01-25,San Antonio Spurs,SAS vs. NOP,L,0,95,46.0,22,2.0,5,11,0.395,0.594,0.273,-9.0,22025
22500654,2026-01-25,New Orleans Pelicans,NOP @ SAS,W,1,104,58.0,23,3.0,5,10,0.402,0.765,0.265,9.0,22025
22500653,2026-01-25,Toronto Raptors,TOR @ OKC,W,1,103,51.0,28,10.0,6,11,0.43,0.654,0.353,2.0,22025
22500644,2026-01-25,Golden State Warriors,GSW @ MIN,W,1,111,45.0,31,20.0,5,12,0.421,0.938,0.314,26.0,22025
22500656,2026-01-25,Brooklyn Nets,BKN @ LAC,L,0,89,36.0,23,14.0,4,16,0.341,0.88,0.209,-37.0,22025
22500656,2026-01-25,Los Angeles Clippers,LAC vs. BKN,W,1,126,51.0,20,12.0,5,19,0.564,0.897,0.48,37.0,22025
22500644,2026-01-25,Minnesota Timberwolves,MIN vs. GSW,L,0,85,50.0,16,6.0,5,25,0.38,0.6,0.342,-26.0,22025
22500650,2026-01-25,Sacramento Kings,SAC @ DET,L,0,116,33.0,32,7.0,7,19,0.524,0.607,0.44,-23.0,22025
22500653,2026-01-25,Oklahoma City Thunder,OKC vs. TOR,L,0,101,37.0,21,5.0,5,11,0.44,0.774,0.256,-2.0,22025
22500650,2026-01-25,Detroit Pistons,DET vs. SAC,W,1,139,43.0,31,15.0,5,18,0.549,0.821,0.516,23.0,22025
22500655,2026-01-25,Miami Heat,MIA @ PHX,W,1,111,59.0,21,6.0,3,10,0.419,0.828,0.257,9.0,22025
22500655,2026-01-25,Phoenix Suns,PHX vs. MIA,L,0,102,56.0,14,6.0,7,10,0.37,0.808,0.2,-9.0,22025
22500657,2026-01-26,Charlotte Hornets,CHA vs. PHI,W,1,130,53.0,34,8.0,4,23,0.566,0.704,0.415,37.0,22025
22500660,2026-01-26,Boston Celtics,BOS vs. POR,W,1,102,41.0,24,11.0,4,17,0.433,0.611,0.382,8.0,22025
22500659,2026-01-26,Indiana Pacers,IND @ ATL,L,0,116,42.0,31,11.0,7,16,0.462,0.8,0.286,-16.0,22025
22500662,2026-01-26,Houston Rockets,HOU vs. MEM,W,1,108,57.0,29,9.0,3,16,0.446,0.75,0.297,9.0,22025
22500660,2026-01-26,Portland Trail Blazers,POR @ BOS,L,0,94,46.0,17,11.0,8,18,0.41,0.667,0.25,-8.0,22025
22500662,2026-01-26,Memphis Grizzlies,MEM @ HOU,L,0,99,52.0,26,9.0,5,13,0.371,0.824,0.189,-9.0,22025
22500661,2026-01-26,Los Angeles Lakers,LAL @ CHI,W,1,129,35.0,26,7.0,3,6,0.561,0.724,0.485,10.6,22025
22500661,2026-01-26,Chicago Bulls,CHI vs. LAL,L,0,118,40.0,31,5.0,0,15,0.524,0.778,0.367,-11.0,22025
22500657,2026-01-26,Philadelphia 76ers,PHI @ CHA,L,0,93,33.0,20,14.0,3,17,0.393,0.737,0.3,-37.0,22025
22500663,2026-01-26,Minnesota Timberwolves,MIN vs. GSW,W,1,108,56.0,29,12.0,10,22,0.457,0.769,0.4,25.0,22025
22500658,2026-01-26,Cleveland Cavaliers,CLE vs. ORL,W,1,114,45.0,23,6.0,5,14,0.532,0.704,0.44,16.0,22025
22500658,2026-01-26,Orlando Magic,ORL @ CLE,L,0,98,42.0,21,10.0,6,11,0.404,0.733,0.282,-16.0,22025
22500663,2026-01-26,Golden State Warriors,GSW @ MIN,L,0,83,45.0,21,13.0,4,18,0.347,0.615,0.231,-25.0,22025
22500659,2026-01-26,Atlanta Hawks,ATL vs. IND,W,1,132,46.0,35,11.0,9,14,0.5,0.941,0.419,16.0,22025
